card_id,series,srno,source_id,match_method,원문상태,재무선별,needs_review
1758-1,감사원,1758,S03574,srno,pdf_conv,,
1758-2,감사원,1758,S03574,srno,pdf_conv,,
1758-3,감사원,1758,S03574,srno,pdf_conv,,
1758-4,감사원,1758,S03574,srno,pdf_conv,,
1758-5,감사원,1758,S03574,srno,pdf_conv,,
1758-6,감사원,1758,S03574,srno,pdf_conv,recall,
1758-7,감사원,1758,S03574,srno,pdf_conv,recall,
1758-8,감사원,1758,S03574,srno,pdf_conv,분야축,
1758-9,감사원,1758,S03574,srno,pdf_conv,분야축,
1758-10,감사원,1758,S03574,srno,pdf_conv,분야축,
1758-11,감사원,1758,S03574,srno,pdf_conv,분야축,
1758-12,감사원,1758,S03574,srno,pdf_conv,분야축,
1758-13,감사원,1758,S03574,srno,pdf_conv,,
1758-14,감사원,1758,S03574,srno,pdf_conv,,
1758-15,감사원,1758,S03574,srno,pdf_conv,,
1981-1,감사원,1981,S03733,srno,pdf_conv,,
1981-2,감사원,1981,S03733,srno,pdf_conv,,
1981-3,감사원,1981,S03733,srno,pdf_conv,,
1981-4,감사원,1981,S03733,srno,pdf_conv,,
1981-5,감사원,1981,S03733,srno,pdf_conv,,
1981-6,감사원,1981,S03733,srno,pdf_conv,recall,
1981-7,감사원,1981,S03733,srno,pdf_conv,,
1981-8,감사원,1981,S03733,srno,pdf_conv,,
1981-9,감사원,1981,S03733,srno,pdf_conv,,
1981-10,감사원,1981,S03733,srno,pdf_conv,recall,
1981-11,감사원,1981,S03733,srno,pdf_conv,,
1981-12,감사원,1981,S03733,srno,pdf_conv,recall,
1981-13,감사원,1981,S03733,srno,pdf_conv,분야축,
1981-14,감사원,1981,S03733,srno,pdf_conv,,
1981-15,감사원,1981,S03733,srno,pdf_conv,분야축,
1981-16,감사원,1981,S03733,srno,pdf_conv,,
1981-17,감사원,1981,S03733,srno,pdf_conv,,
1981-18,감사원,1981,S03733,srno,pdf_conv,,
1981-19,감사원,1981,S03733,srno,pdf_conv,,
1981-20,감사원,1981,S03733,srno,pdf_conv,,
1981-21,감사원,1981,S03733,srno,pdf_conv,,
1981-22,감사원,1981,S03733,srno,pdf_conv,,
1981-23,감사원,1981,S03733,srno,pdf_conv,,
1981-24,감사원,1981,S03733,srno,pdf_conv,분야축,
1981-25,감사원,1981,S03733,srno,pdf_conv,분야축,
1981-26,감사원,1981,S03733,srno,pdf_conv,,
1981-27,감사원,1981,S03733,srno,pdf_conv,,
1981-28,감사원,1981,S03733,srno,pdf_conv,,
1981-29,감사원,1981,S03733,srno,pdf_conv,,
1981-30,감사원,1981,S03733,srno,pdf_conv,,
1981-31,감사원,1981,S03733,srno,pdf_conv,,
1981-32,감사원,1981,S03733,srno,pdf_conv,,
1981-33,감사원,1981,S03733,srno,pdf_conv,분야축,
1981-34,감사원,1981,S03733,srno,pdf_conv,,
1981-35,감사원,1981,S03733,srno,pdf_conv,,
1981-36,감사원,1981,S03733,srno,pdf_conv,,
1981-37,감사원,1981,S03733,srno,pdf_conv,,
1982-1,감사원,1982,S03734,srno,pdf_conv,,
1982-2,감사원,1982,S03734,srno,pdf_conv,,
1982-3,감사원,1982,S03734,srno,pdf_conv,,
1982-4,감사원,1982,S03734,srno,pdf_conv,,
1982-5,감사원,1982,S03734,srno,pdf_conv,recall,
1982-6,감사원,1982,S03734,srno,pdf_conv,분야축,
1985-1,감사원,1985,S03737,srno,pdf_conv,recall,
1985-2,감사원,1985,S03737,srno,pdf_conv,,
1985-3,감사원,1985,S03737,srno,pdf_conv,,
1985-4,감사원,1985,S03737,srno,pdf_conv,,
1985-5,감사원,1985,S03737,srno,pdf_conv,,
1985-6,감사원,1985,S03737,srno,pdf_conv,,
1985-7,감사원,1985,S03737,srno,pdf_conv,,
1985-8,감사원,1985,S03737,srno,pdf_conv,,
1985-9,감사원,1985,S03737,srno,pdf_conv,,
1985-10,감사원,1985,S03737,srno,pdf_conv,,
1985-11,감사원,1985,S03737,srno,pdf_conv,,
1985-12,감사원,1985,S03737,srno,pdf_conv,,
1985-13,감사원,1985,S03737,srno,pdf_conv,recall,
1985-14,감사원,1985,S03737,srno,pdf_conv,,
1985-15,감사원,1985,S03737,srno,pdf_conv,recall,
1985-16,감사원,1985,S03737,srno,pdf_conv,분야축,
1994-1,감사원,1994,S01914,srno,hwp,,
1994-2,감사원,1994,S01914,srno,hwp,,
1994-3,감사원,1994,S01914,srno,hwp,,
1994-4,감사원,1994,S01914,srno,hwp,,
1994-5,감사원,1994,S01914,srno,hwp,,
1994-6,감사원,1994,S01914,srno,hwp,,
1994-7,감사원,1994,S01914,srno,hwp,,
1994-8,감사원,1994,S01914,srno,hwp,,
1994-9,감사원,1994,S01914,srno,hwp,,
1994-10,감사원,1994,S01914,srno,hwp,,
1999-1,감사원,1999,S01924,srno,hwp,,
1999-2,감사원,1999,S01924,srno,hwp,,
1999-3,감사원,1999,S01924,srno,hwp,,
1999-4,감사원,1999,S01924,srno,hwp,,
1999-5,감사원,1999,S01924,srno,hwp,,
1999-6,감사원,1999,S01924,srno,hwp,,
2006-1,감사원,2006,S03748,srno,pdf_conv,,
2006-2,감사원,2006,S03748,srno,pdf_conv,,
2006-3,감사원,2006,S03748,srno,pdf_conv,,
2006-4,감사원,2006,S03748,srno,pdf_conv,recall,
2006-5,감사원,2006,S03748,srno,pdf_conv,,
2006-6,감사원,2006,S03748,srno,pdf_conv,,
2006-7,감사원,2006,S03748,srno,pdf_conv,,
2006-8,감사원,2006,S03748,srno,pdf_conv,분야축,
2006-9,감사원,2006,S03748,srno,pdf_conv,,
2006-10,감사원,2006,S03748,srno,pdf_conv,,
2006-11,감사원,2006,S03748,srno,pdf_conv,분야축,
2006-12,감사원,2006,S03748,srno,pdf_conv,분야축,
2007-1,감사원,2007,S03750,srno,pdf_conv,,
2007-2,감사원,2007,S03750,srno,pdf_conv,,
2007-3,감사원,2007,S03750,srno,pdf_conv,,
2007-4,감사원,2007,S03750,srno,pdf_conv,,
2007-5,감사원,2007,S03750,srno,pdf_conv,,
2007-6,감사원,2007,S03750,srno,pdf_conv,분야축,
2007-7,감사원,2007,S03750,srno,pdf_conv,,
2007-8,감사원,2007,S03750,srno,pdf_conv,분야축,
2007-9,감사원,2007,S03750,srno,pdf_conv,,
2007-10,감사원,2007,S03750,srno,pdf_conv,,
2007-11,감사원,2007,S03750,srno,pdf_conv,,
2007-12,감사원,2007,S03750,srno,pdf_conv,,
2007-13,감사원,2007,S03750,srno,pdf_conv,,
2007-14,감사원,2007,S03750,srno,pdf_conv,,
2007-15,감사원,2007,S03750,srno,pdf_conv,분야축,
2007-16,감사원,2007,S03750,srno,pdf_conv,,
2007-17,감사원,2007,S03750,srno,pdf_conv,recall,
2007-18,감사원,2007,S03750,srno,pdf_conv,,
2017-1,감사원,2017,S01942,srno,hwp,,
2017-2,감사원,2017,S01942,srno,hwp,,
2017-3,감사원,2017,S01942,srno,hwp,,
2017-4,감사원,2017,S01942,srno,hwp,,
2017-5,감사원,2017,S01942,srno,hwp,,
2017-6,감사원,2017,S01942,srno,hwp,,
2017-7,감사원,2017,S01942,srno,hwp,,
2017-8,감사원,2017,S01942,srno,hwp,,
2017-9,감사원,2017,S01942,srno,hwp,,
2017-10,감사원,2017,S01942,srno,hwp,,
2017-11,감사원,2017,S01942,srno,hwp,,
2020-1,감사원,2020,S03757,srno,pdf_conv,분야축,
2020-2,감사원,2020,S03757,srno,pdf_conv,분야축,
2020-3,감사원,2020,S03757,srno,pdf_conv,분야축,
2020-4,감사원,2020,S03757,srno,pdf_conv,분야축,
2020-5,감사원,2020,S03757,srno,pdf_conv,분야축,
2020-6,감사원,2020,S03757,srno,pdf_conv,분야축,
2020-7,감사원,2020,S03757,srno,pdf_conv,분야축,
2020-8,감사원,2020,S03757,srno,pdf_conv,분야축,
2020-9,감사원,2020,S03757,srno,pdf_conv,분야축,
2020-10,감사원,2020,S03757,srno,pdf_conv,,
2020-11,감사원,2020,S03757,srno,pdf_conv,분야축,
2027-1,감사원,2027,S01957,srno,hwp,recall,
2027-2,감사원,2027,S01957,srno,hwp,,
2027-3,감사원,2027,S01957,srno,hwp,recall,
2027-4,감사원,2027,S01957,srno,hwp,,
2027-5,감사원,2027,S01957,srno,hwp,,
2027-6,감사원,2027,S01957,srno,hwp,,
2027-7,감사원,2027,S01957,srno,hwp,,
2027-8,감사원,2027,S01957,srno,hwp,,
2027-9,감사원,2027,S01957,srno,hwp,,
2027-10,감사원,2027,S01957,srno,hwp,,
2027-11,감사원,2027,S01957,srno,hwp,,
2027-12,감사원,2027,S01957,srno,hwp,,
2043-1,감사원,2043,S03771,srno,pdf_conv,,
2043-2,감사원,2043,S03771,srno,pdf_conv,,
2043-3,감사원,2043,S03771,srno,pdf_conv,,
2043-4,감사원,2043,S03771,srno,pdf_conv,,
2043-5,감사원,2043,S03771,srno,pdf_conv,분야축,
2043-6,감사원,2043,S03771,srno,pdf_conv,,
2043-7,감사원,2043,S03771,srno,pdf_conv,분야축,
2043-8,감사원,2043,S03771,srno,pdf_conv,분야축,
2043-9,감사원,2043,S03771,srno,pdf_conv,,
2043-10,감사원,2043,S03771,srno,pdf_conv,분야축,
2043-11,감사원,2043,S03771,srno,pdf_conv,,
2043-12,감사원,2043,S03771,srno,pdf_conv,,
2043-13,감사원,2043,S03771,srno,pdf_conv,,
2043-14,감사원,2043,S03771,srno,pdf_conv,분야축,
2043-15,감사원,2043,S03771,srno,pdf_conv,분야축,
2043-16,감사원,2043,S03771,srno,pdf_conv,,
2043-17,감사원,2043,S03771,srno,pdf_conv,,
2043-18,감사원,2043,S03771,srno,pdf_conv,,
2043-19,감사원,2043,S03771,srno,pdf_conv,,
2043-20,감사원,2043,S03771,srno,pdf_conv,,
2043-21,감사원,2043,S03771,srno,pdf_conv,,
2043-22,감사원,2043,S03771,srno,pdf_conv,,
2043-23,감사원,2043,S03771,srno,pdf_conv,분야축,
2043-24,감사원,2043,S03771,srno,pdf_conv,,
2043-25,감사원,2043,S03771,srno,pdf_conv,분야축,
2043-26,감사원,2043,S03771,srno,pdf_conv,,
2043-27,감사원,2043,S03771,srno,pdf_conv,,
2043-28,감사원,2043,S03771,srno,pdf_conv,,
2043-29,감사원,2043,S03771,srno,pdf_conv,,
2043-30,감사원,2043,S03771,srno,pdf_conv,,
2043-31,감사원,2043,S03771,srno,pdf_conv,,
2043-32,감사원,2043,S03771,srno,pdf_conv,recall,
2043-33,감사원,2043,S03771,srno,pdf_conv,,
2043-34,감사원,2043,S03771,srno,pdf_conv,,
2043-35,감사원,2043,S03771,srno,pdf_conv,,
2043-36,감사원,2043,S03771,srno,pdf_conv,,
2043-37,감사원,2043,S03771,srno,pdf_conv,recall,
2043-38,감사원,2043,S03771,srno,pdf_conv,,
2043-39,감사원,2043,S03771,srno,pdf_conv,,
2043-40,감사원,2043,S03771,srno,pdf_conv,,
2043-41,감사원,2043,S03771,srno,pdf_conv,,
2043-42,감사원,2043,S03771,srno,pdf_conv,분야축,
2043-43,감사원,2043,S03771,srno,pdf_conv,,
2043-44,감사원,2043,S03771,srno,pdf_conv,,
2043-45,감사원,2043,S03771,srno,pdf_conv,,
2043-46,감사원,2043,S03771,srno,pdf_conv,,
2043-47,감사원,2043,S03771,srno,pdf_conv,recall,
2043-48,감사원,2043,S03771,srno,pdf_conv,,
2107-1,감사원,2107,S02069,srno,pdf,분야축,
2107-2,감사원,2107,S02069,srno,pdf,,
2107-3,감사원,2107,S02069,srno,pdf,분야축,
2107-4,감사원,2107,S02069,srno,pdf,,
2107-5,감사원,2107,S02069,srno,pdf,,
2107-6,감사원,2107,S02069,srno,pdf,,
2107-7,감사원,2107,S02069,srno,pdf,,
2107-8,감사원,2107,S02069,srno,pdf,,
2107-9,감사원,2107,S02069,srno,pdf,분야축,
2107-10,감사원,2107,S02069,srno,pdf,분야축,
2107-11,감사원,2107,S02069,srno,pdf,분야축,
2107-12,감사원,2107,S02069,srno,pdf,,
2107-13,감사원,2107,S02069,srno,pdf,,
2107-14,감사원,2107,S02069,srno,pdf,,
2107-15,감사원,2107,S02069,srno,pdf,,
2107-16,감사원,2107,S02069,srno,pdf,,
2107-17,감사원,2107,S02069,srno,pdf,,
2107-18,감사원,2107,S02069,srno,pdf,,
2107-19,감사원,2107,S02069,srno,pdf,,
2107-20,감사원,2107,S02069,srno,pdf,,
2119-1,감사원,2119,S02078,srno,pdf,분야축,
2119-2,감사원,2119,S02078,srno,pdf,분야축,
2119-3,감사원,2119,S02078,srno,pdf,분야축,
2119-4,감사원,2119,S02078,srno,pdf,,
2119-5,감사원,2119,S02078,srno,pdf,분야축,
2119-6,감사원,2119,S02078,srno,pdf,,
2119-7,감사원,2119,S02078,srno,pdf,분야축,
2119-8,감사원,2119,S02078,srno,pdf,분야축,
2119-9,감사원,2119,S02078,srno,pdf,분야축,
2119-10,감사원,2119,S02078,srno,pdf,분야축,
2119-11,감사원,2119,S02078,srno,pdf,분야축,
2119-12,감사원,2119,S02078,srno,pdf,분야축,
2119-13,감사원,2119,S02078,srno,pdf,분야축,
2119-14,감사원,2119,S02078,srno,pdf,분야축,
2124-1,감사원,2124,S02082,srno,pdf,,
2124-2,감사원,2124,S02082,srno,pdf,,
2124-3,감사원,2124,S02082,srno,pdf,분야축,
2124-4,감사원,2124,S02082,srno,pdf,,
2124-5,감사원,2124,S02082,srno,pdf,분야축,
2124-6,감사원,2124,S02082,srno,pdf,recall,
2124-7,감사원,2124,S02082,srno,pdf,,
2124-8,감사원,2124,S02082,srno,pdf,,
2125-1,감사원,2125,S02084,srno,pdf,,
2125-2,감사원,2125,S02084,srno,pdf,,
2125-3,감사원,2125,S02084,srno,pdf,,
2125-4,감사원,2125,S02084,srno,pdf,,
2125-5,감사원,2125,S02084,srno,pdf,분야축,
2125-6,감사원,2125,S02084,srno,pdf,,
2125-7,감사원,2125,S02084,srno,pdf,,
2125-8,감사원,2125,S02084,srno,pdf,,
2125-9,감사원,2125,S02084,srno,pdf,,
2125-10,감사원,2125,S02084,srno,pdf,,
2126-1,감사원,2126,S02083,srno,pdf,분야축,
2126-2,감사원,2126,S02083,srno,pdf,분야축,
2126-3,감사원,2126,S02083,srno,pdf,,
2126-4,감사원,2126,S02083,srno,pdf,,
2126-5,감사원,2126,S02083,srno,pdf,분야축,
2126-6,감사원,2126,S02083,srno,pdf,,
2126-7,감사원,2126,S02083,srno,pdf,,
2126-8,감사원,2126,S02083,srno,pdf,,
2126-9,감사원,2126,S02083,srno,pdf,분야축,
2126-10,감사원,2126,S02083,srno,pdf,,
2126-11,감사원,2126,S02083,srno,pdf,,
2126-12,감사원,2126,S02083,srno,pdf,,
2126-13,감사원,2126,S02083,srno,pdf,,
2126-14,감사원,2126,S02083,srno,pdf,,
2126-15,감사원,2126,S02083,srno,pdf,분야축,
2126-16,감사원,2126,S02083,srno,pdf,recall,
2126-17,감사원,2126,S02083,srno,pdf,분야축,
2126-18,감사원,2126,S02083,srno,pdf,,
2126-19,감사원,2126,S02083,srno,pdf,recall,
2127-1,감사원,2127,S02085,srno,pdf,분야축,
2127-2,감사원,2127,S02085,srno,pdf,,
2127-3,감사원,2127,S02085,srno,pdf,,
2127-4,감사원,2127,S02085,srno,pdf,,
2127-5,감사원,2127,S02085,srno,pdf,분야축,
2127-6,감사원,2127,S02085,srno,pdf,분야축,
2127-7,감사원,2127,S02085,srno,pdf,,
2127-8,감사원,2127,S02085,srno,pdf,분야축,
2127-9,감사원,2127,S02085,srno,pdf,분야축,
2127-10,감사원,2127,S02085,srno,pdf,,
2127-11,감사원,2127,S02085,srno,pdf,recall,
2127-12,감사원,2127,S02085,srno,pdf,분야축,
2127-13,감사원,2127,S02085,srno,pdf,분야축,
2127-14,감사원,2127,S02085,srno,pdf,,
2127-15,감사원,2127,S02085,srno,pdf,분야축,
2127-16,감사원,2127,S02085,srno,pdf,분야축,
2127-17,감사원,2127,S02085,srno,pdf,분야축,
2127-18,감사원,2127,S02085,srno,pdf,분야축,
2127-19,감사원,2127,S02085,srno,pdf,recall,
2127-20,감사원,2127,S02085,srno,pdf,,
2128-1,감사원,2128,S02086,srno,pdf,recall,
2129-1,감사원,2129,S02087,srno,pdf,분야축,
2129-2,감사원,2129,S02087,srno,pdf,분야축,
2129-3,감사원,2129,S02087,srno,pdf,분야축,
2129-4,감사원,2129,S02087,srno,pdf,분야축,
2129-5,감사원,2129,S02087,srno,pdf,,
2129-6,감사원,2129,S02087,srno,pdf,,
2129-7,감사원,2129,S02087,srno,pdf,recall,
2129-8,감사원,2129,S02087,srno,pdf,분야축,
2129-9,감사원,2129,S02087,srno,pdf,,
2129-10,감사원,2129,S02087,srno,pdf,,
2129-11,감사원,2129,S02087,srno,pdf,분야축,
2129-12,감사원,2129,S02087,srno,pdf,분야축,
2129-13,감사원,2129,S02087,srno,pdf,분야축,
2129-14,감사원,2129,S02087,srno,pdf,,
2130-1,감사원,2130,S02088,srno,pdf,분야축,
2130-2,감사원,2130,S02088,srno,pdf,,
2130-3,감사원,2130,S02088,srno,pdf,분야축,
2131-1,감사원,2131,S02089,srno,pdf,분야축,
2132-1,감사원,2132,S02090,srno,pdf,,
2132-2,감사원,2132,S02090,srno,pdf,,
2132-3,감사원,2132,S02090,srno,pdf,,
2132-4,감사원,2132,S02090,srno,pdf,,
2132-5,감사원,2132,S02090,srno,pdf,recall,
2132-6,감사원,2132,S02090,srno,pdf,,
2132-7,감사원,2132,S02090,srno,pdf,,
2132-8,감사원,2132,S02090,srno,pdf,,
2132-9,감사원,2132,S02090,srno,pdf,,
2132-10,감사원,2132,S02090,srno,pdf,,
2132-11,감사원,2132,S02090,srno,pdf,,
2133-1,감사원,2133,S02091,srno,pdf,분야축,
2133-2,감사원,2133,S02091,srno,pdf,recall,
2133-3,감사원,2133,S02091,srno,pdf,recall,
2133-4,감사원,2133,S02091,srno,pdf,,
2133-5,감사원,2133,S02091,srno,pdf,,
2133-6,감사원,2133,S02091,srno,pdf,,
2133-7,감사원,2133,S02091,srno,pdf,분야축,
2133-8,감사원,2133,S02091,srno,pdf,분야축,
2133-9,감사원,2133,S02091,srno,pdf,분야축,
2133-10,감사원,2133,S02091,srno,pdf,분야축,
2133-11,감사원,2133,S02091,srno,pdf,,
2133-12,감사원,2133,S02091,srno,pdf,,
2133-13,감사원,2133,S02091,srno,pdf,,
2133-14,감사원,2133,S02091,srno,pdf,분야축,
2133-15,감사원,2133,S02091,srno,pdf,,
2133-16,감사원,2133,S02091,srno,pdf,,
2133-17,감사원,2133,S02091,srno,pdf,,
2133-18,감사원,2133,S02091,srno,pdf,,
2133-19,감사원,2133,S02091,srno,pdf,,
2133-20,감사원,2133,S02091,srno,pdf,,
2133-21,감사원,2133,S02091,srno,pdf,,
2133-22,감사원,2133,S02091,srno,pdf,,
2133-23,감사원,2133,S02091,srno,pdf,,
2133-24,감사원,2133,S02091,srno,pdf,,
2135-1,감사원,2135,S02094,srno,pdf,,
2135-2,감사원,2135,S02094,srno,pdf,recall,
2135-3,감사원,2135,S02094,srno,pdf,,
2135-4,감사원,2135,S02094,srno,pdf,,
2135-5,감사원,2135,S02094,srno,pdf,recall,
2135-6,감사원,2135,S02094,srno,pdf,,
2136-1,감사원,2136,S02095,srno,pdf,,
2136-2,감사원,2136,S02095,srno,pdf,,
2136-3,감사원,2136,S02095,srno,pdf,,
2136-4,감사원,2136,S02095,srno,pdf,,
2136-5,감사원,2136,S02095,srno,pdf,분야축,
2137-1,감사원,2137,S02096,srno,pdf,,
2137-2,감사원,2137,S02096,srno,pdf,,
2138-1,감사원,2138,S02097,srno,pdf,,
2138-2,감사원,2138,S02097,srno,pdf,,
2138-3,감사원,2138,S02097,srno,pdf,,
2138-4,감사원,2138,S02097,srno,pdf,,
2138-5,감사원,2138,S02097,srno,pdf,,
2138-6,감사원,2138,S02097,srno,pdf,,
2138-7,감사원,2138,S02097,srno,pdf,recall,
2138-8,감사원,2138,S02097,srno,pdf,,
2138-9,감사원,2138,S02097,srno,pdf,,
2138-10,감사원,2138,S02097,srno,pdf,recall,
2138-11,감사원,2138,S02097,srno,pdf,recall,
2138-12,감사원,2138,S02097,srno,pdf,,
2138-13,감사원,2138,S02097,srno,pdf,recall,
2138-14,감사원,2138,S02097,srno,pdf,,
2138-15,감사원,2138,S02097,srno,pdf,,
2138-16,감사원,2138,S02097,srno,pdf,,
2138-17,감사원,2138,S02097,srno,pdf,recall,
2138-18,감사원,2138,S02097,srno,pdf,recall,
2138-19,감사원,2138,S02097,srno,pdf,,
2138-20,감사원,2138,S02097,srno,pdf,,
2138-21,감사원,2138,S02097,srno,pdf,,
2138-22,감사원,2138,S02097,srno,pdf,recall,
2138-23,감사원,2138,S02097,srno,pdf,,
2138-24,감사원,2138,S02097,srno,pdf,recall,
2138-25,감사원,2138,S02097,srno,pdf,recall,
2139-1,감사원,2139,S02098,srno,pdf,,
2139-2,감사원,2139,S02098,srno,pdf,,
2139-3,감사원,2139,S02098,srno,pdf,,
2139-4,감사원,2139,S02098,srno,pdf,,
2139-5,감사원,2139,S02098,srno,pdf,분야축,
2139-6,감사원,2139,S02098,srno,pdf,,
2139-7,감사원,2139,S02098,srno,pdf,,
2139-8,감사원,2139,S02098,srno,pdf,,
2139-9,감사원,2139,S02098,srno,pdf,,
2139-10,감사원,2139,S02098,srno,pdf,,
2139-11,감사원,2139,S02098,srno,pdf,,
2139-12,감사원,2139,S02098,srno,pdf,분야축,
2140-1,감사원,2140,S02099,srno,pdf,,
2140-2,감사원,2140,S02099,srno,pdf,,
2140-3,감사원,2140,S02099,srno,pdf,,
2140-4,감사원,2140,S02099,srno,pdf,,
2140-5,감사원,2140,S02099,srno,pdf,,
2140-6,감사원,2140,S02099,srno,pdf,분야축,
2140-7,감사원,2140,S02099,srno,pdf,recall,
2140-8,감사원,2140,S02099,srno,pdf,recall,
2141-1,감사원,2141,S02100,srno,pdf,분야축,
2141-2,감사원,2141,S02100,srno,pdf,분야축,
2141-3,감사원,2141,S02100,srno,pdf,,
2141-4,감사원,2141,S02100,srno,pdf,,
2141-5,감사원,2141,S02100,srno,pdf,,
2141-6,감사원,2141,S02100,srno,pdf,,
2141-7,감사원,2141,S02100,srno,pdf,,
2141-8,감사원,2141,S02100,srno,pdf,,
2141-9,감사원,2141,S02100,srno,pdf,,
2141-10,감사원,2141,S02100,srno,pdf,,
2141-11,감사원,2141,S02100,srno,pdf,,
2141-12,감사원,2141,S02100,srno,pdf,,
2141-13,감사원,2141,S02100,srno,pdf,,
2142-1,감사원,2142,S02101,srno,pdf,,
2142-2,감사원,2142,S02101,srno,pdf,,
2142-3,감사원,2142,S02101,srno,pdf,recall,
2142-4,감사원,2142,S02101,srno,pdf,,
2142-5,감사원,2142,S02101,srno,pdf,분야축,
2142-6,감사원,2142,S02101,srno,pdf,,
2142-7,감사원,2142,S02101,srno,pdf,,
2142-8,감사원,2142,S02101,srno,pdf,,
2142-9,감사원,2142,S02101,srno,pdf,,
2142-10,감사원,2142,S02101,srno,pdf,,
2144-1,감사원,2144,S02102,srno,pdf,,
2144-2,감사원,2144,S02102,srno,pdf,,
2144-3,감사원,2144,S02102,srno,pdf,recall,
2144-4,감사원,2144,S02102,srno,pdf,recall,
2144-5,감사원,2144,S02102,srno,pdf,recall,
2144-6,감사원,2144,S02102,srno,pdf,,
2144-7,감사원,2144,S02102,srno,pdf,recall,
2144-8,감사원,2144,S02102,srno,pdf,분야축,
2144-9,감사원,2144,S02102,srno,pdf,,
2144-10,감사원,2144,S02102,srno,pdf,,
2144-11,감사원,2144,S02102,srno,pdf,,
2144-12,감사원,2144,S02102,srno,pdf,,
2144-13,감사원,2144,S02102,srno,pdf,,
2144-14,감사원,2144,S02102,srno,pdf,recall,
2144-15,감사원,2144,S02102,srno,pdf,recall,
2144-16,감사원,2144,S02102,srno,pdf,,
2144-17,감사원,2144,S02102,srno,pdf,recall,
2144-18,감사원,2144,S02102,srno,pdf,recall,
2144-19,감사원,2144,S02102,srno,pdf,,
2144-20,감사원,2144,S02102,srno,pdf,recall,
2144-21,감사원,2144,S02102,srno,pdf,,
2145-1,감사원,2145,S02103,srno,pdf,,
2146-1,감사원,2146,S02104,srno,pdf,recall,
2146-2,감사원,2146,S02104,srno,pdf,분야축,
2147-1,감사원,2147,S02105,srno,pdf,,
2147-2,감사원,2147,S02105,srno,pdf,,
2147-3,감사원,2147,S02105,srno,pdf,,
2148-1,감사원,2148,S02106,srno,pdf,분야축,
2148-2,감사원,2148,S02106,srno,pdf,,
2148-3,감사원,2148,S02106,srno,pdf,분야축,
2148-4,감사원,2148,S02106,srno,pdf,recall,
2148-5,감사원,2148,S02106,srno,pdf,recall,
2148-6,감사원,2148,S02106,srno,pdf,,
2148-7,감사원,2148,S02106,srno,pdf,,
2148-8,감사원,2148,S02106,srno,pdf,분야축,
2148-9,감사원,2148,S02106,srno,pdf,분야축,
2148-10,감사원,2148,S02106,srno,pdf,분야축,
2148-11,감사원,2148,S02106,srno,pdf,,
2149-1,감사원,2149,S02107,srno,pdf,,
2149-2,감사원,2149,S02107,srno,pdf,,
2149-3,감사원,2149,S02107,srno,pdf,,
2149-4,감사원,2149,S02107,srno,pdf,,
2149-5,감사원,2149,S02107,srno,pdf,,
2149-6,감사원,2149,S02107,srno,pdf,분야축,
2149-7,감사원,2149,S02107,srno,pdf,분야축,
2149-8,감사원,2149,S02107,srno,pdf,,
2150-1,감사원,2150,S02108,srno,pdf,,
2151-1,감사원,2151,S02109,srno,pdf,recall,
2151-2,감사원,2151,S02109,srno,pdf,분야축,
2151-3,감사원,2151,S02109,srno,pdf,,
2151-4,감사원,2151,S02109,srno,pdf,분야축,
2151-5,감사원,2151,S02109,srno,pdf,분야축,
2151-6,감사원,2151,S02109,srno,pdf,recall,
2151-7,감사원,2151,S02109,srno,pdf,,
2151-8,감사원,2151,S02109,srno,pdf,recall,
2151-9,감사원,2151,S02109,srno,pdf,,
2151-10,감사원,2151,S02109,srno,pdf,분야축,
2151-11,감사원,2151,S02109,srno,pdf,recall,
2151-12,감사원,2151,S02109,srno,pdf,분야축,
2151-13,감사원,2151,S02109,srno,pdf,,
2151-14,감사원,2151,S02109,srno,pdf,,
2151-15,감사원,2151,S02109,srno,pdf,,
2151-16,감사원,2151,S02109,srno,pdf,,
2151-17,감사원,2151,S02109,srno,pdf,분야축,
2151-18,감사원,2151,S02109,srno,pdf,,
2151-19,감사원,2151,S02109,srno,pdf,,
2151-20,감사원,2151,S02109,srno,pdf,,
2152-1,감사원,2152,S02110,srno,pdf,분야축,
2152-2,감사원,2152,S02110,srno,pdf,분야축,
2153-1,감사원,2153,S02111,srno,pdf,,
2153-2,감사원,2153,S02111,srno,pdf,,
2153-3,감사원,2153,S02111,srno,pdf,분야축,
2153-4,감사원,2153,S02111,srno,pdf,,
2153-5,감사원,2153,S02111,srno,pdf,recall,
2153-6,감사원,2153,S02111,srno,pdf,,
2153-7,감사원,2153,S02111,srno,pdf,,
2153-8,감사원,2153,S02111,srno,pdf,recall,
2153-9,감사원,2153,S02111,srno,pdf,분야축,
2153-10,감사원,2153,S02111,srno,pdf,,
2154-1,감사원,2154,S02112,srno,pdf,,
2154-2,감사원,2154,S02112,srno,pdf,,
2154-3,감사원,2154,S02112,srno,pdf,,
2154-4,감사원,2154,S02112,srno,pdf,분야축,
2154-5,감사원,2154,S02112,srno,pdf,,
2154-6,감사원,2154,S02112,srno,pdf,분야축,
2155-1,감사원,2155,S02115,srno,pdf,recall,
2155-2,감사원,2155,S02115,srno,pdf,,
2155-3,감사원,2155,S02115,srno,pdf,recall,
2155-4,감사원,2155,S02115,srno,pdf,recall,
2155-5,감사원,2155,S02115,srno,pdf,,
2155-6,감사원,2155,S02115,srno,pdf,recall,
2155-7,감사원,2155,S02115,srno,pdf,분야축,
2155-8,감사원,2155,S02115,srno,pdf,분야축,
2155-9,감사원,2155,S02115,srno,pdf,,
2155-10,감사원,2155,S02115,srno,pdf,recall,
2155-11,감사원,2155,S02115,srno,pdf,recall,
2155-12,감사원,2155,S02115,srno,pdf,,
2155-13,감사원,2155,S02115,srno,pdf,,
2155-14,감사원,2155,S02115,srno,pdf,,
2155-15,감사원,2155,S02115,srno,pdf,,
2155-16,감사원,2155,S02115,srno,pdf,recall,
2155-17,감사원,2155,S02115,srno,pdf,,
2155-18,감사원,2155,S02115,srno,pdf,,
2155-19,감사원,2155,S02115,srno,pdf,,
2155-20,감사원,2155,S02115,srno,pdf,,
2155-21,감사원,2155,S02115,srno,pdf,분야축,
2155-22,감사원,2155,S02115,srno,pdf,분야축,
2155-23,감사원,2155,S02115,srno,pdf,분야축,
2155-24,감사원,2155,S02115,srno,pdf,분야축,
2155-25,감사원,2155,S02115,srno,pdf,분야축,
2155-26,감사원,2155,S02115,srno,pdf,분야축,
2155-27,감사원,2155,S02115,srno,pdf,분야축,
2156-1,감사원,2156,S02113,srno,pdf,,
2156-2,감사원,2156,S02113,srno,pdf,분야축,
2156-3,감사원,2156,S02113,srno,pdf,분야축,
2156-4,감사원,2156,S02113,srno,pdf,분야축,
2156-5,감사원,2156,S02113,srno,pdf,,
2156-6,감사원,2156,S02113,srno,pdf,recall,
2156-7,감사원,2156,S02113,srno,pdf,,
2156-8,감사원,2156,S02113,srno,pdf,,
2156-9,감사원,2156,S02113,srno,pdf,,
2156-10,감사원,2156,S02113,srno,pdf,,
2156-11,감사원,2156,S02113,srno,pdf,분야축,
2156-12,감사원,2156,S02113,srno,pdf,recall,
2156-13,감사원,2156,S02113,srno,pdf,분야축,
2156-14,감사원,2156,S02113,srno,pdf,,
2156-15,감사원,2156,S02113,srno,pdf,분야축,
2156-16,감사원,2156,S02113,srno,pdf,분야축,
2156-17,감사원,2156,S02113,srno,pdf,,
2157-1,감사원,2157,S02116,srno,pdf,분야축,
2157-2,감사원,2157,S02116,srno,pdf,분야축,
2157-3,감사원,2157,S02116,srno,pdf,분야축,
2157-4,감사원,2157,S02116,srno,pdf,,
2157-5,감사원,2157,S02116,srno,pdf,,
2157-6,감사원,2157,S02116,srno,pdf,분야축,
2157-7,감사원,2157,S02116,srno,pdf,,
2157-8,감사원,2157,S02116,srno,pdf,분야축,
2157-9,감사원,2157,S02116,srno,pdf,,
2157-10,감사원,2157,S02116,srno,pdf,,
2157-11,감사원,2157,S02116,srno,pdf,,
2157-12,감사원,2157,S02116,srno,pdf,분야축,
2157-13,감사원,2157,S02116,srno,pdf,분야축,
2157-14,감사원,2157,S02116,srno,pdf,,
2157-15,감사원,2157,S02116,srno,pdf,분야축,
2157-16,감사원,2157,S02116,srno,pdf,,
2157-17,감사원,2157,S02116,srno,pdf,,
2157-18,감사원,2157,S02116,srno,pdf,,
2157-19,감사원,2157,S02116,srno,pdf,분야축,
2157-20,감사원,2157,S02116,srno,pdf,분야축,
2157-21,감사원,2157,S02116,srno,pdf,,
2157-22,감사원,2157,S02116,srno,pdf,,
2157-23,감사원,2157,S02116,srno,pdf,,
2158-1,감사원,2158,S02118,srno,pdf,,
2159-1,감사원,2159,S02117,srno,pdf,분야축,
2160-1,감사원,2160,S02119,srno,pdf,,
2160-2,감사원,2160,S02119,srno,pdf,,
2160-3,감사원,2160,S02119,srno,pdf,,
2160-4,감사원,2160,S02119,srno,pdf,,
2160-5,감사원,2160,S02119,srno,pdf,,
2160-6,감사원,2160,S02119,srno,pdf,,
2160-7,감사원,2160,S02119,srno,pdf,,
2160-8,감사원,2160,S02119,srno,pdf,,
2160-9,감사원,2160,S02119,srno,pdf,,
2160-10,감사원,2160,S02119,srno,pdf,,
2160-11,감사원,2160,S02119,srno,pdf,,
2160-12,감사원,2160,S02119,srno,pdf,분야축,
2160-13,감사원,2160,S02119,srno,pdf,,
2160-14,감사원,2160,S02119,srno,pdf,,
2160-15,감사원,2160,S02119,srno,pdf,,
2160-16,감사원,2160,S02119,srno,pdf,,
2160-17,감사원,2160,S02119,srno,pdf,,
2160-18,감사원,2160,S02119,srno,pdf,,
2161-1,감사원,2161,S02120,srno,pdf,분야축,
2161-2,감사원,2161,S02120,srno,pdf,분야축,
2161-3,감사원,2161,S02120,srno,pdf,분야축,
2161-4,감사원,2161,S02120,srno,pdf,분야축,
2161-5,감사원,2161,S02120,srno,pdf,분야축,
2161-6,감사원,2161,S02120,srno,pdf,분야축,
2161-7,감사원,2161,S02120,srno,pdf,분야축,
2161-8,감사원,2161,S02120,srno,pdf,분야축,
2161-9,감사원,2161,S02120,srno,pdf,분야축,
2161-10,감사원,2161,S02120,srno,pdf,분야축,
2161-11,감사원,2161,S02120,srno,pdf,분야축,
2161-12,감사원,2161,S02120,srno,pdf,분야축,
2161-13,감사원,2161,S02120,srno,pdf,분야축,
2161-14,감사원,2161,S02120,srno,pdf,분야축,
2161-15,감사원,2161,S02120,srno,pdf,분야축,
2161-16,감사원,2161,S02120,srno,pdf,분야축,
2161-17,감사원,2161,S02120,srno,pdf,분야축,
2161-18,감사원,2161,S02120,srno,pdf,분야축,
2161-19,감사원,2161,S02120,srno,pdf,분야축,
2161-20,감사원,2161,S02120,srno,pdf,분야축,
2161-21,감사원,2161,S02120,srno,pdf,분야축,
2161-22,감사원,2161,S02120,srno,pdf,분야축,
2162-1,감사원,2162,S02121,srno,pdf,분야축,
2162-2,감사원,2162,S02121,srno,pdf,분야축,
2162-3,감사원,2162,S02121,srno,pdf,분야축,
2162-4,감사원,2162,S02121,srno,pdf,분야축,
2162-5,감사원,2162,S02121,srno,pdf,분야축,
2162-6,감사원,2162,S02121,srno,pdf,분야축,
2162-7,감사원,2162,S02121,srno,pdf,,
2162-8,감사원,2162,S02121,srno,pdf,분야축,
2162-9,감사원,2162,S02121,srno,pdf,분야축,
2162-10,감사원,2162,S02121,srno,pdf,분야축,
2162-11,감사원,2162,S02121,srno,pdf,분야축,
2162-12,감사원,2162,S02121,srno,pdf,분야축,
2162-13,감사원,2162,S02121,srno,pdf,분야축,
2162-14,감사원,2162,S02121,srno,pdf,분야축,
2162-15,감사원,2162,S02121,srno,pdf,분야축,
2163-1,감사원,2163,S02122,srno,pdf,,
2163-2,감사원,2163,S02122,srno,pdf,,
2163-3,감사원,2163,S02122,srno,pdf,,
2163-4,감사원,2163,S02122,srno,pdf,,
2163-5,감사원,2163,S02122,srno,pdf,,
2163-6,감사원,2163,S02122,srno,pdf,,
2163-7,감사원,2163,S02122,srno,pdf,,
2163-8,감사원,2163,S02122,srno,pdf,,
2164-1,감사원,2164,S02125,srno,pdf,,
2164-2,감사원,2164,S02125,srno,pdf,분야축,
2164-3,감사원,2164,S02125,srno,pdf,recall,
2164-4,감사원,2164,S02125,srno,pdf,분야축,
2164-5,감사원,2164,S02125,srno,pdf,분야축,
2164-6,감사원,2164,S02125,srno,pdf,,
2164-7,감사원,2164,S02125,srno,pdf,,
2164-8,감사원,2164,S02125,srno,pdf,,
2164-9,감사원,2164,S02125,srno,pdf,,
2164-10,감사원,2164,S02125,srno,pdf,분야축,
2164-11,감사원,2164,S02125,srno,pdf,recall,
2164-12,감사원,2164,S02125,srno,pdf,,
2164-13,감사원,2164,S02125,srno,pdf,,
2164-14,감사원,2164,S02125,srno,pdf,분야축,
2165-1,감사원,2165,S02126,srno,pdf,분야축,
2165-2,감사원,2165,S02126,srno,pdf,분야축,
2166-1,감사원,2166,S02127,srno,pdf,,
2166-2,감사원,2166,S02127,srno,pdf,,
2166-3,감사원,2166,S02127,srno,pdf,,
2166-4,감사원,2166,S02127,srno,pdf,,
2166-5,감사원,2166,S02127,srno,pdf,분야축,
2166-6,감사원,2166,S02127,srno,pdf,,
2166-7,감사원,2166,S02127,srno,pdf,,
2166-8,감사원,2166,S02127,srno,pdf,,
2166-9,감사원,2166,S02127,srno,pdf,,
2166-10,감사원,2166,S02127,srno,pdf,,
2167-1,감사원,2167,S02130,srno,pdf,분야축,
2168-1,감사원,2168,S02131,srno,pdf,분야축,
2168-2,감사원,2168,S02131,srno,pdf,분야축,
2168-3,감사원,2168,S02131,srno,pdf,recall,
2168-4,감사원,2168,S02131,srno,pdf,,
2168-5,감사원,2168,S02131,srno,pdf,분야축,
2168-6,감사원,2168,S02131,srno,pdf,분야축,
2168-7,감사원,2168,S02131,srno,pdf,분야축,
2168-8,감사원,2168,S02131,srno,pdf,분야축,
2168-9,감사원,2168,S02131,srno,pdf,,
2168-10,감사원,2168,S02131,srno,pdf,분야축,
2168-11,감사원,2168,S02131,srno,pdf,,
2168-12,감사원,2168,S02131,srno,pdf,분야축,
2168-13,감사원,2168,S02131,srno,pdf,,
2168-14,감사원,2168,S02131,srno,pdf,,
2168-15,감사원,2168,S02131,srno,pdf,,
2168-16,감사원,2168,S02131,srno,pdf,,
2168-17,감사원,2168,S02131,srno,pdf,분야축,
2168-18,감사원,2168,S02131,srno,pdf,,
2168-19,감사원,2168,S02131,srno,pdf,분야축,
2168-20,감사원,2168,S02131,srno,pdf,,
2168-21,감사원,2168,S02131,srno,pdf,분야축,
2168-22,감사원,2168,S02131,srno,pdf,분야축,
2169-1,감사원,2169,S02132,srno,pdf,분야축,
2169-2,감사원,2169,S02132,srno,pdf,분야축,
2169-3,감사원,2169,S02132,srno,pdf,분야축,
2169-4,감사원,2169,S02132,srno,pdf,,
2169-5,감사원,2169,S02132,srno,pdf,분야축,
2169-6,감사원,2169,S02132,srno,pdf,분야축,
2169-7,감사원,2169,S02132,srno,pdf,분야축,
2169-8,감사원,2169,S02132,srno,pdf,분야축,
2169-9,감사원,2169,S02132,srno,pdf,분야축,
2169-10,감사원,2169,S02132,srno,pdf,,
2169-11,감사원,2169,S02132,srno,pdf,,
2169-12,감사원,2169,S02132,srno,pdf,분야축,
2169-13,감사원,2169,S02132,srno,pdf,분야축,
2169-14,감사원,2169,S02132,srno,pdf,,
2169-15,감사원,2169,S02132,srno,pdf,분야축,
2169-16,감사원,2169,S02132,srno,pdf,recall,
2169-17,감사원,2169,S02132,srno,pdf,분야축,
2169-18,감사원,2169,S02132,srno,pdf,분야축,
2169-19,감사원,2169,S02132,srno,pdf,분야축,
2169-20,감사원,2169,S02132,srno,pdf,,
2169-21,감사원,2169,S02132,srno,pdf,recall,
2169-22,감사원,2169,S02132,srno,pdf,분야축,
2169-23,감사원,2169,S02132,srno,pdf,분야축,
2169-24,감사원,2169,S02132,srno,pdf,분야축,
2169-25,감사원,2169,S02132,srno,pdf,분야축,
2169-26,감사원,2169,S02132,srno,pdf,분야축,
2169-27,감사원,2169,S02132,srno,pdf,분야축,
2169-28,감사원,2169,S02132,srno,pdf,,
2169-29,감사원,2169,S02132,srno,pdf,,
2169-30,감사원,2169,S02132,srno,pdf,분야축,
2169-31,감사원,2169,S02132,srno,pdf,recall,
2169-32,감사원,2169,S02132,srno,pdf,분야축,
2169-33,감사원,2169,S02132,srno,pdf,분야축,
2169-34,감사원,2169,S02132,srno,pdf,,
2169-35,감사원,2169,S02132,srno,pdf,recall,
2169-36,감사원,2169,S02132,srno,pdf,,
2169-37,감사원,2169,S02132,srno,pdf,분야축,
2169-38,감사원,2169,S02132,srno,pdf,분야축,
2169-39,감사원,2169,S02132,srno,pdf,,
2169-40,감사원,2169,S02132,srno,pdf,분야축,
2169-41,감사원,2169,S02132,srno,pdf,분야축,
2169-42,감사원,2169,S02132,srno,pdf,분야축,
2169-43,감사원,2169,S02132,srno,pdf,recall,
2169-44,감사원,2169,S02132,srno,pdf,분야축,
2169-45,감사원,2169,S02132,srno,pdf,분야축,
2169-46,감사원,2169,S02132,srno,pdf,분야축,
2169-47,감사원,2169,S02132,srno,pdf,분야축,
2169-48,감사원,2169,S02132,srno,pdf,,
2169-49,감사원,2169,S02132,srno,pdf,,
2169-50,감사원,2169,S02132,srno,pdf,,
2169-51,감사원,2169,S02132,srno,pdf,recall,
2169-52,감사원,2169,S02132,srno,pdf,,
2169-53,감사원,2169,S02132,srno,pdf,recall,
2169-54,감사원,2169,S02132,srno,pdf,분야축,
2169-55,감사원,2169,S02132,srno,pdf,분야축,
2169-56,감사원,2169,S02132,srno,pdf,recall,
2169-57,감사원,2169,S02132,srno,pdf,분야축,
2169-58,감사원,2169,S02132,srno,pdf,분야축,
2169-59,감사원,2169,S02132,srno,pdf,분야축,
2169-60,감사원,2169,S02132,srno,pdf,recall,
2169-61,감사원,2169,S02132,srno,pdf,recall,
2169-62,감사원,2169,S02132,srno,pdf,recall,
2169-63,감사원,2169,S02132,srno,pdf,분야축,
2169-64,감사원,2169,S02132,srno,pdf,,
2169-65,감사원,2169,S02132,srno,pdf,,
2169-66,감사원,2169,S02132,srno,pdf,분야축,
2169-67,감사원,2169,S02132,srno,pdf,분야축,
2170-1,감사원,2170,S02149,srno,pdf,,
2170-2,감사원,2170,S02149,srno,pdf,,
2170-3,감사원,2170,S02149,srno,pdf,,
2170-4,감사원,2170,S02149,srno,pdf,,
2170-5,감사원,2170,S02149,srno,pdf,,
2170-6,감사원,2170,S02149,srno,pdf,,
2170-7,감사원,2170,S02149,srno,pdf,,
2170-8,감사원,2170,S02149,srno,pdf,recall,
2170-9,감사원,2170,S02149,srno,pdf,,
2170-10,감사원,2170,S02149,srno,pdf,분야축,
2171-1,감사원,2171,S02150,srno,pdf,분야축,
2172-1,감사원,2172,S02151,srno,pdf,,
2173-1,감사원,2173,S02152,srno,pdf,,
2173-2,감사원,2173,S02152,srno,pdf,,
2173-3,감사원,2173,S02152,srno,pdf,,
2173-4,감사원,2173,S02152,srno,pdf,분야축,
2173-5,감사원,2173,S02152,srno,pdf,분야축,
2173-6,감사원,2173,S02152,srno,pdf,분야축,
2173-7,감사원,2173,S02152,srno,pdf,,
2173-8,감사원,2173,S02152,srno,pdf,,
2173-9,감사원,2173,S02152,srno,pdf,,
2173-10,감사원,2173,S02152,srno,pdf,,
2173-11,감사원,2173,S02152,srno,pdf,,
2174-1,감사원,2174,S02153,srno,pdf,분야축,
2174-2,감사원,2174,S02153,srno,pdf,분야축,
2174-3,감사원,2174,S02153,srno,pdf,recall,
2174-4,감사원,2174,S02153,srno,pdf,recall,
2175-1,감사원,2175,S02154,srno,pdf,,
2175-2,감사원,2175,S02154,srno,pdf,,
2175-3,감사원,2175,S02154,srno,pdf,,
2176-1,감사원,2176,S02155,srno,pdf,recall,
2176-2,감사원,2176,S02155,srno,pdf,분야축,
2176-3,감사원,2176,S02155,srno,pdf,,
2176-4,감사원,2176,S02155,srno,pdf,,
2177-1,감사원,2177,S02156,srno,pdf,분야축,
2177-2,감사원,2177,S02156,srno,pdf,분야축,
2177-3,감사원,2177,S02156,srno,pdf,,
2177-4,감사원,2177,S02156,srno,pdf,분야축,
2177-5,감사원,2177,S02156,srno,pdf,분야축,
2177-6,감사원,2177,S02156,srno,pdf,분야축,
2177-7,감사원,2177,S02156,srno,pdf,,
2177-8,감사원,2177,S02156,srno,pdf,,
2178-1,감사원,2178,S02157,srno,pdf,,
2178-2,감사원,2178,S02157,srno,pdf,분야축,
2178-3,감사원,2178,S02157,srno,pdf,분야축,
2178-4,감사원,2178,S02157,srno,pdf,recall,
2178-5,감사원,2178,S02157,srno,pdf,,
2178-6,감사원,2178,S02157,srno,pdf,분야축,
2178-7,감사원,2178,S02157,srno,pdf,,
2178-8,감사원,2178,S02157,srno,pdf,분야축,
2179-1,감사원,2179,S02158,srno,pdf,,
2179-2,감사원,2179,S02158,srno,pdf,,
2179-3,감사원,2179,S02158,srno,pdf,,
2179-4,감사원,2179,S02158,srno,pdf,recall,
2179-5,감사원,2179,S02158,srno,pdf,,
2179-6,감사원,2179,S02158,srno,pdf,,
2179-7,감사원,2179,S02158,srno,pdf,분야축,
2179-8,감사원,2179,S02158,srno,pdf,,
2179-9,감사원,2179,S02158,srno,pdf,,
2179-10,감사원,2179,S02158,srno,pdf,recall,
2179-11,감사원,2179,S02158,srno,pdf,,
2180-1,감사원,2180,S02159,srno,pdf,,
2180-2,감사원,2180,S02159,srno,pdf,,
2180-3,감사원,2180,S02159,srno,pdf,,
2180-4,감사원,2180,S02159,srno,pdf,,
2180-5,감사원,2180,S02159,srno,pdf,,
2180-6,감사원,2180,S02159,srno,pdf,,
2180-7,감사원,2180,S02159,srno,pdf,,
2180-8,감사원,2180,S02159,srno,pdf,,
2180-9,감사원,2180,S02159,srno,pdf,,
2180-10,감사원,2180,S02159,srno,pdf,,
2180-11,감사원,2180,S02159,srno,pdf,,
2180-12,감사원,2180,S02159,srno,pdf,,
2180-13,감사원,2180,S02159,srno,pdf,,
2180-14,감사원,2180,S02159,srno,pdf,,
2180-15,감사원,2180,S02159,srno,pdf,분야축,
2181-1,감사원,2181,S02160,srno,pdf,,
2181-2,감사원,2181,S02160,srno,pdf,,
2181-3,감사원,2181,S02160,srno,pdf,,
2181-4,감사원,2181,S02160,srno,pdf,,
2181-5,감사원,2181,S02160,srno,pdf,,
2181-6,감사원,2181,S02160,srno,pdf,,
2181-7,감사원,2181,S02160,srno,pdf,,
2181-8,감사원,2181,S02160,srno,pdf,,
2181-9,감사원,2181,S02160,srno,pdf,,
2181-10,감사원,2181,S02160,srno,pdf,recall,
2181-11,감사원,2181,S02160,srno,pdf,,
2181-12,감사원,2181,S02160,srno,pdf,,
2181-13,감사원,2181,S02160,srno,pdf,,
2181-14,감사원,2181,S02160,srno,pdf,,
2181-15,감사원,2181,S02160,srno,pdf,,
2181-16,감사원,2181,S02160,srno,pdf,,
2181-17,감사원,2181,S02160,srno,pdf,,
2181-18,감사원,2181,S02160,srno,pdf,,
2181-19,감사원,2181,S02160,srno,pdf,,
2181-20,감사원,2181,S02160,srno,pdf,,
2182-1,감사원,2182,S02161,srno,pdf,,
2182-2,감사원,2182,S02161,srno,pdf,recall,
2182-3,감사원,2182,S02161,srno,pdf,,
2182-4,감사원,2182,S02161,srno,pdf,,
2182-5,감사원,2182,S02161,srno,pdf,분야축,
2183-1,감사원,2183,S02162,srno,pdf,,
2183-2,감사원,2183,S02162,srno,pdf,,
2183-3,감사원,2183,S02162,srno,pdf,,
2183-4,감사원,2183,S02162,srno,pdf,,
2183-5,감사원,2183,S02162,srno,pdf,,
2183-6,감사원,2183,S02162,srno,pdf,,
2183-7,감사원,2183,S02162,srno,pdf,분야축,
2184-1,감사원,2184,S02163,srno,pdf,,
2184-2,감사원,2184,S02163,srno,pdf,,
2184-3,감사원,2184,S02163,srno,pdf,분야축,
2184-4,감사원,2184,S02163,srno,pdf,,
2184-5,감사원,2184,S02163,srno,pdf,,
2184-6,감사원,2184,S02163,srno,pdf,분야축,
2184-7,감사원,2184,S02163,srno,pdf,,
2184-8,감사원,2184,S02163,srno,pdf,분야축,
2184-9,감사원,2184,S02163,srno,pdf,,
2185-1,감사원,2185,S02164,srno,pdf,recall,
2185-2,감사원,2185,S02164,srno,pdf,,
2185-3,감사원,2185,S02164,srno,pdf,,
2185-4,감사원,2185,S02164,srno,pdf,,
2185-5,감사원,2185,S02164,srno,pdf,,
2185-6,감사원,2185,S02164,srno,pdf,,
2185-7,감사원,2185,S02164,srno,pdf,,
2186-1,감사원,2186,S02165,srno,pdf,분야축,
2186-2,감사원,2186,S02165,srno,pdf,분야축,
2186-3,감사원,2186,S02165,srno,pdf,분야축,
2186-4,감사원,2186,S02165,srno,pdf,분야축,
2186-5,감사원,2186,S02165,srno,pdf,분야축,
2186-6,감사원,2186,S02165,srno,pdf,분야축,
2186-7,감사원,2186,S02165,srno,pdf,,
2186-8,감사원,2186,S02165,srno,pdf,,
2186-9,감사원,2186,S02165,srno,pdf,,
2187-1,감사원,2187,S02166,srno,pdf,,
2187-2,감사원,2187,S02166,srno,pdf,,
2187-3,감사원,2187,S02166,srno,pdf,,
2187-4,감사원,2187,S02166,srno,pdf,,
2187-5,감사원,2187,S02166,srno,pdf,,
2187-6,감사원,2187,S02166,srno,pdf,,
2188-1,감사원,2188,S02167,srno,pdf,,
2188-2,감사원,2188,S02167,srno,pdf,,
2188-3,감사원,2188,S02167,srno,pdf,분야축,
2188-4,감사원,2188,S02167,srno,pdf,분야축,
2189-1,감사원,2189,S02169,srno,pdf,분야축,
2189-2,감사원,2189,S02169,srno,pdf,분야축,
2189-3,감사원,2189,S02169,srno,pdf,분야축,
2190-1,감사원,2190,S02168,srno,pdf,,
2190-2,감사원,2190,S02168,srno,pdf,recall,
2190-3,감사원,2190,S02168,srno,pdf,,
2190-4,감사원,2190,S02168,srno,pdf,,
2190-5,감사원,2190,S02168,srno,pdf,,
2190-6,감사원,2190,S02168,srno,pdf,,
2190-7,감사원,2190,S02168,srno,pdf,분야축,
2190-8,감사원,2190,S02168,srno,pdf,,
2191-1,감사원,2191,S02170,srno,pdf,분야축,
2191-2,감사원,2191,S02170,srno,pdf,recall,
2191-3,감사원,2191,S02170,srno,pdf,,
2191-4,감사원,2191,S02170,srno,pdf,,
2191-5,감사원,2191,S02170,srno,pdf,recall,
2191-6,감사원,2191,S02170,srno,pdf,분야축,
2191-7,감사원,2191,S02170,srno,pdf,,
2191-8,감사원,2191,S02170,srno,pdf,,
2191-9,감사원,2191,S02170,srno,pdf,,
2191-10,감사원,2191,S02170,srno,pdf,recall,
2192-1,감사원,2192,S02172,srno,pdf,분야축,
2192-2,감사원,2192,S02172,srno,pdf,분야축,
2192-3,감사원,2192,S02172,srno,pdf,,
2192-4,감사원,2192,S02172,srno,pdf,,
2193-1,감사원,2193,S02171,srno,pdf,,
2194-1,감사원,2194,S02173,srno,pdf,,
2194-2,감사원,2194,S02173,srno,pdf,,
2194-3,감사원,2194,S02173,srno,pdf,,
2194-4,감사원,2194,S02173,srno,pdf,recall,
2194-5,감사원,2194,S02173,srno,pdf,recall,
2194-6,감사원,2194,S02173,srno,pdf,,
2194-7,감사원,2194,S02173,srno,pdf,,
2194-8,감사원,2194,S02173,srno,pdf,분야축,
2195-1,감사원,2195,S02128,srno,pdf,분야축,
2195-2,감사원,2195,S02128,srno,pdf,,
2195-3,감사원,2195,S02128,srno,pdf,분야축,
2195-4,감사원,2195,S02128,srno,pdf,분야축,
2195-5,감사원,2195,S02128,srno,pdf,분야축,
2195-6,감사원,2195,S02128,srno,pdf,분야축,
2195-7,감사원,2195,S02128,srno,pdf,recall,
2195-8,감사원,2195,S02128,srno,pdf,,
2196-1,감사원,2196,S02174,srno,pdf,분야축,
2196-2,감사원,2196,S02174,srno,pdf,분야축,
2196-3,감사원,2196,S02174,srno,pdf,분야축,
2197-1,감사원,2197,S02175,srno,pdf,,
2197-2,감사원,2197,S02175,srno,pdf,분야축,
2197-3,감사원,2197,S02175,srno,pdf,분야축,
2197-4,감사원,2197,S02175,srno,pdf,,
2197-5,감사원,2197,S02175,srno,pdf,,
2197-6,감사원,2197,S02175,srno,pdf,,
2198-1,감사원,2198,S02176,srno,pdf,분야축,
2198-2,감사원,2198,S02176,srno,pdf,,
2198-3,감사원,2198,S02176,srno,pdf,,
2198-4,감사원,2198,S02176,srno,pdf,분야축,
2198-5,감사원,2198,S02176,srno,pdf,분야축,
2198-6,감사원,2198,S02176,srno,pdf,,
2199-1,감사원,2199,S02092,srno,pdf,분야축,
2199-2,감사원,2199,S02092,srno,pdf,분야축,
2199-3,감사원,2199,S02092,srno,pdf,분야축,
2199-4,감사원,2199,S02092,srno,pdf,분야축,
2199-5,감사원,2199,S02092,srno,pdf,분야축,
2199-6,감사원,2199,S02092,srno,pdf,분야축,
2199-7,감사원,2199,S02092,srno,pdf,분야축,
2199-8,감사원,2199,S02092,srno,pdf,분야축,
2199-9,감사원,2199,S02092,srno,pdf,분야축,
2199-10,감사원,2199,S02092,srno,pdf,분야축,
2199-11,감사원,2199,S02092,srno,pdf,분야축,
2199-12,감사원,2199,S02092,srno,pdf,분야축,
2199-13,감사원,2199,S02092,srno,pdf,분야축,
2199-14,감사원,2199,S02092,srno,pdf,분야축,
2199-15,감사원,2199,S02092,srno,pdf,분야축,
2199-16,감사원,2199,S02092,srno,pdf,분야축,
2199-17,감사원,2199,S02092,srno,pdf,분야축,
2199-18,감사원,2199,S02092,srno,pdf,분야축,
2199-19,감사원,2199,S02092,srno,pdf,분야축,
2199-20,감사원,2199,S02092,srno,pdf,분야축,
2199-21,감사원,2199,S02092,srno,pdf,분야축,
2200-1,감사원,2200,S02177,srno,pdf,,
2200-2,감사원,2200,S02177,srno,pdf,,
2200-3,감사원,2200,S02177,srno,pdf,,
2200-4,감사원,2200,S02177,srno,pdf,,
2200-5,감사원,2200,S02177,srno,pdf,분야축,
2200-6,감사원,2200,S02177,srno,pdf,,
2200-7,감사원,2200,S02177,srno,pdf,,
2200-8,감사원,2200,S02177,srno,pdf,,
2200-9,감사원,2200,S02177,srno,pdf,recall,
2200-10,감사원,2200,S02177,srno,pdf,분야축,
2200-11,감사원,2200,S02177,srno,pdf,분야축,
2200-12,감사원,2200,S02177,srno,pdf,,
2201-1,감사원,2201,S02180,srno,pdf,분야축,
2201-2,감사원,2201,S02180,srno,pdf,분야축,
2202-1,감사원,2202,S02181,srno,pdf,,
2202-2,감사원,2202,S02181,srno,pdf,,
2202-3,감사원,2202,S02181,srno,pdf,,
2202-4,감사원,2202,S02181,srno,pdf,,
2202-5,감사원,2202,S02181,srno,pdf,,
2202-6,감사원,2202,S02181,srno,pdf,,
2203-1,감사원,2203,S02182,srno,pdf,분야축,
2203-2,감사원,2203,S02182,srno,pdf,recall,
2203-3,감사원,2203,S02182,srno,pdf,,
2203-4,감사원,2203,S02182,srno,pdf,분야축,
2203-5,감사원,2203,S02182,srno,pdf,recall,
2203-6,감사원,2203,S02182,srno,pdf,,
2204-1,감사원,2204,S02183,srno,pdf,,
2204-2,감사원,2204,S02183,srno,pdf,,
2204-3,감사원,2204,S02183,srno,pdf,,
2204-4,감사원,2204,S02183,srno,pdf,,
2204-5,감사원,2204,S02183,srno,pdf,,
2205-1,감사원,2205,S02184,srno,pdf,,
2205-2,감사원,2205,S02184,srno,pdf,,
2205-3,감사원,2205,S02184,srno,pdf,,
2205-4,감사원,2205,S02184,srno,pdf,recall,
2205-5,감사원,2205,S02184,srno,pdf,recall,
2205-6,감사원,2205,S02184,srno,pdf,,
2205-7,감사원,2205,S02184,srno,pdf,,
2205-8,감사원,2205,S02184,srno,pdf,,
2205-9,감사원,2205,S02184,srno,pdf,분야축,
2205-10,감사원,2205,S02184,srno,pdf,분야축,
2205-11,감사원,2205,S02184,srno,pdf,,
2205-12,감사원,2205,S02184,srno,pdf,recall,
2205-13,감사원,2205,S02184,srno,pdf,recall,
2205-14,감사원,2205,S02184,srno,pdf,분야축,
2206-1,감사원,2206,S02185,srno,pdf,분야축,
2206-2,감사원,2206,S02185,srno,pdf,,
2207-1,감사원,2207,S02186,srno,pdf,,
2207-2,감사원,2207,S02186,srno,pdf,,
2207-3,감사원,2207,S02186,srno,pdf,,
2207-4,감사원,2207,S02186,srno,pdf,,
2207-5,감사원,2207,S02186,srno,pdf,분야축,
2207-6,감사원,2207,S02186,srno,pdf,,
2207-7,감사원,2207,S02186,srno,pdf,,
2208-1,감사원,2208,S02178,srno,pdf,,
2208-2,감사원,2208,S02178,srno,pdf,recall,
2208-3,감사원,2208,S02178,srno,pdf,,
2208-4,감사원,2208,S02178,srno,pdf,,
2208-5,감사원,2208,S02178,srno,pdf,,
2208-6,감사원,2208,S02178,srno,pdf,분야축,
2208-7,감사원,2208,S02178,srno,pdf,분야축,
2208-8,감사원,2208,S02178,srno,pdf,recall,
2208-9,감사원,2208,S02178,srno,pdf,분야축,
2208-10,감사원,2208,S02178,srno,pdf,분야축,
2208-11,감사원,2208,S02178,srno,pdf,,
2208-12,감사원,2208,S02178,srno,pdf,,
2208-13,감사원,2208,S02178,srno,pdf,,
2209-1,감사원,2209,S02187,srno,pdf,,
2209-2,감사원,2209,S02187,srno,pdf,,
2209-3,감사원,2209,S02187,srno,pdf,,
2209-4,감사원,2209,S02187,srno,pdf,,
2209-5,감사원,2209,S02187,srno,pdf,,
2209-6,감사원,2209,S02187,srno,pdf,,
2209-7,감사원,2209,S02187,srno,pdf,,
2209-8,감사원,2209,S02187,srno,pdf,,
2209-9,감사원,2209,S02187,srno,pdf,,
2209-10,감사원,2209,S02187,srno,pdf,,
2209-11,감사원,2209,S02187,srno,pdf,,
2209-12,감사원,2209,S02187,srno,pdf,,
2209-13,감사원,2209,S02187,srno,pdf,,
2209-14,감사원,2209,S02187,srno,pdf,,
2209-15,감사원,2209,S02187,srno,pdf,,
2210-1,감사원,2210,S02188,srno,pdf,,
2210-2,감사원,2210,S02188,srno,pdf,,
2210-3,감사원,2210,S02188,srno,pdf,,
2210-4,감사원,2210,S02188,srno,pdf,,
2210-5,감사원,2210,S02188,srno,pdf,,
2210-6,감사원,2210,S02188,srno,pdf,,
2210-7,감사원,2210,S02188,srno,pdf,,
2211-1,감사원,2211,S02189,srno,pdf,,
2213-1,감사원,2213,S02190,srno,pdf,,
2213-2,감사원,2213,S02190,srno,pdf,,
2213-3,감사원,2213,S02190,srno,pdf,,
2213-4,감사원,2213,S02190,srno,pdf,,
2213-5,감사원,2213,S02190,srno,pdf,,
2213-6,감사원,2213,S02190,srno,pdf,,
2213-7,감사원,2213,S02190,srno,pdf,,
2213-8,감사원,2213,S02190,srno,pdf,,
2213-9,감사원,2213,S02190,srno,pdf,,
2213-10,감사원,2213,S02190,srno,pdf,,
2213-11,감사원,2213,S02190,srno,pdf,,
2213-12,감사원,2213,S02190,srno,pdf,,
2214-1,감사원,2214,S02191,srno,pdf,,
2214-2,감사원,2214,S02191,srno,pdf,분야축,
2214-3,감사원,2214,S02191,srno,pdf,,
2214-4,감사원,2214,S02191,srno,pdf,,
2214-5,감사원,2214,S02191,srno,pdf,,
2215-1,감사원,2215,S02192,srno,pdf,분야축,
2215-2,감사원,2215,S02192,srno,pdf,분야축,
2215-3,감사원,2215,S02192,srno,pdf,,
2215-4,감사원,2215,S02192,srno,pdf,분야축,
2215-5,감사원,2215,S02192,srno,pdf,분야축,
2215-6,감사원,2215,S02192,srno,pdf,분야축,
2215-7,감사원,2215,S02192,srno,pdf,분야축,
2215-8,감사원,2215,S02192,srno,pdf,,
2215-9,감사원,2215,S02192,srno,pdf,분야축,
2215-10,감사원,2215,S02192,srno,pdf,분야축,
2216-1,감사원,2216,S02193,srno,pdf,,
2216-2,감사원,2216,S02193,srno,pdf,,
2216-3,감사원,2216,S02193,srno,pdf,,
2216-4,감사원,2216,S02193,srno,pdf,,
2216-5,감사원,2216,S02193,srno,pdf,분야축,
2216-6,감사원,2216,S02193,srno,pdf,,
2216-7,감사원,2216,S02193,srno,pdf,,
2216-8,감사원,2216,S02193,srno,pdf,,
2217-1,감사원,2217,S02196,srno,pdf,분야축,
2217-2,감사원,2217,S02196,srno,pdf,분야축,
2217-3,감사원,2217,S02196,srno,pdf,recall,
2217-4,감사원,2217,S02196,srno,pdf,,
2218-1,감사원,2218,S02197,srno,pdf,,
2218-2,감사원,2218,S02197,srno,pdf,,
2218-3,감사원,2218,S02197,srno,pdf,,
2219-1,감사원,2219,S02198,srno,pdf,,
2219-2,감사원,2219,S02198,srno,pdf,,
2220-1,감사원,2220,S02200,srno,pdf,,
2220-2,감사원,2220,S02200,srno,pdf,recall,
2220-3,감사원,2220,S02200,srno,pdf,recall,
2220-4,감사원,2220,S02200,srno,pdf,recall,
2220-5,감사원,2220,S02200,srno,pdf,recall,
2220-6,감사원,2220,S02200,srno,pdf,,
2220-7,감사원,2220,S02200,srno,pdf,recall,
2220-8,감사원,2220,S02200,srno,pdf,recall,
2220-9,감사원,2220,S02200,srno,pdf,,
2221-1,감사원,2221,S02201,srno,pdf,,
2221-2,감사원,2221,S02201,srno,pdf,,
2221-3,감사원,2221,S02201,srno,pdf,,
2221-4,감사원,2221,S02201,srno,pdf,recall,
2221-5,감사원,2221,S02201,srno,pdf,분야축,
2221-6,감사원,2221,S02201,srno,pdf,,
2221-7,감사원,2221,S02201,srno,pdf,,
2221-8,감사원,2221,S02201,srno,pdf,,
2222-1,감사원,2222,S02202,srno,pdf,,
2222-2,감사원,2222,S02202,srno,pdf,,
2222-3,감사원,2222,S02202,srno,pdf,,
2222-4,감사원,2222,S02202,srno,pdf,,
2223-1,감사원,2223,S02203,srno,pdf,,
2223-2,감사원,2223,S02203,srno,pdf,,
2223-3,감사원,2223,S02203,srno,pdf,,
2223-4,감사원,2223,S02203,srno,pdf,,
2223-5,감사원,2223,S02203,srno,pdf,,
2223-6,감사원,2223,S02203,srno,pdf,,
2223-7,감사원,2223,S02203,srno,pdf,,
2223-8,감사원,2223,S02203,srno,pdf,,
2223-9,감사원,2223,S02203,srno,pdf,,
2223-10,감사원,2223,S02203,srno,pdf,,
2223-11,감사원,2223,S02203,srno,pdf,,
2223-12,감사원,2223,S02203,srno,pdf,,
2223-13,감사원,2223,S02203,srno,pdf,,
2224-1,감사원,2224,S02205,srno,pdf,,
2224-2,감사원,2224,S02205,srno,pdf,,
2224-3,감사원,2224,S02205,srno,pdf,,
2224-4,감사원,2224,S02205,srno,pdf,,
2224-5,감사원,2224,S02205,srno,pdf,,
2224-6,감사원,2224,S02205,srno,pdf,,
2224-7,감사원,2224,S02205,srno,pdf,,
2224-8,감사원,2224,S02205,srno,pdf,,
2224-9,감사원,2224,S02205,srno,pdf,,
2224-10,감사원,2224,S02205,srno,pdf,,
2224-11,감사원,2224,S02205,srno,pdf,,
2224-12,감사원,2224,S02205,srno,pdf,,
2225-1,감사원,2225,S03775,srno,pdf_conv,분야축,
2225-2,감사원,2225,S03775,srno,pdf_conv,,
2225-3,감사원,2225,S03775,srno,pdf_conv,분야축,
2226-1,감사원,2226,S02204,srno,pdf,,
2226-2,감사원,2226,S02204,srno,pdf,분야축,
2226-3,감사원,2226,S02204,srno,pdf,,
2226-4,감사원,2226,S02204,srno,pdf,,
2226-5,감사원,2226,S02204,srno,pdf,,
2226-6,감사원,2226,S02204,srno,pdf,,
2226-7,감사원,2226,S02204,srno,pdf,,
2226-8,감사원,2226,S02204,srno,pdf,,
2226-9,감사원,2226,S02204,srno,pdf,,
2226-10,감사원,2226,S02204,srno,pdf,,
2226-11,감사원,2226,S02204,srno,pdf,분야축,
2226-12,감사원,2226,S02204,srno,pdf,분야축,
2226-13,감사원,2226,S02204,srno,pdf,,
2226-14,감사원,2226,S02204,srno,pdf,recall,
2226-15,감사원,2226,S02204,srno,pdf,recall,
2226-16,감사원,2226,S02204,srno,pdf,분야축,
2226-17,감사원,2226,S02204,srno,pdf,,
2226-18,감사원,2226,S02204,srno,pdf,,
2226-19,감사원,2226,S02204,srno,pdf,분야축,
2226-20,감사원,2226,S02204,srno,pdf,분야축,
2227-1,감사원,2227,S02207,srno,pdf,,
2227-2,감사원,2227,S02207,srno,pdf,,
2227-3,감사원,2227,S02207,srno,pdf,,
2227-4,감사원,2227,S02207,srno,pdf,,
2229-1,감사원,2229,S02208,srno,pdf,,
2229-2,감사원,2229,S02208,srno,pdf,분야축,
2229-3,감사원,2229,S02208,srno,pdf,recall,
2229-4,감사원,2229,S02208,srno,pdf,분야축,
2231-1,감사원,2231,S02210,srno,pdf,,
2231-2,감사원,2231,S02210,srno,pdf,,
2231-3,감사원,2231,S02210,srno,pdf,,
2231-4,감사원,2231,S02210,srno,pdf,,
2231-5,감사원,2231,S02210,srno,pdf,,
2231-6,감사원,2231,S02210,srno,pdf,,
2231-7,감사원,2231,S02210,srno,pdf,,
2231-8,감사원,2231,S02210,srno,pdf,,
2231-9,감사원,2231,S02210,srno,pdf,,
2231-10,감사원,2231,S02210,srno,pdf,,
2231-11,감사원,2231,S02210,srno,pdf,,
2231-12,감사원,2231,S02210,srno,pdf,,
2232-1,감사원,2232,S02209,srno,pdf,recall,
2233-1,감사원,2233,S02212,srno,pdf,분야축,
2233-2,감사원,2233,S02212,srno,pdf,분야축,
2233-3,감사원,2233,S02212,srno,pdf,분야축,
2233-4,감사원,2233,S02212,srno,pdf,분야축,
2233-5,감사원,2233,S02212,srno,pdf,,
2233-6,감사원,2233,S02212,srno,pdf,,
2233-7,감사원,2233,S02212,srno,pdf,,
2233-8,감사원,2233,S02212,srno,pdf,,
2234-1,감사원,2234,S02214,srno,pdf,,
2234-2,감사원,2234,S02214,srno,pdf,,
2234-3,감사원,2234,S02214,srno,pdf,분야축,
2234-4,감사원,2234,S02214,srno,pdf,,
2234-5,감사원,2234,S02214,srno,pdf,,
2234-6,감사원,2234,S02214,srno,pdf,,
2234-7,감사원,2234,S02214,srno,pdf,,
2234-8,감사원,2234,S02214,srno,pdf,,
2234-9,감사원,2234,S02214,srno,pdf,분야축,
2234-10,감사원,2234,S02214,srno,pdf,,
2234-11,감사원,2234,S02214,srno,pdf,분야축,
2234-12,감사원,2234,S02214,srno,pdf,,
2234-13,감사원,2234,S02214,srno,pdf,,
2235-1,감사원,2235,S02215,srno,pdf,,
2235-2,감사원,2235,S02215,srno,pdf,,
2235-3,감사원,2235,S02215,srno,pdf,,
2235-4,감사원,2235,S02215,srno,pdf,,
2235-5,감사원,2235,S02215,srno,pdf,,
2235-6,감사원,2235,S02215,srno,pdf,,
2235-7,감사원,2235,S02215,srno,pdf,,
2235-8,감사원,2235,S02215,srno,pdf,,
2235-9,감사원,2235,S02215,srno,pdf,,
2235-10,감사원,2235,S02215,srno,pdf,,
2235-11,감사원,2235,S02215,srno,pdf,,
2235-12,감사원,2235,S02215,srno,pdf,,
2236-1,감사원,2236,S02216,srno,pdf,분야축,
2236-2,감사원,2236,S02216,srno,pdf,recall,
2236-3,감사원,2236,S02216,srno,pdf,분야축,
2236-4,감사원,2236,S02216,srno,pdf,,
2236-5,감사원,2236,S02216,srno,pdf,,
2236-6,감사원,2236,S02216,srno,pdf,분야축,
2236-7,감사원,2236,S02216,srno,pdf,분야축,
2236-8,감사원,2236,S02216,srno,pdf,,
2236-9,감사원,2236,S02216,srno,pdf,분야축,
2236-10,감사원,2236,S02216,srno,pdf,recall,
2236-11,감사원,2236,S02216,srno,pdf,,
2236-12,감사원,2236,S02216,srno,pdf,분야축,
2236-13,감사원,2236,S02216,srno,pdf,,
2237-1,감사원,2237,S02217,srno,pdf,,
2238-1,감사원,2238,S02218,srno,pdf,,
2238-2,감사원,2238,S02218,srno,pdf,,
2238-3,감사원,2238,S02218,srno,pdf,,
2238-4,감사원,2238,S02218,srno,pdf,,
2238-5,감사원,2238,S02218,srno,pdf,,
2238-6,감사원,2238,S02218,srno,pdf,,
2238-7,감사원,2238,S02218,srno,pdf,분야축,
2238-8,감사원,2238,S02218,srno,pdf,분야축,
2239-1,감사원,2239,S02213,srno,pdf,,
2239-2,감사원,2239,S02213,srno,pdf,,
2239-3,감사원,2239,S02213,srno,pdf,,
2240-1,감사원,2240,S02219,srno,pdf,,
2240-2,감사원,2240,S02219,srno,pdf,,
2240-3,감사원,2240,S02219,srno,pdf,,
2240-4,감사원,2240,S02219,srno,pdf,,
2240-5,감사원,2240,S02219,srno,pdf,분야축,
2240-6,감사원,2240,S02219,srno,pdf,recall,
2240-7,감사원,2240,S02219,srno,pdf,recall,
2240-8,감사원,2240,S02219,srno,pdf,,
2240-9,감사원,2240,S02219,srno,pdf,,
2240-10,감사원,2240,S02219,srno,pdf,recall,
2240-11,감사원,2240,S02219,srno,pdf,,
2240-12,감사원,2240,S02219,srno,pdf,,
2240-13,감사원,2240,S02219,srno,pdf,분야축,
2240-14,감사원,2240,S02219,srno,pdf,,
2240-15,감사원,2240,S02219,srno,pdf,,
2240-16,감사원,2240,S02219,srno,pdf,분야축,
2240-17,감사원,2240,S02219,srno,pdf,분야축,
2241-1,감사원,2241,S02220,srno,pdf,분야축,
2241-2,감사원,2241,S02220,srno,pdf,분야축,
2241-3,감사원,2241,S02220,srno,pdf,,
2241-4,감사원,2241,S02220,srno,pdf,recall,
2242-1,감사원,2242,S02221,srno,pdf,,
2242-2,감사원,2242,S02221,srno,pdf,,
2242-3,감사원,2242,S02221,srno,pdf,,
2242-4,감사원,2242,S02221,srno,pdf,분야축,
2242-5,감사원,2242,S02221,srno,pdf,분야축,
2242-6,감사원,2242,S02221,srno,pdf,,
2242-7,감사원,2242,S02221,srno,pdf,,
2242-8,감사원,2242,S02221,srno,pdf,,
2242-9,감사원,2242,S02221,srno,pdf,분야축,
2242-10,감사원,2242,S02221,srno,pdf,분야축,
2242-11,감사원,2242,S02221,srno,pdf,분야축,
2242-12,감사원,2242,S02221,srno,pdf,,
2242-13,감사원,2242,S02221,srno,pdf,,
2242-14,감사원,2242,S02221,srno,pdf,분야축,
2242-15,감사원,2242,S02221,srno,pdf,분야축,
2243-1,감사원,2243,S02223,srno,pdf,분야축,
2243-2,감사원,2243,S02223,srno,pdf,,
2244-1,감사원,2244,S02227,srno,pdf,,
2244-2,감사원,2244,S02227,srno,pdf,,
2244-3,감사원,2244,S02227,srno,pdf,,
2244-4,감사원,2244,S02227,srno,pdf,,
2244-5,감사원,2244,S02227,srno,pdf,,
2244-6,감사원,2244,S02227,srno,pdf,,
2245-1,감사원,2245,S02224,srno,pdf,,
2246-1,감사원,2246,S02222,srno,pdf,,
2247-1,감사원,2247,S02230,srno,pdf,분야축,
2247-2,감사원,2247,S02230,srno,pdf,,
2247-3,감사원,2247,S02230,srno,pdf,분야축,
2247-4,감사원,2247,S02230,srno,pdf,,
2247-5,감사원,2247,S02230,srno,pdf,,
2247-6,감사원,2247,S02230,srno,pdf,분야축,
2247-7,감사원,2247,S02230,srno,pdf,분야축,
2247-8,감사원,2247,S02230,srno,pdf,,
2248-1,감사원,2248,S02231,srno,pdf,분야축,
2248-2,감사원,2248,S02231,srno,pdf,분야축,
2248-3,감사원,2248,S02231,srno,pdf,분야축,
2248-4,감사원,2248,S02231,srno,pdf,분야축,
2248-5,감사원,2248,S02231,srno,pdf,분야축,
2248-6,감사원,2248,S02231,srno,pdf,분야축,
2248-7,감사원,2248,S02231,srno,pdf,분야축,
2249-1,감사원,2249,S03776,srno,pdf_conv,,
2249-2,감사원,2249,S03776,srno,pdf_conv,분야축,
2249-3,감사원,2249,S03776,srno,pdf_conv,,
2250-1,감사원,2250,S02123,srno,pdf,분야축,
2250-2,감사원,2250,S02123,srno,pdf,,
2250-3,감사원,2250,S02123,srno,pdf,,
2250-4,감사원,2250,S02123,srno,pdf,,
2250-5,감사원,2250,S02123,srno,pdf,,
2250-6,감사원,2250,S02123,srno,pdf,,
2250-7,감사원,2250,S02123,srno,pdf,,
2250-8,감사원,2250,S02123,srno,pdf,recall,
2250-9,감사원,2250,S02123,srno,pdf,,
2250-10,감사원,2250,S02123,srno,pdf,,
2250-11,감사원,2250,S02123,srno,pdf,,
2250-12,감사원,2250,S02123,srno,pdf,,
2250-13,감사원,2250,S02123,srno,pdf,,
2250-14,감사원,2250,S02123,srno,pdf,분야축,
2250-15,감사원,2250,S02123,srno,pdf,분야축,
2250-16,감사원,2250,S02123,srno,pdf,분야축,
2250-17,감사원,2250,S02123,srno,pdf,분야축,
2250-18,감사원,2250,S02123,srno,pdf,분야축,
2250-19,감사원,2250,S02123,srno,pdf,분야축,
2251-1,감사원,2251,S02233,srno,pdf,,
2251-2,감사원,2251,S02233,srno,pdf,,
2251-3,감사원,2251,S02233,srno,pdf,,
2251-4,감사원,2251,S02233,srno,pdf,,
2251-5,감사원,2251,S02233,srno,pdf,,
2251-6,감사원,2251,S02233,srno,pdf,,
2251-7,감사원,2251,S02233,srno,pdf,,
2251-8,감사원,2251,S02233,srno,pdf,,
2251-9,감사원,2251,S02233,srno,pdf,,
2251-10,감사원,2251,S02233,srno,pdf,,
2251-11,감사원,2251,S02233,srno,pdf,,
2251-12,감사원,2251,S02233,srno,pdf,,
2252-1,감사원,2252,S02236,srno,hwp,,
2252-2,감사원,2252,S02236,srno,hwp,,
2252-3,감사원,2252,S02236,srno,hwp,,
2252-4,감사원,2252,S02236,srno,hwp,,
2252-5,감사원,2252,S02236,srno,hwp,,
2252-6,감사원,2252,S02236,srno,hwp,,
2253-1,감사원,2253,S02238,srno,pdf,,
2253-2,감사원,2253,S02238,srno,pdf,,
2253-3,감사원,2253,S02238,srno,pdf,,
2253-4,감사원,2253,S02238,srno,pdf,,
2253-5,감사원,2253,S02238,srno,pdf,,
2253-6,감사원,2253,S02238,srno,pdf,recall,
2253-7,감사원,2253,S02238,srno,pdf,,
2254-1,감사원,2254,S02239,srno,pdf,분야축,
2254-2,감사원,2254,S02239,srno,pdf,분야축,
2254-3,감사원,2254,S02239,srno,pdf,분야축,
2254-4,감사원,2254,S02239,srno,pdf,분야축,
2254-5,감사원,2254,S02239,srno,pdf,분야축,
2254-6,감사원,2254,S02239,srno,pdf,recall,
2254-7,감사원,2254,S02239,srno,pdf,recall,
2254-8,감사원,2254,S02239,srno,pdf,,
2254-9,감사원,2254,S02239,srno,pdf,,
2255-1,감사원,2255,S02240,srno,pdf,,
2255-2,감사원,2255,S02240,srno,pdf,,
2255-3,감사원,2255,S02240,srno,pdf,,
2255-4,감사원,2255,S02240,srno,pdf,,
2255-5,감사원,2255,S02240,srno,pdf,,
2255-6,감사원,2255,S02240,srno,pdf,,
2255-7,감사원,2255,S02240,srno,pdf,,
2255-8,감사원,2255,S02240,srno,pdf,,
2255-9,감사원,2255,S02240,srno,pdf,,
2255-10,감사원,2255,S02240,srno,pdf,,
2255-11,감사원,2255,S02240,srno,pdf,,
2255-12,감사원,2255,S02240,srno,pdf,,
2256-1,감사원,2256,S02241,srno,pdf,분야축,
2257-1,감사원,2257,S02242,srno,pdf,분야축,
2257-2,감사원,2257,S02242,srno,pdf,분야축,
2257-3,감사원,2257,S02242,srno,pdf,분야축,
2257-4,감사원,2257,S02242,srno,pdf,분야축,
2257-5,감사원,2257,S02242,srno,pdf,분야축,
2257-6,감사원,2257,S02242,srno,pdf,분야축,
2257-7,감사원,2257,S02242,srno,pdf,분야축,
2257-8,감사원,2257,S02242,srno,pdf,분야축,
2257-9,감사원,2257,S02242,srno,pdf,분야축,
2257-10,감사원,2257,S02242,srno,pdf,분야축,
2257-11,감사원,2257,S02242,srno,pdf,분야축,
2257-12,감사원,2257,S02242,srno,pdf,분야축,
2257-13,감사원,2257,S02242,srno,pdf,분야축,
2257-14,감사원,2257,S02242,srno,pdf,분야축,
2258-1,감사원,2258,S02243,srno,pdf,,
2258-2,감사원,2258,S02243,srno,pdf,,
2258-3,감사원,2258,S02243,srno,pdf,,
2258-4,감사원,2258,S02243,srno,pdf,,
2258-5,감사원,2258,S02243,srno,pdf,,
2258-6,감사원,2258,S02243,srno,pdf,,
2258-7,감사원,2258,S02243,srno,pdf,,
2258-8,감사원,2258,S02243,srno,pdf,,
2259-1,감사원,2259,S02244,srno,pdf,,
2259-2,감사원,2259,S02244,srno,pdf,,
2259-3,감사원,2259,S02244,srno,pdf,,
2259-4,감사원,2259,S02244,srno,pdf,,
2259-5,감사원,2259,S02244,srno,pdf,분야축,
2259-6,감사원,2259,S02244,srno,pdf,,
2259-7,감사원,2259,S02244,srno,pdf,,
2259-8,감사원,2259,S02244,srno,pdf,,
2259-9,감사원,2259,S02244,srno,pdf,,
2259-10,감사원,2259,S02244,srno,pdf,,
2259-11,감사원,2259,S02244,srno,pdf,recall,
2260-1,감사원,2260,S02234,srno,pdf,,
2260-2,감사원,2260,S02234,srno,pdf,분야축,
2260-3,감사원,2260,S02234,srno,pdf,분야축,
2260-4,감사원,2260,S02234,srno,pdf,,
2260-5,감사원,2260,S02234,srno,pdf,,
2260-6,감사원,2260,S02234,srno,pdf,,
2260-7,감사원,2260,S02234,srno,pdf,,
2260-8,감사원,2260,S02234,srno,pdf,분야축,
2260-9,감사원,2260,S02234,srno,pdf,분야축,
2261-1,감사원,2261,S02246,srno,pdf,,
2261-2,감사원,2261,S02246,srno,pdf,,
2261-3,감사원,2261,S02246,srno,pdf,recall,
2261-4,감사원,2261,S02246,srno,pdf,분야축,
2261-5,감사원,2261,S02246,srno,pdf,분야축,
2261-6,감사원,2261,S02246,srno,pdf,분야축,
2261-7,감사원,2261,S02246,srno,pdf,,
2261-8,감사원,2261,S02246,srno,pdf,분야축,
2261-9,감사원,2261,S02246,srno,pdf,,
2261-10,감사원,2261,S02246,srno,pdf,분야축,
2261-11,감사원,2261,S02246,srno,pdf,분야축,
2261-12,감사원,2261,S02246,srno,pdf,분야축,
2261-13,감사원,2261,S02246,srno,pdf,,
2262-1,감사원,2262,S02247,srno,pdf,분야축,
2262-2,감사원,2262,S02247,srno,pdf,분야축,
2262-3,감사원,2262,S02247,srno,pdf,분야축,
2262-4,감사원,2262,S02247,srno,pdf,분야축,
2262-5,감사원,2262,S02247,srno,pdf,분야축,
2262-6,감사원,2262,S02247,srno,pdf,분야축,
2262-7,감사원,2262,S02247,srno,pdf,분야축,
2262-8,감사원,2262,S02247,srno,pdf,분야축,
2262-9,감사원,2262,S02247,srno,pdf,분야축,
2262-10,감사원,2262,S02247,srno,pdf,분야축,
2262-11,감사원,2262,S02247,srno,pdf,분야축,
2262-12,감사원,2262,S02247,srno,pdf,분야축,
2262-13,감사원,2262,S02247,srno,pdf,분야축,
2262-14,감사원,2262,S02247,srno,pdf,분야축,
2262-15,감사원,2262,S02247,srno,pdf,분야축,
2262-16,감사원,2262,S02247,srno,pdf,분야축,
2262-17,감사원,2262,S02247,srno,pdf,분야축,
2262-18,감사원,2262,S02247,srno,pdf,분야축,
2262-19,감사원,2262,S02247,srno,pdf,분야축,
2262-20,감사원,2262,S02247,srno,pdf,분야축,
2262-21,감사원,2262,S02247,srno,pdf,분야축,
2262-22,감사원,2262,S02247,srno,pdf,분야축,
2262-23,감사원,2262,S02247,srno,pdf,분야축,
2262-24,감사원,2262,S02247,srno,pdf,분야축,
2262-25,감사원,2262,S02247,srno,pdf,분야축,
2263-1,감사원,2263,S02248,srno,pdf,분야축,
2263-2,감사원,2263,S02248,srno,pdf,분야축,
2263-3,감사원,2263,S02248,srno,pdf,분야축,
2263-4,감사원,2263,S02248,srno,pdf,분야축,
2263-5,감사원,2263,S02248,srno,pdf,분야축,
2263-6,감사원,2263,S02248,srno,pdf,분야축,
2263-7,감사원,2263,S02248,srno,pdf,분야축,
2263-8,감사원,2263,S02248,srno,pdf,분야축,
2263-9,감사원,2263,S02248,srno,pdf,분야축,
2263-10,감사원,2263,S02248,srno,pdf,분야축,
2263-11,감사원,2263,S02248,srno,pdf,분야축,
2263-12,감사원,2263,S02248,srno,pdf,분야축,
2263-13,감사원,2263,S02248,srno,pdf,분야축,
2263-14,감사원,2263,S02248,srno,pdf,분야축,
2263-15,감사원,2263,S02248,srno,pdf,분야축,
2263-16,감사원,2263,S02248,srno,pdf,분야축,
2263-17,감사원,2263,S02248,srno,pdf,분야축,
2263-18,감사원,2263,S02248,srno,pdf,분야축,
2263-19,감사원,2263,S02248,srno,pdf,분야축,
2263-20,감사원,2263,S02248,srno,pdf,분야축,
2263-21,감사원,2263,S02248,srno,pdf,분야축,
2263-22,감사원,2263,S02248,srno,pdf,분야축,
2263-23,감사원,2263,S02248,srno,pdf,분야축,
2263-24,감사원,2263,S02248,srno,pdf,분야축,
2263-25,감사원,2263,S02248,srno,pdf,분야축,
2263-26,감사원,2263,S02248,srno,pdf,분야축,
2263-27,감사원,2263,S02248,srno,pdf,분야축,
2263-28,감사원,2263,S02248,srno,pdf,분야축,
2264-1,감사원,2264,S02249,srno,pdf,분야축,
2264-2,감사원,2264,S02249,srno,pdf,,
2264-3,감사원,2264,S02249,srno,pdf,,
2264-4,감사원,2264,S02249,srno,pdf,분야축,
2264-5,감사원,2264,S02249,srno,pdf,분야축,
2264-6,감사원,2264,S02249,srno,pdf,분야축,
2264-7,감사원,2264,S02249,srno,pdf,분야축,
2264-8,감사원,2264,S02249,srno,pdf,,
2264-9,감사원,2264,S02249,srno,pdf,,
2264-10,감사원,2264,S02249,srno,pdf,,
2265-1,감사원,2265,S02245,srno,pdf,,
2265-2,감사원,2265,S02245,srno,pdf,recall,
2265-3,감사원,2265,S02245,srno,pdf,recall,
2266-1,감사원,2266,S02250,srno,pdf,,
2266-2,감사원,2266,S02250,srno,pdf,,
2266-3,감사원,2266,S02250,srno,pdf,,
2266-4,감사원,2266,S02250,srno,pdf,,
2266-5,감사원,2266,S02250,srno,pdf,,
2266-6,감사원,2266,S02250,srno,pdf,,
2266-7,감사원,2266,S02250,srno,pdf,,
2266-8,감사원,2266,S02250,srno,pdf,,
2266-9,감사원,2266,S02250,srno,pdf,,
2266-10,감사원,2266,S02250,srno,pdf,,
2266-11,감사원,2266,S02250,srno,pdf,,
2267-1,감사원,2267,S02251,srno,pdf,,
2267-2,감사원,2267,S02251,srno,pdf,,
2267-3,감사원,2267,S02251,srno,pdf,,
2267-4,감사원,2267,S02251,srno,pdf,,
2267-5,감사원,2267,S02251,srno,pdf,,
2267-6,감사원,2267,S02251,srno,pdf,recall,
2268-1,감사원,2268,S02252,srno,pdf,,
2268-2,감사원,2268,S02252,srno,pdf,,
2268-3,감사원,2268,S02252,srno,pdf,,
2268-4,감사원,2268,S02252,srno,pdf,,
2268-5,감사원,2268,S02252,srno,pdf,,
2268-6,감사원,2268,S02252,srno,pdf,,
2268-7,감사원,2268,S02252,srno,pdf,,
2268-8,감사원,2268,S02252,srno,pdf,,
2268-9,감사원,2268,S02252,srno,pdf,,
2269-1,감사원,2269,S02253,srno,pdf,,
2269-2,감사원,2269,S02253,srno,pdf,,
2269-3,감사원,2269,S02253,srno,pdf,,
2269-4,감사원,2269,S02253,srno,pdf,,
2269-5,감사원,2269,S02253,srno,pdf,,
2269-6,감사원,2269,S02253,srno,pdf,,
2269-7,감사원,2269,S02253,srno,pdf,,
2269-8,감사원,2269,S02253,srno,pdf,,
2269-9,감사원,2269,S02253,srno,pdf,,
2269-10,감사원,2269,S02253,srno,pdf,,
2269-11,감사원,2269,S02253,srno,pdf,,
2269-12,감사원,2269,S02253,srno,pdf,,
2270-1,감사원,2270,S02254,srno,pdf,,
2270-2,감사원,2270,S02254,srno,pdf,,
2270-3,감사원,2270,S02254,srno,pdf,,
2270-4,감사원,2270,S02254,srno,pdf,,
2270-5,감사원,2270,S02254,srno,pdf,분야축,
2271-1,감사원,2271,S02255,srno,pdf,분야축,
2272-1,감사원,2272,S02256,srno,pdf,분야축,
2272-2,감사원,2272,S02256,srno,pdf,분야축,
2272-3,감사원,2272,S02256,srno,pdf,recall,
2272-4,감사원,2272,S02256,srno,pdf,,
2272-5,감사원,2272,S02256,srno,pdf,,
2272-6,감사원,2272,S02256,srno,pdf,,
2272-7,감사원,2272,S02256,srno,pdf,분야축,
2272-8,감사원,2272,S02256,srno,pdf,분야축,
2273-1,감사원,2273,S02257,srno,pdf,,
2274-1,감사원,2274,S02258,srno,pdf,,
2274-2,감사원,2274,S02258,srno,pdf,,
2275-1,감사원,2275,S02260,srno,pdf,분야축,
2275-2,감사원,2275,S02260,srno,pdf,분야축,
2275-3,감사원,2275,S02260,srno,pdf,분야축,
2275-4,감사원,2275,S02260,srno,pdf,분야축,
2275-5,감사원,2275,S02260,srno,pdf,분야축,
2275-6,감사원,2275,S02260,srno,pdf,분야축,
2276-1,감사원,2276,S02262,srno,pdf,,
2276-2,감사원,2276,S02262,srno,pdf,분야축,
2276-3,감사원,2276,S02262,srno,pdf,분야축,
2276-4,감사원,2276,S02262,srno,pdf,분야축,
2276-5,감사원,2276,S02262,srno,pdf,recall,
2276-6,감사원,2276,S02262,srno,pdf,분야축,
2276-7,감사원,2276,S02262,srno,pdf,분야축,
2276-8,감사원,2276,S02262,srno,pdf,,
2276-9,감사원,2276,S02262,srno,pdf,,
2276-10,감사원,2276,S02262,srno,pdf,,
2276-11,감사원,2276,S02262,srno,pdf,recall,
2276-12,감사원,2276,S02262,srno,pdf,,
2277-1,감사원,2277,S02263,srno,pdf,분야축,
2277-2,감사원,2277,S02263,srno,pdf,,
2277-3,감사원,2277,S02263,srno,pdf,분야축,
2278-1,감사원,2278,S02264,srno,pdf,,
2278-2,감사원,2278,S02264,srno,pdf,,
2278-3,감사원,2278,S02264,srno,pdf,분야축,
2278-4,감사원,2278,S02264,srno,pdf,,
2278-5,감사원,2278,S02264,srno,pdf,,
2278-6,감사원,2278,S02264,srno,pdf,분야축,
2278-7,감사원,2278,S02264,srno,pdf,분야축,
2278-8,감사원,2278,S02264,srno,pdf,recall,
2278-9,감사원,2278,S02264,srno,pdf,recall,
2278-10,감사원,2278,S02264,srno,pdf,,
2279-1,감사원,2279,S02259,srno,pdf,분야축,
2279-2,감사원,2279,S02259,srno,pdf,분야축,
2279-3,감사원,2279,S02259,srno,pdf,분야축,
2279-4,감사원,2279,S02259,srno,pdf,분야축,
2279-5,감사원,2279,S02259,srno,pdf,분야축,
2279-6,감사원,2279,S02259,srno,pdf,분야축,
2279-7,감사원,2279,S02259,srno,pdf,분야축,
2279-8,감사원,2279,S02259,srno,pdf,분야축,
2279-9,감사원,2279,S02259,srno,pdf,분야축,
2279-10,감사원,2279,S02259,srno,pdf,분야축,
2279-11,감사원,2279,S02259,srno,pdf,분야축,
2279-12,감사원,2279,S02259,srno,pdf,분야축,
2279-13,감사원,2279,S02259,srno,pdf,분야축,
2279-14,감사원,2279,S02259,srno,pdf,분야축,
2279-15,감사원,2279,S02259,srno,pdf,분야축,
2280-1,감사원,2280,S02265,srno,pdf,recall,
2280-2,감사원,2280,S02265,srno,pdf,,
2280-3,감사원,2280,S02265,srno,pdf,,
2281-1,감사원,2281,S02266,srno,pdf,,
2282-1,감사원,2282,S02267,srno,pdf,,
2282-2,감사원,2282,S02267,srno,pdf,,
2283-1,감사원,2283,S02268,srno,pdf,분야축,
2283-2,감사원,2283,S02268,srno,pdf,,
2283-3,감사원,2283,S02268,srno,pdf,,
2283-4,감사원,2283,S02268,srno,pdf,분야축,
2283-5,감사원,2283,S02268,srno,pdf,,
2283-6,감사원,2283,S02268,srno,pdf,,
2283-7,감사원,2283,S02268,srno,pdf,recall,
2283-8,감사원,2283,S02268,srno,pdf,recall,
2283-9,감사원,2283,S02268,srno,pdf,,
2283-10,감사원,2283,S02268,srno,pdf,분야축,
2284-1,감사원,2284,S02261,srno,pdf,분야축,
2284-2,감사원,2284,S02261,srno,pdf,분야축,
2285-1,감사원,2285,S02269,srno,pdf,,
2286-1,감사원,2286,S02270,srno,pdf,,
2286-2,감사원,2286,S02270,srno,pdf,,
2286-3,감사원,2286,S02270,srno,pdf,,
2286-4,감사원,2286,S02270,srno,pdf,,
2286-5,감사원,2286,S02270,srno,pdf,,
2286-6,감사원,2286,S02270,srno,pdf,,
2286-7,감사원,2286,S02270,srno,pdf,분야축,
2286-8,감사원,2286,S02270,srno,pdf,분야축,
2286-9,감사원,2286,S02270,srno,pdf,분야축,
2286-10,감사원,2286,S02270,srno,pdf,,
2286-11,감사원,2286,S02270,srno,pdf,분야축,
2286-12,감사원,2286,S02270,srno,pdf,분야축,
2286-13,감사원,2286,S02270,srno,pdf,분야축,
2286-14,감사원,2286,S02270,srno,pdf,,
2287-1,감사원,2287,S02272,srno,pdf,분야축,
2287-2,감사원,2287,S02272,srno,pdf,분야축,
2287-3,감사원,2287,S02272,srno,pdf,,
2287-4,감사원,2287,S02272,srno,pdf,recall,
2287-5,감사원,2287,S02272,srno,pdf,분야축,
2287-6,감사원,2287,S02272,srno,pdf,분야축,
2287-7,감사원,2287,S02272,srno,pdf,,
2287-8,감사원,2287,S02272,srno,pdf,분야축,
2287-9,감사원,2287,S02272,srno,pdf,,
2287-10,감사원,2287,S02272,srno,pdf,분야축,
2287-11,감사원,2287,S02272,srno,pdf,,
2287-12,감사원,2287,S02272,srno,pdf,분야축,
2288-1,감사원,2288,S02225,srno,pdf,,
2288-2,감사원,2288,S02225,srno,pdf,,
2288-3,감사원,2288,S02225,srno,pdf,,
2288-4,감사원,2288,S02225,srno,pdf,,
2288-5,감사원,2288,S02225,srno,pdf,,
2288-6,감사원,2288,S02225,srno,pdf,,
2288-7,감사원,2288,S02225,srno,pdf,,
2288-8,감사원,2288,S02225,srno,pdf,,
2288-9,감사원,2288,S02225,srno,pdf,,
2288-10,감사원,2288,S02225,srno,pdf,,
2288-11,감사원,2288,S02225,srno,pdf,,
2288-12,감사원,2288,S02225,srno,pdf,,
2288-13,감사원,2288,S02225,srno,pdf,,
2288-14,감사원,2288,S02225,srno,pdf,,
2288-15,감사원,2288,S02225,srno,pdf,,
2288-16,감사원,2288,S02225,srno,pdf,,
2288-17,감사원,2288,S02225,srno,pdf,,
2289-1,감사원,2289,S02273,srno,pdf,recall,
2290-1,감사원,2290,S02274,srno,pdf,,
2290-2,감사원,2290,S02274,srno,pdf,,
2290-3,감사원,2290,S02274,srno,pdf,,
2290-4,감사원,2290,S02274,srno,pdf,분야축,
2290-5,감사원,2290,S02274,srno,pdf,,
2290-6,감사원,2290,S02274,srno,pdf,,
2290-7,감사원,2290,S02274,srno,pdf,,
2291-1,감사원,2291,S02277,srno,pdf,분야축,
2291-2,감사원,2291,S02277,srno,pdf,분야축,
2291-3,감사원,2291,S02277,srno,pdf,분야축,
2291-4,감사원,2291,S02277,srno,pdf,분야축,
2291-5,감사원,2291,S02277,srno,pdf,분야축,
2291-6,감사원,2291,S02277,srno,pdf,분야축,
2291-7,감사원,2291,S02277,srno,pdf,분야축,
2291-8,감사원,2291,S02277,srno,pdf,분야축,
2292-1,감사원,2292,S02278,srno,pdf,분야축,
2292-2,감사원,2292,S02278,srno,pdf,분야축,
2292-3,감사원,2292,S02278,srno,pdf,분야축,
2292-4,감사원,2292,S02278,srno,pdf,분야축,
2292-5,감사원,2292,S02278,srno,pdf,분야축,
2292-6,감사원,2292,S02278,srno,pdf,분야축,
2292-7,감사원,2292,S02278,srno,pdf,분야축,
2292-8,감사원,2292,S02278,srno,pdf,분야축,
2292-9,감사원,2292,S02278,srno,pdf,분야축,
2292-10,감사원,2292,S02278,srno,pdf,분야축,
2292-11,감사원,2292,S02278,srno,pdf,분야축,
2293-1,감사원,2293,S02279,srno,pdf,,
2293-2,감사원,2293,S02279,srno,pdf,,
2293-3,감사원,2293,S02279,srno,pdf,,
2293-4,감사원,2293,S02279,srno,pdf,분야축,
2293-5,감사원,2293,S02279,srno,pdf,,
2293-6,감사원,2293,S02279,srno,pdf,recall,
2293-7,감사원,2293,S02279,srno,pdf,,
2293-8,감사원,2293,S02279,srno,pdf,분야축,
2294-1,감사원,2294,S02280,srno,pdf,분야축,
2294-2,감사원,2294,S02280,srno,pdf,분야축,
2294-3,감사원,2294,S02280,srno,pdf,,
2294-4,감사원,2294,S02280,srno,pdf,,
2294-5,감사원,2294,S02280,srno,pdf,분야축,
2294-6,감사원,2294,S02280,srno,pdf,분야축,
2294-7,감사원,2294,S02280,srno,pdf,분야축,
2294-8,감사원,2294,S02280,srno,pdf,,
2294-9,감사원,2294,S02280,srno,pdf,recall,
2295-1,감사원,2295,S02281,srno,pdf,,
2295-2,감사원,2295,S02281,srno,pdf,,
2295-3,감사원,2295,S02281,srno,pdf,분야축,
2295-4,감사원,2295,S02281,srno,pdf,,
2295-5,감사원,2295,S02281,srno,pdf,,
2295-6,감사원,2295,S02281,srno,pdf,,
2295-7,감사원,2295,S02281,srno,pdf,,
2295-8,감사원,2295,S02281,srno,pdf,,
2295-9,감사원,2295,S02281,srno,pdf,,
2295-10,감사원,2295,S02281,srno,pdf,,
2295-11,감사원,2295,S02281,srno,pdf,,
2295-12,감사원,2295,S02281,srno,pdf,,
2295-13,감사원,2295,S02281,srno,pdf,,
2295-14,감사원,2295,S02281,srno,pdf,,
2295-15,감사원,2295,S02281,srno,pdf,,
2295-16,감사원,2295,S02281,srno,pdf,,
2295-17,감사원,2295,S02281,srno,pdf,,
2295-18,감사원,2295,S02281,srno,pdf,,
2296-1,감사원,2296,S02228,srno,pdf,분야축,
2296-2,감사원,2296,S02228,srno,pdf,,
2296-3,감사원,2296,S02228,srno,pdf,,
2296-4,감사원,2296,S02228,srno,pdf,,
2296-5,감사원,2296,S02228,srno,pdf,,
2296-6,감사원,2296,S02228,srno,pdf,분야축,
2296-7,감사원,2296,S02228,srno,pdf,분야축,
2296-8,감사원,2296,S02228,srno,pdf,분야축,
2296-9,감사원,2296,S02228,srno,pdf,분야축,
2296-10,감사원,2296,S02228,srno,pdf,분야축,
2296-11,감사원,2296,S02228,srno,pdf,,
2297-1,감사원,2297,S02285,srno,pdf,recall,
2297-2,감사원,2297,S02285,srno,pdf,,
2298-1,감사원,2298,S02286,srno,pdf,,
2299-1,감사원,2299,S02287,srno,pdf,,
2299-2,감사원,2299,S02287,srno,pdf,,
2299-3,감사원,2299,S02287,srno,pdf,,
2299-4,감사원,2299,S02287,srno,pdf,,
2299-5,감사원,2299,S02287,srno,pdf,,
2299-6,감사원,2299,S02287,srno,pdf,,
2299-7,감사원,2299,S02287,srno,pdf,,
2299-8,감사원,2299,S02287,srno,pdf,,
2299-9,감사원,2299,S02287,srno,pdf,,
2300-1,감사원,2300,S02288,srno,pdf,,
2300-2,감사원,2300,S02288,srno,pdf,,
2300-3,감사원,2300,S02288,srno,pdf,,
2300-4,감사원,2300,S02288,srno,pdf,recall,
2301-1,감사원,2301,S03777,srno,pdf_conv,,
2301-2,감사원,2301,S03777,srno,pdf_conv,recall,
2301-3,감사원,2301,S03777,srno,pdf_conv,,
2302-1,감사원,2302,S02290,srno,pdf,,
2302-2,감사원,2302,S02290,srno,pdf,,
2302-3,감사원,2302,S02290,srno,pdf,,
2302-4,감사원,2302,S02290,srno,pdf,,
2302-5,감사원,2302,S02290,srno,pdf,,
2303-1,감사원,2303,S02292,srno,pdf,,
2303-2,감사원,2303,S02292,srno,pdf,,
2303-3,감사원,2303,S02292,srno,pdf,,
2303-4,감사원,2303,S02292,srno,pdf,,
2303-5,감사원,2303,S02292,srno,pdf,,
2304-1,감사원,2304,S02291,srno,pdf,분야축,
2304-2,감사원,2304,S02291,srno,pdf,분야축,
2304-3,감사원,2304,S02291,srno,pdf,,
2305-1,감사원,2305,S02293,srno,pdf,,
2305-2,감사원,2305,S02293,srno,pdf,,
2305-3,감사원,2305,S02293,srno,pdf,,
2305-4,감사원,2305,S02293,srno,pdf,,
2305-5,감사원,2305,S02293,srno,pdf,,
2305-6,감사원,2305,S02293,srno,pdf,,
2305-7,감사원,2305,S02293,srno,pdf,,
2305-8,감사원,2305,S02293,srno,pdf,,
2305-9,감사원,2305,S02293,srno,pdf,,
2305-10,감사원,2305,S02293,srno,pdf,,
2305-11,감사원,2305,S02293,srno,pdf,,
2306-1,감사원,2306,S02294,srno,pdf,분야축,
2306-2,감사원,2306,S02294,srno,pdf,분야축,
2306-3,감사원,2306,S02294,srno,pdf,,
2306-4,감사원,2306,S02294,srno,pdf,분야축,
2306-5,감사원,2306,S02294,srno,pdf,,
2306-6,감사원,2306,S02294,srno,pdf,,
2306-7,감사원,2306,S02294,srno,pdf,분야축,
2306-8,감사원,2306,S02294,srno,pdf,분야축,
2306-9,감사원,2306,S02294,srno,pdf,분야축,
2306-10,감사원,2306,S02294,srno,pdf,분야축,
2307-1,감사원,2307,S02295,srno,pdf,,
2307-2,감사원,2307,S02295,srno,pdf,,
2307-3,감사원,2307,S02295,srno,pdf,recall,
2307-4,감사원,2307,S02295,srno,pdf,분야축,
2307-5,감사원,2307,S02295,srno,pdf,,
2307-6,감사원,2307,S02295,srno,pdf,분야축,
2307-7,감사원,2307,S02295,srno,pdf,분야축,
2307-8,감사원,2307,S02295,srno,pdf,,
2307-9,감사원,2307,S02295,srno,pdf,,
2308-1,감사원,2308,S02296,srno,pdf,,
2308-2,감사원,2308,S02296,srno,pdf,,
2308-3,감사원,2308,S02296,srno,pdf,,
2308-4,감사원,2308,S02296,srno,pdf,분야축,
2308-5,감사원,2308,S02296,srno,pdf,분야축,
2308-6,감사원,2308,S02296,srno,pdf,분야축,
2308-7,감사원,2308,S02296,srno,pdf,,
2308-8,감사원,2308,S02296,srno,pdf,,
2308-9,감사원,2308,S02296,srno,pdf,,
2308-10,감사원,2308,S02296,srno,pdf,,
2308-11,감사원,2308,S02296,srno,pdf,,
2308-12,감사원,2308,S02296,srno,pdf,,
2309-1,감사원,2309,S02297,srno,pdf,분야축,
2309-2,감사원,2309,S02297,srno,pdf,recall,
2309-3,감사원,2309,S02297,srno,pdf,분야축,
2309-4,감사원,2309,S02297,srno,pdf,,
2309-5,감사원,2309,S02297,srno,pdf,분야축,
2309-6,감사원,2309,S02297,srno,pdf,분야축,
2309-7,감사원,2309,S02297,srno,pdf,,
2310-1,감사원,2310,S02298,srno,pdf,recall,
2311-1,감사원,2311,S02299,srno,pdf,,
2311-2,감사원,2311,S02299,srno,pdf,분야축,
2311-3,감사원,2311,S02299,srno,pdf,분야축,
2311-4,감사원,2311,S02299,srno,pdf,분야축,
2311-5,감사원,2311,S02299,srno,pdf,,
2311-6,감사원,2311,S02299,srno,pdf,분야축,
2311-7,감사원,2311,S02299,srno,pdf,,
2311-8,감사원,2311,S02299,srno,pdf,분야축,
2312-1,감사원,2312,S02300,srno,pdf,,
2312-2,감사원,2312,S02300,srno,pdf,,
2312-3,감사원,2312,S02300,srno,pdf,,
2312-4,감사원,2312,S02300,srno,pdf,,
2312-5,감사원,2312,S02300,srno,pdf,,
2312-6,감사원,2312,S02300,srno,pdf,,
2312-7,감사원,2312,S02300,srno,pdf,,
2312-8,감사원,2312,S02300,srno,pdf,,
2312-9,감사원,2312,S02300,srno,pdf,,
2312-10,감사원,2312,S02300,srno,pdf,,
2312-11,감사원,2312,S02300,srno,pdf,,
2312-12,감사원,2312,S02300,srno,pdf,,
2312-13,감사원,2312,S02300,srno,pdf,,
2312-14,감사원,2312,S02300,srno,pdf,,
2312-15,감사원,2312,S02300,srno,pdf,,
2312-16,감사원,2312,S02300,srno,pdf,,
2312-17,감사원,2312,S02300,srno,pdf,,
2312-18,감사원,2312,S02300,srno,pdf,,
2312-19,감사원,2312,S02300,srno,pdf,분야축,
2313-1,감사원,2313,S02303,srno,pdf,,
2314-1,감사원,2314,S02302,srno,pdf,,
2314-2,감사원,2314,S02302,srno,pdf,,
2314-3,감사원,2314,S02302,srno,pdf,,
2314-4,감사원,2314,S02302,srno,pdf,,
2314-5,감사원,2314,S02302,srno,pdf,,
2314-6,감사원,2314,S02302,srno,pdf,,
2314-7,감사원,2314,S02302,srno,pdf,분야축,
2314-8,감사원,2314,S02302,srno,pdf,,
2315-1,감사원,2315,S02304,srno,pdf,,
2315-2,감사원,2315,S02304,srno,pdf,,
2315-3,감사원,2315,S02304,srno,pdf,,
2315-4,감사원,2315,S02304,srno,pdf,,
2315-5,감사원,2315,S02304,srno,pdf,,
2315-6,감사원,2315,S02304,srno,pdf,,
2315-7,감사원,2315,S02304,srno,pdf,,
2315-8,감사원,2315,S02304,srno,pdf,,
2315-9,감사원,2315,S02304,srno,pdf,,
2315-10,감사원,2315,S02304,srno,pdf,,
2315-11,감사원,2315,S02304,srno,pdf,,
2315-12,감사원,2315,S02304,srno,pdf,,
2315-13,감사원,2315,S02304,srno,pdf,,
2315-14,감사원,2315,S02304,srno,pdf,,
2315-15,감사원,2315,S02304,srno,pdf,,
2315-16,감사원,2315,S02304,srno,pdf,,
2316-1,감사원,2316,S02305,srno,pdf,,
2316-2,감사원,2316,S02305,srno,pdf,,
2316-3,감사원,2316,S02305,srno,pdf,,
2316-4,감사원,2316,S02305,srno,pdf,,
2316-5,감사원,2316,S02305,srno,pdf,,
2316-6,감사원,2316,S02305,srno,pdf,,
2316-7,감사원,2316,S02305,srno,pdf,,
2316-8,감사원,2316,S02305,srno,pdf,,
2316-9,감사원,2316,S02305,srno,pdf,,
2317-1,감사원,2317,S02306,srno,pdf,분야축,
2317-2,감사원,2317,S02306,srno,pdf,분야축,
2317-3,감사원,2317,S02306,srno,pdf,분야축,
2317-4,감사원,2317,S02306,srno,pdf,분야축,
2317-5,감사원,2317,S02306,srno,pdf,분야축,
2317-6,감사원,2317,S02306,srno,pdf,분야축,
2317-7,감사원,2317,S02306,srno,pdf,분야축,
2317-8,감사원,2317,S02306,srno,pdf,분야축,
2317-9,감사원,2317,S02306,srno,pdf,분야축,
2318-1,감사원,2318,S02310,srno,pdf,,
2318-2,감사원,2318,S02310,srno,pdf,,
2319-1,감사원,2319,S02312,srno,pdf,,
2319-2,감사원,2319,S02312,srno,pdf,,
2319-3,감사원,2319,S02312,srno,pdf,,
2319-4,감사원,2319,S02312,srno,pdf,,
2319-5,감사원,2319,S02312,srno,pdf,,
2319-6,감사원,2319,S02312,srno,pdf,,
2319-7,감사원,2319,S02312,srno,pdf,,
2319-8,감사원,2319,S02312,srno,pdf,,
2319-9,감사원,2319,S02312,srno,pdf,,
2319-10,감사원,2319,S02312,srno,pdf,,
2319-11,감사원,2319,S02312,srno,pdf,,
2320-1,감사원,2320,S02311,srno,pdf,recall,
2321-1,감사원,2321,S02314,srno,pdf,분야축,
2321-2,감사원,2321,S02314,srno,pdf,,
2321-3,감사원,2321,S02314,srno,pdf,,
2321-4,감사원,2321,S02314,srno,pdf,분야축,
2321-5,감사원,2321,S02314,srno,pdf,,
2321-6,감사원,2321,S02314,srno,pdf,,
2321-7,감사원,2321,S02314,srno,pdf,,
2321-8,감사원,2321,S02314,srno,pdf,,
2321-9,감사원,2321,S02314,srno,pdf,,
2321-10,감사원,2321,S02314,srno,pdf,분야축,
2321-11,감사원,2321,S02314,srno,pdf,,
2321-12,감사원,2321,S02314,srno,pdf,,
2322-1,감사원,2322,S02315,srno,pdf,,
2324-1,감사원,2324,S02316,srno,pdf,,
2325-1,감사원,2325,S02317,srno,pdf,recall,
2325-2,감사원,2325,S02317,srno,pdf,recall,
2326-1,감사원,2326,S02318,srno,pdf,,
2326-2,감사원,2326,S02318,srno,pdf,,
2326-3,감사원,2326,S02318,srno,pdf,,
2327-1,감사원,2327,S02319,srno,pdf,,
2327-2,감사원,2327,S02319,srno,pdf,recall,
2327-3,감사원,2327,S02319,srno,pdf,분야축,
2328-1,감사원,2328,S02320,srno,pdf,,
2328-2,감사원,2328,S02320,srno,pdf,,
2328-3,감사원,2328,S02320,srno,pdf,,
2328-4,감사원,2328,S02320,srno,pdf,,
2328-5,감사원,2328,S02320,srno,pdf,,
2329-1,감사원,2329,S02321,srno,pdf,분야축,
2329-2,감사원,2329,S02321,srno,pdf,분야축,
2329-3,감사원,2329,S02321,srno,pdf,분야축,
2329-4,감사원,2329,S02321,srno,pdf,분야축,
2329-5,감사원,2329,S02321,srno,pdf,분야축,
2329-6,감사원,2329,S02321,srno,pdf,분야축,
2329-7,감사원,2329,S02321,srno,pdf,분야축,
2329-8,감사원,2329,S02321,srno,pdf,분야축,
2329-9,감사원,2329,S02321,srno,pdf,분야축,
2329-10,감사원,2329,S02321,srno,pdf,분야축,
2329-11,감사원,2329,S02321,srno,pdf,분야축,
2329-12,감사원,2329,S02321,srno,pdf,분야축,
2329-13,감사원,2329,S02321,srno,pdf,분야축,
2329-14,감사원,2329,S02321,srno,pdf,분야축,
2329-15,감사원,2329,S02321,srno,pdf,분야축,
2329-16,감사원,2329,S02321,srno,pdf,분야축,
2330-1,감사원,2330,S02322,srno,pdf,분야축,
2330-2,감사원,2330,S02322,srno,pdf,분야축,
2330-3,감사원,2330,S02322,srno,pdf,분야축,
2330-4,감사원,2330,S02322,srno,pdf,분야축,
2330-5,감사원,2330,S02322,srno,pdf,분야축,
2330-6,감사원,2330,S02322,srno,pdf,분야축,
2330-7,감사원,2330,S02322,srno,pdf,분야축,
2330-8,감사원,2330,S02322,srno,pdf,분야축,
2330-9,감사원,2330,S02322,srno,pdf,분야축,
2330-10,감사원,2330,S02322,srno,pdf,분야축,
2330-11,감사원,2330,S02322,srno,pdf,,
2330-12,감사원,2330,S02322,srno,pdf,,
2331-1,감사원,2331,S02323,srno,pdf,분야축,
2331-2,감사원,2331,S02323,srno,pdf,분야축,
2331-3,감사원,2331,S02323,srno,pdf,분야축,
2331-4,감사원,2331,S02323,srno,pdf,분야축,
2332-1,감사원,2332,S02324,srno,pdf,,
2332-2,감사원,2332,S02324,srno,pdf,,
2332-3,감사원,2332,S02324,srno,pdf,,
2332-4,감사원,2332,S02324,srno,pdf,,
2332-5,감사원,2332,S02324,srno,pdf,,
2332-6,감사원,2332,S02324,srno,pdf,,
2332-7,감사원,2332,S02324,srno,pdf,,
2332-8,감사원,2332,S02324,srno,pdf,,
2333-1,감사원,2333,S02325,srno,pdf,,
2333-2,감사원,2333,S02325,srno,pdf,,
2334-1,감사원,2334,S02326,srno,pdf,분야축,
2334-2,감사원,2334,S02326,srno,pdf,분야축,
2334-3,감사원,2334,S02326,srno,pdf,분야축,
2334-4,감사원,2334,S02326,srno,pdf,분야축,
2334-5,감사원,2334,S02326,srno,pdf,,
2334-6,감사원,2334,S02326,srno,pdf,,
2334-7,감사원,2334,S02326,srno,pdf,,
2334-8,감사원,2334,S02326,srno,pdf,분야축,
2334-9,감사원,2334,S02326,srno,pdf,,
2334-10,감사원,2334,S02326,srno,pdf,분야축,
2334-11,감사원,2334,S02326,srno,pdf,,
2334-12,감사원,2334,S02326,srno,pdf,recall,
2334-13,감사원,2334,S02326,srno,pdf,,
2334-14,감사원,2334,S02326,srno,pdf,,
2334-15,감사원,2334,S02326,srno,pdf,분야축,
2334-16,감사원,2334,S02326,srno,pdf,분야축,
2335-1,감사원,2335,S02327,srno,pdf,,
2335-2,감사원,2335,S02327,srno,pdf,,
2335-3,감사원,2335,S02327,srno,pdf,,
2335-4,감사원,2335,S02327,srno,pdf,,
2335-5,감사원,2335,S02327,srno,pdf,,
2335-6,감사원,2335,S02327,srno,pdf,,
2335-7,감사원,2335,S02327,srno,pdf,,
2336-1,감사원,2336,S02330,srno,pdf,분야축,
2336-2,감사원,2336,S02330,srno,pdf,분야축,
2336-3,감사원,2336,S02330,srno,pdf,분야축,
2336-4,감사원,2336,S02330,srno,pdf,,
2337-1,감사원,2337,S02331,srno,pdf,,
2337-2,감사원,2337,S02331,srno,pdf,,
2337-3,감사원,2337,S02331,srno,pdf,,
2338-1,감사원,2338,S02332,srno,pdf,,
2338-2,감사원,2338,S02332,srno,pdf,,
2338-3,감사원,2338,S02332,srno,pdf,recall,
2338-4,감사원,2338,S02332,srno,pdf,,
2338-5,감사원,2338,S02332,srno,pdf,,
2338-6,감사원,2338,S02332,srno,pdf,,
2338-7,감사원,2338,S02332,srno,pdf,,
2338-8,감사원,2338,S02332,srno,pdf,분야축,
2338-9,감사원,2338,S02332,srno,pdf,,
2339-1,감사원,2339,S02333,srno,pdf,,
2339-2,감사원,2339,S02333,srno,pdf,,
2340-1,감사원,2340,S02194,srno,pdf,분야축,
2340-2,감사원,2340,S02194,srno,pdf,분야축,
2340-3,감사원,2340,S02194,srno,pdf,분야축,
2340-4,감사원,2340,S02194,srno,pdf,분야축,
2340-5,감사원,2340,S02194,srno,pdf,분야축,
2340-6,감사원,2340,S02194,srno,pdf,분야축,
2340-7,감사원,2340,S02194,srno,pdf,분야축,
2340-8,감사원,2340,S02194,srno,pdf,분야축,
2340-9,감사원,2340,S02194,srno,pdf,분야축,
2340-10,감사원,2340,S02194,srno,pdf,분야축,
2340-11,감사원,2340,S02194,srno,pdf,분야축,
2340-12,감사원,2340,S02194,srno,pdf,분야축,
2340-13,감사원,2340,S02194,srno,pdf,분야축,
2340-14,감사원,2340,S02194,srno,pdf,분야축,
2340-15,감사원,2340,S02194,srno,pdf,분야축,
2340-16,감사원,2340,S02194,srno,pdf,분야축,
2340-17,감사원,2340,S02194,srno,pdf,분야축,
2340-18,감사원,2340,S02194,srno,pdf,분야축,
2340-19,감사원,2340,S02194,srno,pdf,분야축,
2340-20,감사원,2340,S02194,srno,pdf,분야축,
2340-21,감사원,2340,S02194,srno,pdf,분야축,
2340-22,감사원,2340,S02194,srno,pdf,,
2340-23,감사원,2340,S02194,srno,pdf,,
2340-24,감사원,2340,S02194,srno,pdf,분야축,
2340-25,감사원,2340,S02194,srno,pdf,분야축,
2341-1,감사원,2341,S02334,srno,pdf,,
2341-2,감사원,2341,S02334,srno,pdf,,
2341-3,감사원,2341,S02334,srno,pdf,분야축,
2341-4,감사원,2341,S02334,srno,pdf,,
2341-5,감사원,2341,S02334,srno,pdf,,
2341-6,감사원,2341,S02334,srno,pdf,,
2341-7,감사원,2341,S02334,srno,pdf,recall,
2341-8,감사원,2341,S02334,srno,pdf,recall,
2341-9,감사원,2341,S02334,srno,pdf,,
2341-10,감사원,2341,S02334,srno,pdf,,
2341-11,감사원,2341,S02334,srno,pdf,,
2341-12,감사원,2341,S02334,srno,pdf,,
2342-1,감사원,2342,S02335,srno,pdf,,
2342-2,감사원,2342,S02335,srno,pdf,,
2342-3,감사원,2342,S02335,srno,pdf,,
2342-4,감사원,2342,S02335,srno,pdf,분야축,
2342-5,감사원,2342,S02335,srno,pdf,,
2343-1,감사원,2343,S02336,srno,pdf,,
2343-2,감사원,2343,S02336,srno,pdf,,
2343-3,감사원,2343,S02336,srno,pdf,,
2343-4,감사원,2343,S02336,srno,pdf,,
2343-5,감사원,2343,S02336,srno,pdf,,
2343-6,감사원,2343,S02336,srno,pdf,,
2343-7,감사원,2343,S02336,srno,pdf,,
2343-8,감사원,2343,S02336,srno,pdf,,
2343-9,감사원,2343,S02336,srno,pdf,,
2343-10,감사원,2343,S02336,srno,pdf,,
2344-1,감사원,2344,S02275,srno,pdf,분야축,
2344-2,감사원,2344,S02275,srno,pdf,,
2344-3,감사원,2344,S02275,srno,pdf,,
2344-4,감사원,2344,S02275,srno,pdf,,
2344-5,감사원,2344,S02275,srno,pdf,,
2344-6,감사원,2344,S02275,srno,pdf,recall,
2344-7,감사원,2344,S02275,srno,pdf,,
2344-8,감사원,2344,S02275,srno,pdf,분야축,
2344-9,감사원,2344,S02275,srno,pdf,recall,
2344-10,감사원,2344,S02275,srno,pdf,분야축,
2344-11,감사원,2344,S02275,srno,pdf,분야축,
2344-12,감사원,2344,S02275,srno,pdf,분야축,
2344-13,감사원,2344,S02275,srno,pdf,분야축,
2344-14,감사원,2344,S02275,srno,pdf,recall,
2344-15,감사원,2344,S02275,srno,pdf,recall,
2344-16,감사원,2344,S02275,srno,pdf,분야축,
2345-1,감사원,2345,S02337,srno,pdf,분야축,
2345-2,감사원,2345,S02337,srno,pdf,분야축,
2346-1,감사원,2346,S02338,srno,pdf,분야축,
2346-2,감사원,2346,S02338,srno,pdf,분야축,
2346-3,감사원,2346,S02338,srno,pdf,분야축,
2346-4,감사원,2346,S02338,srno,pdf,분야축,
2346-5,감사원,2346,S02338,srno,pdf,,
2347-1,감사원,2347,S02339,srno,pdf,,
2347-2,감사원,2347,S02339,srno,pdf,recall,
2347-3,감사원,2347,S02339,srno,pdf,,
2347-4,감사원,2347,S02339,srno,pdf,,
2347-5,감사원,2347,S02339,srno,pdf,분야축,
2347-6,감사원,2347,S02339,srno,pdf,,
2347-7,감사원,2347,S02339,srno,pdf,분야축,
2347-8,감사원,2347,S02339,srno,pdf,,
2347-9,감사원,2347,S02339,srno,pdf,,
2348-1,감사원,2348,S02340,srno,pdf,,
2348-2,감사원,2348,S02340,srno,pdf,,
2348-3,감사원,2348,S02340,srno,pdf,,
2348-4,감사원,2348,S02340,srno,pdf,,
2348-5,감사원,2348,S02340,srno,pdf,,
2349-1,감사원,2349,S02341,srno,pdf,분야축,
2349-2,감사원,2349,S02341,srno,pdf,,
2349-3,감사원,2349,S02341,srno,pdf,분야축,
2349-4,감사원,2349,S02341,srno,pdf,분야축,
2349-5,감사원,2349,S02341,srno,pdf,,
2349-6,감사원,2349,S02341,srno,pdf,,
2349-7,감사원,2349,S02341,srno,pdf,,
2349-8,감사원,2349,S02341,srno,pdf,,
2349-9,감사원,2349,S02341,srno,pdf,,
2349-10,감사원,2349,S02341,srno,pdf,recall,
2350-1,감사원,2350,S02342,srno,pdf,,
2350-2,감사원,2350,S02342,srno,pdf,,
2350-3,감사원,2350,S02342,srno,pdf,,
2350-4,감사원,2350,S02342,srno,pdf,,
2350-5,감사원,2350,S02342,srno,pdf,,
2350-6,감사원,2350,S02342,srno,pdf,,
2351-1,감사원,2351,S02343,srno,pdf,,
2352-1,감사원,2352,S02344,srno,pdf,분야축,
2352-2,감사원,2352,S02344,srno,pdf,분야축,
2353-1,감사원,2353,S02345,srno,pdf,,
2353-2,감사원,2353,S02345,srno,pdf,,
2353-3,감사원,2353,S02345,srno,pdf,분야축,
2353-4,감사원,2353,S02345,srno,pdf,,
2353-5,감사원,2353,S02345,srno,pdf,,
2353-6,감사원,2353,S02345,srno,pdf,분야축,
2353-7,감사원,2353,S02345,srno,pdf,분야축,
2353-8,감사원,2353,S02345,srno,pdf,,
2353-9,감사원,2353,S02345,srno,pdf,,
2353-10,감사원,2353,S02345,srno,pdf,분야축,
2353-11,감사원,2353,S02345,srno,pdf,분야축,
2353-12,감사원,2353,S02345,srno,pdf,분야축,
2354-1,감사원,2354,S02346,srno,pdf,분야축,
2354-2,감사원,2354,S02346,srno,pdf,,
2355-1,감사원,2355,S02350,srno,pdf,,
2355-2,감사원,2355,S02350,srno,pdf,분야축,
2355-3,감사원,2355,S02350,srno,pdf,분야축,
2355-4,감사원,2355,S02350,srno,pdf,,
2355-5,감사원,2355,S02350,srno,pdf,분야축,
2355-6,감사원,2355,S02350,srno,pdf,,
2355-7,감사원,2355,S02350,srno,pdf,,
2355-8,감사원,2355,S02350,srno,pdf,분야축,
2355-9,감사원,2355,S02350,srno,pdf,분야축,
2356-1,감사원,2356,S02353,srno,pdf,,
2356-2,감사원,2356,S02353,srno,pdf,,
2357-1,감사원,2357,S02352,srno,pdf,,
2357-2,감사원,2357,S02352,srno,pdf,,
2357-3,감사원,2357,S02352,srno,pdf,,
2357-4,감사원,2357,S02352,srno,pdf,,
2357-5,감사원,2357,S02352,srno,pdf,분야축,
2358-1,감사원,2358,S02354,srno,pdf,recall,
2358-2,감사원,2358,S02354,srno,pdf,,
2358-3,감사원,2358,S02354,srno,pdf,,
2358-4,감사원,2358,S02354,srno,pdf,,
2358-5,감사원,2358,S02354,srno,pdf,,
2358-6,감사원,2358,S02354,srno,pdf,,
2358-7,감사원,2358,S02354,srno,pdf,,
2359-1,감사원,2359,S02356,srno,pdf,recall,
2359-2,감사원,2359,S02356,srno,pdf,,
2359-3,감사원,2359,S02356,srno,pdf,recall,
2359-4,감사원,2359,S02356,srno,pdf,,
2359-5,감사원,2359,S02356,srno,pdf,,
2360-1,감사원,2360,S02355,srno,pdf,분야축,
2360-2,감사원,2360,S02355,srno,pdf,분야축,
2361-1,감사원,2361,S02357,srno,pdf,분야축,
2361-2,감사원,2361,S02357,srno,pdf,분야축,
2361-3,감사원,2361,S02357,srno,pdf,분야축,
2361-4,감사원,2361,S02357,srno,pdf,분야축,
2361-5,감사원,2361,S02357,srno,pdf,recall,
2362-1,감사원,2362,S02358,srno,pdf,,
2362-2,감사원,2362,S02358,srno,pdf,,
2362-3,감사원,2362,S02358,srno,pdf,,
2362-4,감사원,2362,S02358,srno,pdf,,
2362-5,감사원,2362,S02358,srno,pdf,,
2362-6,감사원,2362,S02358,srno,pdf,,
2362-7,감사원,2362,S02358,srno,pdf,recall,
2362-8,감사원,2362,S02358,srno,pdf,,
2363-1,감사원,2363,S02359,srno,pdf,,
2364-1,감사원,2364,S02361,srno,pdf,,
2365-1,감사원,2365,S03778,srno,pdf_conv,,
2365-2,감사원,2365,S03778,srno,pdf_conv,,
2365-3,감사원,2365,S03778,srno,pdf_conv,분야축,
2365-4,감사원,2365,S03778,srno,pdf_conv,,
2365-5,감사원,2365,S03778,srno,pdf_conv,,
2365-6,감사원,2365,S03778,srno,pdf_conv,,
2365-7,감사원,2365,S03778,srno,pdf_conv,분야축,
2365-8,감사원,2365,S03778,srno,pdf_conv,분야축,
2365-9,감사원,2365,S03778,srno,pdf_conv,,
2365-10,감사원,2365,S03778,srno,pdf_conv,분야축,
2365-11,감사원,2365,S03778,srno,pdf_conv,,
2365-12,감사원,2365,S03778,srno,pdf_conv,,
2365-13,감사원,2365,S03778,srno,pdf_conv,,
2365-14,감사원,2365,S03778,srno,pdf_conv,분야축,
2365-15,감사원,2365,S03778,srno,pdf_conv,분야축,
2365-16,감사원,2365,S03778,srno,pdf_conv,분야축,
2365-17,감사원,2365,S03778,srno,pdf_conv,분야축,
2366-1,감사원,2366,S02328,srno,pdf,분야축,
2366-2,감사원,2366,S02328,srno,pdf,분야축,
2366-3,감사원,2366,S02328,srno,pdf,분야축,
2366-4,감사원,2366,S02328,srno,pdf,분야축,
2366-5,감사원,2366,S02328,srno,pdf,,
2366-6,감사원,2366,S02328,srno,pdf,,
2366-7,감사원,2366,S02328,srno,pdf,,
2366-8,감사원,2366,S02328,srno,pdf,recall,
2366-9,감사원,2366,S02328,srno,pdf,분야축,
2366-10,감사원,2366,S02328,srno,pdf,분야축,
2366-11,감사원,2366,S02328,srno,pdf,,
2366-12,감사원,2366,S02328,srno,pdf,,
2366-13,감사원,2366,S02328,srno,pdf,,
2367-1,감사원,2367,S02364,srno,pdf,recall,
2367-2,감사원,2367,S02364,srno,pdf,,
2367-3,감사원,2367,S02364,srno,pdf,recall,
2367-4,감사원,2367,S02364,srno,pdf,recall,
2367-5,감사원,2367,S02364,srno,pdf,,
2368-1,감사원,2368,S02363,srno,pdf,,
2368-2,감사원,2368,S02363,srno,pdf,,
2368-3,감사원,2368,S02363,srno,pdf,분야축,
2368-4,감사원,2368,S02363,srno,pdf,,
2368-5,감사원,2368,S02363,srno,pdf,분야축,
2368-6,감사원,2368,S02363,srno,pdf,,
2368-7,감사원,2368,S02363,srno,pdf,분야축,
2368-8,감사원,2368,S02363,srno,pdf,,
2368-9,감사원,2368,S02363,srno,pdf,분야축,
2368-10,감사원,2368,S02363,srno,pdf,recall,
2368-11,감사원,2368,S02363,srno,pdf,,
2368-12,감사원,2368,S02363,srno,pdf,,
2368-13,감사원,2368,S02363,srno,pdf,분야축,
2368-14,감사원,2368,S02363,srno,pdf,,
2369-1,감사원,2369,S02313,srno,pdf,분야축,
2369-2,감사원,2369,S02313,srno,pdf,,
2369-3,감사원,2369,S02313,srno,pdf,recall,
2369-4,감사원,2369,S02313,srno,pdf,,
2369-5,감사원,2369,S02313,srno,pdf,,
2369-6,감사원,2369,S02313,srno,pdf,분야축,
2369-7,감사원,2369,S02313,srno,pdf,분야축,
2370-1,감사원,2370,S02365,srno,pdf,,
2370-2,감사원,2370,S02365,srno,pdf,,
2370-3,감사원,2370,S02365,srno,pdf,,
2370-4,감사원,2370,S02365,srno,pdf,,
2370-5,감사원,2370,S02365,srno,pdf,,
2370-6,감사원,2370,S02365,srno,pdf,,
2370-7,감사원,2370,S02365,srno,pdf,,
2370-8,감사원,2370,S02365,srno,pdf,recall,
2370-9,감사원,2370,S02365,srno,pdf,,
2370-10,감사원,2370,S02365,srno,pdf,,
2370-11,감사원,2370,S02365,srno,pdf,,
2370-12,감사원,2370,S02365,srno,pdf,,
2370-13,감사원,2370,S02365,srno,pdf,,
2370-14,감사원,2370,S02365,srno,pdf,,
2370-15,감사원,2370,S02365,srno,pdf,,
2370-16,감사원,2370,S02365,srno,pdf,,
2370-17,감사원,2370,S02365,srno,pdf,,
2371-1,감사원,2371,S02366,srno,pdf,recall,
2371-2,감사원,2371,S02366,srno,pdf,분야축,
2371-3,감사원,2371,S02366,srno,pdf,분야축,
2371-4,감사원,2371,S02366,srno,pdf,분야축,
2371-5,감사원,2371,S02366,srno,pdf,recall,
2371-6,감사원,2371,S02366,srno,pdf,,
2371-7,감사원,2371,S02366,srno,pdf,분야축,
2371-8,감사원,2371,S02366,srno,pdf,,
2371-9,감사원,2371,S02366,srno,pdf,,
2371-10,감사원,2371,S02366,srno,pdf,,
2371-11,감사원,2371,S02366,srno,pdf,분야축,
2371-12,감사원,2371,S02366,srno,pdf,,
2371-13,감사원,2371,S02366,srno,pdf,,
2371-14,감사원,2371,S02366,srno,pdf,,
2371-15,감사원,2371,S02366,srno,pdf,분야축,
2371-16,감사원,2371,S02366,srno,pdf,,
2371-17,감사원,2371,S02366,srno,pdf,분야축,
2372-1,감사원,2372,S02367,srno,pdf,,
2373-1,감사원,2373,S02368,srno,pdf,분야축,
2373-2,감사원,2373,S02368,srno,pdf,분야축,
2373-3,감사원,2373,S02368,srno,pdf,분야축,
2374-1,감사원,2374,S02369,srno,pdf,,
2374-2,감사원,2374,S02369,srno,pdf,,
2374-3,감사원,2374,S02369,srno,pdf,분야축,
2374-4,감사원,2374,S02369,srno,pdf,분야축,
2375-1,감사원,2375,S02371,srno,pdf,분야축,
2375-2,감사원,2375,S02371,srno,pdf,분야축,
2375-3,감사원,2375,S02371,srno,pdf,분야축,
2375-4,감사원,2375,S02371,srno,pdf,분야축,
2375-5,감사원,2375,S02371,srno,pdf,분야축,
2375-6,감사원,2375,S02371,srno,pdf,분야축,
2375-7,감사원,2375,S02371,srno,pdf,분야축,
2375-8,감사원,2375,S02371,srno,pdf,분야축,
2375-9,감사원,2375,S02371,srno,pdf,분야축,
2375-10,감사원,2375,S02371,srno,pdf,분야축,
2375-11,감사원,2375,S02371,srno,pdf,분야축,
2375-12,감사원,2375,S02371,srno,pdf,분야축,
2375-13,감사원,2375,S02371,srno,pdf,분야축,
2375-14,감사원,2375,S02371,srno,pdf,분야축,
2375-15,감사원,2375,S02371,srno,pdf,,
2376-1,감사원,2376,S02370,srno,pdf,분야축,
2376-2,감사원,2376,S02370,srno,pdf,분야축,
2376-3,감사원,2376,S02370,srno,pdf,분야축,
2376-4,감사원,2376,S02370,srno,pdf,분야축,
2376-5,감사원,2376,S02370,srno,pdf,분야축,
2376-6,감사원,2376,S02370,srno,pdf,분야축,
2376-7,감사원,2376,S02370,srno,pdf,분야축,
2376-8,감사원,2376,S02370,srno,pdf,분야축,
2376-9,감사원,2376,S02370,srno,pdf,분야축,
2376-10,감사원,2376,S02370,srno,pdf,분야축,
2376-11,감사원,2376,S02370,srno,pdf,분야축,
2376-12,감사원,2376,S02370,srno,pdf,분야축,
2376-13,감사원,2376,S02370,srno,pdf,분야축,
2377-1,감사원,2377,S02372,srno,pdf,,
2377-2,감사원,2377,S02372,srno,pdf,,
2377-3,감사원,2377,S02372,srno,pdf,,
2377-4,감사원,2377,S02372,srno,pdf,분야축,
2377-5,감사원,2377,S02372,srno,pdf,분야축,
2377-6,감사원,2377,S02372,srno,pdf,분야축,
2377-7,감사원,2377,S02372,srno,pdf,분야축,
2377-8,감사원,2377,S02372,srno,pdf,,
2377-9,감사원,2377,S02372,srno,pdf,,
2377-10,감사원,2377,S02372,srno,pdf,분야축,
2377-11,감사원,2377,S02372,srno,pdf,분야축,
2377-12,감사원,2377,S02372,srno,pdf,분야축,
2377-13,감사원,2377,S02372,srno,pdf,분야축,
2377-14,감사원,2377,S02372,srno,pdf,분야축,
2377-15,감사원,2377,S02372,srno,pdf,분야축,
2378-1,감사원,2378,S02374,srno,pdf,분야축,
2379-1,감사원,2379,S02376,srno,pdf,,
2379-2,감사원,2379,S02376,srno,pdf,,
2379-3,감사원,2379,S02376,srno,pdf,,
2379-4,감사원,2379,S02376,srno,pdf,,
2379-5,감사원,2379,S02376,srno,pdf,,
2379-6,감사원,2379,S02376,srno,pdf,,
2379-7,감사원,2379,S02376,srno,pdf,,
2379-8,감사원,2379,S02376,srno,pdf,,
2380-1,감사원,2380,S02375,srno,pdf,recall,
2380-2,감사원,2380,S02375,srno,pdf,,
2380-3,감사원,2380,S02375,srno,pdf,,
2380-4,감사원,2380,S02375,srno,pdf,recall,
2380-5,감사원,2380,S02375,srno,pdf,,
2380-6,감사원,2380,S02375,srno,pdf,,
2380-7,감사원,2380,S02375,srno,pdf,분야축,
2380-8,감사원,2380,S02375,srno,pdf,분야축,
2380-9,감사원,2380,S02375,srno,pdf,분야축,
2380-10,감사원,2380,S02375,srno,pdf,분야축,
2380-11,감사원,2380,S02375,srno,pdf,,
2380-12,감사원,2380,S02375,srno,pdf,,
2380-13,감사원,2380,S02375,srno,pdf,분야축,
2380-14,감사원,2380,S02375,srno,pdf,,
2380-15,감사원,2380,S02375,srno,pdf,,
2381-1,감사원,2381,S02307,srno,pdf,분야축,
2381-2,감사원,2381,S02307,srno,pdf,recall,
2381-3,감사원,2381,S02307,srno,pdf,분야축,
2381-4,감사원,2381,S02307,srno,pdf,분야축,
2381-5,감사원,2381,S02307,srno,pdf,분야축,
2381-6,감사원,2381,S02307,srno,pdf,분야축,
2381-7,감사원,2381,S02307,srno,pdf,분야축,
2381-8,감사원,2381,S02307,srno,pdf,분야축,
2381-9,감사원,2381,S02307,srno,pdf,분야축,
2381-10,감사원,2381,S02307,srno,pdf,분야축,
2381-11,감사원,2381,S02307,srno,pdf,분야축,
2381-12,감사원,2381,S02307,srno,pdf,,
2381-13,감사원,2381,S02307,srno,pdf,분야축,
2381-14,감사원,2381,S02307,srno,pdf,,
2381-15,감사원,2381,S02307,srno,pdf,,
2381-16,감사원,2381,S02307,srno,pdf,,
2381-17,감사원,2381,S02307,srno,pdf,,
2381-18,감사원,2381,S02307,srno,pdf,분야축,
2381-19,감사원,2381,S02307,srno,pdf,recall,
2381-20,감사원,2381,S02307,srno,pdf,분야축,
2381-21,감사원,2381,S02307,srno,pdf,분야축,
2381-22,감사원,2381,S02307,srno,pdf,분야축,
2381-23,감사원,2381,S02307,srno,pdf,분야축,
2381-24,감사원,2381,S02307,srno,pdf,분야축,
2381-25,감사원,2381,S02307,srno,pdf,분야축,
2381-26,감사원,2381,S02307,srno,pdf,,
2381-27,감사원,2381,S02307,srno,pdf,분야축,
2381-28,감사원,2381,S02307,srno,pdf,분야축,
2382-1,감사원,2382,S02377,srno,pdf,분야축,
2382-2,감사원,2382,S02377,srno,pdf,분야축,
2382-3,감사원,2382,S02377,srno,pdf,분야축,
2382-4,감사원,2382,S02377,srno,pdf,분야축,
2382-5,감사원,2382,S02377,srno,pdf,분야축,
2382-6,감사원,2382,S02377,srno,pdf,분야축,
2382-7,감사원,2382,S02377,srno,pdf,분야축,
2382-8,감사원,2382,S02377,srno,pdf,분야축,
2382-9,감사원,2382,S02377,srno,pdf,분야축,
2382-10,감사원,2382,S02377,srno,pdf,분야축,
2382-11,감사원,2382,S02377,srno,pdf,분야축,
2382-12,감사원,2382,S02377,srno,pdf,분야축,
2382-13,감사원,2382,S02377,srno,pdf,분야축,
2382-14,감사원,2382,S02377,srno,pdf,분야축,
2382-15,감사원,2382,S02377,srno,pdf,분야축,
2382-16,감사원,2382,S02377,srno,pdf,,
2382-17,감사원,2382,S02377,srno,pdf,,
2383-1,감사원,2383,S02378,srno,pdf,분야축,
2383-2,감사원,2383,S02378,srno,pdf,분야축,
2383-3,감사원,2383,S02378,srno,pdf,,
2383-4,감사원,2383,S02378,srno,pdf,분야축,
2383-5,감사원,2383,S02378,srno,pdf,,
2383-6,감사원,2383,S02378,srno,pdf,,
2383-7,감사원,2383,S02378,srno,pdf,,
2383-8,감사원,2383,S02378,srno,pdf,,
2383-9,감사원,2383,S02378,srno,pdf,,
2384-1,감사원,2384,S02380,srno,pdf,,
2384-2,감사원,2384,S02380,srno,pdf,,
2384-3,감사원,2384,S02380,srno,pdf,,
2384-4,감사원,2384,S02380,srno,pdf,recall,
2384-5,감사원,2384,S02380,srno,pdf,분야축,
2384-6,감사원,2384,S02380,srno,pdf,분야축,
2384-7,감사원,2384,S02380,srno,pdf,분야축,
2384-8,감사원,2384,S02380,srno,pdf,분야축,
2385-1,감사원,2385,S02381,srno,pdf,분야축,
2385-2,감사원,2385,S02381,srno,pdf,분야축,
2385-3,감사원,2385,S02381,srno,pdf,,
2385-4,감사원,2385,S02381,srno,pdf,,
2386-1,감사원,2386,S02382,srno,pdf,,
2386-2,감사원,2386,S02382,srno,pdf,,
2386-3,감사원,2386,S02382,srno,pdf,,
2386-4,감사원,2386,S02382,srno,pdf,,
2386-5,감사원,2386,S02382,srno,pdf,,
2386-6,감사원,2386,S02382,srno,pdf,,
2386-7,감사원,2386,S02382,srno,pdf,,
2386-8,감사원,2386,S02382,srno,pdf,,
2386-9,감사원,2386,S02382,srno,pdf,,
2386-10,감사원,2386,S02382,srno,pdf,,
2386-11,감사원,2386,S02382,srno,pdf,,
2386-12,감사원,2386,S02382,srno,pdf,분야축,
2386-13,감사원,2386,S02382,srno,pdf,,
2387-1,감사원,2387,S02383,srno,pdf,,
2388-1,감사원,2388,S02384,srno,pdf,분야축,
2388-2,감사원,2388,S02384,srno,pdf,분야축,
2388-3,감사원,2388,S02384,srno,pdf,,
2388-4,감사원,2388,S02384,srno,pdf,,
2388-5,감사원,2388,S02384,srno,pdf,,
2388-6,감사원,2388,S02384,srno,pdf,분야축,
2388-7,감사원,2388,S02384,srno,pdf,,
2388-8,감사원,2388,S02384,srno,pdf,,
2388-9,감사원,2388,S02384,srno,pdf,분야축,
2388-10,감사원,2388,S02384,srno,pdf,분야축,
2388-11,감사원,2388,S02384,srno,pdf,분야축,
2388-12,감사원,2388,S02384,srno,pdf,,
2388-13,감사원,2388,S02384,srno,pdf,,
2389-1,감사원,2389,S02385,srno,pdf,,
2389-2,감사원,2389,S02385,srno,pdf,분야축,
2390-1,감사원,2390,S02387,srno,pdf,분야축,
2391-1,감사원,2391,S02386,srno,pdf,분야축,
2391-2,감사원,2391,S02386,srno,pdf,recall,
2391-3,감사원,2391,S02386,srno,pdf,,
2391-4,감사원,2391,S02386,srno,pdf,,
2391-5,감사원,2391,S02386,srno,pdf,,
2392-1,감사원,2392,S02388,srno,pdf,분야축,
2392-2,감사원,2392,S02388,srno,pdf,분야축,
2392-3,감사원,2392,S02388,srno,pdf,분야축,
2392-4,감사원,2392,S02388,srno,pdf,분야축,
2392-5,감사원,2392,S02388,srno,pdf,분야축,
2392-6,감사원,2392,S02388,srno,pdf,분야축,
2392-7,감사원,2392,S02388,srno,pdf,분야축,
2392-8,감사원,2392,S02388,srno,pdf,분야축,
2393-1,감사원,2393,S02389,srno,pdf,분야축,
2393-2,감사원,2393,S02389,srno,pdf,분야축,
2393-3,감사원,2393,S02389,srno,pdf,분야축,
2394-1,감사원,2394,S02391,srno,pdf,recall,
2395-1,감사원,2395,S02392,srno,pdf,,
2396-1,감사원,2396,S02393,srno,pdf,recall,
2396-2,감사원,2396,S02393,srno,pdf,,
2396-3,감사원,2396,S02393,srno,pdf,,
2396-4,감사원,2396,S02393,srno,pdf,recall,
2396-5,감사원,2396,S02393,srno,pdf,분야축,
2396-6,감사원,2396,S02393,srno,pdf,분야축,
2397-1,감사원,2397,S02394,srno,pdf,분야축,
2398-1,감사원,2398,S02395,srno,pdf,recall,
2398-2,감사원,2398,S02395,srno,pdf,,
2398-3,감사원,2398,S02395,srno,pdf,분야축,
2398-4,감사원,2398,S02395,srno,pdf,,
2398-5,감사원,2398,S02395,srno,pdf,분야축,
2398-6,감사원,2398,S02395,srno,pdf,분야축,
2398-7,감사원,2398,S02395,srno,pdf,분야축,
2398-8,감사원,2398,S02395,srno,pdf,recall,
2398-9,감사원,2398,S02395,srno,pdf,,
2398-10,감사원,2398,S02395,srno,pdf,,
2398-11,감사원,2398,S02395,srno,pdf,,
2398-12,감사원,2398,S02395,srno,pdf,,
2398-13,감사원,2398,S02395,srno,pdf,,
2398-14,감사원,2398,S02395,srno,pdf,,
2398-15,감사원,2398,S02395,srno,pdf,분야축,
2398-16,감사원,2398,S02395,srno,pdf,분야축,
2399-1,감사원,2399,S02396,srno,pdf,,
2399-2,감사원,2399,S02396,srno,pdf,,
2399-3,감사원,2399,S02396,srno,pdf,,
2399-4,감사원,2399,S02396,srno,pdf,,
2399-5,감사원,2399,S02396,srno,pdf,분야축,
2399-6,감사원,2399,S02396,srno,pdf,,
2400-1,감사원,2400,S02397,srno,pdf,분야축,
2400-2,감사원,2400,S02397,srno,pdf,,
2400-3,감사원,2400,S02397,srno,pdf,,
2401-1,감사원,2401,S02400,srno,pdf,분야축,
2401-2,감사원,2401,S02400,srno,pdf,분야축,
2401-3,감사원,2401,S02400,srno,pdf,분야축,
2401-4,감사원,2401,S02400,srno,pdf,분야축,
2401-5,감사원,2401,S02400,srno,pdf,분야축,
2401-6,감사원,2401,S02400,srno,pdf,분야축,
2401-7,감사원,2401,S02400,srno,pdf,분야축,
2401-8,감사원,2401,S02400,srno,pdf,분야축,
2401-9,감사원,2401,S02400,srno,pdf,분야축,
2401-10,감사원,2401,S02400,srno,pdf,분야축,
2401-11,감사원,2401,S02400,srno,pdf,분야축,
2401-12,감사원,2401,S02400,srno,pdf,분야축,
2401-13,감사원,2401,S02400,srno,pdf,분야축,
2402-1,감사원,2402,S02401,srno,pdf,,
2402-2,감사원,2402,S02401,srno,pdf,,
2402-3,감사원,2402,S02401,srno,pdf,recall,
2402-4,감사원,2402,S02401,srno,pdf,,
2403-1,감사원,2403,S02402,srno,pdf,,
2404-1,감사원,2404,S02403,srno,pdf,분야축,
2405-1,감사원,2405,S02404,srno,pdf,,
2405-2,감사원,2405,S02404,srno,pdf,,
2405-3,감사원,2405,S02404,srno,pdf,,
2405-4,감사원,2405,S02404,srno,pdf,,
2406-1,감사원,2406,S02405,srno,pdf,,
2406-2,감사원,2406,S02405,srno,pdf,,
2406-3,감사원,2406,S02405,srno,pdf,,
2406-4,감사원,2406,S02405,srno,pdf,분야축,
2406-5,감사원,2406,S02405,srno,pdf,분야축,
2406-6,감사원,2406,S02405,srno,pdf,분야축,
2407-1,감사원,2407,S02406,srno,pdf,,
2408-1,감사원,2408,S02407,srno,pdf,,
2408-2,감사원,2408,S02407,srno,pdf,,
2408-3,감사원,2408,S02407,srno,pdf,,
2408-4,감사원,2408,S02407,srno,pdf,,
2408-5,감사원,2408,S02407,srno,pdf,,
2408-6,감사원,2408,S02407,srno,pdf,,
2408-7,감사원,2408,S02407,srno,pdf,,
2408-8,감사원,2408,S02407,srno,pdf,,
2408-9,감사원,2408,S02407,srno,pdf,,
2408-10,감사원,2408,S02407,srno,pdf,,
2409-1,감사원,2409,S02398,srno,pdf,,
2409-2,감사원,2409,S02398,srno,pdf,,
2409-3,감사원,2409,S02398,srno,pdf,,
2409-4,감사원,2409,S02398,srno,pdf,,
2409-5,감사원,2409,S02398,srno,pdf,,
2409-6,감사원,2409,S02398,srno,pdf,recall,
2409-7,감사원,2409,S02398,srno,pdf,,
2410-1,감사원,2410,S02408,srno,pdf,,
2410-2,감사원,2410,S02408,srno,pdf,,
2410-3,감사원,2410,S02408,srno,pdf,,
2410-4,감사원,2410,S02408,srno,pdf,,
2410-5,감사원,2410,S02408,srno,pdf,,
2411-1,감사원,2411,S02414,srno,pdf,분야축,
2411-2,감사원,2411,S02414,srno,pdf,분야축,
2411-3,감사원,2411,S02414,srno,pdf,분야축,
2411-4,감사원,2411,S02414,srno,pdf,분야축,
2411-5,감사원,2411,S02414,srno,pdf,분야축,
2411-6,감사원,2411,S02414,srno,pdf,분야축,
2411-7,감사원,2411,S02414,srno,pdf,분야축,
2411-8,감사원,2411,S02414,srno,pdf,분야축,
2411-9,감사원,2411,S02414,srno,pdf,,
2411-10,감사원,2411,S02414,srno,pdf,,
2411-11,감사원,2411,S02414,srno,pdf,분야축,
2412-1,감사원,2412,S02415,srno,pdf,,
2412-2,감사원,2412,S02415,srno,pdf,,
2412-3,감사원,2412,S02415,srno,pdf,recall,
2412-4,감사원,2412,S02415,srno,pdf,,
2412-5,감사원,2412,S02415,srno,pdf,,
2412-6,감사원,2412,S02415,srno,pdf,,
2412-7,감사원,2412,S02415,srno,pdf,,
2412-8,감사원,2412,S02415,srno,pdf,,
2413-1,감사원,2413,S02417,srno,pdf,,
2414-1,감사원,2414,S02283,srno,pdf,,
2414-2,감사원,2414,S02283,srno,pdf,,
2414-3,감사원,2414,S02283,srno,pdf,분야축,
2414-4,감사원,2414,S02283,srno,pdf,recall,
2414-5,감사원,2414,S02283,srno,pdf,recall,
2414-6,감사원,2414,S02283,srno,pdf,recall,
2415-1,감사원,2415,S02416,srno,pdf,,
2415-2,감사원,2415,S02416,srno,pdf,,
2415-3,감사원,2415,S02416,srno,pdf,,
2415-4,감사원,2415,S02416,srno,pdf,분야축,
2415-5,감사원,2415,S02416,srno,pdf,,
2415-6,감사원,2415,S02416,srno,pdf,,
2415-7,감사원,2415,S02416,srno,pdf,,
2415-8,감사원,2415,S02416,srno,pdf,,
2415-9,감사원,2415,S02416,srno,pdf,recall,
2415-10,감사원,2415,S02416,srno,pdf,,
2415-11,감사원,2415,S02416,srno,pdf,,
2415-12,감사원,2415,S02416,srno,pdf,분야축,
2415-13,감사원,2415,S02416,srno,pdf,,
2415-14,감사원,2415,S02416,srno,pdf,,
2415-15,감사원,2415,S02416,srno,pdf,,
2415-16,감사원,2415,S02416,srno,pdf,,
2415-17,감사원,2415,S02416,srno,pdf,,
2415-18,감사원,2415,S02416,srno,pdf,,
2415-19,감사원,2415,S02416,srno,pdf,분야축,
2415-20,감사원,2415,S02416,srno,pdf,분야축,
2415-21,감사원,2415,S02416,srno,pdf,분야축,
2415-22,감사원,2415,S02416,srno,pdf,분야축,
2415-23,감사원,2415,S02416,srno,pdf,,
2415-24,감사원,2415,S02416,srno,pdf,,
2415-25,감사원,2415,S02416,srno,pdf,,
2415-26,감사원,2415,S02416,srno,pdf,,
2415-27,감사원,2415,S02416,srno,pdf,,
2415-28,감사원,2415,S02416,srno,pdf,,
2415-29,감사원,2415,S02416,srno,pdf,분야축,
2416-1,감사원,2416,S02421,srno,pdf,,
2416-2,감사원,2416,S02421,srno,pdf,분야축,
2416-3,감사원,2416,S02421,srno,pdf,,
2416-4,감사원,2416,S02421,srno,pdf,,
2416-5,감사원,2416,S02421,srno,pdf,,
2416-6,감사원,2416,S02421,srno,pdf,,
2416-7,감사원,2416,S02421,srno,pdf,,
2416-8,감사원,2416,S02421,srno,pdf,,
2416-9,감사원,2416,S02421,srno,pdf,,
2416-10,감사원,2416,S02421,srno,pdf,,
2416-11,감사원,2416,S02421,srno,pdf,,
2416-12,감사원,2416,S02421,srno,pdf,recall,
2416-13,감사원,2416,S02421,srno,pdf,분야축,
2417-1,감사원,2417,S02422,srno,pdf,,
2418-1,감사원,2418,S02237,srno,pdf,,
2418-2,감사원,2418,S02237,srno,pdf,,
2418-3,감사원,2418,S02237,srno,pdf,,
2418-4,감사원,2418,S02237,srno,pdf,,
2418-5,감사원,2418,S02237,srno,pdf,분야축,
2418-6,감사원,2418,S02237,srno,pdf,분야축,
2419-1,감사원,2419,S02423,srno,pdf,,
2419-2,감사원,2419,S02423,srno,pdf,,
2419-3,감사원,2419,S02423,srno,pdf,,
2419-4,감사원,2419,S02423,srno,pdf,,
2419-5,감사원,2419,S02423,srno,pdf,,
2419-6,감사원,2419,S02423,srno,pdf,,
2419-7,감사원,2419,S02423,srno,pdf,,
2419-8,감사원,2419,S02423,srno,pdf,,
2419-9,감사원,2419,S02423,srno,pdf,,
2419-10,감사원,2419,S02423,srno,pdf,,
2419-11,감사원,2419,S02423,srno,pdf,,
2419-12,감사원,2419,S02423,srno,pdf,,
2419-13,감사원,2419,S02423,srno,pdf,,
2419-14,감사원,2419,S02423,srno,pdf,분야축,
2419-15,감사원,2419,S02423,srno,pdf,,
2419-16,감사원,2419,S02423,srno,pdf,,
2419-17,감사원,2419,S02423,srno,pdf,,
2419-18,감사원,2419,S02423,srno,pdf,,
2419-19,감사원,2419,S02423,srno,pdf,분야축,
2419-20,감사원,2419,S02423,srno,pdf,,
2419-21,감사원,2419,S02423,srno,pdf,,
2419-22,감사원,2419,S02423,srno,pdf,recall,
2420-1,감사원,2420,S02379,srno,pdf,분야축,
2420-2,감사원,2420,S02379,srno,pdf,분야축,
2420-3,감사원,2420,S02379,srno,pdf,분야축,
2420-4,감사원,2420,S02379,srno,pdf,분야축,
2420-5,감사원,2420,S02379,srno,pdf,분야축,
2420-6,감사원,2420,S02379,srno,pdf,분야축,
2420-7,감사원,2420,S02379,srno,pdf,분야축,
2420-8,감사원,2420,S02379,srno,pdf,분야축,
2420-9,감사원,2420,S02379,srno,pdf,분야축,
2420-10,감사원,2420,S02379,srno,pdf,분야축,
2420-11,감사원,2420,S02379,srno,pdf,분야축,
2422-1,감사원,2422,S02424,srno,pdf,,
2422-2,감사원,2422,S02424,srno,pdf,,
2422-3,감사원,2422,S02424,srno,pdf,분야축,
2422-4,감사원,2422,S02424,srno,pdf,,
2422-5,감사원,2422,S02424,srno,pdf,,
2422-6,감사원,2422,S02424,srno,pdf,,
2422-7,감사원,2422,S02424,srno,pdf,,
2422-8,감사원,2422,S02424,srno,pdf,,
2422-9,감사원,2422,S02424,srno,pdf,,
2422-10,감사원,2422,S02424,srno,pdf,,
2422-11,감사원,2422,S02424,srno,pdf,,
2422-12,감사원,2422,S02424,srno,pdf,recall,
2422-13,감사원,2422,S02424,srno,pdf,,
2422-14,감사원,2422,S02424,srno,pdf,,
2422-15,감사원,2422,S02424,srno,pdf,,
2422-16,감사원,2422,S02424,srno,pdf,,
2422-17,감사원,2422,S02424,srno,pdf,,
2422-18,감사원,2422,S02424,srno,pdf,,
2422-19,감사원,2422,S02424,srno,pdf,,
2422-20,감사원,2422,S02424,srno,pdf,분야축,
2422-21,감사원,2422,S02424,srno,pdf,분야축,
2423-1,감사원,2423,S02425,srno,pdf,,
2424-1,감사원,2424,S02360,srno,pdf,,
2424-2,감사원,2424,S02360,srno,pdf,,
2424-3,감사원,2424,S02360,srno,pdf,,
2424-4,감사원,2424,S02360,srno,pdf,,
2424-5,감사원,2424,S02360,srno,pdf,,
2424-6,감사원,2424,S02360,srno,pdf,,
2424-7,감사원,2424,S02360,srno,pdf,,
2424-8,감사원,2424,S02360,srno,pdf,,
2424-9,감사원,2424,S02360,srno,pdf,,
2424-10,감사원,2424,S02360,srno,pdf,,
2424-11,감사원,2424,S02360,srno,pdf,,
2424-12,감사원,2424,S02360,srno,pdf,,
2424-13,감사원,2424,S02360,srno,pdf,,
2424-14,감사원,2424,S02360,srno,pdf,,
2424-15,감사원,2424,S02360,srno,pdf,,
2424-16,감사원,2424,S02360,srno,pdf,분야축,
2424-17,감사원,2424,S02360,srno,pdf,분야축,
2424-18,감사원,2424,S02360,srno,pdf,,
2424-19,감사원,2424,S02360,srno,pdf,,
2424-20,감사원,2424,S02360,srno,pdf,,
2424-21,감사원,2424,S02360,srno,pdf,,
2424-22,감사원,2424,S02360,srno,pdf,,
2424-23,감사원,2424,S02360,srno,pdf,,
2424-24,감사원,2424,S02360,srno,pdf,,
2424-25,감사원,2424,S02360,srno,pdf,,
2424-26,감사원,2424,S02360,srno,pdf,,
2425-1,감사원,2425,S02426,srno,pdf,recall,
2425-2,감사원,2425,S02426,srno,pdf,분야축,
2425-3,감사원,2425,S02426,srno,pdf,분야축,
2425-4,감사원,2425,S02426,srno,pdf,분야축,
2425-5,감사원,2425,S02426,srno,pdf,분야축,
2425-6,감사원,2425,S02426,srno,pdf,,
2425-7,감사원,2425,S02426,srno,pdf,,
2425-8,감사원,2425,S02426,srno,pdf,,
2425-9,감사원,2425,S02426,srno,pdf,,
2425-10,감사원,2425,S02426,srno,pdf,분야축,
2425-11,감사원,2425,S02426,srno,pdf,,
2425-12,감사원,2425,S02426,srno,pdf,분야축,
2425-13,감사원,2425,S02426,srno,pdf,,
2425-14,감사원,2425,S02426,srno,pdf,,
2425-15,감사원,2425,S02426,srno,pdf,,
2426-1,감사원,2426,S02427,srno,pdf,분야축,
2426-2,감사원,2426,S02427,srno,pdf,분야축,
2426-3,감사원,2426,S02427,srno,pdf,분야축,
2426-4,감사원,2426,S02427,srno,pdf,분야축,
2427-1,감사원,2427,S02428,srno,pdf,,
2427-2,감사원,2427,S02428,srno,pdf,,
2427-3,감사원,2427,S02428,srno,pdf,,
2427-4,감사원,2427,S02428,srno,pdf,,
2427-5,감사원,2427,S02428,srno,pdf,,
2427-6,감사원,2427,S02428,srno,pdf,,
2427-7,감사원,2427,S02428,srno,pdf,,
2427-8,감사원,2427,S02428,srno,pdf,분야축,
2427-9,감사원,2427,S02428,srno,pdf,,
2427-10,감사원,2427,S02428,srno,pdf,,
2427-11,감사원,2427,S02428,srno,pdf,,
2428-1,감사원,2428,S02429,srno,pdf,분야축,
2428-2,감사원,2428,S02429,srno,pdf,분야축,
2428-3,감사원,2428,S02429,srno,pdf,분야축,
2428-4,감사원,2428,S02429,srno,pdf,분야축,
2428-5,감사원,2428,S02429,srno,pdf,분야축,
2428-6,감사원,2428,S02429,srno,pdf,분야축,
2428-7,감사원,2428,S02429,srno,pdf,분야축,
2428-8,감사원,2428,S02429,srno,pdf,분야축,
2428-9,감사원,2428,S02429,srno,pdf,분야축,
2428-10,감사원,2428,S02429,srno,pdf,분야축,
2428-11,감사원,2428,S02429,srno,pdf,분야축,
2428-12,감사원,2428,S02429,srno,pdf,분야축,
2428-13,감사원,2428,S02429,srno,pdf,분야축,
2428-14,감사원,2428,S02429,srno,pdf,분야축,
2429-1,감사원,2429,S02430,srno,pdf,분야축,
2429-2,감사원,2429,S02430,srno,pdf,,
2429-3,감사원,2429,S02430,srno,pdf,,
2429-4,감사원,2429,S02430,srno,pdf,,
2429-5,감사원,2429,S02430,srno,pdf,분야축,
2429-6,감사원,2429,S02430,srno,pdf,분야축,
2429-7,감사원,2429,S02430,srno,pdf,분야축,
2429-8,감사원,2429,S02430,srno,pdf,분야축,
2429-9,감사원,2429,S02430,srno,pdf,분야축,
2429-10,감사원,2429,S02430,srno,pdf,분야축,
2429-11,감사원,2429,S02430,srno,pdf,분야축,
2429-12,감사원,2429,S02430,srno,pdf,분야축,
2429-13,감사원,2429,S02430,srno,pdf,분야축,
2429-14,감사원,2429,S02430,srno,pdf,분야축,
2429-15,감사원,2429,S02430,srno,pdf,분야축,
2429-16,감사원,2429,S02430,srno,pdf,분야축,
2429-17,감사원,2429,S02430,srno,pdf,분야축,
2429-18,감사원,2429,S02430,srno,pdf,분야축,
2429-19,감사원,2429,S02430,srno,pdf,분야축,
2429-20,감사원,2429,S02430,srno,pdf,분야축,
2430-1,감사원,2430,S02431,srno,pdf,분야축,
2430-2,감사원,2430,S02431,srno,pdf,분야축,
2430-3,감사원,2430,S02431,srno,pdf,분야축,
2431-1,감사원,2431,S02432,srno,pdf,분야축,
2432-1,감사원,2432,S02434,srno,pdf,,
2432-2,감사원,2432,S02434,srno,pdf,,
2432-3,감사원,2432,S02434,srno,pdf,,
2432-4,감사원,2432,S02434,srno,pdf,,
2432-5,감사원,2432,S02434,srno,pdf,,
2432-6,감사원,2432,S02434,srno,pdf,,
2432-7,감사원,2432,S02434,srno,pdf,,
2433-1,감사원,2433,S02435,srno,pdf,분야축,
2433-2,감사원,2433,S02435,srno,pdf,분야축,
2434-1,감사원,2434,S02436,srno,pdf,,
2434-2,감사원,2434,S02436,srno,pdf,,
2434-3,감사원,2434,S02436,srno,pdf,,
2434-4,감사원,2434,S02436,srno,pdf,,
2434-5,감사원,2434,S02436,srno,pdf,,
2434-6,감사원,2434,S02436,srno,pdf,,
2434-7,감사원,2434,S02436,srno,pdf,,
2434-8,감사원,2434,S02436,srno,pdf,,
2434-9,감사원,2434,S02436,srno,pdf,,
2434-10,감사원,2434,S02436,srno,pdf,,
2434-11,감사원,2434,S02436,srno,pdf,,
2434-12,감사원,2434,S02436,srno,pdf,,
2434-13,감사원,2434,S02436,srno,pdf,,
2434-14,감사원,2434,S02436,srno,pdf,,
2435-1,감사원,2435,S02437,srno,pdf,분야축,
2435-2,감사원,2435,S02437,srno,pdf,분야축,
2435-3,감사원,2435,S02437,srno,pdf,분야축,
2436-1,감사원,2436,S02439,srno,pdf,,
2437-1,감사원,2437,S02438,srno,pdf,분야축,
2437-2,감사원,2437,S02438,srno,pdf,분야축,
2437-3,감사원,2437,S02438,srno,pdf,,
2438-1,감사원,2438,S02440,srno,pdf,,
2438-2,감사원,2438,S02440,srno,pdf,,
2438-3,감사원,2438,S02440,srno,pdf,,
2438-4,감사원,2438,S02440,srno,pdf,,
2438-5,감사원,2438,S02440,srno,pdf,,
2438-6,감사원,2438,S02440,srno,pdf,,
2438-7,감사원,2438,S02440,srno,pdf,,
2438-8,감사원,2438,S02440,srno,pdf,,
2438-9,감사원,2438,S02440,srno,pdf,,
2438-10,감사원,2438,S02440,srno,pdf,,
2438-11,감사원,2438,S02440,srno,pdf,,
2438-12,감사원,2438,S02440,srno,pdf,분야축,
2438-13,감사원,2438,S02440,srno,pdf,,
2438-14,감사원,2438,S02440,srno,pdf,,
2438-15,감사원,2438,S02440,srno,pdf,분야축,
2438-16,감사원,2438,S02440,srno,pdf,,
2439-1,감사원,2439,S02441,srno,pdf,,
2439-2,감사원,2439,S02441,srno,pdf,,
2440-1,감사원,2440,S02442,srno,pdf,,
2440-2,감사원,2440,S02442,srno,pdf,,
2440-3,감사원,2440,S02442,srno,pdf,,
2440-4,감사원,2440,S02442,srno,pdf,,
2440-5,감사원,2440,S02442,srno,pdf,분야축,
2440-6,감사원,2440,S02442,srno,pdf,분야축,
2440-7,감사원,2440,S02442,srno,pdf,분야축,
2440-8,감사원,2440,S02442,srno,pdf,,
2440-9,감사원,2440,S02442,srno,pdf,recall,
2441-1,감사원,2441,S02444,srno,pdf,분야축,
2442-1,감사원,2442,S02446,srno,pdf,,
2442-2,감사원,2442,S02446,srno,pdf,분야축,
2443-1,감사원,2443,S02447,srno,pdf,분야축,
2443-2,감사원,2443,S02447,srno,pdf,,
2443-3,감사원,2443,S02447,srno,pdf,,
2443-4,감사원,2443,S02447,srno,pdf,,
2443-5,감사원,2443,S02447,srno,pdf,분야축,
2443-6,감사원,2443,S02447,srno,pdf,분야축,
2443-7,감사원,2443,S02447,srno,pdf,recall,
2443-8,감사원,2443,S02447,srno,pdf,recall,
2443-9,감사원,2443,S02447,srno,pdf,,
2443-10,감사원,2443,S02447,srno,pdf,분야축,
2443-11,감사원,2443,S02447,srno,pdf,,
2443-12,감사원,2443,S02447,srno,pdf,,
2444-1,감사원,2444,S02448,srno,pdf,,
2444-2,감사원,2444,S02448,srno,pdf,,
2444-3,감사원,2444,S02448,srno,pdf,분야축,
2444-4,감사원,2444,S02448,srno,pdf,,
2444-5,감사원,2444,S02448,srno,pdf,,
2444-6,감사원,2444,S02448,srno,pdf,분야축,
2444-7,감사원,2444,S02448,srno,pdf,,
2444-8,감사원,2444,S02448,srno,pdf,분야축,
2444-9,감사원,2444,S02448,srno,pdf,,
2445-1,감사원,2445,S02449,srno,pdf,,
2445-2,감사원,2445,S02449,srno,pdf,,
2445-3,감사원,2445,S02449,srno,pdf,,
2445-4,감사원,2445,S02449,srno,pdf,,
2445-5,감사원,2445,S02449,srno,pdf,,
2445-6,감사원,2445,S02449,srno,pdf,,
2445-7,감사원,2445,S02449,srno,pdf,,
2445-8,감사원,2445,S02449,srno,pdf,,
2445-9,감사원,2445,S02449,srno,pdf,,
2445-10,감사원,2445,S02449,srno,pdf,,
2445-11,감사원,2445,S02449,srno,pdf,,
2445-12,감사원,2445,S02449,srno,pdf,,
2445-13,감사원,2445,S02449,srno,pdf,,
2445-14,감사원,2445,S02449,srno,pdf,,
2445-15,감사원,2445,S02449,srno,pdf,,
2445-16,감사원,2445,S02449,srno,pdf,,
2445-17,감사원,2445,S02449,srno,pdf,,
2446-1,감사원,2446,S02450,srno,pdf,recall,
2446-2,감사원,2446,S02450,srno,pdf,분야축,
2446-3,감사원,2446,S02450,srno,pdf,recall,
2446-4,감사원,2446,S02450,srno,pdf,recall,
2446-5,감사원,2446,S02450,srno,pdf,recall,
2446-6,감사원,2446,S02450,srno,pdf,분야축,
2446-7,감사원,2446,S02450,srno,pdf,recall,
2446-8,감사원,2446,S02450,srno,pdf,recall,
2446-9,감사원,2446,S02450,srno,pdf,recall,
2446-10,감사원,2446,S02450,srno,pdf,,
2446-11,감사원,2446,S02450,srno,pdf,,
2446-12,감사원,2446,S02450,srno,pdf,,
2446-13,감사원,2446,S02450,srno,pdf,,
2446-14,감사원,2446,S02450,srno,pdf,,
2446-15,감사원,2446,S02450,srno,pdf,,
2446-16,감사원,2446,S02450,srno,pdf,,
2447-1,감사원,2447,S02452,srno,pdf,,
2447-2,감사원,2447,S02452,srno,pdf,,
2448-1,감사원,2448,S02453,srno,pdf,분야축,
2448-2,감사원,2448,S02453,srno,pdf,분야축,
2448-3,감사원,2448,S02453,srno,pdf,분야축,
2448-4,감사원,2448,S02453,srno,pdf,분야축,
2448-5,감사원,2448,S02453,srno,pdf,분야축,
2448-6,감사원,2448,S02453,srno,pdf,분야축,
2448-7,감사원,2448,S02453,srno,pdf,분야축,
2448-8,감사원,2448,S02453,srno,pdf,분야축,
2448-9,감사원,2448,S02453,srno,pdf,분야축,
2448-10,감사원,2448,S02453,srno,pdf,분야축,
2448-11,감사원,2448,S02453,srno,pdf,분야축,
2448-12,감사원,2448,S02453,srno,pdf,분야축,
2449-1,감사원,2449,S02454,srno,pdf,,
2449-2,감사원,2449,S02454,srno,pdf,,
2449-3,감사원,2449,S02454,srno,pdf,,
2449-4,감사원,2449,S02454,srno,pdf,recall,
2449-5,감사원,2449,S02454,srno,pdf,,
2449-6,감사원,2449,S02454,srno,pdf,분야축,
2449-7,감사원,2449,S02454,srno,pdf,,
2449-8,감사원,2449,S02454,srno,pdf,,
2449-9,감사원,2449,S02454,srno,pdf,,
2449-10,감사원,2449,S02454,srno,pdf,,
2449-11,감사원,2449,S02454,srno,pdf,recall,
2449-12,감사원,2449,S02454,srno,pdf,,
2449-13,감사원,2449,S02454,srno,pdf,,
2449-14,감사원,2449,S02454,srno,pdf,분야축,
2449-15,감사원,2449,S02454,srno,pdf,,
2449-16,감사원,2449,S02454,srno,pdf,분야축,
2450-1,감사원,2450,S02455,srno,pdf,,
2450-2,감사원,2450,S02455,srno,pdf,분야축,
2450-3,감사원,2450,S02455,srno,pdf,분야축,
2450-4,감사원,2450,S02455,srno,pdf,분야축,
2450-5,감사원,2450,S02455,srno,pdf,,
2450-6,감사원,2450,S02455,srno,pdf,분야축,
2451-1,감사원,2451,S02458,srno,pdf,분야축,
2451-2,감사원,2451,S02458,srno,pdf,분야축,
2451-3,감사원,2451,S02458,srno,pdf,,
2451-4,감사원,2451,S02458,srno,pdf,,
2451-5,감사원,2451,S02458,srno,pdf,,
2451-6,감사원,2451,S02458,srno,pdf,,
2451-7,감사원,2451,S02458,srno,pdf,분야축,
2451-8,감사원,2451,S02458,srno,pdf,,
2451-9,감사원,2451,S02458,srno,pdf,,
2451-10,감사원,2451,S02458,srno,pdf,,
2452-1,감사원,2452,S02460,srno,pdf,분야축,
2452-2,감사원,2452,S02460,srno,pdf,분야축,
2452-3,감사원,2452,S02460,srno,pdf,분야축,
2452-4,감사원,2452,S02460,srno,pdf,분야축,
2452-5,감사원,2452,S02460,srno,pdf,분야축,
2453-1,감사원,2453,S02461,srno,pdf,recall,
2454-1,감사원,2454,S02462,srno,pdf,분야축,
2454-2,감사원,2454,S02462,srno,pdf,분야축,
2454-3,감사원,2454,S02462,srno,pdf,분야축,
2454-4,감사원,2454,S02462,srno,pdf,,
2454-5,감사원,2454,S02462,srno,pdf,,
2454-6,감사원,2454,S02462,srno,pdf,,
2454-7,감사원,2454,S02462,srno,pdf,분야축,
2454-8,감사원,2454,S02462,srno,pdf,,
2454-9,감사원,2454,S02462,srno,pdf,,
2454-10,감사원,2454,S02462,srno,pdf,,
2454-11,감사원,2454,S02462,srno,pdf,,
2454-12,감사원,2454,S02462,srno,pdf,,
2454-13,감사원,2454,S02462,srno,pdf,,
2454-14,감사원,2454,S02462,srno,pdf,분야축,
2454-15,감사원,2454,S02462,srno,pdf,분야축,
2454-16,감사원,2454,S02462,srno,pdf,분야축,
2454-17,감사원,2454,S02462,srno,pdf,분야축,
2455-1,감사원,2455,S02463,srno,pdf,분야축,
2455-2,감사원,2455,S02463,srno,pdf,분야축,
2455-3,감사원,2455,S02463,srno,pdf,분야축,
2455-4,감사원,2455,S02463,srno,pdf,,
2455-5,감사원,2455,S02463,srno,pdf,,
2455-6,감사원,2455,S02463,srno,pdf,,
2455-7,감사원,2455,S02463,srno,pdf,,
2455-8,감사원,2455,S02463,srno,pdf,,
2455-9,감사원,2455,S02463,srno,pdf,,
2455-10,감사원,2455,S02463,srno,pdf,,
2455-11,감사원,2455,S02463,srno,pdf,분야축,
2456-1,감사원,2456,S02464,srno,pdf,분야축,
2456-2,감사원,2456,S02464,srno,pdf,분야축,
2456-3,감사원,2456,S02464,srno,pdf,분야축,
2456-4,감사원,2456,S02464,srno,pdf,분야축,
2456-5,감사원,2456,S02464,srno,pdf,분야축,
2456-6,감사원,2456,S02464,srno,pdf,분야축,
2456-7,감사원,2456,S02464,srno,pdf,분야축,
2456-8,감사원,2456,S02464,srno,pdf,분야축,
2456-9,감사원,2456,S02464,srno,pdf,분야축,
2456-10,감사원,2456,S02464,srno,pdf,분야축,
2457-1,감사원,2457,S02465,srno,pdf,분야축,
2457-2,감사원,2457,S02465,srno,pdf,분야축,
2457-3,감사원,2457,S02465,srno,pdf,분야축,
2457-4,감사원,2457,S02465,srno,pdf,분야축,
2457-5,감사원,2457,S02465,srno,pdf,,
2457-6,감사원,2457,S02465,srno,pdf,분야축,
2457-7,감사원,2457,S02465,srno,pdf,분야축,
2457-8,감사원,2457,S02465,srno,pdf,분야축,
2457-9,감사원,2457,S02465,srno,pdf,분야축,
2458-1,감사원,2458,S02466,srno,pdf,분야축,
2458-2,감사원,2458,S02466,srno,pdf,분야축,
2458-3,감사원,2458,S02466,srno,pdf,분야축,
2459-1,감사원,2459,S02471,srno,pdf,,
2459-2,감사원,2459,S02471,srno,pdf,,
2459-3,감사원,2459,S02471,srno,pdf,,
2459-4,감사원,2459,S02471,srno,pdf,,
2459-5,감사원,2459,S02471,srno,pdf,,
2459-6,감사원,2459,S02471,srno,pdf,,
2459-7,감사원,2459,S02471,srno,pdf,,
2459-8,감사원,2459,S02471,srno,pdf,,
2459-9,감사원,2459,S02471,srno,pdf,,
2459-10,감사원,2459,S02471,srno,pdf,분야축,
2459-11,감사원,2459,S02471,srno,pdf,분야축,
2459-12,감사원,2459,S02471,srno,pdf,,
2459-13,감사원,2459,S02471,srno,pdf,,
2459-14,감사원,2459,S02471,srno,pdf,,
2459-15,감사원,2459,S02471,srno,pdf,,
2459-16,감사원,2459,S02471,srno,pdf,,
2459-17,감사원,2459,S02471,srno,pdf,,
2459-18,감사원,2459,S02471,srno,pdf,분야축,
2459-19,감사원,2459,S02471,srno,pdf,분야축,
2460-1,감사원,2460,S02472,srno,pdf,recall,
2460-2,감사원,2460,S02472,srno,pdf,,
2460-3,감사원,2460,S02472,srno,pdf,recall,
2460-4,감사원,2460,S02472,srno,pdf,,
2460-5,감사원,2460,S02472,srno,pdf,분야축,
2460-6,감사원,2460,S02472,srno,pdf,분야축,
2460-7,감사원,2460,S02472,srno,pdf,,
2461-1,감사원,2461,S02473,srno,pdf,분야축,
2461-2,감사원,2461,S02473,srno,pdf,분야축,
2461-3,감사원,2461,S02473,srno,pdf,분야축,
2461-4,감사원,2461,S02473,srno,pdf,분야축,
2461-5,감사원,2461,S02473,srno,pdf,분야축,
2461-6,감사원,2461,S02473,srno,pdf,분야축,
2461-7,감사원,2461,S02473,srno,pdf,분야축,
2461-8,감사원,2461,S02473,srno,pdf,분야축,
2462-1,감사원,2462,S02474,srno,pdf,분야축,
2462-2,감사원,2462,S02474,srno,pdf,,
2462-3,감사원,2462,S02474,srno,pdf,분야축,
2462-4,감사원,2462,S02474,srno,pdf,분야축,
2462-5,감사원,2462,S02474,srno,pdf,,
2462-6,감사원,2462,S02474,srno,pdf,,
2462-7,감사원,2462,S02474,srno,pdf,,
2462-8,감사원,2462,S02474,srno,pdf,,
2462-9,감사원,2462,S02474,srno,pdf,분야축,
2462-10,감사원,2462,S02474,srno,pdf,,
2462-11,감사원,2462,S02474,srno,pdf,분야축,
2462-12,감사원,2462,S02474,srno,pdf,,
2462-13,감사원,2462,S02474,srno,pdf,,
2463-1,감사원,2463,S02475,srno,pdf,,
2463-2,감사원,2463,S02475,srno,pdf,,
2463-3,감사원,2463,S02475,srno,pdf,분야축,
2463-4,감사원,2463,S02475,srno,pdf,분야축,
2463-5,감사원,2463,S02475,srno,pdf,분야축,
2463-6,감사원,2463,S02475,srno,pdf,분야축,
2463-7,감사원,2463,S02475,srno,pdf,recall,
2463-8,감사원,2463,S02475,srno,pdf,,
2463-9,감사원,2463,S02475,srno,pdf,,
2463-10,감사원,2463,S02475,srno,pdf,,
2463-11,감사원,2463,S02475,srno,pdf,,
2463-12,감사원,2463,S02475,srno,pdf,,
2463-13,감사원,2463,S02475,srno,pdf,recall,
2463-14,감사원,2463,S02475,srno,pdf,분야축,
2463-15,감사원,2463,S02475,srno,pdf,,
2464-1,감사원,2464,S02451,srno,pdf,,
2464-2,감사원,2464,S02451,srno,pdf,,
2464-3,감사원,2464,S02451,srno,pdf,,
2464-4,감사원,2464,S02451,srno,pdf,,
2464-5,감사원,2464,S02451,srno,pdf,,
2464-6,감사원,2464,S02451,srno,pdf,,
2465-1,감사원,2465,S02477,srno,pdf,,
2465-2,감사원,2465,S02477,srno,pdf,,
2465-3,감사원,2465,S02477,srno,pdf,,
2465-4,감사원,2465,S02477,srno,pdf,분야축,
2465-5,감사원,2465,S02477,srno,pdf,분야축,
2466-1,감사원,2466,S02478,srno,pdf,분야축,
2466-2,감사원,2466,S02478,srno,pdf,분야축,
2466-3,감사원,2466,S02478,srno,pdf,분야축,
2466-4,감사원,2466,S02478,srno,pdf,분야축,
2466-5,감사원,2466,S02478,srno,pdf,분야축,
2466-6,감사원,2466,S02478,srno,pdf,분야축,
2466-7,감사원,2466,S02478,srno,pdf,분야축,
2466-8,감사원,2466,S02478,srno,pdf,,
2466-9,감사원,2466,S02478,srno,pdf,분야축,
2466-10,감사원,2466,S02478,srno,pdf,분야축,
2466-11,감사원,2466,S02478,srno,pdf,,
2466-12,감사원,2466,S02478,srno,pdf,,
2466-13,감사원,2466,S02478,srno,pdf,,
2466-14,감사원,2466,S02478,srno,pdf,recall,
2466-15,감사원,2466,S02478,srno,pdf,,
2466-16,감사원,2466,S02478,srno,pdf,recall,
2466-17,감사원,2466,S02478,srno,pdf,,
2466-18,감사원,2466,S02478,srno,pdf,,
2466-19,감사원,2466,S02478,srno,pdf,,
2466-20,감사원,2466,S02478,srno,pdf,분야축,
2466-21,감사원,2466,S02478,srno,pdf,recall,
2466-22,감사원,2466,S02478,srno,pdf,분야축,
2466-23,감사원,2466,S02478,srno,pdf,recall,
2466-24,감사원,2466,S02478,srno,pdf,,
2466-25,감사원,2466,S02478,srno,pdf,,
2467-1,감사원,2467,S02481,srno,pdf,분야축,
2467-2,감사원,2467,S02481,srno,pdf,분야축,
2467-3,감사원,2467,S02481,srno,pdf,분야축,
2467-4,감사원,2467,S02481,srno,pdf,,
2467-5,감사원,2467,S02481,srno,pdf,분야축,
2467-6,감사원,2467,S02481,srno,pdf,,
2467-7,감사원,2467,S02481,srno,pdf,분야축,
2467-8,감사원,2467,S02481,srno,pdf,recall,
2467-9,감사원,2467,S02481,srno,pdf,,
2468-1,감사원,2468,S02482,srno,pdf,,
2468-2,감사원,2468,S02482,srno,pdf,,
2469-1,감사원,2469,S02483,srno,pdf,,
2469-2,감사원,2469,S02483,srno,pdf,분야축,
2469-3,감사원,2469,S02483,srno,pdf,,
2469-4,감사원,2469,S02483,srno,pdf,,
2469-5,감사원,2469,S02483,srno,pdf,,
2469-6,감사원,2469,S02483,srno,pdf,분야축,
2469-7,감사원,2469,S02483,srno,pdf,분야축,
2469-8,감사원,2469,S02483,srno,pdf,분야축,
2469-9,감사원,2469,S02483,srno,pdf,분야축,
2469-10,감사원,2469,S02483,srno,pdf,분야축,
2469-11,감사원,2469,S02483,srno,pdf,분야축,
2469-12,감사원,2469,S02483,srno,pdf,분야축,
2469-13,감사원,2469,S02483,srno,pdf,,
2469-14,감사원,2469,S02483,srno,pdf,recall,
2469-15,감사원,2469,S02483,srno,pdf,,
2469-16,감사원,2469,S02483,srno,pdf,,
2471-1,감사원,2471,S02485,srno,pdf,분야축,
2471-2,감사원,2471,S02485,srno,pdf,,
2471-3,감사원,2471,S02485,srno,pdf,recall,
2471-4,감사원,2471,S02485,srno,pdf,,
2471-5,감사원,2471,S02485,srno,pdf,,
2472-1,감사원,2472,S02486,srno,pdf,분야축,
2472-2,감사원,2472,S02486,srno,pdf,분야축,
2472-3,감사원,2472,S02486,srno,pdf,분야축,
2472-4,감사원,2472,S02486,srno,pdf,분야축,
2472-5,감사원,2472,S02486,srno,pdf,분야축,
2472-6,감사원,2472,S02486,srno,pdf,분야축,
2472-7,감사원,2472,S02486,srno,pdf,분야축,
2473-1,감사원,2473,S02487,srno,pdf,,
2473-2,감사원,2473,S02487,srno,pdf,분야축,
2473-3,감사원,2473,S02487,srno,pdf,분야축,
2473-4,감사원,2473,S02487,srno,pdf,,
2473-5,감사원,2473,S02487,srno,pdf,분야축,
2473-6,감사원,2473,S02487,srno,pdf,,
2473-7,감사원,2473,S02487,srno,pdf,,
2473-8,감사원,2473,S02487,srno,pdf,분야축,
2473-9,감사원,2473,S02487,srno,pdf,,
2474-1,감사원,2474,S02488,srno,pdf,,
2474-2,감사원,2474,S02488,srno,pdf,,
2474-3,감사원,2474,S02488,srno,pdf,,
2474-4,감사원,2474,S02488,srno,pdf,분야축,
2474-5,감사원,2474,S02488,srno,pdf,분야축,
2474-6,감사원,2474,S02488,srno,pdf,recall,
2474-7,감사원,2474,S02488,srno,pdf,,
2474-8,감사원,2474,S02488,srno,pdf,,
2475-1,감사원,2475,S02490,srno,pdf,,
2475-2,감사원,2475,S02490,srno,pdf,,
2475-3,감사원,2475,S02490,srno,pdf,,
2475-4,감사원,2475,S02490,srno,pdf,,
2475-5,감사원,2475,S02490,srno,pdf,,
2475-6,감사원,2475,S02490,srno,pdf,,
2475-7,감사원,2475,S02490,srno,pdf,,
2475-8,감사원,2475,S02490,srno,pdf,,
2475-9,감사원,2475,S02490,srno,pdf,,
2475-10,감사원,2475,S02490,srno,pdf,,
2475-11,감사원,2475,S02490,srno,pdf,,
2475-12,감사원,2475,S02490,srno,pdf,,
2475-13,감사원,2475,S02490,srno,pdf,,
2476-1,감사원,2476,S02489,srno,pdf,분야축,
2477-1,감사원,2477,S02491,srno,pdf,,
2477-2,감사원,2477,S02491,srno,pdf,,
2477-3,감사원,2477,S02491,srno,pdf,분야축,
2477-4,감사원,2477,S02491,srno,pdf,,
2477-5,감사원,2477,S02491,srno,pdf,,
2477-6,감사원,2477,S02491,srno,pdf,분야축,
2477-7,감사원,2477,S02491,srno,pdf,,
2477-8,감사원,2477,S02491,srno,pdf,,
2477-9,감사원,2477,S02491,srno,pdf,,
2477-10,감사원,2477,S02491,srno,pdf,,
2477-11,감사원,2477,S02491,srno,pdf,,
2478-1,감사원,2478,S02492,srno,pdf,,
2478-2,감사원,2478,S02492,srno,pdf,,
2478-3,감사원,2478,S02492,srno,pdf,,
2479-1,감사원,2479,S02493,srno,pdf,,
2479-2,감사원,2479,S02493,srno,pdf,분야축,
2479-3,감사원,2479,S02493,srno,pdf,,
2479-4,감사원,2479,S02493,srno,pdf,,
2479-5,감사원,2479,S02493,srno,pdf,recall,
2479-6,감사원,2479,S02493,srno,pdf,recall,
2479-7,감사원,2479,S02493,srno,pdf,,
2479-8,감사원,2479,S02493,srno,pdf,,
2479-9,감사원,2479,S02493,srno,pdf,분야축,
2479-10,감사원,2479,S02493,srno,pdf,,
2479-11,감사원,2479,S02493,srno,pdf,분야축,
2479-12,감사원,2479,S02493,srno,pdf,분야축,
2480-1,감사원,2480,S02494,srno,pdf,분야축,
2480-2,감사원,2480,S02494,srno,pdf,분야축,
2480-3,감사원,2480,S02494,srno,pdf,분야축,
2481-1,감사원,2481,S02495,srno,pdf,,
2481-2,감사원,2481,S02495,srno,pdf,,
2481-3,감사원,2481,S02495,srno,pdf,,
2481-4,감사원,2481,S02495,srno,pdf,,
2481-5,감사원,2481,S02495,srno,pdf,,
2481-6,감사원,2481,S02495,srno,pdf,,
2481-7,감사원,2481,S02495,srno,pdf,,
2482-1,감사원,2482,S02498,srno,pdf,분야축,
2482-2,감사원,2482,S02498,srno,pdf,분야축,
2482-3,감사원,2482,S02498,srno,pdf,,
2482-4,감사원,2482,S02498,srno,pdf,,
2482-5,감사원,2482,S02498,srno,pdf,분야축,
2482-6,감사원,2482,S02498,srno,pdf,분야축,
2482-7,감사원,2482,S02498,srno,pdf,recall,
2482-8,감사원,2482,S02498,srno,pdf,,
2482-9,감사원,2482,S02498,srno,pdf,,
2482-10,감사원,2482,S02498,srno,pdf,분야축,
2482-11,감사원,2482,S02498,srno,pdf,,
2482-12,감사원,2482,S02498,srno,pdf,recall,
2483-1,감사원,2483,S02496,srno,pdf,분야축,
2484-1,감사원,2484,S02497,srno,pdf,recall,
2485-1,감사원,2485,S02499,srno,pdf,,
2485-2,감사원,2485,S02499,srno,pdf,recall,
2485-3,감사원,2485,S02499,srno,pdf,분야축,
2485-4,감사원,2485,S02499,srno,pdf,분야축,
2485-5,감사원,2485,S02499,srno,pdf,,
2485-6,감사원,2485,S02499,srno,pdf,,
2485-7,감사원,2485,S02499,srno,pdf,,
2485-8,감사원,2485,S02499,srno,pdf,,
2485-9,감사원,2485,S02499,srno,pdf,,
2486-1,감사원,2486,S02500,srno,pdf,,
2487-1,감사원,2487,S02501,srno,pdf,,
2487-2,감사원,2487,S02501,srno,pdf,,
2487-3,감사원,2487,S02501,srno,pdf,,
2487-4,감사원,2487,S02501,srno,pdf,,
2487-5,감사원,2487,S02501,srno,pdf,,
2488-1,감사원,2488,S02502,srno,pdf,,
2488-2,감사원,2488,S02502,srno,pdf,,
2488-3,감사원,2488,S02502,srno,pdf,,
2489-1,감사원,2489,S02456,srno,pdf,분야축,
2489-2,감사원,2489,S02456,srno,pdf,분야축,
2489-3,감사원,2489,S02456,srno,pdf,분야축,
2489-4,감사원,2489,S02456,srno,pdf,분야축,
2489-5,감사원,2489,S02456,srno,pdf,분야축,
2489-6,감사원,2489,S02456,srno,pdf,분야축,
2489-7,감사원,2489,S02456,srno,pdf,recall,
2489-8,감사원,2489,S02456,srno,pdf,분야축,
2489-9,감사원,2489,S02456,srno,pdf,분야축,
2489-10,감사원,2489,S02456,srno,pdf,분야축,
2490-1,감사원,2490,S02504,srno,pdf,,
2490-2,감사원,2490,S02504,srno,pdf,,
2490-3,감사원,2490,S02504,srno,pdf,,
2490-4,감사원,2490,S02504,srno,pdf,,
2490-5,감사원,2490,S02504,srno,pdf,,
2490-6,감사원,2490,S02504,srno,pdf,,
2490-7,감사원,2490,S02504,srno,pdf,,
2490-8,감사원,2490,S02504,srno,pdf,,
2490-9,감사원,2490,S02504,srno,pdf,,
2490-10,감사원,2490,S02504,srno,pdf,,
2490-11,감사원,2490,S02504,srno,pdf,,
2490-12,감사원,2490,S02504,srno,pdf,,
2490-13,감사원,2490,S02504,srno,pdf,,
2490-14,감사원,2490,S02504,srno,pdf,,
2490-15,감사원,2490,S02504,srno,pdf,,
2490-16,감사원,2490,S02504,srno,pdf,,
2490-17,감사원,2490,S02504,srno,pdf,,
2490-18,감사원,2490,S02504,srno,pdf,,
2490-19,감사원,2490,S02504,srno,pdf,,
2491-1,감사원,2491,S02505,srno,pdf,,
2492-1,감사원,2492,S02506,srno,pdf,,
2492-2,감사원,2492,S02506,srno,pdf,,
2492-3,감사원,2492,S02506,srno,pdf,분야축,
2492-4,감사원,2492,S02506,srno,pdf,recall,
2492-5,감사원,2492,S02506,srno,pdf,분야축,
2492-6,감사원,2492,S02506,srno,pdf,,
2492-7,감사원,2492,S02506,srno,pdf,,
2492-8,감사원,2492,S02506,srno,pdf,,
2492-9,감사원,2492,S02506,srno,pdf,,
2492-10,감사원,2492,S02506,srno,pdf,,
2493-1,감사원,2493,S02507,srno,pdf,,
2494-1,감사원,2494,S02508,srno,pdf,,
2494-2,감사원,2494,S02508,srno,pdf,,
2494-3,감사원,2494,S02508,srno,pdf,,
2494-4,감사원,2494,S02508,srno,pdf,,
2494-5,감사원,2494,S02508,srno,pdf,,
2494-6,감사원,2494,S02508,srno,pdf,,
2494-7,감사원,2494,S02508,srno,pdf,,
2494-8,감사원,2494,S02508,srno,pdf,,
2495-1,감사원,2495,S02509,srno,pdf,,
2495-2,감사원,2495,S02509,srno,pdf,,
2495-3,감사원,2495,S02509,srno,pdf,,
2495-4,감사원,2495,S02509,srno,pdf,,
2495-5,감사원,2495,S02509,srno,pdf,recall,
2495-6,감사원,2495,S02509,srno,pdf,,
2495-7,감사원,2495,S02509,srno,pdf,,
2495-8,감사원,2495,S02509,srno,pdf,,
2495-9,감사원,2495,S02509,srno,pdf,,
2495-10,감사원,2495,S02509,srno,pdf,,
2495-11,감사원,2495,S02509,srno,pdf,분야축,
2497-1,감사원,2497,S02511,srno,pdf,recall,
2497-2,감사원,2497,S02511,srno,pdf,,
2497-3,감사원,2497,S02511,srno,pdf,,
2497-4,감사원,2497,S02511,srno,pdf,,
2497-5,감사원,2497,S02511,srno,pdf,,
2497-6,감사원,2497,S02511,srno,pdf,분야축,
2497-7,감사원,2497,S02511,srno,pdf,,
2497-8,감사원,2497,S02511,srno,pdf,,
2497-9,감사원,2497,S02511,srno,pdf,분야축,
2497-10,감사원,2497,S02511,srno,pdf,분야축,
2497-11,감사원,2497,S02511,srno,pdf,분야축,
2497-12,감사원,2497,S02511,srno,pdf,분야축,
2498-1,감사원,2498,S02512,srno,pdf,,
2498-2,감사원,2498,S02512,srno,pdf,,
2498-3,감사원,2498,S02512,srno,pdf,,
2498-4,감사원,2498,S02512,srno,pdf,,
2498-5,감사원,2498,S02512,srno,pdf,,
2498-6,감사원,2498,S02512,srno,pdf,,
2498-7,감사원,2498,S02512,srno,pdf,,
2498-8,감사원,2498,S02512,srno,pdf,recall,
2498-9,감사원,2498,S02512,srno,pdf,,
2498-10,감사원,2498,S02512,srno,pdf,,
2498-11,감사원,2498,S02512,srno,pdf,,
2498-12,감사원,2498,S02512,srno,pdf,,
2498-13,감사원,2498,S02512,srno,pdf,,
2498-14,감사원,2498,S02512,srno,pdf,recall,
2498-15,감사원,2498,S02512,srno,pdf,,
2498-16,감사원,2498,S02512,srno,pdf,,
2498-17,감사원,2498,S02512,srno,pdf,,
2498-18,감사원,2498,S02512,srno,pdf,,
2498-19,감사원,2498,S02512,srno,pdf,recall,
2498-20,감사원,2498,S02512,srno,pdf,,
2498-21,감사원,2498,S02512,srno,pdf,,
2498-22,감사원,2498,S02512,srno,pdf,,
2499-1,감사원,2499,S02513,srno,pdf,,
2499-2,감사원,2499,S02513,srno,pdf,,
2499-3,감사원,2499,S02513,srno,pdf,분야축,
2499-4,감사원,2499,S02513,srno,pdf,,
2499-5,감사원,2499,S02513,srno,pdf,분야축,
2499-6,감사원,2499,S02513,srno,pdf,분야축,
2500-1,감사원,2500,S02514,srno,pdf,,
2500-2,감사원,2500,S02514,srno,pdf,분야축,
2500-3,감사원,2500,S02514,srno,pdf,분야축,
2501-1,감사원,2501,S02515,srno,pdf,,
2501-2,감사원,2501,S02515,srno,pdf,,
2501-3,감사원,2501,S02515,srno,pdf,,
2502-1,감사원,2502,S02516,srno,pdf,,
2502-2,감사원,2502,S02516,srno,pdf,,
2502-3,감사원,2502,S02516,srno,pdf,,
2502-4,감사원,2502,S02516,srno,pdf,,
2502-5,감사원,2502,S02516,srno,pdf,분야축,
2502-6,감사원,2502,S02516,srno,pdf,,
2502-7,감사원,2502,S02516,srno,pdf,,
2502-8,감사원,2502,S02516,srno,pdf,분야축,
2503-1,감사원,2503,S02517,srno,pdf,,
2503-2,감사원,2503,S02517,srno,pdf,분야축,
2503-3,감사원,2503,S02517,srno,pdf,분야축,
2503-4,감사원,2503,S02517,srno,pdf,분야축,
2503-5,감사원,2503,S02517,srno,pdf,,
2504-1,감사원,2504,S02518,srno,pdf,,
2504-2,감사원,2504,S02518,srno,pdf,recall,
2504-3,감사원,2504,S02518,srno,pdf,분야축,
2504-4,감사원,2504,S02518,srno,pdf,분야축,
2504-5,감사원,2504,S02518,srno,pdf,,
2504-6,감사원,2504,S02518,srno,pdf,,
2504-7,감사원,2504,S02518,srno,pdf,분야축,
2504-8,감사원,2504,S02518,srno,pdf,,
2504-9,감사원,2504,S02518,srno,pdf,,
2504-10,감사원,2504,S02518,srno,pdf,분야축,
2504-11,감사원,2504,S02518,srno,pdf,,
2504-12,감사원,2504,S02518,srno,pdf,,
2504-13,감사원,2504,S02518,srno,pdf,,
2505-1,감사원,2505,S02519,srno,pdf,,
2505-2,감사원,2505,S02519,srno,pdf,,
2505-3,감사원,2505,S02519,srno,pdf,,
2505-4,감사원,2505,S02519,srno,pdf,,
2505-5,감사원,2505,S02519,srno,pdf,,
2505-6,감사원,2505,S02519,srno,pdf,recall,
2506-1,감사원,2506,S02520,srno,pdf,recall,
2507-1,감사원,2507,S02522,srno,pdf,분야축,
2507-2,감사원,2507,S02522,srno,pdf,분야축,
2507-3,감사원,2507,S02522,srno,pdf,분야축,
2507-4,감사원,2507,S02522,srno,pdf,분야축,
2507-5,감사원,2507,S02522,srno,pdf,분야축,
2507-6,감사원,2507,S02522,srno,pdf,분야축,
2508-1,감사원,2508,S02524,srno,pdf,recall,
2508-2,감사원,2508,S02524,srno,pdf,,
2508-3,감사원,2508,S02524,srno,pdf,,
2508-4,감사원,2508,S02524,srno,pdf,recall,
2508-5,감사원,2508,S02524,srno,pdf,분야축,
2508-6,감사원,2508,S02524,srno,pdf,,
2508-7,감사원,2508,S02524,srno,pdf,분야축,
2508-8,감사원,2508,S02524,srno,pdf,분야축,
2509-1,감사원,2509,S02479,srno,pdf,,
2509-2,감사원,2509,S02479,srno,pdf,,
2509-3,감사원,2509,S02479,srno,pdf,분야축,
2509-4,감사원,2509,S02479,srno,pdf,,
2509-5,감사원,2509,S02479,srno,pdf,,
2509-6,감사원,2509,S02479,srno,pdf,,
2509-7,감사원,2509,S02479,srno,pdf,분야축,
2509-8,감사원,2509,S02479,srno,pdf,,
2509-9,감사원,2509,S02479,srno,pdf,,
2509-10,감사원,2509,S02479,srno,pdf,recall,
2510-1,감사원,2510,S02526,srno,pdf,분야축,
2510-2,감사원,2510,S02526,srno,pdf,,
2510-3,감사원,2510,S02526,srno,pdf,분야축,
2510-4,감사원,2510,S02526,srno,pdf,recall,
2510-5,감사원,2510,S02526,srno,pdf,,
2510-6,감사원,2510,S02526,srno,pdf,recall,
2510-7,감사원,2510,S02526,srno,pdf,분야축,
2510-8,감사원,2510,S02526,srno,pdf,분야축,
2510-9,감사원,2510,S02526,srno,pdf,분야축,
2510-10,감사원,2510,S02526,srno,pdf,분야축,
2510-11,감사원,2510,S02526,srno,pdf,,
2510-12,감사원,2510,S02526,srno,pdf,분야축,
2510-13,감사원,2510,S02526,srno,pdf,,
2510-14,감사원,2510,S02526,srno,pdf,,
2510-15,감사원,2510,S02526,srno,pdf,,
2510-16,감사원,2510,S02526,srno,pdf,,
2510-17,감사원,2510,S02526,srno,pdf,분야축,
2510-18,감사원,2510,S02526,srno,pdf,분야축,
2511-1,감사원,2511,S02527,srno,pdf,,
2512-1,감사원,2512,S02528,srno,pdf,,
2512-2,감사원,2512,S02528,srno,pdf,recall,
2512-3,감사원,2512,S02528,srno,pdf,분야축,
2512-4,감사원,2512,S02528,srno,pdf,분야축,
2512-5,감사원,2512,S02528,srno,pdf,분야축,
2512-6,감사원,2512,S02528,srno,pdf,분야축,
2512-7,감사원,2512,S02528,srno,pdf,분야축,
2512-8,감사원,2512,S02528,srno,pdf,분야축,
2512-9,감사원,2512,S02528,srno,pdf,,
2512-10,감사원,2512,S02528,srno,pdf,recall,
2513-1,감사원,2513,S02529,srno,pdf,,
2513-2,감사원,2513,S02529,srno,pdf,,
2513-3,감사원,2513,S02529,srno,pdf,,
2513-4,감사원,2513,S02529,srno,pdf,분야축,
2513-5,감사원,2513,S02529,srno,pdf,분야축,
2513-6,감사원,2513,S02529,srno,pdf,분야축,
2513-7,감사원,2513,S02529,srno,pdf,,
2513-8,감사원,2513,S02529,srno,pdf,분야축,
2513-9,감사원,2513,S02529,srno,pdf,,
2513-10,감사원,2513,S02529,srno,pdf,분야축,
2513-11,감사원,2513,S02529,srno,pdf,,
2513-12,감사원,2513,S02529,srno,pdf,,
2514-1,감사원,2514,S02530,srno,pdf,,
2514-2,감사원,2514,S02530,srno,pdf,,
2514-3,감사원,2514,S02530,srno,pdf,,
2514-4,감사원,2514,S02530,srno,pdf,분야축,
2514-5,감사원,2514,S02530,srno,pdf,,
2515-1,감사원,2515,S02531,srno,pdf,,
2515-2,감사원,2515,S02531,srno,pdf,,
2515-3,감사원,2515,S02531,srno,pdf,,
2515-4,감사원,2515,S02531,srno,pdf,,
2515-5,감사원,2515,S02531,srno,pdf,,
2515-6,감사원,2515,S02531,srno,pdf,,
2515-7,감사원,2515,S02531,srno,pdf,,
2515-8,감사원,2515,S02531,srno,pdf,분야축,
2515-9,감사원,2515,S02531,srno,pdf,분야축,
2515-10,감사원,2515,S02531,srno,pdf,,
2515-11,감사원,2515,S02531,srno,pdf,,
2515-12,감사원,2515,S02531,srno,pdf,,
2516-1,감사원,2516,S02532,srno,pdf,,
2517-1,감사원,2517,S02533,srno,pdf,분야축,
2517-2,감사원,2517,S02533,srno,pdf,분야축,
2517-3,감사원,2517,S02533,srno,pdf,분야축,
2517-4,감사원,2517,S02533,srno,pdf,,
2517-5,감사원,2517,S02533,srno,pdf,,
2517-6,감사원,2517,S02533,srno,pdf,recall,
2517-7,감사원,2517,S02533,srno,pdf,분야축,
2517-8,감사원,2517,S02533,srno,pdf,분야축,
2517-9,감사원,2517,S02533,srno,pdf,분야축,
2518-1,감사원,2518,S02534,srno,pdf,,
2518-2,감사원,2518,S02534,srno,pdf,,
2518-3,감사원,2518,S02534,srno,pdf,,
2518-4,감사원,2518,S02534,srno,pdf,,
2518-5,감사원,2518,S02534,srno,pdf,recall,
2518-6,감사원,2518,S02534,srno,pdf,,
2518-7,감사원,2518,S02534,srno,pdf,,
2518-8,감사원,2518,S02534,srno,pdf,,
2518-9,감사원,2518,S02534,srno,pdf,,
2519-1,감사원,2519,S02535,srno,pdf,,
2520-1,감사원,2520,S02536,srno,pdf,,
2520-2,감사원,2520,S02536,srno,pdf,,
2520-3,감사원,2520,S02536,srno,pdf,,
2520-4,감사원,2520,S02536,srno,pdf,,
2520-5,감사원,2520,S02536,srno,pdf,,
2520-6,감사원,2520,S02536,srno,pdf,,
2520-7,감사원,2520,S02536,srno,pdf,,
2520-8,감사원,2520,S02536,srno,pdf,,
2520-9,감사원,2520,S02536,srno,pdf,,
2520-10,감사원,2520,S02536,srno,pdf,,
2520-11,감사원,2520,S02536,srno,pdf,,
2520-12,감사원,2520,S02536,srno,pdf,,
2520-13,감사원,2520,S02536,srno,pdf,,
2520-14,감사원,2520,S02536,srno,pdf,,
2520-15,감사원,2520,S02536,srno,pdf,,
2520-16,감사원,2520,S02536,srno,pdf,,
2520-17,감사원,2520,S02536,srno,pdf,,
2521-1,감사원,2521,S02538,srno,pdf,,
2521-2,감사원,2521,S02538,srno,pdf,,
2521-3,감사원,2521,S02538,srno,pdf,,
2521-4,감사원,2521,S02538,srno,pdf,,
2521-5,감사원,2521,S02538,srno,pdf,,
2521-6,감사원,2521,S02538,srno,pdf,분야축,
2521-7,감사원,2521,S02538,srno,pdf,recall,
2521-8,감사원,2521,S02538,srno,pdf,recall,
2521-9,감사원,2521,S02538,srno,pdf,,
2521-10,감사원,2521,S02538,srno,pdf,recall,
2521-11,감사원,2521,S02538,srno,pdf,분야축,
2521-12,감사원,2521,S02538,srno,pdf,recall,
2521-13,감사원,2521,S02538,srno,pdf,,
2521-14,감사원,2521,S02538,srno,pdf,,
2521-15,감사원,2521,S02538,srno,pdf,,
2521-16,감사원,2521,S02538,srno,pdf,,
2521-17,감사원,2521,S02538,srno,pdf,,
2521-18,감사원,2521,S02538,srno,pdf,,
2522-1,감사원,2522,S02418,srno,pdf,분야축,
2522-2,감사원,2522,S02418,srno,pdf,분야축,
2522-3,감사원,2522,S02418,srno,pdf,분야축,
2522-4,감사원,2522,S02418,srno,pdf,분야축,
2522-5,감사원,2522,S02418,srno,pdf,,
2522-6,감사원,2522,S02418,srno,pdf,,
2522-7,감사원,2522,S02418,srno,pdf,,
2522-8,감사원,2522,S02418,srno,pdf,분야축,
2522-9,감사원,2522,S02418,srno,pdf,,
2522-10,감사원,2522,S02418,srno,pdf,분야축,
2522-11,감사원,2522,S02418,srno,pdf,분야축,
2522-12,감사원,2522,S02418,srno,pdf,분야축,
2522-13,감사원,2522,S02418,srno,pdf,,
2522-14,감사원,2522,S02418,srno,pdf,,
2522-15,감사원,2522,S02418,srno,pdf,,
2522-16,감사원,2522,S02418,srno,pdf,,
2522-17,감사원,2522,S02418,srno,pdf,,
2522-18,감사원,2522,S02418,srno,pdf,분야축,
2522-19,감사원,2522,S02418,srno,pdf,분야축,
2522-20,감사원,2522,S02418,srno,pdf,분야축,
2522-21,감사원,2522,S02418,srno,pdf,,
2522-22,감사원,2522,S02418,srno,pdf,,
2523-1,감사원,2523,S02539,srno,pdf,,
2523-2,감사원,2523,S02539,srno,pdf,,
2523-3,감사원,2523,S02539,srno,pdf,,
2524-1,감사원,2524,S02537,srno,pdf,분야축,
2524-2,감사원,2524,S02537,srno,pdf,,
2524-3,감사원,2524,S02537,srno,pdf,분야축,
2524-4,감사원,2524,S02537,srno,pdf,분야축,
2524-5,감사원,2524,S02537,srno,pdf,분야축,
2524-6,감사원,2524,S02537,srno,pdf,,
2525-1,감사원,2525,S02540,srno,pdf,,
2525-2,감사원,2525,S02540,srno,pdf,,
2525-3,감사원,2525,S02540,srno,pdf,,
2525-4,감사원,2525,S02540,srno,pdf,,
2525-5,감사원,2525,S02540,srno,pdf,,
2525-6,감사원,2525,S02540,srno,pdf,,
2525-7,감사원,2525,S02540,srno,pdf,recall,
2525-8,감사원,2525,S02540,srno,pdf,,
2525-9,감사원,2525,S02540,srno,pdf,,
2525-10,감사원,2525,S02540,srno,pdf,,
2526-1,감사원,2526,S02541,srno,pdf,,
2526-2,감사원,2526,S02541,srno,pdf,분야축,
2526-3,감사원,2526,S02541,srno,pdf,분야축,
2526-4,감사원,2526,S02541,srno,pdf,,
2526-5,감사원,2526,S02541,srno,pdf,분야축,
2527-1,감사원,2527,S02542,srno,pdf,,
2527-2,감사원,2527,S02542,srno,pdf,분야축,
2527-3,감사원,2527,S02542,srno,pdf,분야축,
2527-4,감사원,2527,S02542,srno,pdf,,
2527-5,감사원,2527,S02542,srno,pdf,,
2527-6,감사원,2527,S02542,srno,pdf,,
2527-7,감사원,2527,S02542,srno,pdf,,
2527-8,감사원,2527,S02542,srno,pdf,,
2527-9,감사원,2527,S02542,srno,pdf,,
2527-10,감사원,2527,S02542,srno,pdf,분야축,
2527-11,감사원,2527,S02542,srno,pdf,,
2528-1,감사원,2528,S02543,srno,pdf,,
2529-1,감사원,2529,S02544,srno,pdf,,
2530-1,감사원,2530,S02545,srno,pdf,분야축,
2531-1,감사원,2531,S02546,srno,pdf,분야축,
2531-2,감사원,2531,S02546,srno,pdf,,
2531-3,감사원,2531,S02546,srno,pdf,,
2531-4,감사원,2531,S02546,srno,pdf,,
2531-5,감사원,2531,S02546,srno,pdf,,
2531-6,감사원,2531,S02546,srno,pdf,,
2531-7,감사원,2531,S02546,srno,pdf,,
2532-1,감사원,2532,S02547,srno,pdf,분야축,
2532-2,감사원,2532,S02547,srno,pdf,분야축,
2532-3,감사원,2532,S02547,srno,pdf,분야축,
2533-1,감사원,2533,S02548,srno,pdf,,
2533-2,감사원,2533,S02548,srno,pdf,,
2533-3,감사원,2533,S02548,srno,pdf,,
2533-4,감사원,2533,S02548,srno,pdf,분야축,
2533-5,감사원,2533,S02548,srno,pdf,분야축,
2533-6,감사원,2533,S02548,srno,pdf,,
2533-7,감사원,2533,S02548,srno,pdf,분야축,
2534-1,감사원,2534,S02549,srno,pdf,분야축,
2534-2,감사원,2534,S02549,srno,pdf,,
2534-3,감사원,2534,S02549,srno,pdf,,
2534-4,감사원,2534,S02549,srno,pdf,,
2534-5,감사원,2534,S02549,srno,pdf,분야축,
2534-6,감사원,2534,S02549,srno,pdf,,
2534-7,감사원,2534,S02549,srno,pdf,,
2534-8,감사원,2534,S02549,srno,pdf,recall,
2534-9,감사원,2534,S02549,srno,pdf,,
2535-1,감사원,2535,S02550,srno,pdf,분야축,
2536-1,감사원,2536,S02552,srno,pdf,,
2537-1,감사원,2537,S02553,srno,pdf,,
2537-2,감사원,2537,S02553,srno,pdf,분야축,
2538-1,감사원,2538,S02555,srno,pdf,분야축,
2539-1,감사원,2539,S02554,srno,pdf,recall,
2539-2,감사원,2539,S02554,srno,pdf,,
2539-3,감사원,2539,S02554,srno,pdf,분야축,
2539-4,감사원,2539,S02554,srno,pdf,,
2539-5,감사원,2539,S02554,srno,pdf,,
2539-6,감사원,2539,S02554,srno,pdf,,
2539-7,감사원,2539,S02554,srno,pdf,,
2540-1,감사원,2540,S02556,srno,pdf,,
2540-2,감사원,2540,S02556,srno,pdf,분야축,
2540-3,감사원,2540,S02556,srno,pdf,recall,
2541-1,감사원,2541,S02557,srno,pdf,분야축,
2541-2,감사원,2541,S02557,srno,pdf,분야축,
2541-3,감사원,2541,S02557,srno,pdf,분야축,
2541-4,감사원,2541,S02557,srno,pdf,분야축,
2541-5,감사원,2541,S02557,srno,pdf,분야축,
2541-6,감사원,2541,S02557,srno,pdf,분야축,
2542-1,감사원,2542,S02558,srno,pdf,recall,
2543-1,감사원,2543,S02484,srno,pdf,recall,
2545-1,감사원,2545,S02459,srno,pdf,분야축,
2546-1,감사원,2546,S02503,srno,pdf,분야축,
2546-2,감사원,2546,S02503,srno,pdf,분야축,
2546-3,감사원,2546,S02503,srno,pdf,분야축,
2546-4,감사원,2546,S02503,srno,pdf,분야축,
2547-1,감사원,2547,S02559,srno,pdf,분야축,
2548-1,감사원,2548,S02560,srno,pdf,분야축,
2548-2,감사원,2548,S02560,srno,pdf,분야축,
2548-3,감사원,2548,S02560,srno,pdf,,
2548-4,감사원,2548,S02560,srno,pdf,,
2548-5,감사원,2548,S02560,srno,pdf,,
2548-6,감사원,2548,S02560,srno,pdf,분야축,
2548-7,감사원,2548,S02560,srno,pdf,분야축,
2548-8,감사원,2548,S02560,srno,pdf,,
2549-1,감사원,2549,S02561,srno,pdf,분야축,
2551-1,감사원,2551,S02563,srno,pdf,분야축,
2551-2,감사원,2551,S02563,srno,pdf,분야축,
2551-3,감사원,2551,S02563,srno,pdf,,
2551-4,감사원,2551,S02563,srno,pdf,분야축,
2551-5,감사원,2551,S02563,srno,pdf,,
2551-6,감사원,2551,S02563,srno,pdf,,
2551-7,감사원,2551,S02563,srno,pdf,분야축,
2551-8,감사원,2551,S02563,srno,pdf,,
2551-9,감사원,2551,S02563,srno,pdf,,
2551-10,감사원,2551,S02563,srno,pdf,,
2551-11,감사원,2551,S02563,srno,pdf,,
2551-12,감사원,2551,S02563,srno,pdf,,
2551-13,감사원,2551,S02563,srno,pdf,,
2552-1,감사원,2552,S02564,srno,pdf,,
2552-2,감사원,2552,S02564,srno,pdf,,
2552-3,감사원,2552,S02564,srno,pdf,recall,
2553-1,감사원,2553,S02521,srno,pdf,recall,
2554-1,감사원,2554,S02565,srno,pdf,recall,
2554-2,감사원,2554,S02565,srno,pdf,,
2554-3,감사원,2554,S02565,srno,pdf,,
2554-4,감사원,2554,S02565,srno,pdf,,
2554-5,감사원,2554,S02565,srno,pdf,,
2554-6,감사원,2554,S02565,srno,pdf,,
2555-1,감사원,2555,S02566,srno,pdf,분야축,
2555-2,감사원,2555,S02566,srno,pdf,recall,
2555-3,감사원,2555,S02566,srno,pdf,,
2555-4,감사원,2555,S02566,srno,pdf,,
2555-5,감사원,2555,S02566,srno,pdf,분야축,
2555-6,감사원,2555,S02566,srno,pdf,분야축,
2555-7,감사원,2555,S02566,srno,pdf,,
2555-8,감사원,2555,S02566,srno,pdf,분야축,
2555-9,감사원,2555,S02566,srno,pdf,recall,
2555-10,감사원,2555,S02566,srno,pdf,,
2555-11,감사원,2555,S02566,srno,pdf,,
2555-12,감사원,2555,S02566,srno,pdf,,
2555-13,감사원,2555,S02566,srno,pdf,,
2555-14,감사원,2555,S02566,srno,pdf,분야축,
2555-15,감사원,2555,S02566,srno,pdf,,
2555-16,감사원,2555,S02566,srno,pdf,,
2555-17,감사원,2555,S02566,srno,pdf,,
2556-1,감사원,2556,S02567,srno,pdf,,
2556-2,감사원,2556,S02567,srno,pdf,,
2556-3,감사원,2556,S02567,srno,pdf,,
2556-4,감사원,2556,S02567,srno,pdf,,
2556-5,감사원,2556,S02567,srno,pdf,,
2556-6,감사원,2556,S02567,srno,pdf,분야축,
2556-7,감사원,2556,S02567,srno,pdf,,
2556-8,감사원,2556,S02567,srno,pdf,분야축,
2556-9,감사원,2556,S02567,srno,pdf,,
2556-10,감사원,2556,S02567,srno,pdf,분야축,
2556-11,감사원,2556,S02567,srno,pdf,,
2556-12,감사원,2556,S02567,srno,pdf,분야축,
2556-13,감사원,2556,S02567,srno,pdf,,
2556-14,감사원,2556,S02567,srno,pdf,분야축,
2556-15,감사원,2556,S02567,srno,pdf,분야축,
2557-1,감사원,2557,S02568,srno,pdf,recall,
2557-2,감사원,2557,S02568,srno,pdf,,
2557-3,감사원,2557,S02568,srno,pdf,,
2557-4,감사원,2557,S02568,srno,pdf,,
2557-5,감사원,2557,S02568,srno,pdf,분야축,
2557-6,감사원,2557,S02568,srno,pdf,분야축,
2557-7,감사원,2557,S02568,srno,pdf,,
2558-1,감사원,2558,S02569,srno,pdf,,
2558-2,감사원,2558,S02569,srno,pdf,,
2558-3,감사원,2558,S02569,srno,pdf,,
2558-4,감사원,2558,S02569,srno,pdf,분야축,
2558-5,감사원,2558,S02569,srno,pdf,,
2558-6,감사원,2558,S02569,srno,pdf,분야축,
2558-7,감사원,2558,S02569,srno,pdf,,
2558-8,감사원,2558,S02569,srno,pdf,,
2558-9,감사원,2558,S02569,srno,pdf,,
2559-1,감사원,2559,S02570,srno,pdf,,
2559-2,감사원,2559,S02570,srno,pdf,분야축,
2560-1,감사원,2560,S02571,srno,pdf,,
2560-2,감사원,2560,S02571,srno,pdf,recall,
2560-3,감사원,2560,S02571,srno,pdf,분야축,
2560-4,감사원,2560,S02571,srno,pdf,,
2560-5,감사원,2560,S02571,srno,pdf,분야축,
2561-1,감사원,2561,S02572,srno,pdf,분야축,
2561-2,감사원,2561,S02572,srno,pdf,분야축,
2561-3,감사원,2561,S02572,srno,pdf,분야축,
2561-4,감사원,2561,S02572,srno,pdf,분야축,
2561-5,감사원,2561,S02572,srno,pdf,분야축,
2561-6,감사원,2561,S02572,srno,pdf,분야축,
2561-7,감사원,2561,S02572,srno,pdf,분야축,
2561-8,감사원,2561,S02572,srno,pdf,분야축,
2561-9,감사원,2561,S02572,srno,pdf,분야축,
2561-10,감사원,2561,S02572,srno,pdf,분야축,
2561-11,감사원,2561,S02572,srno,pdf,분야축,
2562-1,감사원,2562,S02573,srno,pdf,,
2563-1,감사원,2563,S02574,srno,pdf,,
2563-2,감사원,2563,S02574,srno,pdf,,
2563-3,감사원,2563,S02574,srno,pdf,,
2563-4,감사원,2563,S02574,srno,pdf,,
2563-5,감사원,2563,S02574,srno,pdf,,
2564-1,감사원,2564,S02577,srno,pdf,,
2565-1,감사원,2565,S02576,srno,pdf,,
2565-2,감사원,2565,S02576,srno,pdf,분야축,
2565-3,감사원,2565,S02576,srno,pdf,,
2565-4,감사원,2565,S02576,srno,pdf,,
2566-1,감사원,2566,S02578,srno,pdf,분야축,
2566-2,감사원,2566,S02578,srno,pdf,분야축,
2566-3,감사원,2566,S02578,srno,pdf,recall,
2566-4,감사원,2566,S02578,srno,pdf,,
2566-5,감사원,2566,S02578,srno,pdf,분야축,
2566-6,감사원,2566,S02578,srno,pdf,분야축,
2566-7,감사원,2566,S02578,srno,pdf,분야축,
2566-8,감사원,2566,S02578,srno,pdf,분야축,
2566-9,감사원,2566,S02578,srno,pdf,분야축,
2566-10,감사원,2566,S02578,srno,pdf,,
2566-11,감사원,2566,S02578,srno,pdf,,
2566-12,감사원,2566,S02578,srno,pdf,분야축,
2566-13,감사원,2566,S02578,srno,pdf,분야축,
2567-1,감사원,2567,S02581,srno,pdf,,
2568-1,감사원,2568,S02583,srno,pdf,,
2569-1,감사원,2569,S02584,srno,pdf,,
2569-2,감사원,2569,S02584,srno,pdf,,
2569-3,감사원,2569,S02584,srno,pdf,분야축,
2569-4,감사원,2569,S02584,srno,pdf,,
2569-5,감사원,2569,S02584,srno,pdf,분야축,
2569-6,감사원,2569,S02584,srno,pdf,,
2569-7,감사원,2569,S02584,srno,pdf,분야축,
2569-8,감사원,2569,S02584,srno,pdf,분야축,
2569-9,감사원,2569,S02584,srno,pdf,,
2569-10,감사원,2569,S02584,srno,pdf,분야축,
2570-1,감사원,2570,S02582,srno,pdf,분야축,
2570-2,감사원,2570,S02582,srno,pdf,,
2570-3,감사원,2570,S02582,srno,pdf,recall,
2570-4,감사원,2570,S02582,srno,pdf,,
2571-1,감사원,2571,S02585,srno,pdf,분야축,
2571-2,감사원,2571,S02585,srno,pdf,분야축,
2571-3,감사원,2571,S02585,srno,pdf,분야축,
2571-4,감사원,2571,S02585,srno,pdf,분야축,
2571-5,감사원,2571,S02585,srno,pdf,분야축,
2571-6,감사원,2571,S02585,srno,pdf,분야축,
2571-7,감사원,2571,S02585,srno,pdf,분야축,
2571-8,감사원,2571,S02585,srno,pdf,,
2571-9,감사원,2571,S02585,srno,pdf,분야축,
2571-10,감사원,2571,S02585,srno,pdf,분야축,
2571-11,감사원,2571,S02585,srno,pdf,분야축,
2571-12,감사원,2571,S02585,srno,pdf,분야축,
2571-13,감사원,2571,S02585,srno,pdf,분야축,
2571-14,감사원,2571,S02585,srno,pdf,분야축,
2571-15,감사원,2571,S02585,srno,pdf,분야축,
2571-16,감사원,2571,S02585,srno,pdf,분야축,
2571-17,감사원,2571,S02585,srno,pdf,분야축,
2571-18,감사원,2571,S02585,srno,pdf,분야축,
2571-19,감사원,2571,S02585,srno,pdf,분야축,
2571-20,감사원,2571,S02585,srno,pdf,분야축,
2571-21,감사원,2571,S02585,srno,pdf,분야축,
2571-22,감사원,2571,S02585,srno,pdf,분야축,
2571-23,감사원,2571,S02585,srno,pdf,분야축,
2571-24,감사원,2571,S02585,srno,pdf,,
2572-1,감사원,2572,S02551,srno,pdf,분야축,
2572-2,감사원,2572,S02551,srno,pdf,분야축,
2572-3,감사원,2572,S02551,srno,pdf,분야축,
2572-4,감사원,2572,S02551,srno,pdf,분야축,
2572-5,감사원,2572,S02551,srno,pdf,분야축,
2572-6,감사원,2572,S02551,srno,pdf,분야축,
2572-7,감사원,2572,S02551,srno,pdf,분야축,
2572-8,감사원,2572,S02551,srno,pdf,분야축,
2573-1,감사원,2573,S02575,srno,pdf,,
2573-2,감사원,2573,S02575,srno,pdf,,
2573-3,감사원,2573,S02575,srno,pdf,,
2573-4,감사원,2573,S02575,srno,pdf,분야축,
2573-5,감사원,2573,S02575,srno,pdf,분야축,
2573-6,감사원,2573,S02575,srno,pdf,분야축,
2574-1,감사원,2574,S02587,srno,pdf,,
2574-2,감사원,2574,S02587,srno,pdf,,
2574-3,감사원,2574,S02587,srno,pdf,,
2574-4,감사원,2574,S02587,srno,pdf,,
2574-5,감사원,2574,S02587,srno,pdf,,
2575-1,감사원,2575,S02588,srno,pdf,,
2575-2,감사원,2575,S02588,srno,pdf,,
2575-3,감사원,2575,S02588,srno,pdf,,
2575-4,감사원,2575,S02588,srno,pdf,,
2575-5,감사원,2575,S02588,srno,pdf,,
2575-6,감사원,2575,S02588,srno,pdf,,
2575-7,감사원,2575,S02588,srno,pdf,,
2575-8,감사원,2575,S02588,srno,pdf,,
2575-9,감사원,2575,S02588,srno,pdf,분야축,
2575-10,감사원,2575,S02588,srno,pdf,분야축,
2575-11,감사원,2575,S02588,srno,pdf,,
2575-12,감사원,2575,S02588,srno,pdf,,
2575-13,감사원,2575,S02588,srno,pdf,,
2575-14,감사원,2575,S02588,srno,pdf,분야축,
2575-15,감사원,2575,S02588,srno,pdf,,
2575-16,감사원,2575,S02588,srno,pdf,,
2576-1,감사원,2576,S02589,srno,pdf,,
2576-2,감사원,2576,S02589,srno,pdf,,
2576-3,감사원,2576,S02589,srno,pdf,recall,
2577-1,감사원,2577,S02590,srno,pdf,,
2577-2,감사원,2577,S02590,srno,pdf,,
2577-3,감사원,2577,S02590,srno,pdf,,
2577-4,감사원,2577,S02590,srno,pdf,분야축,
2577-5,감사원,2577,S02590,srno,pdf,,
2577-6,감사원,2577,S02590,srno,pdf,분야축,
2578-1,감사원,2578,S02591,srno,pdf,,
2578-2,감사원,2578,S02591,srno,pdf,,
2578-3,감사원,2578,S02591,srno,pdf,,
2578-4,감사원,2578,S02591,srno,pdf,,
2578-5,감사원,2578,S02591,srno,pdf,,
2578-6,감사원,2578,S02591,srno,pdf,,
2578-7,감사원,2578,S02591,srno,pdf,,
2579-1,감사원,2579,S02592,srno,pdf,분야축,
2579-2,감사원,2579,S02592,srno,pdf,분야축,
2579-3,감사원,2579,S02592,srno,pdf,분야축,
2579-4,감사원,2579,S02592,srno,pdf,분야축,
2579-5,감사원,2579,S02592,srno,pdf,분야축,
2579-6,감사원,2579,S02592,srno,pdf,분야축,
2579-7,감사원,2579,S02592,srno,pdf,분야축,
2579-8,감사원,2579,S02592,srno,pdf,분야축,
2580-1,감사원,2580,S02593,srno,pdf,분야축,
2581-1,감사원,2581,S02594,srno,pdf,,
2581-2,감사원,2581,S02594,srno,pdf,,
2581-3,감사원,2581,S02594,srno,pdf,recall,
2581-4,감사원,2581,S02594,srno,pdf,,
2581-5,감사원,2581,S02594,srno,pdf,,
2581-6,감사원,2581,S02594,srno,pdf,분야축,
2581-7,감사원,2581,S02594,srno,pdf,분야축,
2581-8,감사원,2581,S02594,srno,pdf,분야축,
2581-9,감사원,2581,S02594,srno,pdf,분야축,
2581-10,감사원,2581,S02594,srno,pdf,,
2581-11,감사원,2581,S02594,srno,pdf,,
2581-12,감사원,2581,S02594,srno,pdf,,
2581-13,감사원,2581,S02594,srno,pdf,,
2581-14,감사원,2581,S02594,srno,pdf,분야축,
2582-1,감사원,2582,S02595,srno,pdf,분야축,
2582-2,감사원,2582,S02595,srno,pdf,분야축,
2582-3,감사원,2582,S02595,srno,pdf,분야축,
2582-4,감사원,2582,S02595,srno,pdf,분야축,
2582-5,감사원,2582,S02595,srno,pdf,분야축,
2582-6,감사원,2582,S02595,srno,pdf,분야축,
2582-7,감사원,2582,S02595,srno,pdf,분야축,
2582-8,감사원,2582,S02595,srno,pdf,분야축,
2582-9,감사원,2582,S02595,srno,pdf,분야축,
2582-10,감사원,2582,S02595,srno,pdf,분야축,
2582-11,감사원,2582,S02595,srno,pdf,분야축,
2582-12,감사원,2582,S02595,srno,pdf,분야축,
2582-13,감사원,2582,S02595,srno,pdf,분야축,
2582-14,감사원,2582,S02595,srno,pdf,분야축,
2584-1,감사원,2584,S02600,srno,pdf,,
2584-2,감사원,2584,S02600,srno,pdf,,
2584-3,감사원,2584,S02600,srno,pdf,,
2584-4,감사원,2584,S02600,srno,pdf,,
2584-5,감사원,2584,S02600,srno,pdf,,
2584-6,감사원,2584,S02600,srno,pdf,,
2584-7,감사원,2584,S02600,srno,pdf,,
2585-1,감사원,2585,S02579,srno,pdf,분야축,
2585-2,감사원,2585,S02579,srno,pdf,분야축,
2585-3,감사원,2585,S02579,srno,pdf,분야축,
2585-4,감사원,2585,S02579,srno,pdf,분야축,
2585-5,감사원,2585,S02579,srno,pdf,분야축,
2586-1,감사원,2586,S02601,srno,pdf,,
2587-1,감사원,2587,S02602,srno,pdf,분야축,
2587-2,감사원,2587,S02602,srno,pdf,,
2587-3,감사원,2587,S02602,srno,pdf,분야축,
2587-4,감사원,2587,S02602,srno,pdf,분야축,
2587-5,감사원,2587,S02602,srno,pdf,,
2587-6,감사원,2587,S02602,srno,pdf,분야축,
2588-1,감사원,2588,S02603,srno,pdf,,
2588-2,감사원,2588,S02603,srno,pdf,,
2589-1,감사원,2589,S02476,srno,pdf,분야축,
2589-2,감사원,2589,S02476,srno,pdf,recall,
2589-3,감사원,2589,S02476,srno,pdf,분야축,
2589-4,감사원,2589,S02476,srno,pdf,분야축,
2589-5,감사원,2589,S02476,srno,pdf,,
2589-6,감사원,2589,S02476,srno,pdf,분야축,
2589-7,감사원,2589,S02476,srno,pdf,분야축,
2589-8,감사원,2589,S02476,srno,pdf,분야축,
2589-9,감사원,2589,S02476,srno,pdf,recall,
2590-1,감사원,2590,S02604,srno,pdf,,
2590-2,감사원,2590,S02604,srno,pdf,,
2590-3,감사원,2590,S02604,srno,pdf,,
2590-4,감사원,2590,S02604,srno,pdf,,
2590-5,감사원,2590,S02604,srno,pdf,,
2590-6,감사원,2590,S02604,srno,pdf,,
2591-1,감사원,2591,S02605,srno,pdf,분야축,
2592-1,감사원,2592,S02606,srno,pdf,,
2592-2,감사원,2592,S02606,srno,pdf,recall,
2592-3,감사원,2592,S02606,srno,pdf,,
2592-4,감사원,2592,S02606,srno,pdf,,
2592-5,감사원,2592,S02606,srno,pdf,,
2592-6,감사원,2592,S02606,srno,pdf,,
2592-7,감사원,2592,S02606,srno,pdf,,
2593-1,감사원,2593,S02607,srno,pdf,,
2593-2,감사원,2593,S02607,srno,pdf,,
2593-3,감사원,2593,S02607,srno,pdf,,
2594-1,감사원,2594,S02608,srno,pdf,,
2594-2,감사원,2594,S02608,srno,pdf,,
2594-3,감사원,2594,S02608,srno,pdf,,
2594-4,감사원,2594,S02608,srno,pdf,분야축,
2594-5,감사원,2594,S02608,srno,pdf,분야축,
2594-6,감사원,2594,S02608,srno,pdf,분야축,
2594-7,감사원,2594,S02608,srno,pdf,분야축,
2594-8,감사원,2594,S02608,srno,pdf,분야축,
2594-9,감사원,2594,S02608,srno,pdf,,
2595-1,감사원,2595,S02609,srno,pdf,,
2595-2,감사원,2595,S02609,srno,pdf,,
2595-3,감사원,2595,S02609,srno,pdf,,
2595-4,감사원,2595,S02609,srno,pdf,,
2595-5,감사원,2595,S02609,srno,pdf,,
2595-6,감사원,2595,S02609,srno,pdf,,
2596-1,감사원,2596,S02610,srno,pdf,분야축,
2596-2,감사원,2596,S02610,srno,pdf,,
2596-3,감사원,2596,S02610,srno,pdf,분야축,
2596-4,감사원,2596,S02610,srno,pdf,,
2596-5,감사원,2596,S02610,srno,pdf,분야축,
2596-6,감사원,2596,S02610,srno,pdf,분야축,
2597-1,감사원,2597,S02611,srno,pdf,,
2597-2,감사원,2597,S02611,srno,pdf,,
2597-3,감사원,2597,S02611,srno,pdf,,
2597-4,감사원,2597,S02611,srno,pdf,,
2597-5,감사원,2597,S02611,srno,pdf,분야축,
2597-6,감사원,2597,S02611,srno,pdf,,
2597-7,감사원,2597,S02611,srno,pdf,,
2597-8,감사원,2597,S02611,srno,pdf,recall,
2597-9,감사원,2597,S02611,srno,pdf,,
2597-10,감사원,2597,S02611,srno,pdf,,
2597-11,감사원,2597,S02611,srno,pdf,,
2597-12,감사원,2597,S02611,srno,pdf,분야축,
2597-13,감사원,2597,S02611,srno,pdf,,
2598-1,감사원,2598,S02612,srno,pdf,분야축,
2599-1,감사원,2599,S02613,srno,pdf,분야축,
2599-2,감사원,2599,S02613,srno,pdf,분야축,
2599-3,감사원,2599,S02613,srno,pdf,분야축,
2599-4,감사원,2599,S02613,srno,pdf,분야축,
2599-5,감사원,2599,S02613,srno,pdf,분야축,
2599-6,감사원,2599,S02613,srno,pdf,분야축,
2599-7,감사원,2599,S02613,srno,pdf,분야축,
2600-1,감사원,2600,S02614,srno,pdf,,
2600-2,감사원,2600,S02614,srno,pdf,,
2601-1,감사원,2601,S02615,srno,pdf,분야축,
2601-2,감사원,2601,S02615,srno,pdf,,
2601-3,감사원,2601,S02615,srno,pdf,,
2601-4,감사원,2601,S02615,srno,pdf,분야축,
2601-5,감사원,2601,S02615,srno,pdf,,
2601-6,감사원,2601,S02615,srno,pdf,분야축,
2602-1,감사원,2602,S02616,srno,pdf,,
2602-2,감사원,2602,S02616,srno,pdf,,
2602-3,감사원,2602,S02616,srno,pdf,,
2602-4,감사원,2602,S02616,srno,pdf,,
2602-5,감사원,2602,S02616,srno,pdf,,
2602-6,감사원,2602,S02616,srno,pdf,,
2602-7,감사원,2602,S02616,srno,pdf,,
2602-8,감사원,2602,S02616,srno,pdf,recall,
2602-9,감사원,2602,S02616,srno,pdf,,
2602-10,감사원,2602,S02616,srno,pdf,,
2602-11,감사원,2602,S02616,srno,pdf,,
2602-12,감사원,2602,S02616,srno,pdf,,
2602-13,감사원,2602,S02616,srno,pdf,recall,
2602-14,감사원,2602,S02616,srno,pdf,recall,
2602-15,감사원,2602,S02616,srno,pdf,recall,
2602-16,감사원,2602,S02616,srno,pdf,,
2602-17,감사원,2602,S02616,srno,pdf,,
2602-18,감사원,2602,S02616,srno,pdf,,
2602-19,감사원,2602,S02616,srno,pdf,,
2602-20,감사원,2602,S02616,srno,pdf,,
2602-21,감사원,2602,S02616,srno,pdf,,
2602-22,감사원,2602,S02616,srno,pdf,,
2602-23,감사원,2602,S02616,srno,pdf,,
2602-24,감사원,2602,S02616,srno,pdf,,
2602-25,감사원,2602,S02616,srno,pdf,,
2602-26,감사원,2602,S02616,srno,pdf,,
2602-27,감사원,2602,S02616,srno,pdf,,
2602-28,감사원,2602,S02616,srno,pdf,,
2602-29,감사원,2602,S02616,srno,pdf,,
2602-30,감사원,2602,S02616,srno,pdf,,
2603-1,감사원,2603,S02617,srno,pdf,,
2603-2,감사원,2603,S02617,srno,pdf,,
2603-3,감사원,2603,S02617,srno,pdf,,
2603-4,감사원,2603,S02617,srno,pdf,,
2603-5,감사원,2603,S02617,srno,pdf,,
2603-6,감사원,2603,S02617,srno,pdf,,
2604-1,감사원,2604,S02618,srno,pdf,,
2604-2,감사원,2604,S02618,srno,pdf,,
2604-3,감사원,2604,S02618,srno,pdf,,
2605-1,감사원,2605,S02619,srno,pdf,분야축,
2605-2,감사원,2605,S02619,srno,pdf,분야축,
2605-3,감사원,2605,S02619,srno,pdf,분야축,
2605-4,감사원,2605,S02619,srno,pdf,분야축,
2605-5,감사원,2605,S02619,srno,pdf,분야축,
2605-6,감사원,2605,S02619,srno,pdf,분야축,
2605-7,감사원,2605,S02619,srno,pdf,분야축,
2605-8,감사원,2605,S02619,srno,pdf,분야축,
2605-9,감사원,2605,S02619,srno,pdf,,
2606-1,감사원,2606,S02620,srno,pdf,분야축,
2606-2,감사원,2606,S02620,srno,pdf,분야축,
2606-3,감사원,2606,S02620,srno,pdf,분야축,
2606-4,감사원,2606,S02620,srno,pdf,,
2606-5,감사원,2606,S02620,srno,pdf,recall,
2606-6,감사원,2606,S02620,srno,pdf,분야축,
2606-7,감사원,2606,S02620,srno,pdf,분야축,
2606-8,감사원,2606,S02620,srno,pdf,분야축,
2606-9,감사원,2606,S02620,srno,pdf,분야축,
2606-10,감사원,2606,S02620,srno,pdf,분야축,
2606-11,감사원,2606,S02620,srno,pdf,분야축,
2606-12,감사원,2606,S02620,srno,pdf,분야축,
2606-13,감사원,2606,S02620,srno,pdf,분야축,
2606-14,감사원,2606,S02620,srno,pdf,,
2606-15,감사원,2606,S02620,srno,pdf,분야축,
2606-16,감사원,2606,S02620,srno,pdf,,
2606-17,감사원,2606,S02620,srno,pdf,,
2607-1,감사원,2607,S02621,srno,pdf,,
2607-2,감사원,2607,S02621,srno,pdf,,
2607-3,감사원,2607,S02621,srno,pdf,,
2607-4,감사원,2607,S02621,srno,pdf,,
2607-5,감사원,2607,S02621,srno,pdf,분야축,
2607-6,감사원,2607,S02621,srno,pdf,분야축,
2607-7,감사원,2607,S02621,srno,pdf,분야축,
2607-8,감사원,2607,S02621,srno,pdf,분야축,
2607-9,감사원,2607,S02621,srno,pdf,,
2607-10,감사원,2607,S02621,srno,pdf,,
2607-11,감사원,2607,S02621,srno,pdf,분야축,
2607-12,감사원,2607,S02621,srno,pdf,분야축,
2607-13,감사원,2607,S02621,srno,pdf,분야축,
2607-14,감사원,2607,S02621,srno,pdf,분야축,
2607-15,감사원,2607,S02621,srno,pdf,분야축,
2607-16,감사원,2607,S02621,srno,pdf,분야축,
2608-1,감사원,2608,S02623,srno,pdf,,
2608-2,감사원,2608,S02623,srno,pdf,,
2608-3,감사원,2608,S02623,srno,pdf,,
2608-4,감사원,2608,S02623,srno,pdf,,
2608-5,감사원,2608,S02623,srno,pdf,,
2608-6,감사원,2608,S02623,srno,pdf,분야축,
2609-1,감사원,2609,S02624,srno,pdf,,
2609-2,감사원,2609,S02624,srno,pdf,,
2609-3,감사원,2609,S02624,srno,pdf,,
2609-4,감사원,2609,S02624,srno,pdf,,
2609-5,감사원,2609,S02624,srno,pdf,,
2609-6,감사원,2609,S02624,srno,pdf,분야축,
2609-7,감사원,2609,S02624,srno,pdf,분야축,
2609-8,감사원,2609,S02624,srno,pdf,,
2610-1,감사원,2610,S02622,srno,pdf,,
2610-2,감사원,2610,S02622,srno,pdf,,
2610-3,감사원,2610,S02622,srno,pdf,,
2610-4,감사원,2610,S02622,srno,pdf,,
2610-5,감사원,2610,S02622,srno,pdf,,
2610-6,감사원,2610,S02622,srno,pdf,,
2610-7,감사원,2610,S02622,srno,pdf,분야축,
2610-8,감사원,2610,S02622,srno,pdf,,
2610-9,감사원,2610,S02622,srno,pdf,분야축,
2610-10,감사원,2610,S02622,srno,pdf,분야축,
2610-11,감사원,2610,S02622,srno,pdf,,
2611-1,감사원,2611,S02625,srno,pdf,,
2611-2,감사원,2611,S02625,srno,pdf,,
2611-3,감사원,2611,S02625,srno,pdf,,
2611-4,감사원,2611,S02625,srno,pdf,,
2611-5,감사원,2611,S02625,srno,pdf,recall,
2611-6,감사원,2611,S02625,srno,pdf,,
2611-7,감사원,2611,S02625,srno,pdf,분야축,
2612-1,감사원,2612,S02282,srno,pdf,,
2612-2,감사원,2612,S02282,srno,pdf,,
2612-3,감사원,2612,S02282,srno,pdf,,
2612-4,감사원,2612,S02282,srno,pdf,recall,
2612-5,감사원,2612,S02282,srno,pdf,,
2612-6,감사원,2612,S02282,srno,pdf,,
2613-1,감사원,2613,S02626,srno,pdf,분야축,
2613-2,감사원,2613,S02626,srno,pdf,분야축,
2613-3,감사원,2613,S02626,srno,pdf,분야축,
2613-4,감사원,2613,S02626,srno,pdf,분야축,
2614-1,감사원,2614,S02627,srno,pdf,,
2614-2,감사원,2614,S02627,srno,pdf,,
2614-3,감사원,2614,S02627,srno,pdf,,
2614-4,감사원,2614,S02627,srno,pdf,,
2614-5,감사원,2614,S02627,srno,pdf,,
2614-6,감사원,2614,S02627,srno,pdf,,
2614-7,감사원,2614,S02627,srno,pdf,,
2614-8,감사원,2614,S02627,srno,pdf,,
2614-9,감사원,2614,S02627,srno,pdf,,
2614-10,감사원,2614,S02627,srno,pdf,,
2614-11,감사원,2614,S02627,srno,pdf,,
2614-12,감사원,2614,S02627,srno,pdf,,
2614-13,감사원,2614,S02627,srno,pdf,,
2614-14,감사원,2614,S02627,srno,pdf,,
2614-15,감사원,2614,S02627,srno,pdf,,
2615-1,감사원,2615,S02628,srno,pdf,분야축,
2615-2,감사원,2615,S02628,srno,pdf,분야축,
2615-3,감사원,2615,S02628,srno,pdf,분야축,
2615-4,감사원,2615,S02628,srno,pdf,,
2615-5,감사원,2615,S02628,srno,pdf,분야축,
2616-1,감사원,2616,S02629,srno,pdf,,
2616-2,감사원,2616,S02629,srno,pdf,,
2616-3,감사원,2616,S02629,srno,pdf,,
2616-4,감사원,2616,S02629,srno,pdf,,
2616-5,감사원,2616,S02629,srno,pdf,,
2616-6,감사원,2616,S02629,srno,pdf,,
2617-1,감사원,2617,S02630,srno,pdf,,
2617-2,감사원,2617,S02630,srno,pdf,,
2617-3,감사원,2617,S02630,srno,pdf,recall,
2617-4,감사원,2617,S02630,srno,pdf,recall,
2617-5,감사원,2617,S02630,srno,pdf,,
2617-6,감사원,2617,S02630,srno,pdf,,
2617-7,감사원,2617,S02630,srno,pdf,,
2617-8,감사원,2617,S02630,srno,pdf,,
2617-9,감사원,2617,S02630,srno,pdf,,
2618-1,감사원,2618,S02631,srno,pdf,분야축,
2618-2,감사원,2618,S02631,srno,pdf,분야축,
2618-3,감사원,2618,S02631,srno,pdf,분야축,
2618-4,감사원,2618,S02631,srno,pdf,분야축,
2618-5,감사원,2618,S02631,srno,pdf,,
2619-1,감사원,2619,S02632,srno,pdf,,
2619-2,감사원,2619,S02632,srno,pdf,,
2619-3,감사원,2619,S02632,srno,pdf,,
2619-4,감사원,2619,S02632,srno,pdf,,
2619-5,감사원,2619,S02632,srno,pdf,,
2619-6,감사원,2619,S02632,srno,pdf,,
2619-7,감사원,2619,S02632,srno,pdf,,
2619-8,감사원,2619,S02632,srno,pdf,,
2619-9,감사원,2619,S02632,srno,pdf,,
2620-1,감사원,2620,S02633,srno,pdf,,
2620-2,감사원,2620,S02633,srno,pdf,,
2620-3,감사원,2620,S02633,srno,pdf,,
2620-4,감사원,2620,S02633,srno,pdf,,
2620-5,감사원,2620,S02633,srno,pdf,,
2620-6,감사원,2620,S02633,srno,pdf,,
2620-7,감사원,2620,S02633,srno,pdf,,
2620-8,감사원,2620,S02633,srno,pdf,,
2620-9,감사원,2620,S02633,srno,pdf,,
2620-10,감사원,2620,S02633,srno,pdf,,
2620-11,감사원,2620,S02633,srno,pdf,,
2621-1,감사원,2621,S02636,srno,pdf,,
2621-2,감사원,2621,S02636,srno,pdf,,
2621-3,감사원,2621,S02636,srno,pdf,,
2621-4,감사원,2621,S02636,srno,pdf,분야축,
2621-5,감사원,2621,S02636,srno,pdf,,
2621-6,감사원,2621,S02636,srno,pdf,,
2621-7,감사원,2621,S02636,srno,pdf,,
2621-8,감사원,2621,S02636,srno,pdf,,
2622-1,감사원,2622,S02634,srno,pdf,,
2622-2,감사원,2622,S02634,srno,pdf,,
2622-3,감사원,2622,S02634,srno,pdf,분야축,
2623-1,감사원,2623,S02635,srno,pdf,,
2623-2,감사원,2623,S02635,srno,pdf,,
2623-3,감사원,2623,S02635,srno,pdf,,
2623-4,감사원,2623,S02635,srno,pdf,,
2623-5,감사원,2623,S02635,srno,pdf,,
2623-6,감사원,2623,S02635,srno,pdf,,
2624-1,감사원,2624,S02637,srno,pdf,,
2625-1,감사원,2625,S02638,srno,pdf,,
2626-1,감사원,2626,S02639,srno,pdf,,
2626-2,감사원,2626,S02639,srno,pdf,,
2626-3,감사원,2626,S02639,srno,pdf,,
2626-4,감사원,2626,S02639,srno,pdf,,
2626-5,감사원,2626,S02639,srno,pdf,,
2626-6,감사원,2626,S02639,srno,pdf,,
2626-7,감사원,2626,S02639,srno,pdf,분야축,
2626-8,감사원,2626,S02639,srno,pdf,,
2627-1,감사원,2627,S02640,srno,pdf,,
2627-2,감사원,2627,S02640,srno,pdf,,
2627-3,감사원,2627,S02640,srno,pdf,,
2627-4,감사원,2627,S02640,srno,pdf,,
2627-5,감사원,2627,S02640,srno,pdf,recall,
2627-6,감사원,2627,S02640,srno,pdf,,
2627-7,감사원,2627,S02640,srno,pdf,분야축,
2627-8,감사원,2627,S02640,srno,pdf,,
2627-9,감사원,2627,S02640,srno,pdf,,
2627-10,감사원,2627,S02640,srno,pdf,,
2627-11,감사원,2627,S02640,srno,pdf,분야축,
2627-12,감사원,2627,S02640,srno,pdf,분야축,
2627-13,감사원,2627,S02640,srno,pdf,,
2627-14,감사원,2627,S02640,srno,pdf,,
2627-15,감사원,2627,S02640,srno,pdf,분야축,
2627-16,감사원,2627,S02640,srno,pdf,분야축,
2627-17,감사원,2627,S02640,srno,pdf,,
2627-18,감사원,2627,S02640,srno,pdf,,
2627-19,감사원,2627,S02640,srno,pdf,,
2627-20,감사원,2627,S02640,srno,pdf,분야축,
2627-21,감사원,2627,S02640,srno,pdf,,
2627-22,감사원,2627,S02640,srno,pdf,recall,
2628-1,감사원,2628,S02641,srno,pdf,recall,
2628-2,감사원,2628,S02641,srno,pdf,,
2628-3,감사원,2628,S02641,srno,pdf,,
2628-4,감사원,2628,S02641,srno,pdf,,
2628-5,감사원,2628,S02641,srno,pdf,분야축,
2628-6,감사원,2628,S02641,srno,pdf,,
2628-7,감사원,2628,S02641,srno,pdf,,
2628-8,감사원,2628,S02641,srno,pdf,recall,
2628-9,감사원,2628,S02641,srno,pdf,분야축,
2629-1,감사원,2629,S02642,srno,pdf,,
2629-2,감사원,2629,S02642,srno,pdf,,
2629-3,감사원,2629,S02642,srno,pdf,,
2629-4,감사원,2629,S02642,srno,pdf,,
2629-5,감사원,2629,S02642,srno,pdf,,
2629-6,감사원,2629,S02642,srno,pdf,분야축,
2629-7,감사원,2629,S02642,srno,pdf,,
2629-8,감사원,2629,S02642,srno,pdf,,
2629-9,감사원,2629,S02642,srno,pdf,,
2629-10,감사원,2629,S02642,srno,pdf,,
2629-11,감사원,2629,S02642,srno,pdf,,
2629-12,감사원,2629,S02642,srno,pdf,,
2631-1,감사원,2631,S02643,srno,pdf,,
2631-2,감사원,2631,S02643,srno,pdf,,
2631-3,감사원,2631,S02643,srno,pdf,,
2631-4,감사원,2631,S02643,srno,pdf,,
2634-1,감사원,2634,S02651,srno,pdf,,
2634-2,감사원,2634,S02651,srno,pdf,,
2634-3,감사원,2634,S02651,srno,pdf,,
2634-4,감사원,2634,S02651,srno,pdf,분야축,
2634-5,감사원,2634,S02651,srno,pdf,,
2634-6,감사원,2634,S02651,srno,pdf,,
2634-7,감사원,2634,S02651,srno,pdf,,
2635-1,감사원,2635,S02652,srno,pdf,,
2635-2,감사원,2635,S02652,srno,pdf,,
2635-3,감사원,2635,S02652,srno,pdf,,
2635-4,감사원,2635,S02652,srno,pdf,,
2635-5,감사원,2635,S02652,srno,pdf,,
2635-6,감사원,2635,S02652,srno,pdf,,
2635-7,감사원,2635,S02652,srno,pdf,,
2636-1,감사원,2636,S02653,srno,pdf,,
2636-2,감사원,2636,S02653,srno,pdf,분야축,
2636-3,감사원,2636,S02653,srno,pdf,분야축,
2636-4,감사원,2636,S02653,srno,pdf,,
2636-5,감사원,2636,S02653,srno,pdf,분야축,
2636-6,감사원,2636,S02653,srno,pdf,분야축,
2636-7,감사원,2636,S02653,srno,pdf,분야축,
2637-1,감사원,2637,S02654,srno,pdf,,
2637-2,감사원,2637,S02654,srno,pdf,,
2637-3,감사원,2637,S02654,srno,pdf,,
2638-1,감사원,2638,S02656,srno,pdf,,
2638-2,감사원,2638,S02656,srno,pdf,,
2638-3,감사원,2638,S02656,srno,pdf,,
2638-4,감사원,2638,S02656,srno,pdf,,
2638-5,감사원,2638,S02656,srno,pdf,recall,
2638-6,감사원,2638,S02656,srno,pdf,recall,
2638-7,감사원,2638,S02656,srno,pdf,,
2638-8,감사원,2638,S02656,srno,pdf,recall,
2638-9,감사원,2638,S02656,srno,pdf,분야축,
2638-10,감사원,2638,S02656,srno,pdf,,
2638-11,감사원,2638,S02656,srno,pdf,분야축,
2638-12,감사원,2638,S02656,srno,pdf,,
2638-13,감사원,2638,S02656,srno,pdf,분야축,
2638-14,감사원,2638,S02656,srno,pdf,recall,
2639-1,감사원,2639,S02657,srno,pdf,,
2639-2,감사원,2639,S02657,srno,pdf,,
2639-3,감사원,2639,S02657,srno,pdf,,
2641-1,감사원,2641,S02658,srno,pdf,분야축,
2641-2,감사원,2641,S02658,srno,pdf,recall,
2641-3,감사원,2641,S02658,srno,pdf,,
2641-4,감사원,2641,S02658,srno,pdf,recall,
2641-5,감사원,2641,S02658,srno,pdf,recall,
2641-6,감사원,2641,S02658,srno,pdf,,
2641-7,감사원,2641,S02658,srno,pdf,,
2641-8,감사원,2641,S02658,srno,pdf,,
2641-9,감사원,2641,S02658,srno,pdf,,
2641-10,감사원,2641,S02658,srno,pdf,분야축,
2642-1,감사원,2642,S02659,srno,pdf,분야축,
2642-2,감사원,2642,S02659,srno,pdf,,
2642-3,감사원,2642,S02659,srno,pdf,분야축,
2642-4,감사원,2642,S02659,srno,pdf,,
2642-5,감사원,2642,S02659,srno,pdf,,
2642-6,감사원,2642,S02659,srno,pdf,분야축,
2642-7,감사원,2642,S02659,srno,pdf,,
2642-8,감사원,2642,S02659,srno,pdf,,
2642-9,감사원,2642,S02659,srno,pdf,분야축,
2642-10,감사원,2642,S02659,srno,pdf,recall,
2642-11,감사원,2642,S02659,srno,pdf,,
2642-12,감사원,2642,S02659,srno,pdf,,
2643-1,감사원,2643,S02660,srno,pdf,,
2644-1,감사원,2644,S02661,srno,pdf,,
2644-2,감사원,2644,S02661,srno,pdf,,
2644-3,감사원,2644,S02661,srno,pdf,,
2644-4,감사원,2644,S02661,srno,pdf,,
2644-5,감사원,2644,S02661,srno,pdf,,
2644-6,감사원,2644,S02661,srno,pdf,분야축,
2644-7,감사원,2644,S02661,srno,pdf,,
2644-8,감사원,2644,S02661,srno,pdf,분야축,
2644-9,감사원,2644,S02661,srno,pdf,분야축,
2644-10,감사원,2644,S02661,srno,pdf,분야축,
2645-1,감사원,2645,S02662,srno,pdf,,
2645-2,감사원,2645,S02662,srno,pdf,,
2645-3,감사원,2645,S02662,srno,pdf,,
2645-4,감사원,2645,S02662,srno,pdf,,
2645-5,감사원,2645,S02662,srno,pdf,,
2645-6,감사원,2645,S02662,srno,pdf,,
2645-7,감사원,2645,S02662,srno,pdf,,
2645-8,감사원,2645,S02662,srno,pdf,,
2645-9,감사원,2645,S02662,srno,pdf,,
2645-10,감사원,2645,S02662,srno,pdf,,
2645-11,감사원,2645,S02662,srno,pdf,,
2646-1,감사원,2646,S02663,srno,pdf,recall,
2646-2,감사원,2646,S02663,srno,pdf,,
2646-3,감사원,2646,S02663,srno,pdf,분야축,
2646-4,감사원,2646,S02663,srno,pdf,분야축,
2646-5,감사원,2646,S02663,srno,pdf,recall,
2646-6,감사원,2646,S02663,srno,pdf,분야축,
2646-7,감사원,2646,S02663,srno,pdf,분야축,
2646-8,감사원,2646,S02663,srno,pdf,,
2646-9,감사원,2646,S02663,srno,pdf,,
2647-1,감사원,2647,S02664,srno,pdf,,
2647-2,감사원,2647,S02664,srno,pdf,,
2647-3,감사원,2647,S02664,srno,pdf,,
2647-4,감사원,2647,S02664,srno,pdf,,
2647-5,감사원,2647,S02664,srno,pdf,recall,
2647-6,감사원,2647,S02664,srno,pdf,,
2648-1,감사원,2648,S02665,srno,pdf,,
2648-2,감사원,2648,S02665,srno,pdf,,
2649-1,감사원,2649,S02666,srno,pdf,분야축,
2649-2,감사원,2649,S02666,srno,pdf,,
2649-3,감사원,2649,S02666,srno,pdf,,
2649-4,감사원,2649,S02666,srno,pdf,,
2649-5,감사원,2649,S02666,srno,pdf,분야축,
2649-6,감사원,2649,S02666,srno,pdf,분야축,
2649-7,감사원,2649,S02666,srno,pdf,,
2649-8,감사원,2649,S02666,srno,pdf,분야축,
2649-9,감사원,2649,S02666,srno,pdf,분야축,
2649-10,감사원,2649,S02666,srno,pdf,,
2649-11,감사원,2649,S02666,srno,pdf,,
2649-12,감사원,2649,S02666,srno,pdf,분야축,
2649-13,감사원,2649,S02666,srno,pdf,,
2649-14,감사원,2649,S02666,srno,pdf,,
2650-1,감사원,2650,S02667,srno,pdf,,
2650-2,감사원,2650,S02667,srno,pdf,,
2650-3,감사원,2650,S02667,srno,pdf,,
2650-4,감사원,2650,S02667,srno,pdf,분야축,
2650-5,감사원,2650,S02667,srno,pdf,,
2650-6,감사원,2650,S02667,srno,pdf,recall,
2650-7,감사원,2650,S02667,srno,pdf,recall,
2651-1,감사원,2651,S02668,srno,pdf,,
2651-2,감사원,2651,S02668,srno,pdf,분야축,
2651-3,감사원,2651,S02668,srno,pdf,분야축,
2651-4,감사원,2651,S02668,srno,pdf,,
2651-5,감사원,2651,S02668,srno,pdf,,
2651-6,감사원,2651,S02668,srno,pdf,,
2651-7,감사원,2651,S02668,srno,pdf,분야축,
2652-1,감사원,2652,S02669,srno,pdf,,
2652-2,감사원,2652,S02669,srno,pdf,분야축,
2652-3,감사원,2652,S02669,srno,pdf,recall,
2654-1,감사원,2654,S02347,srno,pdf,,
2654-2,감사원,2654,S02347,srno,pdf,,
2654-3,감사원,2654,S02347,srno,pdf,,
2654-4,감사원,2654,S02347,srno,pdf,,
2654-5,감사원,2654,S02347,srno,pdf,,
2654-6,감사원,2654,S02347,srno,pdf,분야축,
2654-7,감사원,2654,S02347,srno,pdf,,
2654-8,감사원,2654,S02347,srno,pdf,,
2654-9,감사원,2654,S02347,srno,pdf,,
2654-10,감사원,2654,S02347,srno,pdf,,
2654-11,감사원,2654,S02347,srno,pdf,,
2654-12,감사원,2654,S02347,srno,pdf,,
2654-13,감사원,2654,S02347,srno,pdf,,
2654-14,감사원,2654,S02347,srno,pdf,분야축,
2654-15,감사원,2654,S02347,srno,pdf,,
2654-16,감사원,2654,S02347,srno,pdf,recall,
2654-17,감사원,2654,S02347,srno,pdf,,
2654-18,감사원,2654,S02347,srno,pdf,,
2655-1,감사원,2655,S02420,srno,pdf,분야축,
2655-2,감사원,2655,S02420,srno,pdf,,
2655-3,감사원,2655,S02420,srno,pdf,,
2655-4,감사원,2655,S02420,srno,pdf,분야축,
2655-5,감사원,2655,S02420,srno,pdf,,
2655-6,감사원,2655,S02420,srno,pdf,분야축,
2655-7,감사원,2655,S02420,srno,pdf,,
2655-8,감사원,2655,S02420,srno,pdf,,
2655-9,감사원,2655,S02420,srno,pdf,,
2655-10,감사원,2655,S02420,srno,pdf,recall,
2655-11,감사원,2655,S02420,srno,pdf,분야축,
2655-12,감사원,2655,S02420,srno,pdf,,
2655-13,감사원,2655,S02420,srno,pdf,,
2655-14,감사원,2655,S02420,srno,pdf,분야축,
2655-15,감사원,2655,S02420,srno,pdf,분야축,
2655-16,감사원,2655,S02420,srno,pdf,분야축,
2655-17,감사원,2655,S02420,srno,pdf,분야축,
2655-18,감사원,2655,S02420,srno,pdf,분야축,
2655-19,감사원,2655,S02420,srno,pdf,분야축,
2655-20,감사원,2655,S02420,srno,pdf,분야축,
2655-21,감사원,2655,S02420,srno,pdf,분야축,
2656-1,감사원,2656,S02433,srno,pdf,,
2656-2,감사원,2656,S02433,srno,pdf,,
2656-3,감사원,2656,S02433,srno,pdf,,
2656-4,감사원,2656,S02433,srno,pdf,,
2656-5,감사원,2656,S02433,srno,pdf,분야축,
2656-6,감사원,2656,S02433,srno,pdf,,
2656-7,감사원,2656,S02433,srno,pdf,,
2656-8,감사원,2656,S02433,srno,pdf,분야축,
2656-9,감사원,2656,S02433,srno,pdf,분야축,
2656-10,감사원,2656,S02433,srno,pdf,,
2656-11,감사원,2656,S02433,srno,pdf,,
2657-1,감사원,2657,S02443,srno,pdf,,
2657-2,감사원,2657,S02443,srno,pdf,recall,
2657-3,감사원,2657,S02443,srno,pdf,,
2657-4,감사원,2657,S02443,srno,pdf,,
2657-5,감사원,2657,S02443,srno,pdf,,
2657-6,감사원,2657,S02443,srno,pdf,분야축,
2657-7,감사원,2657,S02443,srno,pdf,분야축,
2657-8,감사원,2657,S02443,srno,pdf,,
2658-1,감사원,2658,S02445,srno,pdf,,
2658-2,감사원,2658,S02445,srno,pdf,,
2658-3,감사원,2658,S02445,srno,pdf,,
2659-1,감사원,2659,S02525,srno,pdf,분야축,
2659-2,감사원,2659,S02525,srno,pdf,recall,
2659-3,감사원,2659,S02525,srno,pdf,,
2659-4,감사원,2659,S02525,srno,pdf,,
2659-5,감사원,2659,S02525,srno,pdf,,
2659-6,감사원,2659,S02525,srno,pdf,분야축,
2659-7,감사원,2659,S02525,srno,pdf,,
2659-8,감사원,2659,S02525,srno,pdf,,
2659-9,감사원,2659,S02525,srno,pdf,분야축,
2660-1,감사원,2660,S02672,srno,pdf,분야축,
2660-2,감사원,2660,S02672,srno,pdf,분야축,
2660-3,감사원,2660,S02672,srno,pdf,,
2660-4,감사원,2660,S02672,srno,pdf,분야축,
2661-1,감사원,2661,S02390,srno,pdf,,
2661-2,감사원,2661,S02390,srno,pdf,,
2661-3,감사원,2661,S02390,srno,pdf,,
2661-4,감사원,2661,S02390,srno,pdf,,
2661-5,감사원,2661,S02390,srno,pdf,,
2661-6,감사원,2661,S02390,srno,pdf,,
2661-7,감사원,2661,S02390,srno,pdf,,
2661-8,감사원,2661,S02390,srno,pdf,,
2661-9,감사원,2661,S02390,srno,pdf,,
2661-10,감사원,2661,S02390,srno,pdf,,
2663-1,감사원,2663,S02675,srno,pdf,,
2663-2,감사원,2663,S02675,srno,pdf,,
2663-3,감사원,2663,S02675,srno,pdf,,
2663-4,감사원,2663,S02675,srno,pdf,,
2663-5,감사원,2663,S02675,srno,pdf,,
2663-6,감사원,2663,S02675,srno,pdf,,
2663-7,감사원,2663,S02675,srno,pdf,,
2663-8,감사원,2663,S02675,srno,pdf,분야축,
2663-9,감사원,2663,S02675,srno,pdf,,
2663-10,감사원,2663,S02675,srno,pdf,,
2663-11,감사원,2663,S02675,srno,pdf,,
2663-12,감사원,2663,S02675,srno,pdf,,
2663-13,감사원,2663,S02675,srno,pdf,분야축,
2664-1,감사원,2664,S02676,srno,pdf,,
2664-2,감사원,2664,S02676,srno,pdf,,
2664-3,감사원,2664,S02676,srno,pdf,,
2664-4,감사원,2664,S02676,srno,pdf,,
2664-5,감사원,2664,S02676,srno,pdf,,
2664-6,감사원,2664,S02676,srno,pdf,,
2664-7,감사원,2664,S02676,srno,pdf,,
2664-8,감사원,2664,S02676,srno,pdf,,
2664-9,감사원,2664,S02676,srno,pdf,,
2664-10,감사원,2664,S02676,srno,pdf,,
2664-11,감사원,2664,S02676,srno,pdf,,
2665-1,감사원,2665,S02677,srno,pdf,,
2665-2,감사원,2665,S02677,srno,pdf,,
2665-3,감사원,2665,S02677,srno,pdf,,
2665-4,감사원,2665,S02677,srno,pdf,,
2665-5,감사원,2665,S02677,srno,pdf,,
2665-6,감사원,2665,S02677,srno,pdf,,
2665-7,감사원,2665,S02677,srno,pdf,,
2665-8,감사원,2665,S02677,srno,pdf,분야축,
2666-1,감사원,2666,S02678,srno,pdf,분야축,
2666-2,감사원,2666,S02678,srno,pdf,,
2666-3,감사원,2666,S02678,srno,pdf,,
2666-4,감사원,2666,S02678,srno,pdf,,
2666-5,감사원,2666,S02678,srno,pdf,,
2666-6,감사원,2666,S02678,srno,pdf,,
2668-1,감사원,2668,S02681,srno,pdf,recall,
2668-2,감사원,2668,S02681,srno,pdf,,
2668-3,감사원,2668,S02681,srno,pdf,,
2669-1,감사원,2669,S02682,srno,pdf,,
2669-2,감사원,2669,S02682,srno,pdf,,
2669-3,감사원,2669,S02682,srno,pdf,,
2669-4,감사원,2669,S02682,srno,pdf,,
2669-5,감사원,2669,S02682,srno,pdf,,
2669-6,감사원,2669,S02682,srno,pdf,,
2670-1,감사원,2670,S02684,srno,pdf,분야축,
2670-2,감사원,2670,S02684,srno,pdf,분야축,
2670-3,감사원,2670,S02684,srno,pdf,분야축,
2671-1,감사원,2671,S02683,srno,pdf,분야축,
2671-2,감사원,2671,S02683,srno,pdf,분야축,
2671-3,감사원,2671,S02683,srno,pdf,분야축,
2671-4,감사원,2671,S02683,srno,pdf,분야축,
2671-5,감사원,2671,S02683,srno,pdf,분야축,
2671-6,감사원,2671,S02683,srno,pdf,분야축,
2671-7,감사원,2671,S02683,srno,pdf,,
2671-8,감사원,2671,S02683,srno,pdf,,
2671-9,감사원,2671,S02683,srno,pdf,분야축,
2671-10,감사원,2671,S02683,srno,pdf,,
2671-11,감사원,2671,S02683,srno,pdf,,
2671-12,감사원,2671,S02683,srno,pdf,,
2672-1,감사원,2672,S02685,srno,pdf,,
2672-2,감사원,2672,S02685,srno,pdf,,
2672-3,감사원,2672,S02685,srno,pdf,recall,
2672-4,감사원,2672,S02685,srno,pdf,분야축,
2672-5,감사원,2672,S02685,srno,pdf,,
2672-6,감사원,2672,S02685,srno,pdf,,
2672-7,감사원,2672,S02685,srno,pdf,,
2672-8,감사원,2672,S02685,srno,pdf,,
2672-9,감사원,2672,S02685,srno,pdf,,
2672-10,감사원,2672,S02685,srno,pdf,분야축,
2672-11,감사원,2672,S02685,srno,pdf,분야축,
2672-12,감사원,2672,S02685,srno,pdf,,
2672-13,감사원,2672,S02685,srno,pdf,,
2672-14,감사원,2672,S02685,srno,pdf,,
2673-1,감사원,2673,S02686,srno,pdf,,
2673-2,감사원,2673,S02686,srno,pdf,,
2674-1,감사원,2674,S02687,srno,pdf,분야축,
2674-2,감사원,2674,S02687,srno,pdf,,
2674-3,감사원,2674,S02687,srno,pdf,,
2674-4,감사원,2674,S02687,srno,pdf,분야축,
2674-5,감사원,2674,S02687,srno,pdf,분야축,
2674-6,감사원,2674,S02687,srno,pdf,,
2675-1,감사원,2675,S02688,srno,pdf,,
2676-1,감사원,2676,S02689,srno,pdf,,
2676-2,감사원,2676,S02689,srno,pdf,,
2676-3,감사원,2676,S02689,srno,pdf,,
2676-4,감사원,2676,S02689,srno,pdf,,
2677-1,감사원,2677,S02690,srno,pdf,recall,
2677-2,감사원,2677,S02690,srno,pdf,분야축,
2677-3,감사원,2677,S02690,srno,pdf,,
2678-1,감사원,2678,S02691,srno,pdf,,
2678-2,감사원,2678,S02691,srno,pdf,,
2678-3,감사원,2678,S02691,srno,pdf,,
2680-1,감사원,2680,S02692,srno,pdf,분야축,
2681-1,감사원,2681,S02693,srno,pdf,분야축,
2681-2,감사원,2681,S02693,srno,pdf,분야축,
2681-3,감사원,2681,S02693,srno,pdf,분야축,
2681-4,감사원,2681,S02693,srno,pdf,분야축,
2681-5,감사원,2681,S02693,srno,pdf,분야축,
2681-6,감사원,2681,S02693,srno,pdf,분야축,
2682-1,감사원,2682,S02694,srno,pdf,,
2683-1,감사원,2683,S02695,srno,pdf,분야축,
2683-2,감사원,2683,S02695,srno,pdf,분야축,
2683-3,감사원,2683,S02695,srno,pdf,분야축,
2683-4,감사원,2683,S02695,srno,pdf,,
2683-5,감사원,2683,S02695,srno,pdf,,
2683-6,감사원,2683,S02695,srno,pdf,분야축,
2683-7,감사원,2683,S02695,srno,pdf,분야축,
2683-8,감사원,2683,S02695,srno,pdf,분야축,
2684-1,감사원,2684,S02679,srno,pdf,분야축,
2684-2,감사원,2684,S02679,srno,pdf,분야축,
2684-3,감사원,2684,S02679,srno,pdf,,
2684-4,감사원,2684,S02679,srno,pdf,,
2684-5,감사원,2684,S02679,srno,pdf,분야축,
2684-6,감사원,2684,S02679,srno,pdf,분야축,
2684-7,감사원,2684,S02679,srno,pdf,분야축,
2684-8,감사원,2684,S02679,srno,pdf,분야축,
2684-9,감사원,2684,S02679,srno,pdf,분야축,
2685-1,감사원,2685,S02696,srno,pdf,,
2685-2,감사원,2685,S02696,srno,pdf,,
2685-3,감사원,2685,S02696,srno,pdf,,
2685-4,감사원,2685,S02696,srno,pdf,,
2685-5,감사원,2685,S02696,srno,pdf,,
2685-6,감사원,2685,S02696,srno,pdf,,
2685-7,감사원,2685,S02696,srno,pdf,,
2685-8,감사원,2685,S02696,srno,pdf,,
2685-9,감사원,2685,S02696,srno,pdf,,
2685-10,감사원,2685,S02696,srno,pdf,recall,
2685-11,감사원,2685,S02696,srno,pdf,분야축,
2685-12,감사원,2685,S02696,srno,pdf,분야축,
2688-1,감사원,2688,S02697,srno,pdf,,
2688-2,감사원,2688,S02697,srno,pdf,,
2688-3,감사원,2688,S02697,srno,pdf,,
2688-4,감사원,2688,S02697,srno,pdf,분야축,
2688-5,감사원,2688,S02697,srno,pdf,,
2688-6,감사원,2688,S02697,srno,pdf,,
2688-7,감사원,2688,S02697,srno,pdf,,
2688-8,감사원,2688,S02697,srno,pdf,,
2689-1,감사원,2689,S02698,srno,pdf,,
2691-1,감사원,2691,S02646,srno,pdf,분야축,
2691-2,감사원,2691,S02646,srno,pdf,분야축,
2691-3,감사원,2691,S02646,srno,pdf,분야축,
2691-4,감사원,2691,S02646,srno,pdf,분야축,
2691-5,감사원,2691,S02646,srno,pdf,분야축,
2691-6,감사원,2691,S02646,srno,pdf,분야축,
2691-7,감사원,2691,S02646,srno,pdf,분야축,
2692-1,감사원,2692,S02699,srno,pdf,,
2692-2,감사원,2692,S02699,srno,pdf,,
2692-3,감사원,2692,S02699,srno,pdf,분야축,
2692-4,감사원,2692,S02699,srno,pdf,,
2692-5,감사원,2692,S02699,srno,pdf,recall,
2692-6,감사원,2692,S02699,srno,pdf,,
2692-7,감사원,2692,S02699,srno,pdf,,
2692-8,감사원,2692,S02699,srno,pdf,,
2692-9,감사원,2692,S02699,srno,pdf,,
2692-10,감사원,2692,S02699,srno,pdf,,
2692-11,감사원,2692,S02699,srno,pdf,recall,
2692-12,감사원,2692,S02699,srno,pdf,,
2693-1,감사원,2693,S02703,srno,pdf,분야축,
2694-1,감사원,2694,S02702,srno,pdf,,
2694-2,감사원,2694,S02702,srno,pdf,,
2694-3,감사원,2694,S02702,srno,pdf,,
2694-4,감사원,2694,S02702,srno,pdf,,
2694-5,감사원,2694,S02702,srno,pdf,,
2694-6,감사원,2694,S02702,srno,pdf,,
2694-7,감사원,2694,S02702,srno,pdf,,
2694-8,감사원,2694,S02702,srno,pdf,,
2694-9,감사원,2694,S02702,srno,pdf,,
2694-10,감사원,2694,S02702,srno,pdf,,
2694-11,감사원,2694,S02702,srno,pdf,,
2694-12,감사원,2694,S02702,srno,pdf,,
2694-13,감사원,2694,S02702,srno,pdf,,
2695-1,감사원,2695,S02705,srno,pdf,recall,
2695-2,감사원,2695,S02705,srno,pdf,recall,
2695-3,감사원,2695,S02705,srno,pdf,,
2695-4,감사원,2695,S02705,srno,pdf,,
2696-1,감사원,2696,S02704,srno,pdf,,
2696-2,감사원,2696,S02704,srno,pdf,분야축,
2696-3,감사원,2696,S02704,srno,pdf,,
2696-4,감사원,2696,S02704,srno,pdf,,
2697-1,감사원,2697,S02706,srno,pdf,,
2697-2,감사원,2697,S02706,srno,pdf,,
2697-3,감사원,2697,S02706,srno,pdf,분야축,
2697-4,감사원,2697,S02706,srno,pdf,,
2698-1,감사원,2698,S02670,srno,pdf,분야축,
2698-2,감사원,2698,S02670,srno,pdf,분야축,
2698-3,감사원,2698,S02670,srno,pdf,분야축,
2698-4,감사원,2698,S02670,srno,pdf,분야축,
2698-5,감사원,2698,S02670,srno,pdf,분야축,
2698-6,감사원,2698,S02670,srno,pdf,분야축,
2698-7,감사원,2698,S02670,srno,pdf,분야축,
2698-8,감사원,2698,S02670,srno,pdf,분야축,
2698-9,감사원,2698,S02670,srno,pdf,분야축,
2698-10,감사원,2698,S02670,srno,pdf,분야축,
2698-11,감사원,2698,S02670,srno,pdf,분야축,
2698-12,감사원,2698,S02670,srno,pdf,분야축,
2698-13,감사원,2698,S02670,srno,pdf,분야축,
2698-14,감사원,2698,S02670,srno,pdf,분야축,
2698-15,감사원,2698,S02670,srno,pdf,분야축,
2698-16,감사원,2698,S02670,srno,pdf,분야축,
2700-1,감사원,2700,S02710,srno,pdf,분야축,
2701-1,감사원,2701,S02709,srno,pdf,분야축,
2701-2,감사원,2701,S02709,srno,pdf,분야축,
2701-3,감사원,2701,S02709,srno,pdf,,
2701-4,감사원,2701,S02709,srno,pdf,분야축,
2701-5,감사원,2701,S02709,srno,pdf,분야축,
2702-1,감사원,2702,S02711,srno,pdf,,
2702-2,감사원,2702,S02711,srno,pdf,분야축,
2702-3,감사원,2702,S02711,srno,pdf,분야축,
2702-4,감사원,2702,S02711,srno,pdf,recall,
2702-5,감사원,2702,S02711,srno,pdf,,
2702-6,감사원,2702,S02711,srno,pdf,,
2702-7,감사원,2702,S02711,srno,pdf,,
2702-8,감사원,2702,S02711,srno,pdf,,
2704-1,감사원,2704,S02713,srno,pdf,분야축,
2704-2,감사원,2704,S02713,srno,pdf,분야축,
2704-3,감사원,2704,S02713,srno,pdf,,
2704-4,감사원,2704,S02713,srno,pdf,분야축,
2704-5,감사원,2704,S02713,srno,pdf,분야축,
2704-6,감사원,2704,S02713,srno,pdf,분야축,
2704-7,감사원,2704,S02713,srno,pdf,분야축,
2704-8,감사원,2704,S02713,srno,pdf,분야축,
2705-1,감사원,2705,S02712,srno,pdf,분야축,
2705-2,감사원,2705,S02712,srno,pdf,분야축,
2705-3,감사원,2705,S02712,srno,pdf,분야축,
2706-1,감사원,2706,S02714,srno,pdf,,
2706-2,감사원,2706,S02714,srno,pdf,,
2706-3,감사원,2706,S02714,srno,pdf,,
2706-4,감사원,2706,S02714,srno,pdf,,
2706-5,감사원,2706,S02714,srno,pdf,,
2706-6,감사원,2706,S02714,srno,pdf,,
2706-7,감사원,2706,S02714,srno,pdf,,
2706-8,감사원,2706,S02714,srno,pdf,,
2708-1,감사원,2708,S02716,srno,pdf,,
2708-2,감사원,2708,S02716,srno,pdf,,
2708-3,감사원,2708,S02716,srno,pdf,,
2708-4,감사원,2708,S02716,srno,pdf,,
2708-5,감사원,2708,S02716,srno,pdf,,
2708-6,감사원,2708,S02716,srno,pdf,,
2708-7,감사원,2708,S02716,srno,pdf,,
2709-1,감사원,2709,S02717,srno,pdf,분야축,
2709-2,감사원,2709,S02717,srno,pdf,분야축,
2709-3,감사원,2709,S02717,srno,pdf,,
2709-4,감사원,2709,S02717,srno,pdf,분야축,
2709-5,감사원,2709,S02717,srno,pdf,,
2709-6,감사원,2709,S02717,srno,pdf,,
2709-7,감사원,2709,S02717,srno,pdf,,
2710-1,감사원,2710,S02718,srno,pdf,분야축,
2710-2,감사원,2710,S02718,srno,pdf,분야축,
2711-1,감사원,2711,S02719,srno,pdf,,
2711-2,감사원,2711,S02719,srno,pdf,recall,
2711-3,감사원,2711,S02719,srno,pdf,,
2711-4,감사원,2711,S02719,srno,pdf,,
2711-5,감사원,2711,S02719,srno,pdf,,
2711-6,감사원,2711,S02719,srno,pdf,,
2712-1,감사원,2712,S02655,srno,pdf,,
2712-2,감사원,2712,S02655,srno,pdf,,
2712-3,감사원,2712,S02655,srno,pdf,분야축,
2712-4,감사원,2712,S02655,srno,pdf,분야축,
2712-5,감사원,2712,S02655,srno,pdf,,
2712-6,감사원,2712,S02655,srno,pdf,분야축,
2712-7,감사원,2712,S02655,srno,pdf,,
2712-8,감사원,2712,S02655,srno,pdf,,
2712-9,감사원,2712,S02655,srno,pdf,,
2712-10,감사원,2712,S02655,srno,pdf,,
2713-1,감사원,2713,S02715,srno,pdf,분야축,
2713-2,감사원,2713,S02715,srno,pdf,분야축,
2713-3,감사원,2713,S02715,srno,pdf,분야축,
2713-4,감사원,2713,S02715,srno,pdf,분야축,
2713-5,감사원,2713,S02715,srno,pdf,분야축,
2715-1,감사원,2715,S02723,srno,pdf,분야축,
2715-2,감사원,2715,S02723,srno,pdf,recall,
2715-3,감사원,2715,S02723,srno,pdf,,
2716-1,감사원,2716,S02722,srno,pdf,recall,
2716-2,감사원,2716,S02722,srno,pdf,분야축,
2716-3,감사원,2716,S02722,srno,pdf,,
2716-4,감사원,2716,S02722,srno,pdf,분야축,
2716-5,감사원,2716,S02722,srno,pdf,분야축,
2717-1,감사원,2717,S02648,srno,pdf,분야축,
2717-2,감사원,2717,S02648,srno,pdf,분야축,
2717-3,감사원,2717,S02648,srno,pdf,분야축,
2717-4,감사원,2717,S02648,srno,pdf,분야축,
2717-5,감사원,2717,S02648,srno,pdf,분야축,
2717-6,감사원,2717,S02648,srno,pdf,분야축,
2717-7,감사원,2717,S02648,srno,pdf,분야축,
2717-8,감사원,2717,S02648,srno,pdf,분야축,
2718-1,감사원,2718,S02724,srno,pdf,,
2718-2,감사원,2718,S02724,srno,pdf,,
2718-3,감사원,2718,S02724,srno,pdf,,
2718-4,감사원,2718,S02724,srno,pdf,,
2718-5,감사원,2718,S02724,srno,pdf,,
2718-6,감사원,2718,S02724,srno,pdf,,
2718-7,감사원,2718,S02724,srno,pdf,recall,
2718-8,감사원,2718,S02724,srno,pdf,,
2718-9,감사원,2718,S02724,srno,pdf,분야축,
2718-10,감사원,2718,S02724,srno,pdf,분야축,
2718-11,감사원,2718,S02724,srno,pdf,분야축,
2718-12,감사원,2718,S02724,srno,pdf,,
2718-13,감사원,2718,S02724,srno,pdf,분야축,
2719-1,감사원,2719,S02725,srno,pdf,분야축,
2719-2,감사원,2719,S02725,srno,pdf,분야축,
2719-3,감사원,2719,S02725,srno,pdf,분야축,
2719-4,감사원,2719,S02725,srno,pdf,분야축,
2719-5,감사원,2719,S02725,srno,pdf,분야축,
2719-6,감사원,2719,S02725,srno,pdf,분야축,
2719-7,감사원,2719,S02725,srno,pdf,분야축,
2719-8,감사원,2719,S02725,srno,pdf,분야축,
2719-9,감사원,2719,S02725,srno,pdf,,
2719-10,감사원,2719,S02725,srno,pdf,,
2719-11,감사원,2719,S02725,srno,pdf,,
2719-12,감사원,2719,S02725,srno,pdf,,
2721-1,감사원,2721,S02729,srno,pdf,,
2721-2,감사원,2721,S02729,srno,pdf,,
2721-3,감사원,2721,S02729,srno,pdf,,
2722-1,감사원,2722,S02727,srno,pdf,분야축,
2722-2,감사원,2722,S02727,srno,pdf,,
2722-3,감사원,2722,S02727,srno,pdf,,
2722-4,감사원,2722,S02727,srno,pdf,,
2723-1,감사원,2723,S02726,srno,pdf,,
2723-2,감사원,2723,S02726,srno,pdf,,
2723-3,감사원,2723,S02726,srno,pdf,분야축,
2723-4,감사원,2723,S02726,srno,pdf,분야축,
2723-5,감사원,2723,S02726,srno,pdf,,
2723-6,감사원,2723,S02726,srno,pdf,,
2723-7,감사원,2723,S02726,srno,pdf,,
2723-8,감사원,2723,S02726,srno,pdf,분야축,
2723-9,감사원,2723,S02726,srno,pdf,,
2726-1,감사원,2726,S02728,srno,pdf,분야축,
2726-2,감사원,2726,S02728,srno,pdf,분야축,
2726-3,감사원,2726,S02728,srno,pdf,recall,
2726-4,감사원,2726,S02728,srno,pdf,,
2726-5,감사원,2726,S02728,srno,pdf,recall,
2726-6,감사원,2726,S02728,srno,pdf,recall,
2726-7,감사원,2726,S02728,srno,pdf,,
2726-8,감사원,2726,S02728,srno,pdf,,
2726-9,감사원,2726,S02728,srno,pdf,,
2726-10,감사원,2726,S02728,srno,pdf,,
2726-11,감사원,2726,S02728,srno,pdf,,
2726-12,감사원,2726,S02728,srno,pdf,,
2726-13,감사원,2726,S02728,srno,pdf,,
2727-1,감사원,2727,S02730,srno,pdf,분야축,
2727-2,감사원,2727,S02730,srno,pdf,분야축,
2727-3,감사원,2727,S02730,srno,pdf,분야축,
2727-4,감사원,2727,S02730,srno,pdf,분야축,
2727-5,감사원,2727,S02730,srno,pdf,분야축,
2728-1,감사원,2728,S02731,srno,pdf,,
2728-2,감사원,2728,S02731,srno,pdf,분야축,
2728-3,감사원,2728,S02731,srno,pdf,,
2728-4,감사원,2728,S02731,srno,pdf,분야축,
2728-5,감사원,2728,S02731,srno,pdf,분야축,
2728-6,감사원,2728,S02731,srno,pdf,분야축,
2728-7,감사원,2728,S02731,srno,pdf,,
2730-1,감사원,2730,S02734,srno,pdf,분야축,
2730-2,감사원,2730,S02734,srno,pdf,분야축,
2730-3,감사원,2730,S02734,srno,pdf,분야축,
2731-1,감사원,2731,S02733,srno,pdf,,
2734-1,감사원,2734,S02738,srno,pdf,분야축,
2734-2,감사원,2734,S02738,srno,pdf,분야축,
2734-3,감사원,2734,S02738,srno,pdf,분야축,
2734-4,감사원,2734,S02738,srno,pdf,분야축,
2734-5,감사원,2734,S02738,srno,pdf,분야축,
2734-6,감사원,2734,S02738,srno,pdf,분야축,
2734-7,감사원,2734,S02738,srno,pdf,recall,
2734-8,감사원,2734,S02738,srno,pdf,분야축,
2734-9,감사원,2734,S02738,srno,pdf,분야축,
2734-10,감사원,2734,S02738,srno,pdf,,
2734-11,감사원,2734,S02738,srno,pdf,분야축,
2734-12,감사원,2734,S02738,srno,pdf,분야축,
2734-13,감사원,2734,S02738,srno,pdf,분야축,
2734-14,감사원,2734,S02738,srno,pdf,분야축,
2735-1,감사원,2735,S02741,srno,pdf,분야축,
2735-2,감사원,2735,S02741,srno,pdf,분야축,
2735-3,감사원,2735,S02741,srno,pdf,분야축,
2735-4,감사원,2735,S02741,srno,pdf,분야축,
2735-5,감사원,2735,S02741,srno,pdf,분야축,
2735-6,감사원,2735,S02741,srno,pdf,분야축,
2735-7,감사원,2735,S02741,srno,pdf,분야축,
2735-8,감사원,2735,S02741,srno,pdf,분야축,
2735-9,감사원,2735,S02741,srno,pdf,분야축,
2735-10,감사원,2735,S02741,srno,pdf,분야축,
2735-11,감사원,2735,S02741,srno,pdf,분야축,
2735-12,감사원,2735,S02741,srno,pdf,분야축,
2736-1,감사원,2736,S02737,srno,pdf,,
2736-2,감사원,2736,S02737,srno,pdf,,
2736-3,감사원,2736,S02737,srno,pdf,,
2736-4,감사원,2736,S02737,srno,pdf,분야축,
2737-1,감사원,2737,S02740,srno,pdf,,
2739-1,감사원,2739,S02739,srno,pdf,,
2739-2,감사원,2739,S02739,srno,pdf,,
2739-3,감사원,2739,S02739,srno,pdf,,
2740-1,감사원,2740,S02743,srno,pdf,분야축,
2740-2,감사원,2740,S02743,srno,pdf,분야축,
2740-3,감사원,2740,S02743,srno,pdf,분야축,
2740-4,감사원,2740,S02743,srno,pdf,분야축,
2740-5,감사원,2740,S02743,srno,pdf,분야축,
2741-1,감사원,2741,S02744,srno,pdf,분야축,
2741-2,감사원,2741,S02744,srno,pdf,분야축,
2741-3,감사원,2741,S02744,srno,pdf,분야축,
2741-4,감사원,2741,S02744,srno,pdf,분야축,
2741-5,감사원,2741,S02744,srno,pdf,분야축,
2741-6,감사원,2741,S02744,srno,pdf,분야축,
2741-7,감사원,2741,S02744,srno,pdf,분야축,
2741-8,감사원,2741,S02744,srno,pdf,분야축,
2741-9,감사원,2741,S02744,srno,pdf,분야축,
2741-10,감사원,2741,S02744,srno,pdf,분야축,
2741-11,감사원,2741,S02744,srno,pdf,분야축,
2741-12,감사원,2741,S02744,srno,pdf,분야축,
2741-13,감사원,2741,S02744,srno,pdf,분야축,
2741-14,감사원,2741,S02744,srno,pdf,분야축,
2742-1,감사원,2742,S02745,srno,pdf,분야축,
2742-2,감사원,2742,S02745,srno,pdf,분야축,
2742-3,감사원,2742,S02745,srno,pdf,분야축,
2742-4,감사원,2742,S02745,srno,pdf,분야축,
2742-5,감사원,2742,S02745,srno,pdf,분야축,
2742-6,감사원,2742,S02745,srno,pdf,분야축,
2742-7,감사원,2742,S02745,srno,pdf,분야축,
2742-8,감사원,2742,S02745,srno,pdf,분야축,
2743-1,감사원,2743,S02742,srno,pdf,분야축,
2743-2,감사원,2743,S02742,srno,pdf,분야축,
2744-1,감사원,2744,S02755,srno,pdf,분야축,
2746-1,감사원,2746,S02750,srno,pdf,,
2746-2,감사원,2746,S02750,srno,pdf,,
2746-3,감사원,2746,S02750,srno,pdf,,
2746-4,감사원,2746,S02750,srno,pdf,,
2746-5,감사원,2746,S02750,srno,pdf,,
2746-6,감사원,2746,S02750,srno,pdf,,
2746-7,감사원,2746,S02750,srno,pdf,,
2746-8,감사원,2746,S02750,srno,pdf,,
2746-9,감사원,2746,S02750,srno,pdf,,
2746-10,감사원,2746,S02750,srno,pdf,,
2746-11,감사원,2746,S02750,srno,pdf,,
2747-1,감사원,2747,S02751,srno,pdf,,
2747-2,감사원,2747,S02751,srno,pdf,,
2747-3,감사원,2747,S02751,srno,pdf,,
2747-4,감사원,2747,S02751,srno,pdf,,
2747-5,감사원,2747,S02751,srno,pdf,,
2747-6,감사원,2747,S02751,srno,pdf,,
2747-7,감사원,2747,S02751,srno,pdf,,
2747-8,감사원,2747,S02751,srno,pdf,,
2747-9,감사원,2747,S02751,srno,pdf,,
2747-10,감사원,2747,S02751,srno,pdf,,
2747-11,감사원,2747,S02751,srno,pdf,,
2747-12,감사원,2747,S02751,srno,pdf,,
2747-13,감사원,2747,S02751,srno,pdf,recall,
2747-14,감사원,2747,S02751,srno,pdf,,
2747-15,감사원,2747,S02751,srno,pdf,,
2747-16,감사원,2747,S02751,srno,pdf,,
2747-17,감사원,2747,S02751,srno,pdf,,
2747-18,감사원,2747,S02751,srno,pdf,,
2747-19,감사원,2747,S02751,srno,pdf,,
2747-20,감사원,2747,S02751,srno,pdf,,
2747-21,감사원,2747,S02751,srno,pdf,,
2747-22,감사원,2747,S02751,srno,pdf,,
2748-1,감사원,2748,S02753,srno,pdf,분야축,
2748-2,감사원,2748,S02753,srno,pdf,분야축,
2748-3,감사원,2748,S02753,srno,pdf,분야축,
2748-4,감사원,2748,S02753,srno,pdf,recall,
2748-5,감사원,2748,S02753,srno,pdf,,
2748-6,감사원,2748,S02753,srno,pdf,분야축,
2748-7,감사원,2748,S02753,srno,pdf,분야축,
2748-8,감사원,2748,S02753,srno,pdf,분야축,
2748-9,감사원,2748,S02753,srno,pdf,분야축,
2748-10,감사원,2748,S02753,srno,pdf,,
2748-11,감사원,2748,S02753,srno,pdf,분야축,
2748-12,감사원,2748,S02753,srno,pdf,,
2748-13,감사원,2748,S02753,srno,pdf,,
2748-14,감사원,2748,S02753,srno,pdf,recall,
2749-1,감사원,2749,S02754,srno,pdf,,
2749-2,감사원,2749,S02754,srno,pdf,,
2749-3,감사원,2749,S02754,srno,pdf,,
2749-4,감사원,2749,S02754,srno,pdf,,
2749-5,감사원,2749,S02754,srno,pdf,,
2749-6,감사원,2749,S02754,srno,pdf,,
2749-7,감사원,2749,S02754,srno,pdf,분야축,
2749-8,감사원,2749,S02754,srno,pdf,분야축,
2749-9,감사원,2749,S02754,srno,pdf,,
2749-10,감사원,2749,S02754,srno,pdf,,
2750-1,감사원,2750,S02752,srno,pdf,,
2751-1,감사원,2751,S02758,srno,pdf,,
2751-2,감사원,2751,S02758,srno,pdf,,
2752-1,감사원,2752,S02757,srno,pdf,분야축,
2752-2,감사원,2752,S02757,srno,pdf,,
2752-3,감사원,2752,S02757,srno,pdf,,
2752-4,감사원,2752,S02757,srno,pdf,,
2752-5,감사원,2752,S02757,srno,pdf,,
2752-6,감사원,2752,S02757,srno,pdf,,
2752-7,감사원,2752,S02757,srno,pdf,분야축,
2752-8,감사원,2752,S02757,srno,pdf,분야축,
2752-9,감사원,2752,S02757,srno,pdf,분야축,
2752-10,감사원,2752,S02757,srno,pdf,recall,
2752-11,감사원,2752,S02757,srno,pdf,분야축,
2752-12,감사원,2752,S02757,srno,pdf,분야축,
2752-13,감사원,2752,S02757,srno,pdf,,
2752-14,감사원,2752,S02757,srno,pdf,recall,
2752-15,감사원,2752,S02757,srno,pdf,분야축,
2752-16,감사원,2752,S02757,srno,pdf,,
2752-17,감사원,2752,S02757,srno,pdf,,
2752-18,감사원,2752,S02757,srno,pdf,분야축,
2752-19,감사원,2752,S02757,srno,pdf,분야축,
2752-20,감사원,2752,S02757,srno,pdf,분야축,
2752-21,감사원,2752,S02757,srno,pdf,분야축,
2752-22,감사원,2752,S02757,srno,pdf,분야축,
2752-23,감사원,2752,S02757,srno,pdf,분야축,
2752-24,감사원,2752,S02757,srno,pdf,분야축,
2752-25,감사원,2752,S02757,srno,pdf,분야축,
2752-26,감사원,2752,S02757,srno,pdf,분야축,
2752-27,감사원,2752,S02757,srno,pdf,분야축,
2752-28,감사원,2752,S02757,srno,pdf,분야축,
2752-29,감사원,2752,S02757,srno,pdf,recall,
2752-30,감사원,2752,S02757,srno,pdf,분야축,
2753-1,감사원,2753,S02756,srno,pdf,,
2753-2,감사원,2753,S02756,srno,pdf,,
2753-3,감사원,2753,S02756,srno,pdf,,
2753-4,감사원,2753,S02756,srno,pdf,,
2753-5,감사원,2753,S02756,srno,pdf,,
2753-6,감사원,2753,S02756,srno,pdf,,
2753-7,감사원,2753,S02756,srno,pdf,,
2753-8,감사원,2753,S02756,srno,pdf,,
2754-1,감사원,2754,S02759,srno,pdf,분야축,
2754-2,감사원,2754,S02759,srno,pdf,분야축,
2754-3,감사원,2754,S02759,srno,pdf,분야축,
2754-4,감사원,2754,S02759,srno,pdf,분야축,
2754-5,감사원,2754,S02759,srno,pdf,분야축,
2754-6,감사원,2754,S02759,srno,pdf,분야축,
2754-7,감사원,2754,S02759,srno,pdf,분야축,
2754-8,감사원,2754,S02759,srno,pdf,분야축,
2754-9,감사원,2754,S02759,srno,pdf,분야축,
2754-10,감사원,2754,S02759,srno,pdf,분야축,
2754-11,감사원,2754,S02759,srno,pdf,분야축,
2754-12,감사원,2754,S02759,srno,pdf,,
2757-1,감사원,2757,S02761,srno,pdf,,
2757-2,감사원,2757,S02761,srno,pdf,,
2757-3,감사원,2757,S02761,srno,pdf,,
2757-4,감사원,2757,S02761,srno,pdf,분야축,
2757-5,감사원,2757,S02761,srno,pdf,분야축,
2757-6,감사원,2757,S02761,srno,pdf,,
2757-7,감사원,2757,S02761,srno,pdf,분야축,
2757-8,감사원,2757,S02761,srno,pdf,분야축,
2757-9,감사원,2757,S02761,srno,pdf,분야축,
2760-1,감사원,2760,S02760,srno,pdf,분야축,
2761-1,감사원,2761,S02764,srno,pdf,,
2761-2,감사원,2761,S02764,srno,pdf,,
2761-3,감사원,2761,S02764,srno,pdf,,
2761-4,감사원,2761,S02764,srno,pdf,,
2761-5,감사원,2761,S02764,srno,pdf,,
2762-1,감사원,2762,S02762,srno,pdf,,
2762-2,감사원,2762,S02762,srno,pdf,,
2762-3,감사원,2762,S02762,srno,pdf,,
2762-4,감사원,2762,S02762,srno,pdf,,
2762-5,감사원,2762,S02762,srno,pdf,,
2762-6,감사원,2762,S02762,srno,pdf,,
2762-7,감사원,2762,S02762,srno,pdf,,
2763-1,감사원,2763,S02766,srno,pdf,,
2763-2,감사원,2763,S02766,srno,pdf,,
2763-3,감사원,2763,S02766,srno,pdf,,
2763-4,감사원,2763,S02766,srno,pdf,,
2764-1,감사원,2764,S02644,srno,pdf,,
2764-2,감사원,2764,S02644,srno,pdf,,
2764-3,감사원,2764,S02644,srno,pdf,,
2764-4,감사원,2764,S02644,srno,pdf,,
2764-5,감사원,2764,S02644,srno,pdf,분야축,
2764-6,감사원,2764,S02644,srno,pdf,분야축,
2764-7,감사원,2764,S02644,srno,pdf,,
2764-8,감사원,2764,S02644,srno,pdf,,
2765-1,감사원,2765,S02763,srno,pdf,분야축,
2765-2,감사원,2765,S02763,srno,pdf,recall,
2765-3,감사원,2765,S02763,srno,pdf,,
2765-4,감사원,2765,S02763,srno,pdf,분야축,
2765-5,감사원,2765,S02763,srno,pdf,,
2767-1,감사원,2767,S02767,srno,pdf,분야축,
2767-2,감사원,2767,S02767,srno,pdf,,
2767-3,감사원,2767,S02767,srno,pdf,분야축,
2767-4,감사원,2767,S02767,srno,pdf,,
2768-1,감사원,2768,S02720,srno,pdf,분야축,
2768-2,감사원,2768,S02720,srno,pdf,분야축,
2768-3,감사원,2768,S02720,srno,pdf,분야축,
2768-4,감사원,2768,S02720,srno,pdf,분야축,
2768-5,감사원,2768,S02720,srno,pdf,분야축,
2768-6,감사원,2768,S02720,srno,pdf,분야축,
2768-7,감사원,2768,S02720,srno,pdf,분야축,
2768-8,감사원,2768,S02720,srno,pdf,분야축,
2768-9,감사원,2768,S02720,srno,pdf,,
2768-10,감사원,2768,S02720,srno,pdf,,
2768-11,감사원,2768,S02720,srno,pdf,,
2768-12,감사원,2768,S02720,srno,pdf,분야축,
2768-13,감사원,2768,S02720,srno,pdf,분야축,
2768-14,감사원,2768,S02720,srno,pdf,분야축,
2768-15,감사원,2768,S02720,srno,pdf,분야축,
2768-16,감사원,2768,S02720,srno,pdf,,
2769-1,감사원,2769,S02765,srno,pdf,,
2769-2,감사원,2769,S02765,srno,pdf,,
2769-3,감사원,2769,S02765,srno,pdf,,
2769-4,감사원,2769,S02765,srno,pdf,,
2770-1,감사원,2770,S02707,srno,pdf,분야축,
2770-2,감사원,2770,S02707,srno,pdf,,
2770-3,감사원,2770,S02707,srno,pdf,분야축,
2770-4,감사원,2770,S02707,srno,pdf,분야축,
2770-5,감사원,2770,S02707,srno,pdf,,
2770-6,감사원,2770,S02707,srno,pdf,,
2770-7,감사원,2770,S02707,srno,pdf,분야축,
2770-8,감사원,2770,S02707,srno,pdf,분야축,
2770-9,감사원,2770,S02707,srno,pdf,,
2770-10,감사원,2770,S02707,srno,pdf,,
2770-11,감사원,2770,S02707,srno,pdf,분야축,
2770-12,감사원,2770,S02707,srno,pdf,recall,
2770-13,감사원,2770,S02707,srno,pdf,분야축,
2770-14,감사원,2770,S02707,srno,pdf,,
2770-15,감사원,2770,S02707,srno,pdf,,
2770-16,감사원,2770,S02707,srno,pdf,,
2771-1,감사원,2771,S02732,srno,pdf,,
2771-2,감사원,2771,S02732,srno,pdf,,
2771-3,감사원,2771,S02732,srno,pdf,,
2771-4,감사원,2771,S02732,srno,pdf,,
2771-5,감사원,2771,S02732,srno,pdf,,
2771-6,감사원,2771,S02732,srno,pdf,,
2771-7,감사원,2771,S02732,srno,pdf,,
2772-1,감사원,2772,S02769,srno,pdf,,
2772-2,감사원,2772,S02769,srno,pdf,,
2772-3,감사원,2772,S02769,srno,pdf,,
2772-4,감사원,2772,S02769,srno,pdf,,
2772-5,감사원,2772,S02769,srno,pdf,분야축,
2772-6,감사원,2772,S02769,srno,pdf,,
2772-7,감사원,2772,S02769,srno,pdf,,
2772-8,감사원,2772,S02769,srno,pdf,,
2772-9,감사원,2772,S02769,srno,pdf,분야축,
2773-1,감사원,2773,S02768,srno,pdf,,
2773-2,감사원,2773,S02768,srno,pdf,,
2773-3,감사원,2773,S02768,srno,pdf,,
2773-4,감사원,2773,S02768,srno,pdf,,
2774-1,감사원,2774,S02770,srno,pdf,recall,
2774-2,감사원,2774,S02770,srno,pdf,recall,
2774-3,감사원,2774,S02770,srno,pdf,,
2774-4,감사원,2774,S02770,srno,pdf,,
2774-5,감사원,2774,S02770,srno,pdf,분야축,
2774-6,감사원,2774,S02770,srno,pdf,,
2774-7,감사원,2774,S02770,srno,pdf,분야축,
2775-1,감사원,2775,S02771,srno,pdf,,
2775-2,감사원,2775,S02771,srno,pdf,,
2775-3,감사원,2775,S02771,srno,pdf,,
2775-4,감사원,2775,S02771,srno,pdf,,
2778-1,감사원,2778,S02775,srno,pdf,분야축,
2778-2,감사원,2778,S02775,srno,pdf,,
2778-3,감사원,2778,S02775,srno,pdf,,
2778-4,감사원,2778,S02775,srno,pdf,,
2778-5,감사원,2778,S02775,srno,pdf,,
2778-6,감사원,2778,S02775,srno,pdf,,
2778-7,감사원,2778,S02775,srno,pdf,,
2779-1,감사원,2779,S02774,srno,pdf,,
2779-2,감사원,2779,S02774,srno,pdf,,
2779-3,감사원,2779,S02774,srno,pdf,,
2779-4,감사원,2779,S02774,srno,pdf,,
2779-5,감사원,2779,S02774,srno,pdf,,
2779-6,감사원,2779,S02774,srno,pdf,,
2779-7,감사원,2779,S02774,srno,pdf,,
2779-8,감사원,2779,S02774,srno,pdf,,
2779-9,감사원,2779,S02774,srno,pdf,,
2780-1,감사원,2780,S02777,srno,pdf,분야축,
2780-2,감사원,2780,S02777,srno,pdf,분야축,
2780-3,감사원,2780,S02777,srno,pdf,분야축,
2780-4,감사원,2780,S02777,srno,pdf,분야축,
2780-5,감사원,2780,S02777,srno,pdf,,
2780-6,감사원,2780,S02777,srno,pdf,분야축,
2780-7,감사원,2780,S02777,srno,pdf,분야축,
2780-8,감사원,2780,S02777,srno,pdf,,
2780-9,감사원,2780,S02777,srno,pdf,,
2780-10,감사원,2780,S02777,srno,pdf,분야축,
2780-11,감사원,2780,S02777,srno,pdf,분야축,
2780-12,감사원,2780,S02777,srno,pdf,분야축,
2780-13,감사원,2780,S02777,srno,pdf,recall,
2780-14,감사원,2780,S02777,srno,pdf,분야축,
2780-15,감사원,2780,S02777,srno,pdf,,
2780-16,감사원,2780,S02777,srno,pdf,분야축,
2780-17,감사원,2780,S02777,srno,pdf,분야축,
2780-18,감사원,2780,S02777,srno,pdf,,
2780-19,감사원,2780,S02777,srno,pdf,분야축,
2783-1,감사원,2783,S02776,srno,pdf,,
2783-2,감사원,2783,S02776,srno,pdf,,
2783-3,감사원,2783,S02776,srno,pdf,,
2784-1,감사원,2784,S02673,srno,pdf,,
2784-2,감사원,2784,S02673,srno,pdf,,
2784-3,감사원,2784,S02673,srno,pdf,,
2784-4,감사원,2784,S02673,srno,pdf,분야축,
2784-5,감사원,2784,S02673,srno,pdf,,
2784-6,감사원,2784,S02673,srno,pdf,,
2784-7,감사원,2784,S02673,srno,pdf,,
2784-8,감사원,2784,S02673,srno,pdf,recall,
2784-9,감사원,2784,S02673,srno,pdf,recall,
2784-10,감사원,2784,S02673,srno,pdf,분야축,
2784-11,감사원,2784,S02673,srno,pdf,분야축,
2784-12,감사원,2784,S02673,srno,pdf,,
2784-13,감사원,2784,S02673,srno,pdf,분야축,
2784-14,감사원,2784,S02673,srno,pdf,,
2784-15,감사원,2784,S02673,srno,pdf,,
2785-1,감사원,2785,S02778,srno,pdf,분야축,
2785-2,감사원,2785,S02778,srno,pdf,분야축,
2786-1,감사원,2786,S02779,srno,pdf,,
2786-2,감사원,2786,S02779,srno,pdf,,
2786-3,감사원,2786,S02779,srno,pdf,,
2786-4,감사원,2786,S02779,srno,pdf,,
2786-5,감사원,2786,S02779,srno,pdf,,
2786-6,감사원,2786,S02779,srno,pdf,분야축,
2787-1,감사원,2787,S02780,srno,pdf,,
2787-2,감사원,2787,S02780,srno,pdf,recall,
2787-3,감사원,2787,S02780,srno,pdf,,
2787-4,감사원,2787,S02780,srno,pdf,,
2787-5,감사원,2787,S02780,srno,pdf,,
2787-6,감사원,2787,S02780,srno,pdf,,
2787-7,감사원,2787,S02780,srno,pdf,recall,
2787-8,감사원,2787,S02780,srno,pdf,분야축,
2787-9,감사원,2787,S02780,srno,pdf,,
2787-10,감사원,2787,S02780,srno,pdf,,
2787-11,감사원,2787,S02780,srno,pdf,분야축,
2787-12,감사원,2787,S02780,srno,pdf,분야축,
2787-13,감사원,2787,S02780,srno,pdf,분야축,
2787-14,감사원,2787,S02780,srno,pdf,분야축,
2788-1,감사원,2788,S02781,srno,pdf,,
2788-2,감사원,2788,S02781,srno,pdf,,
2788-3,감사원,2788,S02781,srno,pdf,분야축,
2788-4,감사원,2788,S02781,srno,pdf,,
2788-5,감사원,2788,S02781,srno,pdf,recall,
2788-6,감사원,2788,S02781,srno,pdf,,
2789-1,감사원,2789,S02782,srno,pdf,,
2789-2,감사원,2789,S02782,srno,pdf,분야축,
2789-3,감사원,2789,S02782,srno,pdf,,
2789-4,감사원,2789,S02782,srno,pdf,,
2789-5,감사원,2789,S02782,srno,pdf,,
2789-6,감사원,2789,S02782,srno,pdf,분야축,
2789-7,감사원,2789,S02782,srno,pdf,recall,
2789-8,감사원,2789,S02782,srno,pdf,,
2791-1,감사원,2791,S02783,srno,pdf,,
2791-2,감사원,2791,S02783,srno,pdf,,
2792-1,감사원,2792,S02784,srno,pdf,분야축,
2792-2,감사원,2792,S02784,srno,pdf,,
2792-3,감사원,2792,S02784,srno,pdf,분야축,
2792-4,감사원,2792,S02784,srno,pdf,,
2792-5,감사원,2792,S02784,srno,pdf,,
2792-6,감사원,2792,S02784,srno,pdf,,
2792-7,감사원,2792,S02784,srno,pdf,,
2792-8,감사원,2792,S02784,srno,pdf,,
2792-9,감사원,2792,S02784,srno,pdf,recall,
2792-10,감사원,2792,S02784,srno,pdf,분야축,
2792-11,감사원,2792,S02784,srno,pdf,분야축,
2792-12,감사원,2792,S02784,srno,pdf,,
2792-13,감사원,2792,S02784,srno,pdf,분야축,
2792-14,감사원,2792,S02784,srno,pdf,분야축,
2792-15,감사원,2792,S02784,srno,pdf,분야축,
2792-16,감사원,2792,S02784,srno,pdf,분야축,
2792-17,감사원,2792,S02784,srno,pdf,분야축,
2793-1,감사원,2793,S02785,srno,pdf,,
2793-2,감사원,2793,S02785,srno,pdf,recall,
2793-3,감사원,2793,S02785,srno,pdf,,
2793-4,감사원,2793,S02785,srno,pdf,,
2793-5,감사원,2793,S02785,srno,pdf,분야축,
2793-6,감사원,2793,S02785,srno,pdf,,
2793-7,감사원,2793,S02785,srno,pdf,recall,
2795-1,감사원,2795,S02787,srno,pdf,,
2795-2,감사원,2795,S02787,srno,pdf,,
2795-3,감사원,2795,S02787,srno,pdf,,
2795-4,감사원,2795,S02787,srno,pdf,,
2796-1,감사원,2796,S02791,srno,pdf,,
2796-2,감사원,2796,S02791,srno,pdf,recall,
2796-3,감사원,2796,S02791,srno,pdf,분야축,
2796-4,감사원,2796,S02791,srno,pdf,분야축,
2796-5,감사원,2796,S02791,srno,pdf,recall,
2798-1,감사원,2798,S02789,srno,pdf,,
2799-1,감사원,2799,S02788,srno,pdf,,
2799-2,감사원,2799,S02788,srno,pdf,,
2799-3,감사원,2799,S02788,srno,pdf,,
2799-4,감사원,2799,S02788,srno,pdf,,
2799-5,감사원,2799,S02788,srno,pdf,,
2799-6,감사원,2799,S02788,srno,pdf,,
2799-7,감사원,2799,S02788,srno,pdf,,
2799-8,감사원,2799,S02788,srno,pdf,분야축,
2799-9,감사원,2799,S02788,srno,pdf,,
2799-10,감사원,2799,S02788,srno,pdf,recall,
2799-11,감사원,2799,S02788,srno,pdf,분야축,
2800-1,감사원,2800,S02794,srno,pdf,,
2800-2,감사원,2800,S02794,srno,pdf,분야축,
2800-3,감사원,2800,S02794,srno,pdf,recall,
2800-4,감사원,2800,S02794,srno,pdf,,
2800-5,감사원,2800,S02794,srno,pdf,분야축,
2800-6,감사원,2800,S02794,srno,pdf,,
2800-7,감사원,2800,S02794,srno,pdf,,
2800-8,감사원,2800,S02794,srno,pdf,분야축,
2800-9,감사원,2800,S02794,srno,pdf,분야축,
2800-10,감사원,2800,S02794,srno,pdf,분야축,
2804-1,감사원,2804,S02792,srno,pdf,,
2804-2,감사원,2804,S02792,srno,pdf,,
2804-3,감사원,2804,S02792,srno,pdf,,
2805-1,감사원,2805,S02790,srno,pdf,recall,
2805-2,감사원,2805,S02790,srno,pdf,분야축,
2805-3,감사원,2805,S02790,srno,pdf,,
2805-4,감사원,2805,S02790,srno,pdf,,
2805-5,감사원,2805,S02790,srno,pdf,,
2805-6,감사원,2805,S02790,srno,pdf,,
2805-7,감사원,2805,S02790,srno,pdf,분야축,
2805-8,감사원,2805,S02790,srno,pdf,분야축,
2805-9,감사원,2805,S02790,srno,pdf,,
2805-10,감사원,2805,S02790,srno,pdf,recall,
2805-11,감사원,2805,S02790,srno,pdf,,
2805-12,감사원,2805,S02790,srno,pdf,분야축,
2805-13,감사원,2805,S02790,srno,pdf,,
2805-14,감사원,2805,S02790,srno,pdf,분야축,
2805-15,감사원,2805,S02790,srno,pdf,분야축,
2805-16,감사원,2805,S02790,srno,pdf,분야축,
2805-17,감사원,2805,S02790,srno,pdf,,
2805-18,감사원,2805,S02790,srno,pdf,분야축,
2805-19,감사원,2805,S02790,srno,pdf,분야축,
2805-20,감사원,2805,S02790,srno,pdf,분야축,
2805-21,감사원,2805,S02790,srno,pdf,분야축,
2806-1,감사원,2806,S02795,srno,pdf,,
2806-2,감사원,2806,S02795,srno,pdf,,
2807-1,감사원,2807,S02796,srno,pdf,분야축,
2807-2,감사원,2807,S02796,srno,pdf,분야축,
2807-3,감사원,2807,S02796,srno,pdf,,
2807-4,감사원,2807,S02796,srno,pdf,분야축,
2807-5,감사원,2807,S02796,srno,pdf,분야축,
2807-6,감사원,2807,S02796,srno,pdf,분야축,
2807-7,감사원,2807,S02796,srno,pdf,,
2807-8,감사원,2807,S02796,srno,pdf,분야축,
2807-9,감사원,2807,S02796,srno,pdf,,
2807-10,감사원,2807,S02796,srno,pdf,,
2807-11,감사원,2807,S02796,srno,pdf,분야축,
2807-12,감사원,2807,S02796,srno,pdf,분야축,
2807-13,감사원,2807,S02796,srno,pdf,분야축,
2807-14,감사원,2807,S02796,srno,pdf,,
2809-1,감사원,2809,S02798,srno,pdf,,
2809-2,감사원,2809,S02798,srno,pdf,,
2809-3,감사원,2809,S02798,srno,pdf,,
2809-4,감사원,2809,S02798,srno,pdf,,
2809-5,감사원,2809,S02798,srno,pdf,,
2809-6,감사원,2809,S02798,srno,pdf,,
2809-7,감사원,2809,S02798,srno,pdf,,
2809-8,감사원,2809,S02798,srno,pdf,분야축,
2809-9,감사원,2809,S02798,srno,pdf,,
2809-10,감사원,2809,S02798,srno,pdf,분야축,
2809-11,감사원,2809,S02798,srno,pdf,분야축,
2809-12,감사원,2809,S02798,srno,pdf,분야축,
2809-13,감사원,2809,S02798,srno,pdf,,
2809-14,감사원,2809,S02798,srno,pdf,,
2809-15,감사원,2809,S02798,srno,pdf,분야축,
2810-1,감사원,2810,S02797,srno,pdf,분야축,
2810-2,감사원,2810,S02797,srno,pdf,분야축,
2810-3,감사원,2810,S02797,srno,pdf,분야축,
2810-4,감사원,2810,S02797,srno,pdf,분야축,
2810-5,감사원,2810,S02797,srno,pdf,분야축,
2810-6,감사원,2810,S02797,srno,pdf,분야축,
2810-7,감사원,2810,S02797,srno,pdf,분야축,
2810-8,감사원,2810,S02797,srno,pdf,분야축,
2810-9,감사원,2810,S02797,srno,pdf,분야축,
2810-10,감사원,2810,S02797,srno,pdf,분야축,
2811-1,감사원,2811,S02786,srno,pdf,분야축,
2811-2,감사원,2811,S02786,srno,pdf,분야축,
2811-3,감사원,2811,S02786,srno,pdf,분야축,
2811-4,감사원,2811,S02786,srno,pdf,분야축,
2811-5,감사원,2811,S02786,srno,pdf,분야축,
2811-6,감사원,2811,S02786,srno,pdf,분야축,
2811-7,감사원,2811,S02786,srno,pdf,분야축,
2811-8,감사원,2811,S02786,srno,pdf,분야축,
2812-1,감사원,2812,S02772,srno,pdf,분야축,
2812-2,감사원,2812,S02772,srno,pdf,분야축,
2812-3,감사원,2812,S02772,srno,pdf,,
2812-4,감사원,2812,S02772,srno,pdf,분야축,
2812-5,감사원,2812,S02772,srno,pdf,분야축,
2812-6,감사원,2812,S02772,srno,pdf,분야축,
2812-7,감사원,2812,S02772,srno,pdf,분야축,
2812-8,감사원,2812,S02772,srno,pdf,,
2812-9,감사원,2812,S02772,srno,pdf,분야축,
2812-10,감사원,2812,S02772,srno,pdf,분야축,
2812-11,감사원,2812,S02772,srno,pdf,,
2813-1,감사원,2813,S02799,srno,pdf,,
2813-2,감사원,2813,S02799,srno,pdf,,
2814-1,감사원,2814,S02800,srno,pdf,,
2814-2,감사원,2814,S02800,srno,pdf,,
2814-3,감사원,2814,S02800,srno,pdf,,
2814-4,감사원,2814,S02800,srno,pdf,recall,
2814-5,감사원,2814,S02800,srno,pdf,분야축,
2814-6,감사원,2814,S02800,srno,pdf,분야축,
2814-7,감사원,2814,S02800,srno,pdf,분야축,
2814-8,감사원,2814,S02800,srno,pdf,recall,
2814-9,감사원,2814,S02800,srno,pdf,,
2816-1,감사원,2816,S02802,srno,pdf,,
2816-2,감사원,2816,S02802,srno,pdf,,
2816-3,감사원,2816,S02802,srno,pdf,,
2818-1,감사원,2818,S02801,srno,pdf,분야축,
2818-2,감사원,2818,S02801,srno,pdf,,
2818-3,감사원,2818,S02801,srno,pdf,,
2818-4,감사원,2818,S02801,srno,pdf,,
2818-5,감사원,2818,S02801,srno,pdf,,
2818-6,감사원,2818,S02801,srno,pdf,,
2818-7,감사원,2818,S02801,srno,pdf,분야축,
2818-8,감사원,2818,S02801,srno,pdf,분야축,
2818-9,감사원,2818,S02801,srno,pdf,분야축,
2819-1,감사원,2819,S02803,srno,pdf,,
2819-2,감사원,2819,S02803,srno,pdf,,
2819-3,감사원,2819,S02803,srno,pdf,,
2819-4,감사원,2819,S02803,srno,pdf,,
2819-5,감사원,2819,S02803,srno,pdf,,
2819-6,감사원,2819,S02803,srno,pdf,,
2819-7,감사원,2819,S02803,srno,pdf,,
2819-8,감사원,2819,S02803,srno,pdf,,
2819-9,감사원,2819,S02803,srno,pdf,,
2819-10,감사원,2819,S02803,srno,pdf,,
2819-11,감사원,2819,S02803,srno,pdf,,
2819-12,감사원,2819,S02803,srno,pdf,,
2820-1,감사원,2820,S02804,srno,pdf,,
2820-2,감사원,2820,S02804,srno,pdf,,
2820-3,감사원,2820,S02804,srno,pdf,,
2820-4,감사원,2820,S02804,srno,pdf,,
2820-5,감사원,2820,S02804,srno,pdf,,
2820-6,감사원,2820,S02804,srno,pdf,,
2820-7,감사원,2820,S02804,srno,pdf,,
2820-8,감사원,2820,S02804,srno,pdf,,
2820-9,감사원,2820,S02804,srno,pdf,,
2821-1,감사원,2821,S02805,srno,pdf,,
2822-1,감사원,2822,S02806,srno,pdf,,
2822-2,감사원,2822,S02806,srno,pdf,,
2822-3,감사원,2822,S02806,srno,pdf,,
2822-4,감사원,2822,S02806,srno,pdf,,
2822-5,감사원,2822,S02806,srno,pdf,,
2822-6,감사원,2822,S02806,srno,pdf,,
2822-7,감사원,2822,S02806,srno,pdf,,
2822-8,감사원,2822,S02806,srno,pdf,,
2822-9,감사원,2822,S02806,srno,pdf,,
2822-10,감사원,2822,S02806,srno,pdf,,
2822-11,감사원,2822,S02806,srno,pdf,,
2822-12,감사원,2822,S02806,srno,pdf,,
2822-13,감사원,2822,S02806,srno,pdf,,
2822-14,감사원,2822,S02806,srno,pdf,,
2823-1,감사원,2823,S02807,srno,pdf,분야축,
2823-2,감사원,2823,S02807,srno,pdf,분야축,
2823-3,감사원,2823,S02807,srno,pdf,분야축,
2823-4,감사원,2823,S02807,srno,pdf,분야축,
2823-5,감사원,2823,S02807,srno,pdf,분야축,
2823-6,감사원,2823,S02807,srno,pdf,분야축,
2823-7,감사원,2823,S02807,srno,pdf,분야축,
2824-1,감사원,2824,S02808,srno,pdf,,
2824-2,감사원,2824,S02808,srno,pdf,,
2825-1,감사원,2825,S02809,srno,pdf,,
2825-2,감사원,2825,S02809,srno,pdf,,
2825-3,감사원,2825,S02809,srno,pdf,,
2825-4,감사원,2825,S02809,srno,pdf,,
2825-5,감사원,2825,S02809,srno,pdf,,
2825-6,감사원,2825,S02809,srno,pdf,,
2825-7,감사원,2825,S02809,srno,pdf,분야축,
2825-8,감사원,2825,S02809,srno,pdf,분야축,
2825-9,감사원,2825,S02809,srno,pdf,,
2825-10,감사원,2825,S02809,srno,pdf,,
2825-11,감사원,2825,S02809,srno,pdf,,
2825-12,감사원,2825,S02809,srno,pdf,,
2825-13,감사원,2825,S02809,srno,pdf,,
2825-14,감사원,2825,S02809,srno,pdf,,
2825-15,감사원,2825,S02809,srno,pdf,,
2825-16,감사원,2825,S02809,srno,pdf,,
2825-17,감사원,2825,S02809,srno,pdf,분야축,
2825-18,감사원,2825,S02809,srno,pdf,분야축,
2825-19,감사원,2825,S02809,srno,pdf,분야축,
2825-20,감사원,2825,S02809,srno,pdf,분야축,
2826-1,감사원,2826,S02810,srno,pdf,분야축,
2826-2,감사원,2826,S02810,srno,pdf,분야축,
2826-3,감사원,2826,S02810,srno,pdf,,
2826-4,감사원,2826,S02810,srno,pdf,분야축,
2826-5,감사원,2826,S02810,srno,pdf,,
2826-6,감사원,2826,S02810,srno,pdf,,
2826-7,감사원,2826,S02810,srno,pdf,분야축,
2826-8,감사원,2826,S02810,srno,pdf,,
2827-1,감사원,2827,S02811,srno,pdf,,
2827-2,감사원,2827,S02811,srno,pdf,,
2827-3,감사원,2827,S02811,srno,pdf,,
2827-4,감사원,2827,S02811,srno,pdf,,
2827-5,감사원,2827,S02811,srno,pdf,,
2827-6,감사원,2827,S02811,srno,pdf,,
2827-7,감사원,2827,S02811,srno,pdf,,
2827-8,감사원,2827,S02811,srno,pdf,,
2829-1,감사원,2829,S02814,srno,pdf,,
2829-2,감사원,2829,S02814,srno,pdf,분야축,
2829-3,감사원,2829,S02814,srno,pdf,,
2829-4,감사원,2829,S02814,srno,pdf,,
2829-5,감사원,2829,S02814,srno,pdf,,
2829-6,감사원,2829,S02814,srno,pdf,,
2829-7,감사원,2829,S02814,srno,pdf,분야축,
2829-8,감사원,2829,S02814,srno,pdf,recall,
2831-1,감사원,2831,S02816,srno,pdf,분야축,
2831-2,감사원,2831,S02816,srno,pdf,분야축,
2831-3,감사원,2831,S02816,srno,pdf,분야축,
2831-4,감사원,2831,S02816,srno,pdf,분야축,
2831-5,감사원,2831,S02816,srno,pdf,분야축,
2832-1,감사원,2832,S02815,srno,pdf,,
2832-2,감사원,2832,S02815,srno,pdf,,
2832-3,감사원,2832,S02815,srno,pdf,,
2832-4,감사원,2832,S02815,srno,pdf,분야축,
2833-1,감사원,2833,S02818,srno,pdf,,
2833-2,감사원,2833,S02818,srno,pdf,분야축,
2833-3,감사원,2833,S02818,srno,pdf,분야축,
2834-1,감사원,2834,S02817,srno,pdf,분야축,
2834-2,감사원,2834,S02817,srno,pdf,분야축,
2834-3,감사원,2834,S02817,srno,pdf,분야축,
2834-4,감사원,2834,S02817,srno,pdf,분야축,
2834-5,감사원,2834,S02817,srno,pdf,분야축,
2834-6,감사원,2834,S02817,srno,pdf,분야축,
2834-7,감사원,2834,S02817,srno,pdf,,
2835-1,감사원,2835,S02820,srno,pdf,,
2835-2,감사원,2835,S02820,srno,pdf,,
2835-3,감사원,2835,S02820,srno,pdf,,
2835-4,감사원,2835,S02820,srno,pdf,,
2835-5,감사원,2835,S02820,srno,pdf,분야축,
2835-6,감사원,2835,S02820,srno,pdf,,
2835-7,감사원,2835,S02820,srno,pdf,,
2835-8,감사원,2835,S02820,srno,pdf,,
2836-1,감사원,2836,S02819,srno,pdf,분야축,
2836-2,감사원,2836,S02819,srno,pdf,분야축,
2836-3,감사원,2836,S02819,srno,pdf,분야축,
2836-4,감사원,2836,S02819,srno,pdf,,
2836-5,감사원,2836,S02819,srno,pdf,,
2836-6,감사원,2836,S02819,srno,pdf,,
2836-7,감사원,2836,S02819,srno,pdf,분야축,
2836-8,감사원,2836,S02819,srno,pdf,,
2837-1,감사원,2837,S02824,srno,pdf,,
2837-2,감사원,2837,S02824,srno,pdf,,
2837-3,감사원,2837,S02824,srno,pdf,,
2837-4,감사원,2837,S02824,srno,pdf,,
2837-5,감사원,2837,S02824,srno,pdf,,
2837-6,감사원,2837,S02824,srno,pdf,recall,
2837-7,감사원,2837,S02824,srno,pdf,,
2838-1,감사원,2838,S02822,srno,pdf,,
2838-2,감사원,2838,S02822,srno,pdf,recall,
2838-3,감사원,2838,S02822,srno,pdf,,
2838-4,감사원,2838,S02822,srno,pdf,,
2838-5,감사원,2838,S02822,srno,pdf,,
2838-6,감사원,2838,S02822,srno,pdf,,
2839-1,감사원,2839,S02821,srno,pdf,,
2839-2,감사원,2839,S02821,srno,pdf,,
2839-3,감사원,2839,S02821,srno,pdf,분야축,
2839-4,감사원,2839,S02821,srno,pdf,,
2839-5,감사원,2839,S02821,srno,pdf,,
2839-6,감사원,2839,S02821,srno,pdf,,
2839-7,감사원,2839,S02821,srno,pdf,,
2840-1,감사원,2840,S02823,srno,pdf,분야축,
2840-2,감사원,2840,S02823,srno,pdf,분야축,
2840-3,감사원,2840,S02823,srno,pdf,,
2840-4,감사원,2840,S02823,srno,pdf,,
2841-1,감사원,2841,S02793,srno,pdf,,
2841-2,감사원,2841,S02793,srno,pdf,,
2841-3,감사원,2841,S02793,srno,pdf,,
2841-4,감사원,2841,S02793,srno,pdf,,
2841-5,감사원,2841,S02793,srno,pdf,,
2841-6,감사원,2841,S02793,srno,pdf,,
2841-7,감사원,2841,S02793,srno,pdf,분야축,
2841-8,감사원,2841,S02793,srno,pdf,분야축,
2841-9,감사원,2841,S02793,srno,pdf,분야축,
2841-10,감사원,2841,S02793,srno,pdf,분야축,
2841-11,감사원,2841,S02793,srno,pdf,,
2841-12,감사원,2841,S02793,srno,pdf,분야축,
2841-13,감사원,2841,S02793,srno,pdf,,
2841-14,감사원,2841,S02793,srno,pdf,,
2841-15,감사원,2841,S02793,srno,pdf,,
2841-16,감사원,2841,S02793,srno,pdf,분야축,
2843-1,감사원,2843,S02825,srno,pdf,분야축,
2844-1,감사원,2844,S02827,srno,pdf,,
2844-2,감사원,2844,S02827,srno,pdf,분야축,
2844-3,감사원,2844,S02827,srno,pdf,분야축,
2844-4,감사원,2844,S02827,srno,pdf,,
2844-5,감사원,2844,S02827,srno,pdf,분야축,
2844-6,감사원,2844,S02827,srno,pdf,분야축,
2844-7,감사원,2844,S02827,srno,pdf,,
2844-8,감사원,2844,S02827,srno,pdf,분야축,
2844-9,감사원,2844,S02827,srno,pdf,분야축,
2844-10,감사원,2844,S02827,srno,pdf,,
2845-1,감사원,2845,S02826,srno,pdf,recall,
2845-2,감사원,2845,S02826,srno,pdf,,
2845-3,감사원,2845,S02826,srno,pdf,,
2845-4,감사원,2845,S02826,srno,pdf,,
2845-5,감사원,2845,S02826,srno,pdf,,
2845-6,감사원,2845,S02826,srno,pdf,,
2845-7,감사원,2845,S02826,srno,pdf,recall,
2845-8,감사원,2845,S02826,srno,pdf,,
2845-9,감사원,2845,S02826,srno,pdf,,
2845-10,감사원,2845,S02826,srno,pdf,,
2846-1,감사원,2846,S02829,srno,pdf,분야축,
2846-2,감사원,2846,S02829,srno,pdf,분야축,
2846-3,감사원,2846,S02829,srno,pdf,분야축,
2846-4,감사원,2846,S02829,srno,pdf,,
2846-5,감사원,2846,S02829,srno,pdf,recall,
2846-6,감사원,2846,S02829,srno,pdf,,
2846-7,감사원,2846,S02829,srno,pdf,분야축,
2847-1,감사원,2847,S02831,srno,pdf,,
2847-2,감사원,2847,S02831,srno,pdf,분야축,
2847-3,감사원,2847,S02831,srno,pdf,recall,
2847-4,감사원,2847,S02831,srno,pdf,,
2847-5,감사원,2847,S02831,srno,pdf,recall,
2847-6,감사원,2847,S02831,srno,pdf,,
2848-1,감사원,2848,S02828,srno,pdf,,
2848-2,감사원,2848,S02828,srno,pdf,,
2848-3,감사원,2848,S02828,srno,pdf,,
2848-4,감사원,2848,S02828,srno,pdf,,
2848-5,감사원,2848,S02828,srno,pdf,,
2848-6,감사원,2848,S02828,srno,pdf,,
2849-1,감사원,2849,S02830,srno,pdf,,
2849-2,감사원,2849,S02830,srno,pdf,,
2849-3,감사원,2849,S02830,srno,pdf,,
2849-4,감사원,2849,S02830,srno,pdf,recall,
2849-5,감사원,2849,S02830,srno,pdf,recall,
2852-1,감사원,2852,S02832,srno,pdf,,
2853-1,감사원,2853,S02834,srno,pdf,분야축,
2853-2,감사원,2853,S02834,srno,pdf,분야축,
2854-1,감사원,2854,S02835,srno,pdf,,
2854-2,감사원,2854,S02835,srno,pdf,,
2854-3,감사원,2854,S02835,srno,pdf,,
2854-4,감사원,2854,S02835,srno,pdf,,
2854-5,감사원,2854,S02835,srno,pdf,,
2854-6,감사원,2854,S02835,srno,pdf,,
2854-7,감사원,2854,S02835,srno,pdf,,
2854-8,감사원,2854,S02835,srno,pdf,,
2854-9,감사원,2854,S02835,srno,pdf,,
2854-10,감사원,2854,S02835,srno,pdf,,
2855-1,감사원,2855,S02836,srno,pdf,,
2855-2,감사원,2855,S02836,srno,pdf,,
2855-3,감사원,2855,S02836,srno,pdf,,
2855-4,감사원,2855,S02836,srno,pdf,,
2855-5,감사원,2855,S02836,srno,pdf,,
2855-6,감사원,2855,S02836,srno,pdf,분야축,
2855-7,감사원,2855,S02836,srno,pdf,분야축,
2855-8,감사원,2855,S02836,srno,pdf,분야축,
2855-9,감사원,2855,S02836,srno,pdf,분야축,
2855-10,감사원,2855,S02836,srno,pdf,분야축,
2855-11,감사원,2855,S02836,srno,pdf,분야축,
2855-12,감사원,2855,S02836,srno,pdf,recall,
2855-13,감사원,2855,S02836,srno,pdf,,
2855-14,감사원,2855,S02836,srno,pdf,,
2856-1,감사원,2856,S02837,srno,pdf,recall,
2856-2,감사원,2856,S02837,srno,pdf,recall,
2856-3,감사원,2856,S02837,srno,pdf,,
2856-4,감사원,2856,S02837,srno,pdf,,
2856-5,감사원,2856,S02837,srno,pdf,,
2856-6,감사원,2856,S02837,srno,pdf,recall,
2857-1,감사원,2857,S02838,srno,pdf,,
2857-2,감사원,2857,S02838,srno,pdf,분야축,
2857-3,감사원,2857,S02838,srno,pdf,,
2857-4,감사원,2857,S02838,srno,pdf,,
2858-1,감사원,2858,S02833,srno,pdf,분야축,
2858-2,감사원,2858,S02833,srno,pdf,분야축,
2858-3,감사원,2858,S02833,srno,pdf,분야축,
2859-1,감사원,2859,S02839,srno,pdf,,
2860-1,감사원,2860,S02840,srno,pdf,분야축,
2860-2,감사원,2860,S02840,srno,pdf,분야축,
2860-3,감사원,2860,S02840,srno,pdf,분야축,
2860-4,감사원,2860,S02840,srno,pdf,분야축,
2860-5,감사원,2860,S02840,srno,pdf,분야축,
2860-6,감사원,2860,S02840,srno,pdf,분야축,
2860-7,감사원,2860,S02840,srno,pdf,분야축,
2860-8,감사원,2860,S02840,srno,pdf,분야축,
2860-9,감사원,2860,S02840,srno,pdf,분야축,
2861-1,감사원,2861,S02841,srno,pdf,,
2861-2,감사원,2861,S02841,srno,pdf,,
2861-3,감사원,2861,S02841,srno,pdf,,
2861-4,감사원,2861,S02841,srno,pdf,,
2861-5,감사원,2861,S02841,srno,pdf,,
2861-6,감사원,2861,S02841,srno,pdf,,
2861-7,감사원,2861,S02841,srno,pdf,,
2862-1,감사원,2862,S02842,srno,pdf,,
2863-1,감사원,2863,S02843,srno,pdf,,
2863-2,감사원,2863,S02843,srno,pdf,,
2863-3,감사원,2863,S02843,srno,pdf,,
2863-4,감사원,2863,S02843,srno,pdf,recall,
2863-5,감사원,2863,S02843,srno,pdf,,
2863-6,감사원,2863,S02843,srno,pdf,,
2864-1,감사원,2864,S02846,srno,pdf,분야축,
2864-2,감사원,2864,S02846,srno,pdf,분야축,
2864-3,감사원,2864,S02846,srno,pdf,분야축,
2864-4,감사원,2864,S02846,srno,pdf,분야축,
2864-5,감사원,2864,S02846,srno,pdf,분야축,
2865-1,감사원,2865,S02844,srno,pdf,분야축,
2865-2,감사원,2865,S02844,srno,pdf,분야축,
2865-3,감사원,2865,S02844,srno,pdf,분야축,
2865-4,감사원,2865,S02844,srno,pdf,분야축,
2865-5,감사원,2865,S02844,srno,pdf,분야축,
2865-6,감사원,2865,S02844,srno,pdf,분야축,
2865-7,감사원,2865,S02844,srno,pdf,분야축,
2865-8,감사원,2865,S02844,srno,pdf,분야축,
2865-9,감사원,2865,S02844,srno,pdf,분야축,
2865-10,감사원,2865,S02844,srno,pdf,분야축,
2865-11,감사원,2865,S02844,srno,pdf,분야축,
2865-12,감사원,2865,S02844,srno,pdf,분야축,
2865-13,감사원,2865,S02844,srno,pdf,분야축,
2865-14,감사원,2865,S02844,srno,pdf,분야축,
2866-1,감사원,2866,S02847,srno,pdf,,
2866-2,감사원,2866,S02847,srno,pdf,,
2866-3,감사원,2866,S02847,srno,pdf,,
2866-4,감사원,2866,S02847,srno,pdf,,
2866-5,감사원,2866,S02847,srno,pdf,,
2866-6,감사원,2866,S02847,srno,pdf,,
2866-7,감사원,2866,S02847,srno,pdf,,
2867-1,감사원,2867,S02845,srno,pdf,분야축,
2867-2,감사원,2867,S02845,srno,pdf,분야축,
2867-3,감사원,2867,S02845,srno,pdf,분야축,
2870-1,감사원,2870,S02851,srno,pdf,,
2870-2,감사원,2870,S02851,srno,pdf,분야축,
2870-3,감사원,2870,S02851,srno,pdf,,
2870-4,감사원,2870,S02851,srno,pdf,분야축,
2870-5,감사원,2870,S02851,srno,pdf,,
2870-6,감사원,2870,S02851,srno,pdf,,
2870-7,감사원,2870,S02851,srno,pdf,,
2870-8,감사원,2870,S02851,srno,pdf,,
2870-9,감사원,2870,S02851,srno,pdf,,
2871-1,감사원,2871,S02850,srno,pdf,,
2871-2,감사원,2871,S02850,srno,pdf,,
2871-3,감사원,2871,S02850,srno,pdf,,
2871-4,감사원,2871,S02850,srno,pdf,,
2873-1,감사원,2873,S02853,srno,pdf,,
2873-2,감사원,2873,S02853,srno,pdf,recall,
2873-3,감사원,2873,S02853,srno,pdf,,
2874-1,감사원,2874,S02849,srno,pdf,분야축,
2874-2,감사원,2874,S02849,srno,pdf,분야축,
2874-3,감사원,2874,S02849,srno,pdf,분야축,
2874-4,감사원,2874,S02849,srno,pdf,recall,
2875-1,감사원,2875,S02852,srno,pdf,분야축,
2875-2,감사원,2875,S02852,srno,pdf,분야축,
2875-3,감사원,2875,S02852,srno,pdf,,
2875-4,감사원,2875,S02852,srno,pdf,,
2875-5,감사원,2875,S02852,srno,pdf,,
2875-6,감사원,2875,S02852,srno,pdf,,
2875-7,감사원,2875,S02852,srno,pdf,분야축,
2875-8,감사원,2875,S02852,srno,pdf,분야축,
2876-1,감사원,2876,S02848,srno,pdf,,
2876-2,감사원,2876,S02848,srno,pdf,,
2876-3,감사원,2876,S02848,srno,pdf,분야축,
2876-4,감사원,2876,S02848,srno,pdf,분야축,
2876-5,감사원,2876,S02848,srno,pdf,,
2876-6,감사원,2876,S02848,srno,pdf,분야축,
2876-7,감사원,2876,S02848,srno,pdf,,
2876-8,감사원,2876,S02848,srno,pdf,,
2876-9,감사원,2876,S02848,srno,pdf,,
2876-10,감사원,2876,S02848,srno,pdf,,
2876-11,감사원,2876,S02848,srno,pdf,분야축,
2876-12,감사원,2876,S02848,srno,pdf,,
2876-13,감사원,2876,S02848,srno,pdf,,
2876-14,감사원,2876,S02848,srno,pdf,,
2877-1,감사원,2877,S02855,srno,pdf,,
2877-2,감사원,2877,S02855,srno,pdf,,
2877-3,감사원,2877,S02855,srno,pdf,,
2877-4,감사원,2877,S02855,srno,pdf,,
2877-5,감사원,2877,S02855,srno,pdf,,
2877-6,감사원,2877,S02855,srno,pdf,,
2878-1,감사원,2878,S02856,srno,pdf,,
2878-2,감사원,2878,S02856,srno,pdf,,
2878-3,감사원,2878,S02856,srno,pdf,분야축,
2879-1,감사원,2879,S02854,srno,pdf,분야축,
2879-2,감사원,2879,S02854,srno,pdf,분야축,
2879-3,감사원,2879,S02854,srno,pdf,분야축,
2879-4,감사원,2879,S02854,srno,pdf,분야축,
2879-5,감사원,2879,S02854,srno,pdf,분야축,
2879-6,감사원,2879,S02854,srno,pdf,분야축,
2879-7,감사원,2879,S02854,srno,pdf,분야축,
2881-1,감사원,2881,S02746,srno,pdf,분야축,
2881-2,감사원,2881,S02746,srno,pdf,분야축,
2881-3,감사원,2881,S02746,srno,pdf,분야축,
2881-4,감사원,2881,S02746,srno,pdf,분야축,
2881-5,감사원,2881,S02746,srno,pdf,,
2881-6,감사원,2881,S02746,srno,pdf,,
2881-7,감사원,2881,S02746,srno,pdf,분야축,
2881-8,감사원,2881,S02746,srno,pdf,분야축,
2881-9,감사원,2881,S02746,srno,pdf,분야축,
2881-10,감사원,2881,S02746,srno,pdf,,
2882-1,감사원,2882,S02858,srno,pdf,분야축,
2882-2,감사원,2882,S02858,srno,pdf,분야축,
2884-1,감사원,2884,S02700,srno,pdf,분야축,
2884-2,감사원,2884,S02700,srno,pdf,분야축,
2884-3,감사원,2884,S02700,srno,pdf,분야축,
2884-4,감사원,2884,S02700,srno,pdf,분야축,
2884-5,감사원,2884,S02700,srno,pdf,분야축,
2884-6,감사원,2884,S02700,srno,pdf,,
2884-7,감사원,2884,S02700,srno,pdf,분야축,
2884-8,감사원,2884,S02700,srno,pdf,분야축,
2884-9,감사원,2884,S02700,srno,pdf,분야축,
2884-10,감사원,2884,S02700,srno,pdf,분야축,
2884-11,감사원,2884,S02700,srno,pdf,분야축,
2884-12,감사원,2884,S02700,srno,pdf,,
2884-13,감사원,2884,S02700,srno,pdf,분야축,
2884-14,감사원,2884,S02700,srno,pdf,분야축,
2884-15,감사원,2884,S02700,srno,pdf,,
2885-1,감사원,2885,S02859,srno,pdf,,
2885-2,감사원,2885,S02859,srno,pdf,분야축,
2885-3,감사원,2885,S02859,srno,pdf,,
2885-4,감사원,2885,S02859,srno,pdf,분야축,
2885-5,감사원,2885,S02859,srno,pdf,분야축,
2885-6,감사원,2885,S02859,srno,pdf,분야축,
2885-7,감사원,2885,S02859,srno,pdf,분야축,
2885-8,감사원,2885,S02859,srno,pdf,분야축,
2885-9,감사원,2885,S02859,srno,pdf,분야축,
2886-1,감사원,2886,S02857,srno,pdf,분야축,
2886-2,감사원,2886,S02857,srno,pdf,분야축,
2887-1,감사원,2887,S02861,srno,pdf,분야축,
2887-2,감사원,2887,S02861,srno,pdf,분야축,
2887-3,감사원,2887,S02861,srno,pdf,분야축,
2888-1,감사원,2888,S02860,srno,pdf,,
2888-2,감사원,2888,S02860,srno,pdf,,
2888-3,감사원,2888,S02860,srno,pdf,,
2888-4,감사원,2888,S02860,srno,pdf,,
2888-5,감사원,2888,S02860,srno,pdf,recall,
2888-6,감사원,2888,S02860,srno,pdf,,
2888-7,감사원,2888,S02860,srno,pdf,,
2888-8,감사원,2888,S02860,srno,pdf,,
2888-9,감사원,2888,S02860,srno,pdf,,
2888-10,감사원,2888,S02860,srno,pdf,,
2888-11,감사원,2888,S02860,srno,pdf,분야축,
2888-12,감사원,2888,S02860,srno,pdf,분야축,
2889-1,감사원,2889,S02862,srno,pdf,,
2890-1,감사원,2890,S02863,srno,pdf,,
2890-2,감사원,2890,S02863,srno,pdf,,
2890-3,감사원,2890,S02863,srno,pdf,,
2890-4,감사원,2890,S02863,srno,pdf,,
2890-5,감사원,2890,S02863,srno,pdf,,
2891-1,감사원,2891,S02864,srno,pdf,,
2891-2,감사원,2891,S02864,srno,pdf,,
2891-3,감사원,2891,S02864,srno,pdf,recall,
2891-4,감사원,2891,S02864,srno,pdf,recall,
2891-5,감사원,2891,S02864,srno,pdf,recall,
2891-6,감사원,2891,S02864,srno,pdf,,
2891-7,감사원,2891,S02864,srno,pdf,,
2891-8,감사원,2891,S02864,srno,pdf,,
2891-9,감사원,2891,S02864,srno,pdf,,
2891-10,감사원,2891,S02864,srno,pdf,recall,
2891-11,감사원,2891,S02864,srno,pdf,,
2891-12,감사원,2891,S02864,srno,pdf,분야축,
2893-1,감사원,2893,S02865,srno,pdf,분야축,
2893-2,감사원,2893,S02865,srno,pdf,분야축,
2893-3,감사원,2893,S02865,srno,pdf,분야축,
2893-4,감사원,2893,S02865,srno,pdf,분야축,
2893-5,감사원,2893,S02865,srno,pdf,,
2893-6,감사원,2893,S02865,srno,pdf,분야축,
2894-1,감사원,2894,S02866,srno,pdf,,
2894-2,감사원,2894,S02866,srno,pdf,,
2895-1,감사원,2895,S02867,srno,pdf,,
2895-2,감사원,2895,S02867,srno,pdf,,
2895-3,감사원,2895,S02867,srno,pdf,,
2895-4,감사원,2895,S02867,srno,pdf,,
2896-1,감사원,2896,S02868,srno,pdf,,
2896-2,감사원,2896,S02868,srno,pdf,,
2896-3,감사원,2896,S02868,srno,pdf,분야축,
2896-4,감사원,2896,S02868,srno,pdf,분야축,
2896-5,감사원,2896,S02868,srno,pdf,,
2896-6,감사원,2896,S02868,srno,pdf,,
2896-7,감사원,2896,S02868,srno,pdf,,
2898-1,감사원,2898,S02869,srno,pdf,,
2898-2,감사원,2898,S02869,srno,pdf,,
2898-3,감사원,2898,S02869,srno,pdf,,
2898-4,감사원,2898,S02869,srno,pdf,,
2898-5,감사원,2898,S02869,srno,pdf,,
2898-6,감사원,2898,S02869,srno,pdf,,
2898-7,감사원,2898,S02869,srno,pdf,,
2898-8,감사원,2898,S02869,srno,pdf,,
2898-9,감사원,2898,S02869,srno,pdf,,
2898-10,감사원,2898,S02869,srno,pdf,,
2898-11,감사원,2898,S02869,srno,pdf,,
2898-12,감사원,2898,S02869,srno,pdf,,
2899-1,감사원,2899,S02812,srno,pdf,,
2899-2,감사원,2899,S02812,srno,pdf,,
2899-3,감사원,2899,S02812,srno,pdf,,
2899-4,감사원,2899,S02812,srno,pdf,,
2899-5,감사원,2899,S02812,srno,pdf,,
2899-6,감사원,2899,S02812,srno,pdf,,
2899-7,감사원,2899,S02812,srno,pdf,,
2899-8,감사원,2899,S02812,srno,pdf,,
2899-9,감사원,2899,S02812,srno,pdf,recall,
2899-10,감사원,2899,S02812,srno,pdf,recall,
2899-11,감사원,2899,S02812,srno,pdf,,
2899-12,감사원,2899,S02812,srno,pdf,recall,
2899-13,감사원,2899,S02812,srno,pdf,,
2899-14,감사원,2899,S02812,srno,pdf,recall,
2899-15,감사원,2899,S02812,srno,pdf,,
2899-16,감사원,2899,S02812,srno,pdf,,
2901-1,감사원,2901,S02735,srno,pdf,,
2901-2,감사원,2901,S02735,srno,pdf,,
2901-3,감사원,2901,S02735,srno,pdf,,
2901-4,감사원,2901,S02735,srno,pdf,,
2901-5,감사원,2901,S02735,srno,pdf,,
2901-6,감사원,2901,S02735,srno,pdf,,
2901-7,감사원,2901,S02735,srno,pdf,,
2901-8,감사원,2901,S02735,srno,pdf,,
2901-9,감사원,2901,S02735,srno,pdf,,
2901-10,감사원,2901,S02735,srno,pdf,recall,
2901-11,감사원,2901,S02735,srno,pdf,,
2901-12,감사원,2901,S02735,srno,pdf,,
2901-13,감사원,2901,S02735,srno,pdf,,
2901-14,감사원,2901,S02735,srno,pdf,recall,
2901-15,감사원,2901,S02735,srno,pdf,분야축,
2901-16,감사원,2901,S02735,srno,pdf,,
2901-17,감사원,2901,S02735,srno,pdf,,
2901-18,감사원,2901,S02735,srno,pdf,,
2901-19,감사원,2901,S02735,srno,pdf,,
2902-1,감사원,2902,S02870,srno,pdf,,
2902-2,감사원,2902,S02870,srno,pdf,,
2902-3,감사원,2902,S02870,srno,pdf,,
2903-1,감사원,2903,S02871,srno,pdf,,
2903-2,감사원,2903,S02871,srno,pdf,,
2903-3,감사원,2903,S02871,srno,pdf,,
2903-4,감사원,2903,S02871,srno,pdf,,
2903-5,감사원,2903,S02871,srno,pdf,,
2903-6,감사원,2903,S02871,srno,pdf,,
2903-7,감사원,2903,S02871,srno,pdf,,
2903-8,감사원,2903,S02871,srno,pdf,분야축,
2903-9,감사원,2903,S02871,srno,pdf,,
2903-10,감사원,2903,S02871,srno,pdf,,
2903-11,감사원,2903,S02871,srno,pdf,,
2903-12,감사원,2903,S02871,srno,pdf,recall,
2903-13,감사원,2903,S02871,srno,pdf,,
2903-14,감사원,2903,S02871,srno,pdf,,
2903-15,감사원,2903,S02871,srno,pdf,,
2904-1,감사원,2904,S02872,srno,pdf,recall,
2904-2,감사원,2904,S02872,srno,pdf,분야축,
2904-3,감사원,2904,S02872,srno,pdf,분야축,
2904-4,감사원,2904,S02872,srno,pdf,분야축,
2904-5,감사원,2904,S02872,srno,pdf,분야축,
2904-6,감사원,2904,S02872,srno,pdf,분야축,
2904-7,감사원,2904,S02872,srno,pdf,recall,
2905-1,감사원,2905,S02874,srno,pdf,분야축,
2905-2,감사원,2905,S02874,srno,pdf,분야축,
2905-3,감사원,2905,S02874,srno,pdf,분야축,
2907-1,감사원,2907,S02873,srno,pdf,분야축,
2907-2,감사원,2907,S02873,srno,pdf,분야축,
2907-3,감사원,2907,S02873,srno,pdf,,
2907-4,감사원,2907,S02873,srno,pdf,,
2907-5,감사원,2907,S02873,srno,pdf,,
2910-1,감사원,2910,S02875,srno,pdf,분야축,
2910-2,감사원,2910,S02875,srno,pdf,분야축,
2910-3,감사원,2910,S02875,srno,pdf,분야축,
2910-4,감사원,2910,S02875,srno,pdf,분야축,
2910-5,감사원,2910,S02875,srno,pdf,분야축,
2910-6,감사원,2910,S02875,srno,pdf,분야축,
2910-7,감사원,2910,S02875,srno,pdf,분야축,
2910-8,감사원,2910,S02875,srno,pdf,분야축,
2910-9,감사원,2910,S02875,srno,pdf,분야축,
2910-10,감사원,2910,S02875,srno,pdf,분야축,
2910-11,감사원,2910,S02875,srno,pdf,분야축,
2910-12,감사원,2910,S02875,srno,pdf,분야축,
2910-13,감사원,2910,S02875,srno,pdf,분야축,
2910-14,감사원,2910,S02875,srno,pdf,분야축,
2910-15,감사원,2910,S02875,srno,pdf,분야축,
2910-16,감사원,2910,S02875,srno,pdf,분야축,
2910-17,감사원,2910,S02875,srno,pdf,분야축,
2910-18,감사원,2910,S02875,srno,pdf,분야축,
2910-19,감사원,2910,S02875,srno,pdf,분야축,
2910-20,감사원,2910,S02875,srno,pdf,분야축,
2911-1,감사원,2911,S02880,srno,pdf,,
2911-2,감사원,2911,S02880,srno,pdf,분야축,
2911-3,감사원,2911,S02880,srno,pdf,분야축,
2911-4,감사원,2911,S02880,srno,pdf,,
2911-5,감사원,2911,S02880,srno,pdf,,
2911-6,감사원,2911,S02880,srno,pdf,,
2911-7,감사원,2911,S02880,srno,pdf,,
2911-8,감사원,2911,S02880,srno,pdf,,
2911-9,감사원,2911,S02880,srno,pdf,분야축,
2912-1,감사원,2912,S02879,srno,pdf,,
2913-1,감사원,2913,S02876,srno,pdf,분야축,
2913-2,감사원,2913,S02876,srno,pdf,분야축,
2913-3,감사원,2913,S02876,srno,pdf,,
2913-4,감사원,2913,S02876,srno,pdf,,
2913-5,감사원,2913,S02876,srno,pdf,분야축,
2913-6,감사원,2913,S02876,srno,pdf,,
2913-7,감사원,2913,S02876,srno,pdf,분야축,
2913-8,감사원,2913,S02876,srno,pdf,분야축,
2913-9,감사원,2913,S02876,srno,pdf,,
2913-10,감사원,2913,S02876,srno,pdf,,
2913-11,감사원,2913,S02876,srno,pdf,,
2913-12,감사원,2913,S02876,srno,pdf,,
2913-13,감사원,2913,S02876,srno,pdf,,
2913-14,감사원,2913,S02876,srno,pdf,,
2913-15,감사원,2913,S02876,srno,pdf,,
2913-16,감사원,2913,S02876,srno,pdf,분야축,
2913-17,감사원,2913,S02876,srno,pdf,분야축,
2913-18,감사원,2913,S02876,srno,pdf,분야축,
2913-19,감사원,2913,S02876,srno,pdf,분야축,
2913-20,감사원,2913,S02876,srno,pdf,,
2913-21,감사원,2913,S02876,srno,pdf,,
2913-22,감사원,2913,S02876,srno,pdf,,
2913-23,감사원,2913,S02876,srno,pdf,recall,
2913-24,감사원,2913,S02876,srno,pdf,,
2913-25,감사원,2913,S02876,srno,pdf,,
2913-26,감사원,2913,S02876,srno,pdf,,
2913-27,감사원,2913,S02876,srno,pdf,,
2913-28,감사원,2913,S02876,srno,pdf,,
2913-29,감사원,2913,S02876,srno,pdf,,
2913-30,감사원,2913,S02876,srno,pdf,,
2913-31,감사원,2913,S02876,srno,pdf,,
2913-32,감사원,2913,S02876,srno,pdf,분야축,
2913-33,감사원,2913,S02876,srno,pdf,,
2913-34,감사원,2913,S02876,srno,pdf,,
2913-35,감사원,2913,S02876,srno,pdf,,
2913-36,감사원,2913,S02876,srno,pdf,,
2913-37,감사원,2913,S02876,srno,pdf,,
2913-38,감사원,2913,S02876,srno,pdf,,
2913-39,감사원,2913,S02876,srno,pdf,,
2913-40,감사원,2913,S02876,srno,pdf,,
2913-41,감사원,2913,S02876,srno,pdf,,
2913-42,감사원,2913,S02876,srno,pdf,,
2913-43,감사원,2913,S02876,srno,pdf,,
2913-44,감사원,2913,S02876,srno,pdf,,
2913-45,감사원,2913,S02876,srno,pdf,,
2913-46,감사원,2913,S02876,srno,pdf,,
2913-47,감사원,2913,S02876,srno,pdf,,
2913-48,감사원,2913,S02876,srno,pdf,,
2913-49,감사원,2913,S02876,srno,pdf,,
2913-50,감사원,2913,S02876,srno,pdf,,
2913-51,감사원,2913,S02876,srno,pdf,,
2913-52,감사원,2913,S02876,srno,pdf,,
2913-53,감사원,2913,S02876,srno,pdf,분야축,
2913-54,감사원,2913,S02876,srno,pdf,분야축,
2913-55,감사원,2913,S02876,srno,pdf,,
2913-56,감사원,2913,S02876,srno,pdf,,
2913-57,감사원,2913,S02876,srno,pdf,,
2913-58,감사원,2913,S02876,srno,pdf,,
2914-1,감사원,2914,S02882,srno,pdf,분야축,
2914-2,감사원,2914,S02882,srno,pdf,분야축,
2914-3,감사원,2914,S02882,srno,pdf,분야축,
2914-4,감사원,2914,S02882,srno,pdf,분야축,
2914-5,감사원,2914,S02882,srno,pdf,분야축,
2915-1,감사원,2915,S02883,srno,pdf,,
2915-2,감사원,2915,S02883,srno,pdf,분야축,
2915-3,감사원,2915,S02883,srno,pdf,,
2915-4,감사원,2915,S02883,srno,pdf,,
2915-5,감사원,2915,S02883,srno,pdf,분야축,
2915-6,감사원,2915,S02883,srno,pdf,분야축,
2915-7,감사원,2915,S02883,srno,pdf,,
2915-8,감사원,2915,S02883,srno,pdf,,
2915-9,감사원,2915,S02883,srno,pdf,,
2915-10,감사원,2915,S02883,srno,pdf,분야축,
2915-11,감사원,2915,S02883,srno,pdf,분야축,
2916-1,감사원,2916,S02884,srno,pdf,,
2916-2,감사원,2916,S02884,srno,pdf,분야축,
2917-1,감사원,2917,S02885,srno,pdf,,
2917-2,감사원,2917,S02885,srno,pdf,분야축,
2917-3,감사원,2917,S02885,srno,pdf,,
2917-4,감사원,2917,S02885,srno,pdf,분야축,
2917-5,감사원,2917,S02885,srno,pdf,분야축,
2917-6,감사원,2917,S02885,srno,pdf,분야축,
2917-7,감사원,2917,S02885,srno,pdf,,
2917-8,감사원,2917,S02885,srno,pdf,분야축,
2917-9,감사원,2917,S02885,srno,pdf,분야축,
2917-10,감사원,2917,S02885,srno,pdf,분야축,
2917-11,감사원,2917,S02885,srno,pdf,분야축,
2917-12,감사원,2917,S02885,srno,pdf,,
2917-13,감사원,2917,S02885,srno,pdf,,
2917-14,감사원,2917,S02885,srno,pdf,,
2919-1,감사원,2919,S02888,srno,pdf,분야축,
2920-1,감사원,2920,S02881,srno,pdf,,
2920-2,감사원,2920,S02881,srno,pdf,,
2920-3,감사원,2920,S02881,srno,pdf,분야축,
2920-4,감사원,2920,S02881,srno,pdf,,
2920-5,감사원,2920,S02881,srno,pdf,분야축,
2920-6,감사원,2920,S02881,srno,pdf,,
2920-7,감사원,2920,S02881,srno,pdf,,
2920-8,감사원,2920,S02881,srno,pdf,,
2921-1,감사원,2921,S02889,srno,pdf,,
2922-1,감사원,2922,S02890,srno,pdf,분야축,
2922-2,감사원,2922,S02890,srno,pdf,분야축,
2922-3,감사원,2922,S02890,srno,pdf,,
2922-4,감사원,2922,S02890,srno,pdf,분야축,
2922-5,감사원,2922,S02890,srno,pdf,분야축,
2922-6,감사원,2922,S02890,srno,pdf,분야축,
2922-7,감사원,2922,S02890,srno,pdf,recall,
2922-8,감사원,2922,S02890,srno,pdf,분야축,
2922-9,감사원,2922,S02890,srno,pdf,분야축,
2923-1,감사원,2923,S02891,srno,pdf,,
2923-2,감사원,2923,S02891,srno,pdf,,
2923-3,감사원,2923,S02891,srno,pdf,,
2923-4,감사원,2923,S02891,srno,pdf,,
2923-5,감사원,2923,S02891,srno,pdf,,
2923-6,감사원,2923,S02891,srno,pdf,,
2923-7,감사원,2923,S02891,srno,pdf,,
2923-8,감사원,2923,S02891,srno,pdf,,
2924-1,감사원,2924,S02892,srno,pdf,recall,
2924-2,감사원,2924,S02892,srno,pdf,,
2924-3,감사원,2924,S02892,srno,pdf,recall,
2924-4,감사원,2924,S02892,srno,pdf,,
2924-5,감사원,2924,S02892,srno,pdf,,
2924-6,감사원,2924,S02892,srno,pdf,분야축,
2924-7,감사원,2924,S02892,srno,pdf,,
2924-8,감사원,2924,S02892,srno,pdf,,
2924-9,감사원,2924,S02892,srno,pdf,recall,
2924-10,감사원,2924,S02892,srno,pdf,recall,
2924-11,감사원,2924,S02892,srno,pdf,,
2924-12,감사원,2924,S02892,srno,pdf,,
2925-1,감사원,2925,S02893,srno,pdf,,
2925-2,감사원,2925,S02893,srno,pdf,,
2925-3,감사원,2925,S02893,srno,pdf,,
2925-4,감사원,2925,S02893,srno,pdf,,
2928-1,감사원,2928,S02897,srno,pdf,,
2928-2,감사원,2928,S02897,srno,pdf,,
2928-3,감사원,2928,S02897,srno,pdf,,
2928-4,감사원,2928,S02897,srno,pdf,분야축,
2928-5,감사원,2928,S02897,srno,pdf,,
2928-6,감사원,2928,S02897,srno,pdf,,
2929-1,감사원,2929,S02894,srno,pdf,분야축,
2929-2,감사원,2929,S02894,srno,pdf,,
2929-3,감사원,2929,S02894,srno,pdf,,
2929-4,감사원,2929,S02894,srno,pdf,분야축,
2929-5,감사원,2929,S02894,srno,pdf,분야축,
2929-6,감사원,2929,S02894,srno,pdf,분야축,
2929-7,감사원,2929,S02894,srno,pdf,,
2929-8,감사원,2929,S02894,srno,pdf,,
2930-1,감사원,2930,S02899,srno,pdf,분야축,
2930-2,감사원,2930,S02899,srno,pdf,,
2930-3,감사원,2930,S02899,srno,pdf,,
2930-4,감사원,2930,S02899,srno,pdf,,
2930-5,감사원,2930,S02899,srno,pdf,,
2930-6,감사원,2930,S02899,srno,pdf,,
2930-7,감사원,2930,S02899,srno,pdf,,
2930-8,감사원,2930,S02899,srno,pdf,,
2930-9,감사원,2930,S02899,srno,pdf,,
2931-1,감사원,2931,S02898,srno,pdf,분야축,
2931-2,감사원,2931,S02898,srno,pdf,분야축,
2931-3,감사원,2931,S02898,srno,pdf,분야축,
2931-4,감사원,2931,S02898,srno,pdf,분야축,
2931-5,감사원,2931,S02898,srno,pdf,분야축,
2931-6,감사원,2931,S02898,srno,pdf,분야축,
2932-1,감사원,2932,S02900,srno,pdf,,
2932-2,감사원,2932,S02900,srno,pdf,,
2932-3,감사원,2932,S02900,srno,pdf,,
2933-1,감사원,2933,S02901,srno,pdf,,
2933-2,감사원,2933,S02901,srno,pdf,,
2933-3,감사원,2933,S02901,srno,pdf,,
2933-4,감사원,2933,S02901,srno,pdf,,
2933-5,감사원,2933,S02901,srno,pdf,,
2933-6,감사원,2933,S02901,srno,pdf,,
2934-1,감사원,2934,S02902,srno,pdf,recall,
2934-2,감사원,2934,S02902,srno,pdf,,
2935-1,감사원,2935,S02906,srno,pdf,,
2935-2,감사원,2935,S02906,srno,pdf,,
2935-3,감사원,2935,S02906,srno,pdf,,
2935-4,감사원,2935,S02906,srno,pdf,,
2935-5,감사원,2935,S02906,srno,pdf,,
2935-6,감사원,2935,S02906,srno,pdf,,
2935-7,감사원,2935,S02906,srno,pdf,분야축,
2935-8,감사원,2935,S02906,srno,pdf,분야축,
2938-1,감사원,2938,S02905,srno,pdf,분야축,
2938-2,감사원,2938,S02905,srno,pdf,분야축,
2938-3,감사원,2938,S02905,srno,pdf,분야축,
2938-4,감사원,2938,S02905,srno,pdf,분야축,
2938-5,감사원,2938,S02905,srno,pdf,,
2938-6,감사원,2938,S02905,srno,pdf,분야축,
2938-7,감사원,2938,S02905,srno,pdf,,
2938-8,감사원,2938,S02905,srno,pdf,,
2941-1,감사원,2941,S02903,srno,pdf,,
2941-2,감사원,2941,S02903,srno,pdf,분야축,
2941-3,감사원,2941,S02903,srno,pdf,분야축,
2942-1,감사원,2942,S02907,srno,pdf,,
2942-2,감사원,2942,S02907,srno,pdf,,
2942-3,감사원,2942,S02907,srno,pdf,,
2942-4,감사원,2942,S02907,srno,pdf,,
2942-5,감사원,2942,S02907,srno,pdf,,
2946-1,감사원,2946,S02910,srno,pdf,,
2946-2,감사원,2946,S02910,srno,pdf,,
2946-3,감사원,2946,S02910,srno,pdf,,
2946-4,감사원,2946,S02910,srno,pdf,,
2946-5,감사원,2946,S02910,srno,pdf,,
2946-6,감사원,2946,S02910,srno,pdf,,
2946-7,감사원,2946,S02910,srno,pdf,,
2946-8,감사원,2946,S02910,srno,pdf,,
2946-9,감사원,2946,S02910,srno,pdf,,
2946-10,감사원,2946,S02910,srno,pdf,분야축,
2947-1,감사원,2947,S02908,srno,pdf,,
2947-2,감사원,2947,S02908,srno,pdf,,
2947-3,감사원,2947,S02908,srno,pdf,,
2947-4,감사원,2947,S02908,srno,pdf,,
2947-5,감사원,2947,S02908,srno,pdf,,
2947-6,감사원,2947,S02908,srno,pdf,,
2947-7,감사원,2947,S02908,srno,pdf,,
2947-8,감사원,2947,S02908,srno,pdf,,
2948-1,감사원,2948,S02911,srno,pdf,분야축,
2948-2,감사원,2948,S02911,srno,pdf,분야축,
2948-3,감사원,2948,S02911,srno,pdf,,
2948-4,감사원,2948,S02911,srno,pdf,,
2948-5,감사원,2948,S02911,srno,pdf,분야축,
2948-6,감사원,2948,S02911,srno,pdf,recall,
2949-1,감사원,2949,S02909,srno,pdf,분야축,
2950-1,감사원,2950,S02913,srno,pdf,분야축,
2950-2,감사원,2950,S02913,srno,pdf,분야축,
2950-3,감사원,2950,S02913,srno,pdf,분야축,
2950-4,감사원,2950,S02913,srno,pdf,,
2950-5,감사원,2950,S02913,srno,pdf,분야축,
2950-6,감사원,2950,S02913,srno,pdf,,
2951-1,감사원,2951,S02904,srno,pdf,,
2951-2,감사원,2951,S02904,srno,pdf,,
2956-1,감사원,2956,S02915,srno,pdf,,
2956-2,감사원,2956,S02915,srno,pdf,,
2956-3,감사원,2956,S02915,srno,pdf,,
2956-4,감사원,2956,S02915,srno,pdf,,
2958-1,감사원,2958,S02916,srno,pdf,분야축,
2958-2,감사원,2958,S02916,srno,pdf,,
2958-3,감사원,2958,S02916,srno,pdf,,
2958-4,감사원,2958,S02916,srno,pdf,,
2958-5,감사원,2958,S02916,srno,pdf,분야축,
2958-6,감사원,2958,S02916,srno,pdf,recall,
2958-7,감사원,2958,S02916,srno,pdf,,
2958-8,감사원,2958,S02916,srno,pdf,,
2958-9,감사원,2958,S02916,srno,pdf,분야축,
2958-10,감사원,2958,S02916,srno,pdf,,
2959-1,감사원,2959,S02921,srno,pdf,,
2959-2,감사원,2959,S02921,srno,pdf,분야축,
2959-3,감사원,2959,S02921,srno,pdf,,
2959-4,감사원,2959,S02921,srno,pdf,,
2959-5,감사원,2959,S02921,srno,pdf,recall,
2959-6,감사원,2959,S02921,srno,pdf,,
2959-7,감사원,2959,S02921,srno,pdf,분야축,
2959-8,감사원,2959,S02921,srno,pdf,분야축,
2959-9,감사원,2959,S02921,srno,pdf,,
2959-10,감사원,2959,S02921,srno,pdf,recall,
2960-1,감사원,2960,S02918,srno,pdf,분야축,
2960-2,감사원,2960,S02918,srno,pdf,분야축,
2960-3,감사원,2960,S02918,srno,pdf,분야축,
2962-1,감사원,2962,S02917,srno,pdf,,
2962-2,감사원,2962,S02917,srno,pdf,,
2962-3,감사원,2962,S02917,srno,pdf,,
2962-4,감사원,2962,S02917,srno,pdf,,
2962-5,감사원,2962,S02917,srno,pdf,,
2962-6,감사원,2962,S02917,srno,pdf,,
2962-7,감사원,2962,S02917,srno,pdf,,
2962-8,감사원,2962,S02917,srno,pdf,,
2962-9,감사원,2962,S02917,srno,pdf,,
2962-10,감사원,2962,S02917,srno,pdf,,
2962-11,감사원,2962,S02917,srno,pdf,,
2962-12,감사원,2962,S02917,srno,pdf,,
2964-1,감사원,2964,S02920,srno,pdf,,
2964-2,감사원,2964,S02920,srno,pdf,분야축,
2964-3,감사원,2964,S02920,srno,pdf,,
2964-4,감사원,2964,S02920,srno,pdf,,
2964-5,감사원,2964,S02920,srno,pdf,,
2964-6,감사원,2964,S02920,srno,pdf,,
2964-7,감사원,2964,S02920,srno,pdf,,
2964-8,감사원,2964,S02920,srno,pdf,recall,
2964-9,감사원,2964,S02920,srno,pdf,,
2964-10,감사원,2964,S02920,srno,pdf,,
2964-11,감사원,2964,S02920,srno,pdf,분야축,
2964-12,감사원,2964,S02920,srno,pdf,recall,
2965-1,감사원,2965,S02919,srno,pdf,분야축,
2965-2,감사원,2965,S02919,srno,pdf,분야축,
2965-3,감사원,2965,S02919,srno,pdf,분야축,
2965-4,감사원,2965,S02919,srno,pdf,recall,
2965-5,감사원,2965,S02919,srno,pdf,,
2965-6,감사원,2965,S02919,srno,pdf,분야축,
2965-7,감사원,2965,S02919,srno,pdf,분야축,
2965-8,감사원,2965,S02919,srno,pdf,,
2965-9,감사원,2965,S02919,srno,pdf,,
2965-10,감사원,2965,S02919,srno,pdf,,
2965-11,감사원,2965,S02919,srno,pdf,,
2965-12,감사원,2965,S02919,srno,pdf,recall,
2965-13,감사원,2965,S02919,srno,pdf,recall,
2965-14,감사원,2965,S02919,srno,pdf,,
2965-15,감사원,2965,S02919,srno,pdf,recall,
2965-16,감사원,2965,S02919,srno,pdf,분야축,
2965-17,감사원,2965,S02919,srno,pdf,,
2965-18,감사원,2965,S02919,srno,pdf,분야축,
2965-19,감사원,2965,S02919,srno,pdf,분야축,
2965-20,감사원,2965,S02919,srno,pdf,,
2965-21,감사원,2965,S02919,srno,pdf,,
2965-22,감사원,2965,S02919,srno,pdf,,
2965-23,감사원,2965,S02919,srno,pdf,,
2965-24,감사원,2965,S02919,srno,pdf,,
2965-25,감사원,2965,S02919,srno,pdf,,
2965-26,감사원,2965,S02919,srno,pdf,,
2967-1,감사원,2967,S02923,srno,pdf,,
2967-2,감사원,2967,S02923,srno,pdf,,
2967-3,감사원,2967,S02923,srno,pdf,,
2967-4,감사원,2967,S02923,srno,pdf,,
2967-5,감사원,2967,S02923,srno,pdf,,
2967-6,감사원,2967,S02923,srno,pdf,,
2967-7,감사원,2967,S02923,srno,pdf,,
2967-8,감사원,2967,S02923,srno,pdf,,
2967-9,감사원,2967,S02923,srno,pdf,,
2967-10,감사원,2967,S02923,srno,pdf,,
2967-11,감사원,2967,S02923,srno,pdf,,
2967-12,감사원,2967,S02923,srno,pdf,,
2967-13,감사원,2967,S02923,srno,pdf,,
2967-14,감사원,2967,S02923,srno,pdf,,
2967-15,감사원,2967,S02923,srno,pdf,,
2967-16,감사원,2967,S02923,srno,pdf,,
2967-17,감사원,2967,S02923,srno,pdf,,
2968-1,감사원,2968,S02922,srno,pdf,,
2968-2,감사원,2968,S02922,srno,pdf,,
2968-3,감사원,2968,S02922,srno,pdf,,
2968-4,감사원,2968,S02922,srno,pdf,분야축,
2970-1,감사원,2970,S02927,srno,pdf,분야축,
2970-2,감사원,2970,S02927,srno,pdf,분야축,
2970-3,감사원,2970,S02927,srno,pdf,분야축,
2970-4,감사원,2970,S02927,srno,pdf,분야축,
2970-5,감사원,2970,S02927,srno,pdf,분야축,
2970-6,감사원,2970,S02927,srno,pdf,분야축,
2970-7,감사원,2970,S02927,srno,pdf,분야축,
2970-8,감사원,2970,S02927,srno,pdf,분야축,
2970-9,감사원,2970,S02927,srno,pdf,분야축,
2970-10,감사원,2970,S02927,srno,pdf,분야축,
2970-11,감사원,2970,S02927,srno,pdf,분야축,
2970-12,감사원,2970,S02927,srno,pdf,분야축,
2970-13,감사원,2970,S02927,srno,pdf,분야축,
2970-14,감사원,2970,S02927,srno,pdf,분야축,
2970-15,감사원,2970,S02927,srno,pdf,분야축,
2970-16,감사원,2970,S02927,srno,pdf,분야축,
2970-17,감사원,2970,S02927,srno,pdf,분야축,
2970-18,감사원,2970,S02927,srno,pdf,분야축,
2971-1,감사원,2971,S02914,srno,pdf,분야축,
2971-2,감사원,2971,S02914,srno,pdf,분야축,
2973-1,감사원,2973,S02926,srno,pdf,,
2973-2,감사원,2973,S02926,srno,pdf,,
2973-3,감사원,2973,S02926,srno,pdf,,
2973-4,감사원,2973,S02926,srno,pdf,,
2974-1,감사원,2974,S02928,srno,pdf,분야축,
2974-2,감사원,2974,S02928,srno,pdf,분야축,
2974-3,감사원,2974,S02928,srno,pdf,분야축,
2974-4,감사원,2974,S02928,srno,pdf,분야축,
2974-5,감사원,2974,S02928,srno,pdf,분야축,
2974-6,감사원,2974,S02928,srno,pdf,분야축,
2974-7,감사원,2974,S02928,srno,pdf,분야축,
2974-8,감사원,2974,S02928,srno,pdf,분야축,
2974-9,감사원,2974,S02928,srno,pdf,분야축,
2974-10,감사원,2974,S02928,srno,pdf,분야축,
2976-1,감사원,2976,S02929,srno,pdf,,
2976-2,감사원,2976,S02929,srno,pdf,,
2976-3,감사원,2976,S02929,srno,pdf,,
2976-4,감사원,2976,S02929,srno,pdf,,
2976-5,감사원,2976,S02929,srno,pdf,,
2976-6,감사원,2976,S02929,srno,pdf,,
2976-7,감사원,2976,S02929,srno,pdf,,
2976-8,감사원,2976,S02929,srno,pdf,recall,
2976-9,감사원,2976,S02929,srno,pdf,recall,
2978-1,감사원,2978,S02930,srno,pdf,recall,
2978-2,감사원,2978,S02930,srno,pdf,recall,
2978-3,감사원,2978,S02930,srno,pdf,recall,
2978-4,감사원,2978,S02930,srno,pdf,recall,
2978-5,감사원,2978,S02930,srno,pdf,recall,
2978-6,감사원,2978,S02930,srno,pdf,분야축,
2978-7,감사원,2978,S02930,srno,pdf,,
2978-8,감사원,2978,S02930,srno,pdf,,
2978-9,감사원,2978,S02930,srno,pdf,분야축,
2978-10,감사원,2978,S02930,srno,pdf,분야축,
2978-11,감사원,2978,S02930,srno,pdf,,
2978-12,감사원,2978,S02930,srno,pdf,분야축,
2980-1,감사원,2980,S02931,srno,pdf,,
2980-2,감사원,2980,S02931,srno,pdf,분야축,
2980-3,감사원,2980,S02931,srno,pdf,recall,
2980-4,감사원,2980,S02931,srno,pdf,,
2980-5,감사원,2980,S02931,srno,pdf,,
2980-6,감사원,2980,S02931,srno,pdf,,
2980-7,감사원,2980,S02931,srno,pdf,,
2980-8,감사원,2980,S02931,srno,pdf,,
2985-1,감사원,2985,S02932,srno,pdf,,
2985-2,감사원,2985,S02932,srno,pdf,,
2985-3,감사원,2985,S02932,srno,pdf,,
2985-4,감사원,2985,S02932,srno,pdf,,
2985-5,감사원,2985,S02932,srno,pdf,,
2985-6,감사원,2985,S02932,srno,pdf,,
2985-7,감사원,2985,S02932,srno,pdf,,
2985-8,감사원,2985,S02932,srno,pdf,,
2985-9,감사원,2985,S02932,srno,pdf,,
2985-10,감사원,2985,S02932,srno,pdf,,
2985-11,감사원,2985,S02932,srno,pdf,분야축,
2986-1,감사원,2986,S02934,srno,pdf,,
2986-2,감사원,2986,S02934,srno,pdf,,
2986-3,감사원,2986,S02934,srno,pdf,,
2986-4,감사원,2986,S02934,srno,pdf,,
2986-5,감사원,2986,S02934,srno,pdf,,
2986-6,감사원,2986,S02934,srno,pdf,,
2986-7,감사원,2986,S02934,srno,pdf,,
2986-8,감사원,2986,S02934,srno,pdf,,
2986-9,감사원,2986,S02934,srno,pdf,,
2986-10,감사원,2986,S02934,srno,pdf,,
2987-1,감사원,2987,S02933,srno,pdf,,
2987-2,감사원,2987,S02933,srno,pdf,recall,
2987-3,감사원,2987,S02933,srno,pdf,,
2987-4,감사원,2987,S02933,srno,pdf,,
2987-5,감사원,2987,S02933,srno,pdf,,
2987-6,감사원,2987,S02933,srno,pdf,,
2987-7,감사원,2987,S02933,srno,pdf,,
2987-8,감사원,2987,S02933,srno,pdf,,
2987-9,감사원,2987,S02933,srno,pdf,,
2987-10,감사원,2987,S02933,srno,pdf,,
2987-11,감사원,2987,S02933,srno,pdf,분야축,
2987-12,감사원,2987,S02933,srno,pdf,분야축,
2987-13,감사원,2987,S02933,srno,pdf,분야축,
2987-14,감사원,2987,S02933,srno,pdf,분야축,
2988-1,감사원,2988,S02935,srno,pdf,,
2988-2,감사원,2988,S02935,srno,pdf,,
2988-3,감사원,2988,S02935,srno,pdf,,
2988-4,감사원,2988,S02935,srno,pdf,recall,
2988-5,감사원,2988,S02935,srno,pdf,,
2988-6,감사원,2988,S02935,srno,pdf,,
2989-1,감사원,2989,S02936,srno,pdf,,
2989-2,감사원,2989,S02936,srno,pdf,분야축,
2990-1,감사원,2990,S02937,srno,pdf,분야축,
2990-2,감사원,2990,S02937,srno,pdf,분야축,
2990-3,감사원,2990,S02937,srno,pdf,분야축,
2990-4,감사원,2990,S02937,srno,pdf,분야축,
2991-1,감사원,2991,S02938,srno,pdf,분야축,
2991-2,감사원,2991,S02938,srno,pdf,분야축,
2991-3,감사원,2991,S02938,srno,pdf,분야축,
2991-4,감사원,2991,S02938,srno,pdf,분야축,
2991-5,감사원,2991,S02938,srno,pdf,recall,
2991-6,감사원,2991,S02938,srno,pdf,,
2991-7,감사원,2991,S02938,srno,pdf,,
2991-8,감사원,2991,S02938,srno,pdf,,
2991-9,감사원,2991,S02938,srno,pdf,,
2991-10,감사원,2991,S02938,srno,pdf,,
2991-11,감사원,2991,S02938,srno,pdf,분야축,
2991-12,감사원,2991,S02938,srno,pdf,,
2992-1,감사원,2992,S02939,srno,pdf,분야축,
2992-2,감사원,2992,S02939,srno,pdf,,
2992-3,감사원,2992,S02939,srno,pdf,분야축,
2992-4,감사원,2992,S02939,srno,pdf,,
2992-5,감사원,2992,S02939,srno,pdf,,
2992-6,감사원,2992,S02939,srno,pdf,,
2992-7,감사원,2992,S02939,srno,pdf,,
2992-8,감사원,2992,S02939,srno,pdf,,
2992-9,감사원,2992,S02939,srno,pdf,,
2992-10,감사원,2992,S02939,srno,pdf,,
2992-11,감사원,2992,S02939,srno,pdf,,
2994-1,감사원,2994,S02940,srno,pdf,,
2994-2,감사원,2994,S02940,srno,pdf,,
2994-3,감사원,2994,S02940,srno,pdf,,
2994-4,감사원,2994,S02940,srno,pdf,,
2994-5,감사원,2994,S02940,srno,pdf,,
2995-1,감사원,2995,S02941,srno,pdf,,
2995-2,감사원,2995,S02941,srno,pdf,,
2997-1,감사원,2997,S02942,srno,pdf,,
2997-2,감사원,2997,S02942,srno,pdf,분야축,
2997-3,감사원,2997,S02942,srno,pdf,,
2997-4,감사원,2997,S02942,srno,pdf,,
2997-5,감사원,2997,S02942,srno,pdf,분야축,
2997-6,감사원,2997,S02942,srno,pdf,분야축,
2997-7,감사원,2997,S02942,srno,pdf,분야축,
2997-8,감사원,2997,S02942,srno,pdf,분야축,
2997-9,감사원,2997,S02942,srno,pdf,분야축,
2999-1,감사원,2999,S02945,srno,pdf,분야축,
2999-2,감사원,2999,S02945,srno,pdf,분야축,
2999-3,감사원,2999,S02945,srno,pdf,분야축,
3000-1,감사원,3000,S02948,srno,pdf,분야축,
3001-1,감사원,3001,S02944,srno,pdf,,
3001-2,감사원,3001,S02944,srno,pdf,,
3001-3,감사원,3001,S02944,srno,pdf,,
3001-4,감사원,3001,S02944,srno,pdf,,
3001-5,감사원,3001,S02944,srno,pdf,,
3001-6,감사원,3001,S02944,srno,pdf,,
3001-7,감사원,3001,S02944,srno,pdf,,
3001-8,감사원,3001,S02944,srno,pdf,,
3001-9,감사원,3001,S02944,srno,pdf,분야축,
3001-10,감사원,3001,S02944,srno,pdf,분야축,
3002-1,감사원,3002,S02943,srno,pdf,,
3003-1,감사원,3003,S02924,srno,pdf,,
3003-2,감사원,3003,S02924,srno,pdf,분야축,
3003-3,감사원,3003,S02924,srno,pdf,,
3003-4,감사원,3003,S02924,srno,pdf,,
3003-5,감사원,3003,S02924,srno,pdf,,
3003-6,감사원,3003,S02924,srno,pdf,,
3003-7,감사원,3003,S02924,srno,pdf,분야축,
3003-8,감사원,3003,S02924,srno,pdf,,
3003-9,감사원,3003,S02924,srno,pdf,분야축,
3003-10,감사원,3003,S02924,srno,pdf,분야축,
3003-11,감사원,3003,S02924,srno,pdf,분야축,
3003-12,감사원,3003,S02924,srno,pdf,,
3003-13,감사원,3003,S02924,srno,pdf,,
3003-14,감사원,3003,S02924,srno,pdf,분야축,
3004-1,감사원,3004,S02946,srno,pdf,,
3004-2,감사원,3004,S02946,srno,pdf,,
3005-1,감사원,3005,S02947,srno,pdf,,
3005-2,감사원,3005,S02947,srno,pdf,,
3005-3,감사원,3005,S02947,srno,pdf,,
3010-1,감사원,3010,S02950,srno,pdf,recall,
3010-2,감사원,3010,S02950,srno,pdf,recall,
3010-3,감사원,3010,S02950,srno,pdf,,
3010-4,감사원,3010,S02950,srno,pdf,,
3010-5,감사원,3010,S02950,srno,pdf,,
3010-6,감사원,3010,S02950,srno,pdf,,
3010-7,감사원,3010,S02950,srno,pdf,recall,
3010-8,감사원,3010,S02950,srno,pdf,분야축,
3010-9,감사원,3010,S02950,srno,pdf,분야축,
3010-10,감사원,3010,S02950,srno,pdf,분야축,
3010-11,감사원,3010,S02950,srno,pdf,,
3011-1,감사원,3011,S02912,srno,pdf,,
3011-2,감사원,3011,S02912,srno,pdf,,
3011-3,감사원,3011,S02912,srno,pdf,,
3011-4,감사원,3011,S02912,srno,pdf,,
3012-1,감사원,3012,S02949,srno,pdf,,
3012-2,감사원,3012,S02949,srno,pdf,,
3012-3,감사원,3012,S02949,srno,pdf,,
3012-4,감사원,3012,S02949,srno,pdf,,
3012-5,감사원,3012,S02949,srno,pdf,,
3012-6,감사원,3012,S02949,srno,pdf,분야축,
3012-7,감사원,3012,S02949,srno,pdf,,
3012-8,감사원,3012,S02949,srno,pdf,,
3012-9,감사원,3012,S02949,srno,pdf,,
3014-1,감사원,3014,S02951,srno,pdf,분야축,
3014-2,감사원,3014,S02951,srno,pdf,분야축,
3014-3,감사원,3014,S02951,srno,pdf,분야축,
3014-4,감사원,3014,S02951,srno,pdf,분야축,
3014-5,감사원,3014,S02951,srno,pdf,분야축,
3014-6,감사원,3014,S02951,srno,pdf,분야축,
3014-7,감사원,3014,S02951,srno,pdf,분야축,
3014-8,감사원,3014,S02951,srno,pdf,,
3014-9,감사원,3014,S02951,srno,pdf,분야축,
3014-10,감사원,3014,S02951,srno,pdf,분야축,
3014-11,감사원,3014,S02951,srno,pdf,,
3014-12,감사원,3014,S02951,srno,pdf,,
3014-13,감사원,3014,S02951,srno,pdf,분야축,
3014-14,감사원,3014,S02951,srno,pdf,,
3015-1,감사원,3015,S02955,srno,pdf,,
3015-2,감사원,3015,S02955,srno,pdf,분야축,
3015-3,감사원,3015,S02955,srno,pdf,분야축,
3015-4,감사원,3015,S02955,srno,pdf,분야축,
3015-5,감사원,3015,S02955,srno,pdf,,
3015-6,감사원,3015,S02955,srno,pdf,,
3016-1,감사원,3016,S02954,srno,pdf,,
3016-2,감사원,3016,S02954,srno,pdf,,
3016-3,감사원,3016,S02954,srno,pdf,,
3016-4,감사원,3016,S02954,srno,pdf,,
3016-5,감사원,3016,S02954,srno,pdf,,
3016-6,감사원,3016,S02954,srno,pdf,,
3016-7,감사원,3016,S02954,srno,pdf,분야축,
3016-8,감사원,3016,S02954,srno,pdf,,
3016-9,감사원,3016,S02954,srno,pdf,,
3016-10,감사원,3016,S02954,srno,pdf,,
3016-11,감사원,3016,S02954,srno,pdf,,
3016-12,감사원,3016,S02954,srno,pdf,분야축,
3016-13,감사원,3016,S02954,srno,pdf,분야축,
3016-14,감사원,3016,S02954,srno,pdf,분야축,
3017-1,감사원,3017,S02956,srno,pdf,,
3017-2,감사원,3017,S02956,srno,pdf,,
3017-3,감사원,3017,S02956,srno,pdf,,
3017-4,감사원,3017,S02956,srno,pdf,,
3017-5,감사원,3017,S02956,srno,pdf,분야축,
3017-6,감사원,3017,S02956,srno,pdf,분야축,
3017-7,감사원,3017,S02956,srno,pdf,,
3017-8,감사원,3017,S02956,srno,pdf,분야축,
3017-9,감사원,3017,S02956,srno,pdf,,
3017-10,감사원,3017,S02956,srno,pdf,,
3018-1,감사원,3018,S02957,srno,pdf,,
3018-2,감사원,3018,S02957,srno,pdf,분야축,
3018-3,감사원,3018,S02957,srno,pdf,,
3018-4,감사원,3018,S02957,srno,pdf,,
3018-5,감사원,3018,S02957,srno,pdf,,
3018-6,감사원,3018,S02957,srno,pdf,,
3018-7,감사원,3018,S02957,srno,pdf,,
3020-1,감사원,3020,S02958,srno,pdf,recall,
3020-2,감사원,3020,S02958,srno,pdf,분야축,
3021-1,감사원,3021,S02959,srno,pdf,,
3022-1,감사원,3022,S02961,srno,pdf,,
3022-2,감사원,3022,S02961,srno,pdf,분야축,
3022-3,감사원,3022,S02961,srno,pdf,분야축,
3022-4,감사원,3022,S02961,srno,pdf,,
3022-5,감사원,3022,S02961,srno,pdf,,
3022-6,감사원,3022,S02961,srno,pdf,,
3022-7,감사원,3022,S02961,srno,pdf,,
3024-1,감사원,3024,S02960,srno,pdf,,
3024-2,감사원,3024,S02960,srno,pdf,,
3024-3,감사원,3024,S02960,srno,pdf,분야축,
3024-4,감사원,3024,S02960,srno,pdf,분야축,
3024-5,감사원,3024,S02960,srno,pdf,recall,
3024-6,감사원,3024,S02960,srno,pdf,recall,
3024-7,감사원,3024,S02960,srno,pdf,,
3024-8,감사원,3024,S02960,srno,pdf,,
3024-9,감사원,3024,S02960,srno,pdf,,
3024-10,감사원,3024,S02960,srno,pdf,분야축,
3024-11,감사원,3024,S02960,srno,pdf,,
3024-12,감사원,3024,S02960,srno,pdf,,
3024-13,감사원,3024,S02960,srno,pdf,분야축,
3024-14,감사원,3024,S02960,srno,pdf,분야축,
3024-15,감사원,3024,S02960,srno,pdf,,
3024-16,감사원,3024,S02960,srno,pdf,,
3024-17,감사원,3024,S02960,srno,pdf,,
3024-18,감사원,3024,S02960,srno,pdf,,
3025-1,감사원,3025,S02962,srno,pdf,,
3025-2,감사원,3025,S02962,srno,pdf,,
3025-3,감사원,3025,S02962,srno,pdf,,
3025-4,감사원,3025,S02962,srno,pdf,,
3025-5,감사원,3025,S02962,srno,pdf,분야축,
3025-6,감사원,3025,S02962,srno,pdf,분야축,
3025-7,감사원,3025,S02962,srno,pdf,분야축,
3026-1,감사원,3026,S02963,srno,pdf,,
3026-2,감사원,3026,S02963,srno,pdf,recall,
3026-3,감사원,3026,S02963,srno,pdf,,
3026-4,감사원,3026,S02963,srno,pdf,,
3026-5,감사원,3026,S02963,srno,pdf,,
3026-6,감사원,3026,S02963,srno,pdf,,
3026-7,감사원,3026,S02963,srno,pdf,,
3028-1,감사원,3028,S02965,srno,pdf,분야축,
3028-2,감사원,3028,S02965,srno,pdf,분야축,
3028-3,감사원,3028,S02965,srno,pdf,분야축,
3028-4,감사원,3028,S02965,srno,pdf,,
3028-5,감사원,3028,S02965,srno,pdf,분야축,
3029-1,감사원,3029,S02964,srno,pdf,,
3029-2,감사원,3029,S02964,srno,pdf,,
3029-3,감사원,3029,S02964,srno,pdf,,
3029-4,감사원,3029,S02964,srno,pdf,,
3029-5,감사원,3029,S02964,srno,pdf,,
3029-6,감사원,3029,S02964,srno,pdf,,
3029-7,감사원,3029,S02964,srno,pdf,,
3030-1,감사원,3030,S02895,srno,pdf,,
3030-2,감사원,3030,S02895,srno,pdf,recall,
3030-3,감사원,3030,S02895,srno,pdf,,
3030-4,감사원,3030,S02895,srno,pdf,,
3030-5,감사원,3030,S02895,srno,pdf,,
3030-6,감사원,3030,S02895,srno,pdf,recall,
3030-7,감사원,3030,S02895,srno,pdf,,
3031-1,감사원,3031,S02966,srno,pdf,recall,
3031-2,감사원,3031,S02966,srno,pdf,recall,
3031-3,감사원,3031,S02966,srno,pdf,,
3032-1,감사원,3032,S02967,srno,pdf,,
3032-2,감사원,3032,S02967,srno,pdf,,
3032-3,감사원,3032,S02967,srno,pdf,recall,
3032-4,감사원,3032,S02967,srno,pdf,,
3032-5,감사원,3032,S02967,srno,pdf,,
3032-6,감사원,3032,S02967,srno,pdf,분야축,
3032-7,감사원,3032,S02967,srno,pdf,분야축,
3033-1,감사원,3033,S02968,srno,pdf,,
3033-2,감사원,3033,S02968,srno,pdf,,
3033-3,감사원,3033,S02968,srno,pdf,,
3033-4,감사원,3033,S02968,srno,pdf,,
3033-5,감사원,3033,S02968,srno,pdf,,
3033-6,감사원,3033,S02968,srno,pdf,분야축,
3033-7,감사원,3033,S02968,srno,pdf,,
3033-8,감사원,3033,S02968,srno,pdf,분야축,
3033-9,감사원,3033,S02968,srno,pdf,분야축,
3033-10,감사원,3033,S02968,srno,pdf,,
3034-1,감사원,3034,S02969,srno,pdf,,
3035-1,감사원,3035,S02970,srno,pdf,,
3035-2,감사원,3035,S02970,srno,pdf,,
3035-3,감사원,3035,S02970,srno,pdf,,
3035-4,감사원,3035,S02970,srno,pdf,,
3035-5,감사원,3035,S02970,srno,pdf,,
3036-1,감사원,3036,S02971,srno,pdf,,
3036-2,감사원,3036,S02971,srno,pdf,,
3036-3,감사원,3036,S02971,srno,pdf,,
3036-4,감사원,3036,S02971,srno,pdf,,
3036-5,감사원,3036,S02971,srno,pdf,,
3038-1,감사원,3038,S02976,srno,pdf,분야축,
3038-2,감사원,3038,S02976,srno,pdf,분야축,
3038-3,감사원,3038,S02976,srno,pdf,분야축,
3038-4,감사원,3038,S02976,srno,pdf,분야축,
3038-5,감사원,3038,S02976,srno,pdf,분야축,
3038-6,감사원,3038,S02976,srno,pdf,,
3038-7,감사원,3038,S02976,srno,pdf,,
3040-1,감사원,3040,S02972,srno,pdf,분야축,
3040-2,감사원,3040,S02972,srno,pdf,분야축,
3040-3,감사원,3040,S02972,srno,pdf,,
3040-4,감사원,3040,S02972,srno,pdf,recall,
3040-5,감사원,3040,S02972,srno,pdf,분야축,
3042-1,감사원,3042,S02973,srno,pdf,recall,
3042-2,감사원,3042,S02973,srno,pdf,recall,
3043-1,감사원,3043,S02975,srno,pdf,분야축,
3043-2,감사원,3043,S02975,srno,pdf,분야축,
3043-3,감사원,3043,S02975,srno,pdf,분야축,
3043-4,감사원,3043,S02975,srno,pdf,분야축,
3043-5,감사원,3043,S02975,srno,pdf,분야축,
3043-6,감사원,3043,S02975,srno,pdf,,
3043-7,감사원,3043,S02975,srno,pdf,분야축,
3046-1,감사원,3046,S02974,srno,pdf,분야축,
3046-2,감사원,3046,S02974,srno,pdf,,
3046-3,감사원,3046,S02974,srno,pdf,분야축,
3046-4,감사원,3046,S02974,srno,pdf,분야축,
3047-1,감사원,3047,S02977,srno,pdf,,
3047-2,감사원,3047,S02977,srno,pdf,,
3047-3,감사원,3047,S02977,srno,pdf,,
3047-4,감사원,3047,S02977,srno,pdf,,
3047-5,감사원,3047,S02977,srno,pdf,recall,
3047-6,감사원,3047,S02977,srno,pdf,,
3047-7,감사원,3047,S02977,srno,pdf,,
3047-8,감사원,3047,S02977,srno,pdf,,
3048-1,감사원,3048,S02978,srno,pdf,recall,
3048-2,감사원,3048,S02978,srno,pdf,분야축,
3048-3,감사원,3048,S02978,srno,pdf,,
3048-4,감사원,3048,S02978,srno,pdf,,
3049-1,감사원,3049,S02979,srno,pdf,,
3049-2,감사원,3049,S02979,srno,pdf,,
3049-3,감사원,3049,S02979,srno,pdf,,
3049-4,감사원,3049,S02979,srno,pdf,분야축,
3051-1,감사원,3051,S02981,srno,pdf,,
3051-2,감사원,3051,S02981,srno,pdf,,
3051-3,감사원,3051,S02981,srno,pdf,분야축,
3051-4,감사원,3051,S02981,srno,pdf,,
3051-5,감사원,3051,S02981,srno,pdf,,
3051-6,감사원,3051,S02981,srno,pdf,분야축,
3052-1,감사원,3052,S02980,srno,pdf,분야축,
3052-2,감사원,3052,S02980,srno,pdf,분야축,
3052-3,감사원,3052,S02980,srno,pdf,분야축,
3052-4,감사원,3052,S02980,srno,pdf,분야축,
3052-5,감사원,3052,S02980,srno,pdf,분야축,
3053-1,감사원,3053,S02982,srno,pdf,,
3053-2,감사원,3053,S02982,srno,pdf,recall,
3053-3,감사원,3053,S02982,srno,pdf,,
3053-4,감사원,3053,S02982,srno,pdf,,
3053-5,감사원,3053,S02982,srno,pdf,,
3053-6,감사원,3053,S02982,srno,pdf,,
3053-7,감사원,3053,S02982,srno,pdf,,
3053-8,감사원,3053,S02982,srno,pdf,recall,
3053-9,감사원,3053,S02982,srno,pdf,,
3053-10,감사원,3053,S02982,srno,pdf,분야축,
3053-11,감사원,3053,S02982,srno,pdf,분야축,
3053-12,감사원,3053,S02982,srno,pdf,분야축,
3054-1,감사원,3054,S02983,srno,pdf,,
3054-2,감사원,3054,S02983,srno,pdf,,
3054-3,감사원,3054,S02983,srno,pdf,,
3054-4,감사원,3054,S02983,srno,pdf,,
3054-5,감사원,3054,S02983,srno,pdf,,
3054-6,감사원,3054,S02983,srno,pdf,,
3055-1,감사원,3055,S02984,srno,pdf,,
3055-2,감사원,3055,S02984,srno,pdf,,
3055-3,감사원,3055,S02984,srno,pdf,,
3055-4,감사원,3055,S02984,srno,pdf,분야축,
3055-5,감사원,3055,S02984,srno,pdf,분야축,
3055-6,감사원,3055,S02984,srno,pdf,분야축,
3055-7,감사원,3055,S02984,srno,pdf,분야축,
3056-1,감사원,3056,S02986,srno,pdf,,
3056-2,감사원,3056,S02986,srno,pdf,,
3056-3,감사원,3056,S02986,srno,pdf,,
3056-4,감사원,3056,S02986,srno,pdf,,
3056-5,감사원,3056,S02986,srno,pdf,,
3056-6,감사원,3056,S02986,srno,pdf,,
3056-7,감사원,3056,S02986,srno,pdf,,
3056-8,감사원,3056,S02986,srno,pdf,,
3056-9,감사원,3056,S02986,srno,pdf,,
3056-10,감사원,3056,S02986,srno,pdf,,
3056-11,감사원,3056,S02986,srno,pdf,,
3057-1,감사원,3057,S02985,srno,pdf,,
3057-2,감사원,3057,S02985,srno,pdf,,
3057-3,감사원,3057,S02985,srno,pdf,,
3057-4,감사원,3057,S02985,srno,pdf,,
3058-1,감사원,3058,S02987,srno,pdf,분야축,
3058-2,감사원,3058,S02987,srno,pdf,분야축,
3058-3,감사원,3058,S02987,srno,pdf,분야축,
3058-4,감사원,3058,S02987,srno,pdf,분야축,
3058-5,감사원,3058,S02987,srno,pdf,,
3058-6,감사원,3058,S02987,srno,pdf,분야축,
3058-7,감사원,3058,S02987,srno,pdf,,
3058-8,감사원,3058,S02987,srno,pdf,분야축,
3058-9,감사원,3058,S02987,srno,pdf,분야축,
3058-10,감사원,3058,S02987,srno,pdf,분야축,
3058-11,감사원,3058,S02987,srno,pdf,분야축,
3059-1,감사원,3059,S02988,srno,pdf,,
3059-2,감사원,3059,S02988,srno,pdf,,
3059-3,감사원,3059,S02988,srno,pdf,,
3059-4,감사원,3059,S02988,srno,pdf,분야축,
3059-5,감사원,3059,S02988,srno,pdf,,
3059-6,감사원,3059,S02988,srno,pdf,,
3059-7,감사원,3059,S02988,srno,pdf,분야축,
3059-8,감사원,3059,S02988,srno,pdf,분야축,
3059-9,감사원,3059,S02988,srno,pdf,recall,
3059-10,감사원,3059,S02988,srno,pdf,,
3059-11,감사원,3059,S02988,srno,pdf,분야축,
3059-12,감사원,3059,S02988,srno,pdf,,
3059-13,감사원,3059,S02988,srno,pdf,recall,
3059-14,감사원,3059,S02988,srno,pdf,,
3059-15,감사원,3059,S02988,srno,pdf,,
3059-16,감사원,3059,S02988,srno,pdf,,
3061-1,감사원,3061,S02990,srno,pdf,,
3061-2,감사원,3061,S02990,srno,pdf,,
3061-3,감사원,3061,S02990,srno,pdf,,
3061-4,감사원,3061,S02990,srno,pdf,,
3061-5,감사원,3061,S02990,srno,pdf,,
3062-1,감사원,3062,S02991,srno,pdf,recall,
3062-2,감사원,3062,S02991,srno,pdf,,
3063-1,감사원,3063,S02989,srno,pdf,,
3063-2,감사원,3063,S02989,srno,pdf,,
3063-3,감사원,3063,S02989,srno,pdf,,
3063-4,감사원,3063,S02989,srno,pdf,,
3063-5,감사원,3063,S02989,srno,pdf,,
3064-1,감사원,3064,S02992,srno,pdf,분야축,
3064-2,감사원,3064,S02992,srno,pdf,분야축,
3064-3,감사원,3064,S02992,srno,pdf,분야축,
3064-4,감사원,3064,S02992,srno,pdf,분야축,
3064-5,감사원,3064,S02992,srno,pdf,분야축,
3064-6,감사원,3064,S02992,srno,pdf,,
3064-7,감사원,3064,S02992,srno,pdf,,
3064-8,감사원,3064,S02992,srno,pdf,,
3064-9,감사원,3064,S02992,srno,pdf,분야축,
3064-10,감사원,3064,S02992,srno,pdf,분야축,
3064-11,감사원,3064,S02992,srno,pdf,분야축,
3064-12,감사원,3064,S02992,srno,pdf,,
3064-13,감사원,3064,S02992,srno,pdf,분야축,
3064-14,감사원,3064,S02992,srno,pdf,분야축,
3065-1,감사원,3065,S02995,srno,pdf,,
3065-2,감사원,3065,S02995,srno,pdf,분야축,
3065-3,감사원,3065,S02995,srno,pdf,분야축,
3065-4,감사원,3065,S02995,srno,pdf,,
3065-5,감사원,3065,S02995,srno,pdf,,
3066-1,감사원,3066,S02996,srno,pdf,분야축,
3066-2,감사원,3066,S02996,srno,pdf,분야축,
3066-3,감사원,3066,S02996,srno,pdf,분야축,
3066-4,감사원,3066,S02996,srno,pdf,분야축,
3066-5,감사원,3066,S02996,srno,pdf,분야축,
3068-1,감사원,3068,S02998,srno,pdf,분야축,
3069-1,감사원,3069,S02999,srno,pdf,,
3069-2,감사원,3069,S02999,srno,pdf,,
3070-1,감사원,3070,S02997,srno,pdf,,
3070-2,감사원,3070,S02997,srno,pdf,분야축,
3070-3,감사원,3070,S02997,srno,pdf,분야축,
3070-4,감사원,3070,S02997,srno,pdf,분야축,
3070-5,감사원,3070,S02997,srno,pdf,분야축,
3070-6,감사원,3070,S02997,srno,pdf,,
3072-1,감사원,3072,S03001,srno,pdf,,
3072-2,감사원,3072,S03001,srno,pdf,,
3072-3,감사원,3072,S03001,srno,pdf,,
3073-1,감사원,3073,S03002,srno,pdf,분야축,
3073-2,감사원,3073,S03002,srno,pdf,분야축,
3073-3,감사원,3073,S03002,srno,pdf,분야축,
3073-4,감사원,3073,S03002,srno,pdf,분야축,
3073-5,감사원,3073,S03002,srno,pdf,분야축,
3073-6,감사원,3073,S03002,srno,pdf,,
3073-7,감사원,3073,S03002,srno,pdf,,
3073-8,감사원,3073,S03002,srno,pdf,,
3073-9,감사원,3073,S03002,srno,pdf,,
3073-10,감사원,3073,S03002,srno,pdf,,
3074-1,감사원,3074,S03003,srno,pdf,분야축,
3075-1,감사원,3075,S03004,srno,pdf,,
3075-2,감사원,3075,S03004,srno,pdf,,
3075-3,감사원,3075,S03004,srno,pdf,분야축,
3075-4,감사원,3075,S03004,srno,pdf,,
3075-5,감사원,3075,S03004,srno,pdf,,
3075-6,감사원,3075,S03004,srno,pdf,,
3075-7,감사원,3075,S03004,srno,pdf,,
3075-8,감사원,3075,S03004,srno,pdf,,
3075-9,감사원,3075,S03004,srno,pdf,,
3075-10,감사원,3075,S03004,srno,pdf,,
3075-11,감사원,3075,S03004,srno,pdf,,
3075-12,감사원,3075,S03004,srno,pdf,,
3076-1,감사원,3076,S03005,srno,pdf,,
3076-2,감사원,3076,S03005,srno,pdf,,
3076-3,감사원,3076,S03005,srno,pdf,,
3076-4,감사원,3076,S03005,srno,pdf,,
3076-5,감사원,3076,S03005,srno,pdf,,
3076-6,감사원,3076,S03005,srno,pdf,,
3076-7,감사원,3076,S03005,srno,pdf,,
3076-8,감사원,3076,S03005,srno,pdf,,
3077-1,감사원,3077,S03000,srno,pdf,,
3077-2,감사원,3077,S03000,srno,pdf,,
3077-3,감사원,3077,S03000,srno,pdf,,
3077-4,감사원,3077,S03000,srno,pdf,,
3078-1,감사원,3078,S03006,srno,pdf,분야축,
3078-2,감사원,3078,S03006,srno,pdf,분야축,
3078-3,감사원,3078,S03006,srno,pdf,recall,
3078-4,감사원,3078,S03006,srno,pdf,,
3079-1,감사원,3079,S03007,srno,pdf,,
3079-2,감사원,3079,S03007,srno,pdf,,
3079-3,감사원,3079,S03007,srno,pdf,분야축,
3080-1,감사원,3080,S03008,srno,pdf,,
3080-2,감사원,3080,S03008,srno,pdf,,
3080-3,감사원,3080,S03008,srno,pdf,,
3080-4,감사원,3080,S03008,srno,pdf,,
3080-5,감사원,3080,S03008,srno,pdf,,
3080-6,감사원,3080,S03008,srno,pdf,분야축,
3080-7,감사원,3080,S03008,srno,pdf,,
3080-8,감사원,3080,S03008,srno,pdf,,
3081-1,감사원,3081,S03009,srno,pdf,,
3081-2,감사원,3081,S03009,srno,pdf,,
3081-3,감사원,3081,S03009,srno,pdf,,
3081-4,감사원,3081,S03009,srno,pdf,,
3082-1,감사원,3082,S03010,srno,pdf,분야축,
3082-2,감사원,3082,S03010,srno,pdf,분야축,
3082-3,감사원,3082,S03010,srno,pdf,분야축,
3082-4,감사원,3082,S03010,srno,pdf,분야축,
3082-5,감사원,3082,S03010,srno,pdf,분야축,
3082-6,감사원,3082,S03010,srno,pdf,분야축,
3082-7,감사원,3082,S03010,srno,pdf,분야축,
3084-1,감사원,3084,S03012,srno,pdf,,
3084-2,감사원,3084,S03012,srno,pdf,,
3084-3,감사원,3084,S03012,srno,pdf,,
3084-4,감사원,3084,S03012,srno,pdf,,
3084-5,감사원,3084,S03012,srno,pdf,분야축,
3085-1,감사원,3085,S03011,srno,pdf,recall,
3085-2,감사원,3085,S03011,srno,pdf,recall,
3085-3,감사원,3085,S03011,srno,pdf,,
3085-4,감사원,3085,S03011,srno,pdf,,
3086-1,감사원,3086,S03013,srno,pdf,분야축,
3086-2,감사원,3086,S03013,srno,pdf,분야축,
3086-3,감사원,3086,S03013,srno,pdf,분야축,
3086-4,감사원,3086,S03013,srno,pdf,분야축,
3086-5,감사원,3086,S03013,srno,pdf,분야축,
3086-6,감사원,3086,S03013,srno,pdf,분야축,
3086-7,감사원,3086,S03013,srno,pdf,분야축,
3086-8,감사원,3086,S03013,srno,pdf,분야축,
3086-9,감사원,3086,S03013,srno,pdf,분야축,
3087-1,감사원,3087,S03014,srno,pdf,,
3087-2,감사원,3087,S03014,srno,pdf,,
3087-3,감사원,3087,S03014,srno,pdf,,
3087-4,감사원,3087,S03014,srno,pdf,,
3087-5,감사원,3087,S03014,srno,pdf,,
3087-6,감사원,3087,S03014,srno,pdf,,
3087-7,감사원,3087,S03014,srno,pdf,,
3087-8,감사원,3087,S03014,srno,pdf,,
3087-9,감사원,3087,S03014,srno,pdf,recall,
3087-10,감사원,3087,S03014,srno,pdf,,
3087-11,감사원,3087,S03014,srno,pdf,,
3088-1,감사원,3088,S03015,srno,pdf,분야축,
3088-2,감사원,3088,S03015,srno,pdf,,
3088-3,감사원,3088,S03015,srno,pdf,,
3088-4,감사원,3088,S03015,srno,pdf,,
3088-5,감사원,3088,S03015,srno,pdf,분야축,
3088-6,감사원,3088,S03015,srno,pdf,,
3089-1,감사원,3089,S03017,srno,pdf,분야축,
3089-2,감사원,3089,S03017,srno,pdf,분야축,
3089-3,감사원,3089,S03017,srno,pdf,분야축,
3089-4,감사원,3089,S03017,srno,pdf,분야축,
3090-1,감사원,3090,S03016,srno,pdf,,
3090-2,감사원,3090,S03016,srno,pdf,,
3090-3,감사원,3090,S03016,srno,pdf,,
3090-4,감사원,3090,S03016,srno,pdf,분야축,
3090-5,감사원,3090,S03016,srno,pdf,분야축,
3090-6,감사원,3090,S03016,srno,pdf,분야축,
3090-7,감사원,3090,S03016,srno,pdf,,
3091-1,감사원,3091,S03018,srno,pdf,,
3091-2,감사원,3091,S03018,srno,pdf,,
3093-1,감사원,3093,S03020,srno,pdf,,
3093-2,감사원,3093,S03020,srno,pdf,,
3093-3,감사원,3093,S03020,srno,pdf,분야축,
3093-4,감사원,3093,S03020,srno,pdf,분야축,
3093-5,감사원,3093,S03020,srno,pdf,분야축,
3094-1,감사원,3094,S03019,srno,pdf,분야축,
3094-2,감사원,3094,S03019,srno,pdf,,
3095-1,감사원,3095,S03021,srno,pdf,,
3095-2,감사원,3095,S03021,srno,pdf,,
3095-3,감사원,3095,S03021,srno,pdf,,
3095-4,감사원,3095,S03021,srno,pdf,분야축,
3095-5,감사원,3095,S03021,srno,pdf,분야축,
3095-6,감사원,3095,S03021,srno,pdf,,
3095-7,감사원,3095,S03021,srno,pdf,분야축,
3096-1,감사원,3096,S03022,srno,pdf,,
3096-2,감사원,3096,S03022,srno,pdf,,
3096-3,감사원,3096,S03022,srno,pdf,,
3096-4,감사원,3096,S03022,srno,pdf,,
3096-5,감사원,3096,S03022,srno,pdf,recall,
3096-6,감사원,3096,S03022,srno,pdf,recall,
3096-7,감사원,3096,S03022,srno,pdf,,
3096-8,감사원,3096,S03022,srno,pdf,,
3097-1,감사원,3097,S03023,srno,pdf,,
3097-2,감사원,3097,S03023,srno,pdf,,
3097-3,감사원,3097,S03023,srno,pdf,,
3097-4,감사원,3097,S03023,srno,pdf,,
3097-5,감사원,3097,S03023,srno,pdf,recall,
3097-6,감사원,3097,S03023,srno,pdf,,
3097-7,감사원,3097,S03023,srno,pdf,recall,
3097-8,감사원,3097,S03023,srno,pdf,recall,
3097-9,감사원,3097,S03023,srno,pdf,,
3098-1,감사원,3098,S03024,srno,pdf,recall,
3098-2,감사원,3098,S03024,srno,pdf,recall,
3098-3,감사원,3098,S03024,srno,pdf,,
3098-4,감사원,3098,S03024,srno,pdf,,
3098-5,감사원,3098,S03024,srno,pdf,,
3099-1,감사원,3099,S03026,srno,pdf,분야축,
3099-2,감사원,3099,S03026,srno,pdf,분야축,
3099-3,감사원,3099,S03026,srno,pdf,,
3100-1,감사원,3100,S03025,srno,pdf,,
3100-2,감사원,3100,S03025,srno,pdf,,
3100-3,감사원,3100,S03025,srno,pdf,,
3100-4,감사원,3100,S03025,srno,pdf,,
3100-5,감사원,3100,S03025,srno,pdf,,
3100-6,감사원,3100,S03025,srno,pdf,,
3100-7,감사원,3100,S03025,srno,pdf,,
3101-1,감사원,3101,S03027,srno,pdf,분야축,
3101-2,감사원,3101,S03027,srno,pdf,분야축,
3101-3,감사원,3101,S03027,srno,pdf,분야축,
3102-1,감사원,3102,S03028,srno,pdf,,
3102-2,감사원,3102,S03028,srno,pdf,,
3102-3,감사원,3102,S03028,srno,pdf,,
3102-4,감사원,3102,S03028,srno,pdf,,
3102-5,감사원,3102,S03028,srno,pdf,,
3103-1,감사원,3103,S03029,srno,pdf,,
3103-2,감사원,3103,S03029,srno,pdf,,
3103-3,감사원,3103,S03029,srno,pdf,,
3103-4,감사원,3103,S03029,srno,pdf,,
3103-5,감사원,3103,S03029,srno,pdf,,
3103-6,감사원,3103,S03029,srno,pdf,분야축,
3104-1,감사원,3104,S03030,srno,pdf,,
3104-2,감사원,3104,S03030,srno,pdf,,
3105-1,감사원,3105,S03032,srno,pdf,,
3105-2,감사원,3105,S03032,srno,pdf,,
3105-3,감사원,3105,S03032,srno,pdf,,
3105-4,감사원,3105,S03032,srno,pdf,,
3106-1,감사원,3106,S03031,srno,pdf,,
3106-2,감사원,3106,S03031,srno,pdf,,
3106-3,감사원,3106,S03031,srno,pdf,,
3106-4,감사원,3106,S03031,srno,pdf,,
3106-5,감사원,3106,S03031,srno,pdf,,
3106-6,감사원,3106,S03031,srno,pdf,,
3106-7,감사원,3106,S03031,srno,pdf,분야축,
3106-8,감사원,3106,S03031,srno,pdf,recall,
3107-1,감사원,3107,S03033,srno,pdf,분야축,
3107-2,감사원,3107,S03033,srno,pdf,,
3108-1,감사원,3108,S03034,srno,pdf,,
3108-2,감사원,3108,S03034,srno,pdf,,
3108-3,감사원,3108,S03034,srno,pdf,,
3108-4,감사원,3108,S03034,srno,pdf,,
3108-5,감사원,3108,S03034,srno,pdf,,
3108-6,감사원,3108,S03034,srno,pdf,,
3108-7,감사원,3108,S03034,srno,pdf,,
3108-8,감사원,3108,S03034,srno,pdf,,
3109-1,감사원,3109,S03035,srno,pdf,,
3109-2,감사원,3109,S03035,srno,pdf,,
3109-3,감사원,3109,S03035,srno,pdf,,
3109-4,감사원,3109,S03035,srno,pdf,recall,
3109-5,감사원,3109,S03035,srno,pdf,,
3109-6,감사원,3109,S03035,srno,pdf,,
3110-1,감사원,3110,S03036,srno,pdf,분야축,
3111-1,감사원,3111,S03038,srno,pdf,분야축,
3111-2,감사원,3111,S03038,srno,pdf,,
3111-3,감사원,3111,S03038,srno,pdf,,
3111-4,감사원,3111,S03038,srno,pdf,분야축,
3111-5,감사원,3111,S03038,srno,pdf,분야축,
3111-6,감사원,3111,S03038,srno,pdf,분야축,
3111-7,감사원,3111,S03038,srno,pdf,분야축,
3112-1,감사원,3112,S03037,srno,pdf,,
3112-2,감사원,3112,S03037,srno,pdf,분야축,
3112-3,감사원,3112,S03037,srno,pdf,분야축,
3112-4,감사원,3112,S03037,srno,pdf,분야축,
3112-5,감사원,3112,S03037,srno,pdf,분야축,
3112-6,감사원,3112,S03037,srno,pdf,분야축,
3112-7,감사원,3112,S03037,srno,pdf,분야축,
3112-8,감사원,3112,S03037,srno,pdf,분야축,
3113-1,감사원,3113,S03039,srno,pdf,분야축,
3114-1,감사원,3114,S03040,srno,pdf,분야축,
3114-2,감사원,3114,S03040,srno,pdf,recall,
3114-3,감사원,3114,S03040,srno,pdf,분야축,
3114-4,감사원,3114,S03040,srno,pdf,분야축,
3116-1,감사원,3116,S03042,srno,pdf,,
3116-2,감사원,3116,S03042,srno,pdf,,
3117-1,감사원,3117,S03041,srno,pdf,분야축,
3117-2,감사원,3117,S03041,srno,pdf,분야축,
3117-3,감사원,3117,S03041,srno,pdf,분야축,
3118-1,감사원,3118,S03043,srno,pdf,분야축,
3118-2,감사원,3118,S03043,srno,pdf,,
3118-3,감사원,3118,S03043,srno,pdf,,
3118-4,감사원,3118,S03043,srno,pdf,,
3118-5,감사원,3118,S03043,srno,pdf,,
3118-6,감사원,3118,S03043,srno,pdf,분야축,
3118-7,감사원,3118,S03043,srno,pdf,분야축,
3118-8,감사원,3118,S03043,srno,pdf,분야축,
3118-9,감사원,3118,S03043,srno,pdf,분야축,
3118-10,감사원,3118,S03043,srno,pdf,분야축,
3118-11,감사원,3118,S03043,srno,pdf,분야축,
3118-12,감사원,3118,S03043,srno,pdf,분야축,
3119-1,감사원,3119,S03044,srno,pdf,,
3119-2,감사원,3119,S03044,srno,pdf,,
3119-3,감사원,3119,S03044,srno,pdf,,
3119-4,감사원,3119,S03044,srno,pdf,,
3119-5,감사원,3119,S03044,srno,pdf,recall,
3119-6,감사원,3119,S03044,srno,pdf,분야축,
3120-1,감사원,3120,S03045,srno,pdf,,
3120-2,감사원,3120,S03045,srno,pdf,,
3120-3,감사원,3120,S03045,srno,pdf,,
3120-4,감사원,3120,S03045,srno,pdf,,
3120-5,감사원,3120,S03045,srno,pdf,분야축,
3120-6,감사원,3120,S03045,srno,pdf,분야축,
3120-7,감사원,3120,S03045,srno,pdf,분야축,
3120-8,감사원,3120,S03045,srno,pdf,분야축,
3120-9,감사원,3120,S03045,srno,pdf,분야축,
3120-10,감사원,3120,S03045,srno,pdf,분야축,
3120-11,감사원,3120,S03045,srno,pdf,분야축,
3120-12,감사원,3120,S03045,srno,pdf,분야축,
3120-13,감사원,3120,S03045,srno,pdf,분야축,
3120-14,감사원,3120,S03045,srno,pdf,,
3120-15,감사원,3120,S03045,srno,pdf,recall,
3120-16,감사원,3120,S03045,srno,pdf,,
3120-17,감사원,3120,S03045,srno,pdf,분야축,
3120-18,감사원,3120,S03045,srno,pdf,분야축,
3120-19,감사원,3120,S03045,srno,pdf,분야축,
3120-20,감사원,3120,S03045,srno,pdf,분야축,
3120-21,감사원,3120,S03045,srno,pdf,분야축,
3121-1,감사원,3121,S02952,srno,pdf,recall,
3121-2,감사원,3121,S02952,srno,pdf,,
3121-3,감사원,3121,S02952,srno,pdf,,
3121-4,감사원,3121,S02952,srno,pdf,recall,
3121-5,감사원,3121,S02952,srno,pdf,,
3121-6,감사원,3121,S02952,srno,pdf,,
3121-7,감사원,3121,S02952,srno,pdf,,
3121-8,감사원,3121,S02952,srno,pdf,,
3121-9,감사원,3121,S02952,srno,pdf,,
3121-10,감사원,3121,S02952,srno,pdf,,
3122-1,감사원,3122,S03046,srno,pdf,분야축,
3122-2,감사원,3122,S03046,srno,pdf,분야축,
3122-3,감사원,3122,S03046,srno,pdf,분야축,
3122-4,감사원,3122,S03046,srno,pdf,분야축,
3122-5,감사원,3122,S03046,srno,pdf,분야축,
3122-6,감사원,3122,S03046,srno,pdf,분야축,
3122-7,감사원,3122,S03046,srno,pdf,분야축,
3122-8,감사원,3122,S03046,srno,pdf,분야축,
3122-9,감사원,3122,S03046,srno,pdf,분야축,
3122-10,감사원,3122,S03046,srno,pdf,분야축,
3123-1,감사원,3123,S03047,srno,pdf,,
3123-2,감사원,3123,S03047,srno,pdf,분야축,
3123-3,감사원,3123,S03047,srno,pdf,분야축,
3123-4,감사원,3123,S03047,srno,pdf,분야축,
3123-5,감사원,3123,S03047,srno,pdf,분야축,
3123-6,감사원,3123,S03047,srno,pdf,분야축,
3123-7,감사원,3123,S03047,srno,pdf,분야축,
3123-8,감사원,3123,S03047,srno,pdf,분야축,
3123-9,감사원,3123,S03047,srno,pdf,,
3123-10,감사원,3123,S03047,srno,pdf,분야축,
3123-11,감사원,3123,S03047,srno,pdf,recall,
3124-1,감사원,3124,S03048,srno,pdf,,
3124-2,감사원,3124,S03048,srno,pdf,,
3126-1,감사원,3126,S03050,srno,pdf,,
3126-2,감사원,3126,S03050,srno,pdf,,
3126-3,감사원,3126,S03050,srno,pdf,,
3126-4,감사원,3126,S03050,srno,pdf,분야축,
3126-5,감사원,3126,S03050,srno,pdf,,
3126-6,감사원,3126,S03050,srno,pdf,,
3126-7,감사원,3126,S03050,srno,pdf,recall,
3126-8,감사원,3126,S03050,srno,pdf,,
3126-9,감사원,3126,S03050,srno,pdf,,
3126-10,감사원,3126,S03050,srno,pdf,,
3126-11,감사원,3126,S03050,srno,pdf,,
3126-12,감사원,3126,S03050,srno,pdf,,
3126-13,감사원,3126,S03050,srno,pdf,recall,
3126-14,감사원,3126,S03050,srno,pdf,분야축,
3126-15,감사원,3126,S03050,srno,pdf,,
3126-16,감사원,3126,S03050,srno,pdf,,
3126-17,감사원,3126,S03050,srno,pdf,,
3127-1,감사원,3127,S03052,srno,pdf,,
3128-1,감사원,3128,S03051,srno,pdf,,
3128-2,감사원,3128,S03051,srno,pdf,,
3129-1,감사원,3129,S03053,srno,pdf,,
3129-2,감사원,3129,S03053,srno,pdf,,
3129-3,감사원,3129,S03053,srno,pdf,,
3130-1,감사원,3130,S03049,srno,pdf,,
3130-2,감사원,3130,S03049,srno,pdf,,
3130-3,감사원,3130,S03049,srno,pdf,,
3130-4,감사원,3130,S03049,srno,pdf,,
3130-5,감사원,3130,S03049,srno,pdf,,
3130-6,감사원,3130,S03049,srno,pdf,,
3130-7,감사원,3130,S03049,srno,pdf,분야축,
3130-8,감사원,3130,S03049,srno,pdf,,
3130-9,감사원,3130,S03049,srno,pdf,,
3130-10,감사원,3130,S03049,srno,pdf,,
3130-11,감사원,3130,S03049,srno,pdf,,
3130-12,감사원,3130,S03049,srno,pdf,,
3130-13,감사원,3130,S03049,srno,pdf,,
3130-14,감사원,3130,S03049,srno,pdf,분야축,
3136-1,감사원,3136,S03055,srno,pdf,,
3136-2,감사원,3136,S03055,srno,pdf,,
3136-3,감사원,3136,S03055,srno,pdf,,
3136-4,감사원,3136,S03055,srno,pdf,,
3136-5,감사원,3136,S03055,srno,pdf,,
3136-6,감사원,3136,S03055,srno,pdf,,
3136-7,감사원,3136,S03055,srno,pdf,,
3136-8,감사원,3136,S03055,srno,pdf,,
3136-9,감사원,3136,S03055,srno,pdf,,
3136-10,감사원,3136,S03055,srno,pdf,,
3136-11,감사원,3136,S03055,srno,pdf,,
3136-12,감사원,3136,S03055,srno,pdf,,
3136-13,감사원,3136,S03055,srno,pdf,,
3136-14,감사원,3136,S03055,srno,pdf,분야축,
3136-15,감사원,3136,S03055,srno,pdf,,
3137-1,감사원,3137,S03056,srno,pdf,,
3137-2,감사원,3137,S03056,srno,pdf,,
3137-3,감사원,3137,S03056,srno,pdf,,
3137-4,감사원,3137,S03056,srno,pdf,,
3137-5,감사원,3137,S03056,srno,pdf,,
3137-6,감사원,3137,S03056,srno,pdf,분야축,
3137-7,감사원,3137,S03056,srno,pdf,분야축,
3137-8,감사원,3137,S03056,srno,pdf,,
3137-9,감사원,3137,S03056,srno,pdf,,
3138-1,감사원,3138,S03054,srno,pdf,,
3138-2,감사원,3138,S03054,srno,pdf,,
3138-3,감사원,3138,S03054,srno,pdf,,
3138-4,감사원,3138,S03054,srno,pdf,,
3138-5,감사원,3138,S03054,srno,pdf,,
3138-6,감사원,3138,S03054,srno,pdf,,
3138-7,감사원,3138,S03054,srno,pdf,,
3138-8,감사원,3138,S03054,srno,pdf,,
3138-9,감사원,3138,S03054,srno,pdf,,
3138-10,감사원,3138,S03054,srno,pdf,,
3138-11,감사원,3138,S03054,srno,pdf,,
3138-12,감사원,3138,S03054,srno,pdf,,
3138-13,감사원,3138,S03054,srno,pdf,,
3138-14,감사원,3138,S03054,srno,pdf,,
3138-15,감사원,3138,S03054,srno,pdf,,
3138-16,감사원,3138,S03054,srno,pdf,,
3138-17,감사원,3138,S03054,srno,pdf,,
3138-18,감사원,3138,S03054,srno,pdf,,
3138-19,감사원,3138,S03054,srno,pdf,,
3138-20,감사원,3138,S03054,srno,pdf,,
3138-21,감사원,3138,S03054,srno,pdf,,
3138-22,감사원,3138,S03054,srno,pdf,,
3138-23,감사원,3138,S03054,srno,pdf,,
3139-1,감사원,3139,S03057,srno,pdf,분야축,
3139-2,감사원,3139,S03057,srno,pdf,,
3139-3,감사원,3139,S03057,srno,pdf,분야축,
3139-4,감사원,3139,S03057,srno,pdf,,
3139-5,감사원,3139,S03057,srno,pdf,,
3139-6,감사원,3139,S03057,srno,pdf,분야축,
3139-7,감사원,3139,S03057,srno,pdf,,
3139-8,감사원,3139,S03057,srno,pdf,,
3139-9,감사원,3139,S03057,srno,pdf,,
3139-10,감사원,3139,S03057,srno,pdf,recall,
3140-1,감사원,3140,S03059,srno,pdf,,
3140-2,감사원,3140,S03059,srno,pdf,,
3140-3,감사원,3140,S03059,srno,pdf,,
3140-4,감사원,3140,S03059,srno,pdf,,
3140-5,감사원,3140,S03059,srno,pdf,,
3140-6,감사원,3140,S03059,srno,pdf,,
3140-7,감사원,3140,S03059,srno,pdf,,
3140-8,감사원,3140,S03059,srno,pdf,,
3140-9,감사원,3140,S03059,srno,pdf,,
3140-10,감사원,3140,S03059,srno,pdf,,
3140-11,감사원,3140,S03059,srno,pdf,,
3140-12,감사원,3140,S03059,srno,pdf,,
3140-13,감사원,3140,S03059,srno,pdf,recall,
3140-14,감사원,3140,S03059,srno,pdf,,
3140-15,감사원,3140,S03059,srno,pdf,,
3140-16,감사원,3140,S03059,srno,pdf,,
3142-1,감사원,3142,S03060,srno,pdf,,
3142-2,감사원,3142,S03060,srno,pdf,,
3142-3,감사원,3142,S03060,srno,pdf,,
3142-4,감사원,3142,S03060,srno,pdf,분야축,
3142-5,감사원,3142,S03060,srno,pdf,분야축,
3143-1,감사원,3143,S03061,srno,pdf,분야축,
3143-2,감사원,3143,S03061,srno,pdf,분야축,
3143-3,감사원,3143,S03061,srno,pdf,분야축,
3143-4,감사원,3143,S03061,srno,pdf,,
3143-5,감사원,3143,S03061,srno,pdf,분야축,
3143-6,감사원,3143,S03061,srno,pdf,분야축,
3143-7,감사원,3143,S03061,srno,pdf,분야축,
3143-8,감사원,3143,S03061,srno,pdf,분야축,
3143-9,감사원,3143,S03061,srno,pdf,,
3143-10,감사원,3143,S03061,srno,pdf,분야축,
3143-11,감사원,3143,S03061,srno,pdf,분야축,
3143-12,감사원,3143,S03061,srno,pdf,분야축,
3146-1,감사원,3146,S03063,srno,pdf,,
3146-2,감사원,3146,S03063,srno,pdf,,
3146-3,감사원,3146,S03063,srno,pdf,,
3146-4,감사원,3146,S03063,srno,pdf,분야축,
3146-5,감사원,3146,S03063,srno,pdf,분야축,
3146-6,감사원,3146,S03063,srno,pdf,,
3146-7,감사원,3146,S03063,srno,pdf,,
3146-8,감사원,3146,S03063,srno,pdf,분야축,
3147-1,감사원,3147,S03062,srno,pdf,분야축,
3147-2,감사원,3147,S03062,srno,pdf,분야축,
3147-3,감사원,3147,S03062,srno,pdf,분야축,
3147-4,감사원,3147,S03062,srno,pdf,분야축,
3147-5,감사원,3147,S03062,srno,pdf,분야축,
3148-1,감사원,3148,S03064,srno,pdf,,
3148-2,감사원,3148,S03064,srno,pdf,,
3149-1,감사원,3149,S03065,srno,pdf,,
3149-2,감사원,3149,S03065,srno,pdf,,
3149-3,감사원,3149,S03065,srno,pdf,,
3149-4,감사원,3149,S03065,srno,pdf,,
3149-5,감사원,3149,S03065,srno,pdf,,
3151-1,감사원,3151,S03066,srno,pdf,,
3151-2,감사원,3151,S03066,srno,pdf,,
3151-3,감사원,3151,S03066,srno,pdf,,
3151-4,감사원,3151,S03066,srno,pdf,분야축,
3151-5,감사원,3151,S03066,srno,pdf,,
3151-6,감사원,3151,S03066,srno,pdf,,
3151-7,감사원,3151,S03066,srno,pdf,,
3151-8,감사원,3151,S03066,srno,pdf,분야축,
3152-1,감사원,3152,S03068,srno,pdf,분야축,
3152-2,감사원,3152,S03068,srno,pdf,분야축,
3152-3,감사원,3152,S03068,srno,pdf,분야축,
3152-4,감사원,3152,S03068,srno,pdf,분야축,
3152-5,감사원,3152,S03068,srno,pdf,분야축,
3152-6,감사원,3152,S03068,srno,pdf,분야축,
3153-1,감사원,3153,S03067,srno,pdf,,
3153-2,감사원,3153,S03067,srno,pdf,,
3153-3,감사원,3153,S03067,srno,pdf,분야축,
3153-4,감사원,3153,S03067,srno,pdf,,
3153-5,감사원,3153,S03067,srno,pdf,,
3153-6,감사원,3153,S03067,srno,pdf,,
3153-7,감사원,3153,S03067,srno,pdf,,
3153-8,감사원,3153,S03067,srno,pdf,recall,
3153-9,감사원,3153,S03067,srno,pdf,,
3153-10,감사원,3153,S03067,srno,pdf,,
3154-1,감사원,3154,S03069,srno,pdf,,
3154-2,감사원,3154,S03069,srno,pdf,,
3154-3,감사원,3154,S03069,srno,pdf,,
3154-4,감사원,3154,S03069,srno,pdf,,
3154-5,감사원,3154,S03069,srno,pdf,,
3154-6,감사원,3154,S03069,srno,pdf,,
3154-7,감사원,3154,S03069,srno,pdf,,
3154-8,감사원,3154,S03069,srno,pdf,,
3154-9,감사원,3154,S03069,srno,pdf,,
3154-10,감사원,3154,S03069,srno,pdf,분야축,
3156-1,감사원,3156,S03071,srno,pdf,,
3156-2,감사원,3156,S03071,srno,pdf,,
3156-3,감사원,3156,S03071,srno,pdf,,
3156-4,감사원,3156,S03071,srno,pdf,,
3156-5,감사원,3156,S03071,srno,pdf,,
3156-6,감사원,3156,S03071,srno,pdf,,
3156-7,감사원,3156,S03071,srno,pdf,,
3156-8,감사원,3156,S03071,srno,pdf,,
3156-9,감사원,3156,S03071,srno,pdf,,
3157-1,감사원,3157,S03072,srno,pdf,분야축,
3157-2,감사원,3157,S03072,srno,pdf,,
3157-3,감사원,3157,S03072,srno,pdf,,
3157-4,감사원,3157,S03072,srno,pdf,,
3157-5,감사원,3157,S03072,srno,pdf,,
3157-6,감사원,3157,S03072,srno,pdf,,
3158-1,감사원,3158,S03073,srno,pdf,,
3158-2,감사원,3158,S03073,srno,pdf,,
3158-3,감사원,3158,S03073,srno,pdf,,
3159-1,감사원,3159,S03074,srno,pdf,recall,
3159-2,감사원,3159,S03074,srno,pdf,,
3159-3,감사원,3159,S03074,srno,pdf,,
3159-4,감사원,3159,S03074,srno,pdf,,
3159-5,감사원,3159,S03074,srno,pdf,,
3159-6,감사원,3159,S03074,srno,pdf,,
3159-7,감사원,3159,S03074,srno,pdf,recall,
3159-8,감사원,3159,S03074,srno,pdf,,
3159-9,감사원,3159,S03074,srno,pdf,recall,
3159-10,감사원,3159,S03074,srno,pdf,,
3159-11,감사원,3159,S03074,srno,pdf,,
3159-12,감사원,3159,S03074,srno,pdf,recall,
3160-1,감사원,3160,S03075,srno,pdf,,
3160-2,감사원,3160,S03075,srno,pdf,,
3160-3,감사원,3160,S03075,srno,pdf,분야축,
3160-4,감사원,3160,S03075,srno,pdf,,
3160-5,감사원,3160,S03075,srno,pdf,,
3160-6,감사원,3160,S03075,srno,pdf,,
3160-7,감사원,3160,S03075,srno,pdf,,
3160-8,감사원,3160,S03075,srno,pdf,,
3161-1,감사원,3161,S03076,srno,pdf,분야축,
3161-2,감사원,3161,S03076,srno,pdf,,
3161-3,감사원,3161,S03076,srno,pdf,,
3161-4,감사원,3161,S03076,srno,pdf,,
3162-1,감사원,3162,S03078,srno,pdf,분야축,
3162-2,감사원,3162,S03078,srno,pdf,분야축,
3162-3,감사원,3162,S03078,srno,pdf,분야축,
3162-4,감사원,3162,S03078,srno,pdf,분야축,
3162-5,감사원,3162,S03078,srno,pdf,,
3162-6,감사원,3162,S03078,srno,pdf,,
3162-7,감사원,3162,S03078,srno,pdf,,
3162-8,감사원,3162,S03078,srno,pdf,,
3166-1,감사원,3166,S03080,srno,pdf,,
3166-2,감사원,3166,S03080,srno,pdf,,
3166-3,감사원,3166,S03080,srno,pdf,,
3166-4,감사원,3166,S03080,srno,pdf,,
3166-5,감사원,3166,S03080,srno,pdf,분야축,
3167-1,감사원,3167,S03070,srno,pdf,,
3167-2,감사원,3167,S03070,srno,pdf,,
3167-3,감사원,3167,S03070,srno,pdf,,
3167-4,감사원,3167,S03070,srno,pdf,,
3167-5,감사원,3167,S03070,srno,pdf,,
3167-6,감사원,3167,S03070,srno,pdf,,
3167-7,감사원,3167,S03070,srno,pdf,,
3167-8,감사원,3167,S03070,srno,pdf,,
3167-9,감사원,3167,S03070,srno,pdf,,
3167-10,감사원,3167,S03070,srno,pdf,,
3168-1,감사원,3168,S03079,srno,pdf,,
3168-2,감사원,3168,S03079,srno,pdf,,
3168-3,감사원,3168,S03079,srno,pdf,,
3168-4,감사원,3168,S03079,srno,pdf,,
3168-5,감사원,3168,S03079,srno,pdf,recall,
3168-6,감사원,3168,S03079,srno,pdf,,
3168-7,감사원,3168,S03079,srno,pdf,,
3168-8,감사원,3168,S03079,srno,pdf,,
3169-1,감사원,3169,S03081,srno,pdf,분야축,
3169-2,감사원,3169,S03081,srno,pdf,분야축,
3169-3,감사원,3169,S03081,srno,pdf,분야축,
3169-4,감사원,3169,S03081,srno,pdf,분야축,
3169-5,감사원,3169,S03081,srno,pdf,분야축,
3169-6,감사원,3169,S03081,srno,pdf,분야축,
3169-7,감사원,3169,S03081,srno,pdf,분야축,
3169-8,감사원,3169,S03081,srno,pdf,분야축,
3169-9,감사원,3169,S03081,srno,pdf,분야축,
3169-10,감사원,3169,S03081,srno,pdf,분야축,
3169-11,감사원,3169,S03081,srno,pdf,분야축,
3170-1,감사원,3170,S03082,srno,pdf,분야축,
3170-2,감사원,3170,S03082,srno,pdf,분야축,
3170-3,감사원,3170,S03082,srno,pdf,분야축,
3170-4,감사원,3170,S03082,srno,pdf,분야축,
3170-5,감사원,3170,S03082,srno,pdf,분야축,
3170-6,감사원,3170,S03082,srno,pdf,,
3170-7,감사원,3170,S03082,srno,pdf,recall,
3170-8,감사원,3170,S03082,srno,pdf,,
3170-9,감사원,3170,S03082,srno,pdf,,
3170-10,감사원,3170,S03082,srno,pdf,분야축,
3170-11,감사원,3170,S03082,srno,pdf,,
3170-12,감사원,3170,S03082,srno,pdf,분야축,
3170-13,감사원,3170,S03082,srno,pdf,분야축,
3170-14,감사원,3170,S03082,srno,pdf,,
3170-15,감사원,3170,S03082,srno,pdf,분야축,
3170-16,감사원,3170,S03082,srno,pdf,,
3170-17,감사원,3170,S03082,srno,pdf,,
3170-18,감사원,3170,S03082,srno,pdf,,
3170-19,감사원,3170,S03082,srno,pdf,,
3170-20,감사원,3170,S03082,srno,pdf,분야축,
3170-21,감사원,3170,S03082,srno,pdf,분야축,
3170-22,감사원,3170,S03082,srno,pdf,분야축,
3170-23,감사원,3170,S03082,srno,pdf,분야축,
3170-24,감사원,3170,S03082,srno,pdf,분야축,
3170-25,감사원,3170,S03082,srno,pdf,분야축,
3170-26,감사원,3170,S03082,srno,pdf,분야축,
3170-27,감사원,3170,S03082,srno,pdf,분야축,
3170-28,감사원,3170,S03082,srno,pdf,분야축,
3170-29,감사원,3170,S03082,srno,pdf,,
3170-30,감사원,3170,S03082,srno,pdf,분야축,
3170-31,감사원,3170,S03082,srno,pdf,,
3170-32,감사원,3170,S03082,srno,pdf,,
3170-33,감사원,3170,S03082,srno,pdf,,
3170-34,감사원,3170,S03082,srno,pdf,,
3170-35,감사원,3170,S03082,srno,pdf,,
3170-36,감사원,3170,S03082,srno,pdf,,
3170-37,감사원,3170,S03082,srno,pdf,분야축,
3170-38,감사원,3170,S03082,srno,pdf,,
3170-39,감사원,3170,S03082,srno,pdf,,
3170-40,감사원,3170,S03082,srno,pdf,,
3170-41,감사원,3170,S03082,srno,pdf,,
3171-1,감사원,3171,S03085,srno,pdf,,
3171-2,감사원,3171,S03085,srno,pdf,,
3171-3,감사원,3171,S03085,srno,pdf,,
3171-4,감사원,3171,S03085,srno,pdf,,
3171-5,감사원,3171,S03085,srno,pdf,,
3171-6,감사원,3171,S03085,srno,pdf,recall,
3171-7,감사원,3171,S03085,srno,pdf,recall,
3171-8,감사원,3171,S03085,srno,pdf,분야축,
3171-9,감사원,3171,S03085,srno,pdf,,
3172-1,감사원,3172,S03086,srno,pdf,,
3172-2,감사원,3172,S03086,srno,pdf,,
3172-3,감사원,3172,S03086,srno,pdf,,
3172-4,감사원,3172,S03086,srno,pdf,,
3173-1,감사원,3173,S03087,srno,pdf,,
3173-2,감사원,3173,S03087,srno,pdf,,
3173-3,감사원,3173,S03087,srno,pdf,,
3173-4,감사원,3173,S03087,srno,pdf,,
3173-5,감사원,3173,S03087,srno,pdf,recall,
3173-6,감사원,3173,S03087,srno,pdf,,
3173-7,감사원,3173,S03087,srno,pdf,분야축,
3173-8,감사원,3173,S03087,srno,pdf,,
3173-9,감사원,3173,S03087,srno,pdf,,
3173-10,감사원,3173,S03087,srno,pdf,,
3173-11,감사원,3173,S03087,srno,pdf,분야축,
3173-12,감사원,3173,S03087,srno,pdf,,
3173-13,감사원,3173,S03087,srno,pdf,,
3173-14,감사원,3173,S03087,srno,pdf,,
3173-15,감사원,3173,S03087,srno,pdf,,
3173-16,감사원,3173,S03087,srno,pdf,,
3173-17,감사원,3173,S03087,srno,pdf,,
3173-18,감사원,3173,S03087,srno,pdf,,
3173-19,감사원,3173,S03087,srno,pdf,분야축,
3174-1,감사원,3174,S03088,srno,pdf,분야축,
3174-2,감사원,3174,S03088,srno,pdf,분야축,
3174-3,감사원,3174,S03088,srno,pdf,,
3174-4,감사원,3174,S03088,srno,pdf,,
3174-5,감사원,3174,S03088,srno,pdf,,
3175-1,감사원,3175,S03089,srno,pdf,,
3175-2,감사원,3175,S03089,srno,pdf,,
3175-3,감사원,3175,S03089,srno,pdf,,
3175-4,감사원,3175,S03089,srno,pdf,,
3175-5,감사원,3175,S03089,srno,pdf,,
3175-6,감사원,3175,S03089,srno,pdf,recall,
3175-7,감사원,3175,S03089,srno,pdf,recall,
3175-8,감사원,3175,S03089,srno,pdf,,
3175-9,감사원,3175,S03089,srno,pdf,,
3175-10,감사원,3175,S03089,srno,pdf,분야축,
3175-11,감사원,3175,S03089,srno,pdf,분야축,
3175-12,감사원,3175,S03089,srno,pdf,분야축,
3175-13,감사원,3175,S03089,srno,pdf,분야축,
3175-14,감사원,3175,S03089,srno,pdf,,
3175-15,감사원,3175,S03089,srno,pdf,,
3175-16,감사원,3175,S03089,srno,pdf,,
3175-17,감사원,3175,S03089,srno,pdf,,
3176-1,감사원,3176,S03090,srno,pdf,분야축,
3176-2,감사원,3176,S03090,srno,pdf,분야축,
3176-3,감사원,3176,S03090,srno,pdf,recall,
3176-4,감사원,3176,S03090,srno,pdf,,
3176-5,감사원,3176,S03090,srno,pdf,,
3176-6,감사원,3176,S03090,srno,pdf,분야축,
3176-7,감사원,3176,S03090,srno,pdf,분야축,
3176-8,감사원,3176,S03090,srno,pdf,분야축,
3177-1,감사원,3177,S03091,srno,pdf,,
3177-2,감사원,3177,S03091,srno,pdf,분야축,
3177-3,감사원,3177,S03091,srno,pdf,분야축,
3177-4,감사원,3177,S03091,srno,pdf,,
3177-5,감사원,3177,S03091,srno,pdf,분야축,
3178-1,감사원,3178,S03092,srno,pdf,,
3179-1,감사원,3179,S03093,srno,pdf,,
3179-2,감사원,3179,S03093,srno,pdf,,
3179-3,감사원,3179,S03093,srno,pdf,,
3179-4,감사원,3179,S03093,srno,pdf,,
3179-5,감사원,3179,S03093,srno,pdf,분야축,
3179-6,감사원,3179,S03093,srno,pdf,,
3179-7,감사원,3179,S03093,srno,pdf,분야축,
3179-8,감사원,3179,S03093,srno,pdf,분야축,
3179-9,감사원,3179,S03093,srno,pdf,분야축,
3179-10,감사원,3179,S03093,srno,pdf,분야축,
3179-11,감사원,3179,S03093,srno,pdf,분야축,
3179-12,감사원,3179,S03093,srno,pdf,분야축,
3180-1,감사원,3180,S03094,srno,pdf,,
3180-2,감사원,3180,S03094,srno,pdf,,
3180-3,감사원,3180,S03094,srno,pdf,,
3180-4,감사원,3180,S03094,srno,pdf,,
3181-1,감사원,3181,S03095,srno,pdf,,
3181-2,감사원,3181,S03095,srno,pdf,,
3181-3,감사원,3181,S03095,srno,pdf,,
3181-4,감사원,3181,S03095,srno,pdf,,
3181-5,감사원,3181,S03095,srno,pdf,,
3181-6,감사원,3181,S03095,srno,pdf,,
3181-7,감사원,3181,S03095,srno,pdf,분야축,
3181-8,감사원,3181,S03095,srno,pdf,,
3181-9,감사원,3181,S03095,srno,pdf,,
3181-10,감사원,3181,S03095,srno,pdf,,
3182-1,감사원,3182,S03096,srno,pdf,,
3182-2,감사원,3182,S03096,srno,pdf,,
3182-3,감사원,3182,S03096,srno,pdf,,
3182-4,감사원,3182,S03096,srno,pdf,,
3182-5,감사원,3182,S03096,srno,pdf,,
3182-6,감사원,3182,S03096,srno,pdf,,
3183-1,감사원,3183,S03097,srno,pdf,분야축,
3183-2,감사원,3183,S03097,srno,pdf,분야축,
3183-3,감사원,3183,S03097,srno,pdf,분야축,
3183-4,감사원,3183,S03097,srno,pdf,분야축,
3183-5,감사원,3183,S03097,srno,pdf,분야축,
3183-6,감사원,3183,S03097,srno,pdf,분야축,
3183-7,감사원,3183,S03097,srno,pdf,분야축,
3183-8,감사원,3183,S03097,srno,pdf,분야축,
3183-9,감사원,3183,S03097,srno,pdf,분야축,
3183-10,감사원,3183,S03097,srno,pdf,분야축,
3183-11,감사원,3183,S03097,srno,pdf,분야축,
3183-12,감사원,3183,S03097,srno,pdf,분야축,
3183-13,감사원,3183,S03097,srno,pdf,분야축,
3184-1,감사원,3184,S03098,srno,pdf,분야축,
3184-2,감사원,3184,S03098,srno,pdf,분야축,
3184-3,감사원,3184,S03098,srno,pdf,,
3184-4,감사원,3184,S03098,srno,pdf,분야축,
3184-5,감사원,3184,S03098,srno,pdf,분야축,
3184-6,감사원,3184,S03098,srno,pdf,분야축,
3184-7,감사원,3184,S03098,srno,pdf,,
3184-8,감사원,3184,S03098,srno,pdf,,
3185-1,감사원,3185,S03099,srno,pdf,,
3185-2,감사원,3185,S03099,srno,pdf,,
3185-3,감사원,3185,S03099,srno,pdf,,
3185-4,감사원,3185,S03099,srno,pdf,,
3186-1,감사원,3186,S03100,srno,pdf,분야축,
3186-2,감사원,3186,S03100,srno,pdf,분야축,
3186-3,감사원,3186,S03100,srno,pdf,분야축,
3186-4,감사원,3186,S03100,srno,pdf,분야축,
3186-5,감사원,3186,S03100,srno,pdf,분야축,
3186-6,감사원,3186,S03100,srno,pdf,분야축,
3186-7,감사원,3186,S03100,srno,pdf,분야축,
3186-8,감사원,3186,S03100,srno,pdf,분야축,
3186-9,감사원,3186,S03100,srno,pdf,분야축,
3186-10,감사원,3186,S03100,srno,pdf,,
3186-11,감사원,3186,S03100,srno,pdf,,
3187-1,감사원,3187,S03103,srno,pdf,분야축,
3187-2,감사원,3187,S03103,srno,pdf,,
3187-3,감사원,3187,S03103,srno,pdf,,
3187-4,감사원,3187,S03103,srno,pdf,,
3187-5,감사원,3187,S03103,srno,pdf,,
3187-6,감사원,3187,S03103,srno,pdf,분야축,
3187-7,감사원,3187,S03103,srno,pdf,분야축,
3187-8,감사원,3187,S03103,srno,pdf,분야축,
3187-9,감사원,3187,S03103,srno,pdf,,
3187-10,감사원,3187,S03103,srno,pdf,분야축,
3187-11,감사원,3187,S03103,srno,pdf,,
3187-12,감사원,3187,S03103,srno,pdf,분야축,
3189-1,감사원,3189,S03102,srno,pdf,recall,
3189-2,감사원,3189,S03102,srno,pdf,,
3189-3,감사원,3189,S03102,srno,pdf,,
3189-4,감사원,3189,S03102,srno,pdf,,
3189-5,감사원,3189,S03102,srno,pdf,,
3189-6,감사원,3189,S03102,srno,pdf,,
3190-1,감사원,3190,S03101,srno,pdf,분야축,
3190-2,감사원,3190,S03101,srno,pdf,,
3190-3,감사원,3190,S03101,srno,pdf,recall,
3190-4,감사원,3190,S03101,srno,pdf,분야축,
3190-5,감사원,3190,S03101,srno,pdf,분야축,
3190-6,감사원,3190,S03101,srno,pdf,분야축,
3190-7,감사원,3190,S03101,srno,pdf,,
3191-1,감사원,3191,S03104,srno,pdf,,
3191-2,감사원,3191,S03104,srno,pdf,,
3191-3,감사원,3191,S03104,srno,pdf,,
3191-4,감사원,3191,S03104,srno,pdf,recall,
3191-5,감사원,3191,S03104,srno,pdf,분야축,
3191-6,감사원,3191,S03104,srno,pdf,,
3191-7,감사원,3191,S03104,srno,pdf,,
3191-8,감사원,3191,S03104,srno,pdf,,
3191-9,감사원,3191,S03104,srno,pdf,,
3191-10,감사원,3191,S03104,srno,pdf,,
3191-11,감사원,3191,S03104,srno,pdf,,
3192-1,감사원,3192,S03105,srno,pdf,,
3192-2,감사원,3192,S03105,srno,pdf,,
3192-3,감사원,3192,S03105,srno,pdf,,
3193-1,감사원,3193,S03106,srno,pdf,recall,
3193-2,감사원,3193,S03106,srno,pdf,분야축,
3193-3,감사원,3193,S03106,srno,pdf,분야축,
3193-4,감사원,3193,S03106,srno,pdf,분야축,
3194-1,감사원,3194,S03107,srno,pdf,분야축,
3194-2,감사원,3194,S03107,srno,pdf,분야축,
3194-3,감사원,3194,S03107,srno,pdf,분야축,
3194-4,감사원,3194,S03107,srno,pdf,분야축,
3194-5,감사원,3194,S03107,srno,pdf,,
3194-6,감사원,3194,S03107,srno,pdf,,
3194-7,감사원,3194,S03107,srno,pdf,,
3194-8,감사원,3194,S03107,srno,pdf,분야축,
3195-1,감사원,3195,S03108,srno,pdf,분야축,
3195-2,감사원,3195,S03108,srno,pdf,분야축,
3195-3,감사원,3195,S03108,srno,pdf,분야축,
3195-4,감사원,3195,S03108,srno,pdf,분야축,
3195-5,감사원,3195,S03108,srno,pdf,분야축,
3195-6,감사원,3195,S03108,srno,pdf,,
3195-7,감사원,3195,S03108,srno,pdf,분야축,
3195-8,감사원,3195,S03108,srno,pdf,분야축,
3195-9,감사원,3195,S03108,srno,pdf,,
3196-1,감사원,3196,S03109,srno,pdf,분야축,
3196-2,감사원,3196,S03109,srno,pdf,분야축,
3196-3,감사원,3196,S03109,srno,pdf,분야축,
3196-4,감사원,3196,S03109,srno,pdf,,
3196-5,감사원,3196,S03109,srno,pdf,분야축,
3196-6,감사원,3196,S03109,srno,pdf,분야축,
3196-7,감사원,3196,S03109,srno,pdf,분야축,
3196-8,감사원,3196,S03109,srno,pdf,분야축,
3196-9,감사원,3196,S03109,srno,pdf,분야축,
3196-10,감사원,3196,S03109,srno,pdf,분야축,
3196-11,감사원,3196,S03109,srno,pdf,분야축,
3198-1,감사원,3198,S03110,srno,pdf,,
3198-2,감사원,3198,S03110,srno,pdf,,
3198-3,감사원,3198,S03110,srno,pdf,recall,
3198-4,감사원,3198,S03110,srno,pdf,,
3198-5,감사원,3198,S03110,srno,pdf,,
3198-6,감사원,3198,S03110,srno,pdf,,
3199-1,감사원,3199,S03111,srno,pdf,,
3199-2,감사원,3199,S03111,srno,pdf,,
3199-3,감사원,3199,S03111,srno,pdf,,
3199-4,감사원,3199,S03111,srno,pdf,recall,
3199-5,감사원,3199,S03111,srno,pdf,,
3199-6,감사원,3199,S03111,srno,pdf,recall,
3199-7,감사원,3199,S03111,srno,pdf,,
3199-8,감사원,3199,S03111,srno,pdf,recall,
3199-9,감사원,3199,S03111,srno,pdf,,
3200-1,감사원,3200,S03112,srno,pdf,분야축,
3200-2,감사원,3200,S03112,srno,pdf,분야축,
3200-3,감사원,3200,S03112,srno,pdf,분야축,
3200-4,감사원,3200,S03112,srno,pdf,분야축,
3200-5,감사원,3200,S03112,srno,pdf,분야축,
3200-6,감사원,3200,S03112,srno,pdf,분야축,
3200-7,감사원,3200,S03112,srno,pdf,분야축,
3200-8,감사원,3200,S03112,srno,pdf,분야축,
3200-9,감사원,3200,S03112,srno,pdf,분야축,
3200-10,감사원,3200,S03112,srno,pdf,분야축,
3200-11,감사원,3200,S03112,srno,pdf,분야축,
3200-12,감사원,3200,S03112,srno,pdf,분야축,
3200-13,감사원,3200,S03112,srno,pdf,분야축,
3200-14,감사원,3200,S03112,srno,pdf,분야축,
3200-15,감사원,3200,S03112,srno,pdf,분야축,
3200-16,감사원,3200,S03112,srno,pdf,분야축,
3200-17,감사원,3200,S03112,srno,pdf,분야축,
3201-1,감사원,3201,S03114,srno,pdf,,
3201-2,감사원,3201,S03114,srno,pdf,,
3201-3,감사원,3201,S03114,srno,pdf,,
3201-4,감사원,3201,S03114,srno,pdf,,
3201-5,감사원,3201,S03114,srno,pdf,,
3202-1,감사원,3202,S03115,srno,pdf,분야축,
3203-1,감사원,3203,S03116,srno,pdf,,
3203-2,감사원,3203,S03116,srno,pdf,분야축,
3203-3,감사원,3203,S03116,srno,pdf,분야축,
3203-4,감사원,3203,S03116,srno,pdf,분야축,
3203-5,감사원,3203,S03116,srno,pdf,분야축,
3203-6,감사원,3203,S03116,srno,pdf,,
3203-7,감사원,3203,S03116,srno,pdf,,
3203-8,감사원,3203,S03116,srno,pdf,분야축,
3203-9,감사원,3203,S03116,srno,pdf,,
3204-1,감사원,3204,S03117,srno,pdf,분야축,
3204-2,감사원,3204,S03117,srno,pdf,분야축,
3204-3,감사원,3204,S03117,srno,pdf,분야축,
3204-4,감사원,3204,S03117,srno,pdf,recall,
3204-5,감사원,3204,S03117,srno,pdf,,
3204-6,감사원,3204,S03117,srno,pdf,recall,
3204-7,감사원,3204,S03117,srno,pdf,분야축,
3204-8,감사원,3204,S03117,srno,pdf,,
3209-1,감사원,3209,S03118,srno,pdf,,
3209-2,감사원,3209,S03118,srno,pdf,,
3209-3,감사원,3209,S03118,srno,pdf,,
3209-4,감사원,3209,S03118,srno,pdf,,
3209-5,감사원,3209,S03118,srno,pdf,,
3209-6,감사원,3209,S03118,srno,pdf,,
3209-7,감사원,3209,S03118,srno,pdf,,
3209-8,감사원,3209,S03118,srno,pdf,,
3209-9,감사원,3209,S03118,srno,pdf,,
3209-10,감사원,3209,S03118,srno,pdf,분야축,
3209-11,감사원,3209,S03118,srno,pdf,,
3209-12,감사원,3209,S03118,srno,pdf,,
3209-13,감사원,3209,S03118,srno,pdf,,
3209-14,감사원,3209,S03118,srno,pdf,,
3209-15,감사원,3209,S03118,srno,pdf,recall,
3209-16,감사원,3209,S03118,srno,pdf,분야축,
321-1,감사원,321,S00043,srno,pdf,,
321-2,감사원,321,S00043,srno,pdf,,
321-3,감사원,321,S00043,srno,pdf,,
321-4,감사원,321,S00043,srno,pdf,,
321-5,감사원,321,S00043,srno,pdf,,
321-6,감사원,321,S00043,srno,pdf,recall,
321-7,감사원,321,S00043,srno,pdf,recall,
321-8,감사원,321,S00043,srno,pdf,,
321-9,감사원,321,S00043,srno,pdf,,
321-10,감사원,321,S00043,srno,pdf,,
321-11,감사원,321,S00043,srno,pdf,,
321-12,감사원,321,S00043,srno,pdf,,
321-13,감사원,321,S00043,srno,pdf,,
321-14,감사원,321,S00043,srno,pdf,,
321-15,감사원,321,S00043,srno,pdf,,
321-16,감사원,321,S00043,srno,pdf,,
3211-1,감사원,3211,S03120,srno,pdf,,
3211-2,감사원,3211,S03120,srno,pdf,,
3212-1,감사원,3212,S03119,srno,pdf,,
3212-2,감사원,3212,S03119,srno,pdf,,
3212-3,감사원,3212,S03119,srno,pdf,분야축,
3212-4,감사원,3212,S03119,srno,pdf,,
3212-5,감사원,3212,S03119,srno,pdf,,
3212-6,감사원,3212,S03119,srno,pdf,,
3212-7,감사원,3212,S03119,srno,pdf,,
3212-8,감사원,3212,S03119,srno,pdf,분야축,
3212-9,감사원,3212,S03119,srno,pdf,분야축,
3212-10,감사원,3212,S03119,srno,pdf,recall,
3212-11,감사원,3212,S03119,srno,pdf,분야축,
3212-12,감사원,3212,S03119,srno,pdf,,
3212-13,감사원,3212,S03119,srno,pdf,,
3213-1,감사원,3213,S03121,srno,pdf,분야축,
3213-2,감사원,3213,S03121,srno,pdf,분야축,
3213-3,감사원,3213,S03121,srno,pdf,분야축,
3213-4,감사원,3213,S03121,srno,pdf,분야축,
3215-1,감사원,3215,S03123,srno,pdf,분야축,
3215-2,감사원,3215,S03123,srno,pdf,,
3215-3,감사원,3215,S03123,srno,pdf,,
3215-4,감사원,3215,S03123,srno,pdf,분야축,
3215-5,감사원,3215,S03123,srno,pdf,,
3215-6,감사원,3215,S03123,srno,pdf,,
3215-7,감사원,3215,S03123,srno,pdf,,
3215-8,감사원,3215,S03123,srno,pdf,분야축,
3215-9,감사원,3215,S03123,srno,pdf,,
3215-10,감사원,3215,S03123,srno,pdf,분야축,
3216-1,감사원,3216,S03124,srno,pdf,,
3216-2,감사원,3216,S03124,srno,pdf,,
3216-3,감사원,3216,S03124,srno,pdf,,
3216-4,감사원,3216,S03124,srno,pdf,recall,
3218-1,감사원,3218,S03126,srno,pdf,,
3218-2,감사원,3218,S03126,srno,pdf,,
3218-3,감사원,3218,S03126,srno,pdf,,
3218-4,감사원,3218,S03126,srno,pdf,,
3218-5,감사원,3218,S03126,srno,pdf,,
3218-6,감사원,3218,S03126,srno,pdf,,
3218-7,감사원,3218,S03126,srno,pdf,,
3218-8,감사원,3218,S03126,srno,pdf,,
3219-1,감사원,3219,S03125,srno,pdf,분야축,
3219-2,감사원,3219,S03125,srno,pdf,,
3219-3,감사원,3219,S03125,srno,pdf,recall,
3219-4,감사원,3219,S03125,srno,pdf,분야축,
3219-5,감사원,3219,S03125,srno,pdf,분야축,
3219-6,감사원,3219,S03125,srno,pdf,분야축,
3220-1,감사원,3220,S03122,srno,pdf,,
3220-2,감사원,3220,S03122,srno,pdf,,
3220-3,감사원,3220,S03122,srno,pdf,,
3220-4,감사원,3220,S03122,srno,pdf,,
3220-5,감사원,3220,S03122,srno,pdf,분야축,
3220-6,감사원,3220,S03122,srno,pdf,,
3220-7,감사원,3220,S03122,srno,pdf,,
3220-8,감사원,3220,S03122,srno,pdf,recall,
3220-9,감사원,3220,S03122,srno,pdf,recall,
3220-10,감사원,3220,S03122,srno,pdf,분야축,
3223-1,감사원,3223,S03129,srno,pdf,분야축,
3223-2,감사원,3223,S03129,srno,pdf,분야축,
3223-3,감사원,3223,S03129,srno,pdf,분야축,
3223-4,감사원,3223,S03129,srno,pdf,recall,
3223-5,감사원,3223,S03129,srno,pdf,,
3223-6,감사원,3223,S03129,srno,pdf,recall,
3223-7,감사원,3223,S03129,srno,pdf,분야축,
3224-1,감사원,3224,S03130,srno,pdf,,
3224-2,감사원,3224,S03130,srno,pdf,,
3224-3,감사원,3224,S03130,srno,pdf,분야축,
3224-4,감사원,3224,S03130,srno,pdf,,
3224-5,감사원,3224,S03130,srno,pdf,,
3224-6,감사원,3224,S03130,srno,pdf,recall,
3224-7,감사원,3224,S03130,srno,pdf,,
3224-8,감사원,3224,S03130,srno,pdf,분야축,
3224-9,감사원,3224,S03130,srno,pdf,,
3224-10,감사원,3224,S03130,srno,pdf,,
3224-11,감사원,3224,S03130,srno,pdf,,
3224-12,감사원,3224,S03130,srno,pdf,분야축,
3225-1,감사원,3225,S03131,srno,pdf,,
3225-2,감사원,3225,S03131,srno,pdf,분야축,
3225-3,감사원,3225,S03131,srno,pdf,,
3225-4,감사원,3225,S03131,srno,pdf,,
3225-5,감사원,3225,S03131,srno,pdf,,
3225-6,감사원,3225,S03131,srno,pdf,분야축,
3225-7,감사원,3225,S03131,srno,pdf,분야축,
3225-8,감사원,3225,S03131,srno,pdf,분야축,
3225-9,감사원,3225,S03131,srno,pdf,분야축,
3225-10,감사원,3225,S03131,srno,pdf,,
3225-11,감사원,3225,S03131,srno,pdf,분야축,
3225-12,감사원,3225,S03131,srno,pdf,분야축,
3225-13,감사원,3225,S03131,srno,pdf,분야축,
3225-14,감사원,3225,S03131,srno,pdf,분야축,
3225-15,감사원,3225,S03131,srno,pdf,,
3225-16,감사원,3225,S03131,srno,pdf,,
3225-17,감사원,3225,S03131,srno,pdf,,
3227-1,감사원,3227,S03132,srno,pdf,,
3227-2,감사원,3227,S03132,srno,pdf,,
3227-3,감사원,3227,S03132,srno,pdf,recall,
3227-4,감사원,3227,S03132,srno,pdf,,
3227-5,감사원,3227,S03132,srno,pdf,,
3227-6,감사원,3227,S03132,srno,pdf,,
3227-7,감사원,3227,S03132,srno,pdf,,
3227-8,감사원,3227,S03132,srno,pdf,,
3227-9,감사원,3227,S03132,srno,pdf,,
3227-10,감사원,3227,S03132,srno,pdf,,
3228-1,감사원,3228,S03133,srno,pdf,분야축,
3228-2,감사원,3228,S03133,srno,pdf,분야축,
3228-3,감사원,3228,S03133,srno,pdf,분야축,
3228-4,감사원,3228,S03133,srno,pdf,분야축,
3228-5,감사원,3228,S03133,srno,pdf,분야축,
3228-6,감사원,3228,S03133,srno,pdf,분야축,
3228-7,감사원,3228,S03133,srno,pdf,분야축,
3228-8,감사원,3228,S03133,srno,pdf,분야축,
3228-9,감사원,3228,S03133,srno,pdf,분야축,
3228-10,감사원,3228,S03133,srno,pdf,분야축,
3228-11,감사원,3228,S03133,srno,pdf,분야축,
3228-12,감사원,3228,S03133,srno,pdf,분야축,
3228-13,감사원,3228,S03133,srno,pdf,분야축,
3228-14,감사원,3228,S03133,srno,pdf,분야축,
3228-15,감사원,3228,S03133,srno,pdf,분야축,
3228-16,감사원,3228,S03133,srno,pdf,분야축,
3229-1,감사원,3229,S03134,srno,pdf,,
3229-2,감사원,3229,S03134,srno,pdf,,
3229-3,감사원,3229,S03134,srno,pdf,,
3229-4,감사원,3229,S03134,srno,pdf,,
3229-5,감사원,3229,S03134,srno,pdf,,
3229-6,감사원,3229,S03134,srno,pdf,,
3229-7,감사원,3229,S03134,srno,pdf,,
323-1,감사원,323,S00044,srno,pdf,,
323-2,감사원,323,S00044,srno,pdf,recall,
323-3,감사원,323,S00044,srno,pdf,분야축,
3230-1,감사원,3230,S03135,srno,pdf,,
3230-2,감사원,3230,S03135,srno,pdf,,
3230-3,감사원,3230,S03135,srno,pdf,,
3230-4,감사원,3230,S03135,srno,pdf,분야축,
3230-5,감사원,3230,S03135,srno,pdf,분야축,
3230-6,감사원,3230,S03135,srno,pdf,분야축,
3230-7,감사원,3230,S03135,srno,pdf,recall,
3230-8,감사원,3230,S03135,srno,pdf,,
3231-1,감사원,3231,S03136,srno,pdf,,
3231-2,감사원,3231,S03136,srno,pdf,분야축,
3231-3,감사원,3231,S03136,srno,pdf,,
3231-4,감사원,3231,S03136,srno,pdf,,
3231-5,감사원,3231,S03136,srno,pdf,,
3231-6,감사원,3231,S03136,srno,pdf,,
3231-7,감사원,3231,S03136,srno,pdf,,
3233-1,감사원,3233,S03138,srno,pdf,,
3233-2,감사원,3233,S03138,srno,pdf,,
3233-3,감사원,3233,S03138,srno,pdf,,
3233-4,감사원,3233,S03138,srno,pdf,,
3233-5,감사원,3233,S03138,srno,pdf,,
3236-1,감사원,3236,S03140,srno,pdf,,
3236-2,감사원,3236,S03140,srno,pdf,,
3236-3,감사원,3236,S03140,srno,pdf,,
3236-4,감사원,3236,S03140,srno,pdf,,
3236-5,감사원,3236,S03140,srno,pdf,분야축,
3236-6,감사원,3236,S03140,srno,pdf,분야축,
3236-7,감사원,3236,S03140,srno,pdf,분야축,
3236-8,감사원,3236,S03140,srno,pdf,,
3236-9,감사원,3236,S03140,srno,pdf,,
3236-10,감사원,3236,S03140,srno,pdf,,
3236-11,감사원,3236,S03140,srno,pdf,,
3236-12,감사원,3236,S03140,srno,pdf,,
3236-13,감사원,3236,S03140,srno,pdf,,
3238-1,감사원,3238,S03142,srno,pdf,분야축,
3238-2,감사원,3238,S03142,srno,pdf,분야축,
3238-3,감사원,3238,S03142,srno,pdf,분야축,
3238-4,감사원,3238,S03142,srno,pdf,,
3238-5,감사원,3238,S03142,srno,pdf,분야축,
3238-6,감사원,3238,S03142,srno,pdf,,
3238-7,감사원,3238,S03142,srno,pdf,,
3238-8,감사원,3238,S03142,srno,pdf,,
3238-9,감사원,3238,S03142,srno,pdf,,
3238-10,감사원,3238,S03142,srno,pdf,분야축,
3238-11,감사원,3238,S03142,srno,pdf,분야축,
3238-12,감사원,3238,S03142,srno,pdf,분야축,
3238-13,감사원,3238,S03142,srno,pdf,,
3238-14,감사원,3238,S03142,srno,pdf,,
3238-15,감사원,3238,S03142,srno,pdf,분야축,
3239-1,감사원,3239,S03141,srno,pdf,recall,
3239-2,감사원,3239,S03141,srno,pdf,분야축,
3239-3,감사원,3239,S03141,srno,pdf,,
3239-4,감사원,3239,S03141,srno,pdf,분야축,
3239-5,감사원,3239,S03141,srno,pdf,,
3239-6,감사원,3239,S03141,srno,pdf,분야축,
3239-7,감사원,3239,S03141,srno,pdf,분야축,
3239-8,감사원,3239,S03141,srno,pdf,분야축,
3239-9,감사원,3239,S03141,srno,pdf,,
3239-10,감사원,3239,S03141,srno,pdf,,
3239-11,감사원,3239,S03141,srno,pdf,,
3239-12,감사원,3239,S03141,srno,pdf,,
3240-1,감사원,3240,S03143,srno,pdf,분야축,
3240-2,감사원,3240,S03143,srno,pdf,,
3240-3,감사원,3240,S03143,srno,pdf,분야축,
3242-1,감사원,3242,S03146,srno,pdf,,
3242-2,감사원,3242,S03146,srno,pdf,,
3242-3,감사원,3242,S03146,srno,pdf,,
3242-4,감사원,3242,S03146,srno,pdf,,
3242-5,감사원,3242,S03146,srno,pdf,분야축,
3242-6,감사원,3242,S03146,srno,pdf,분야축,
3242-7,감사원,3242,S03146,srno,pdf,분야축,
3242-8,감사원,3242,S03146,srno,pdf,,
3242-9,감사원,3242,S03146,srno,pdf,,
3242-10,감사원,3242,S03146,srno,pdf,,
3244-1,감사원,3244,S03148,srno,pdf,,
3244-2,감사원,3244,S03148,srno,pdf,,
3244-3,감사원,3244,S03148,srno,pdf,,
3244-4,감사원,3244,S03148,srno,pdf,분야축,
3244-5,감사원,3244,S03148,srno,pdf,분야축,
3244-6,감사원,3244,S03148,srno,pdf,분야축,
3244-7,감사원,3244,S03148,srno,pdf,분야축,
3245-1,감사원,3245,S03149,srno,pdf,,
3245-2,감사원,3245,S03149,srno,pdf,분야축,
3245-3,감사원,3245,S03149,srno,pdf,분야축,
3245-4,감사원,3245,S03149,srno,pdf,분야축,
3245-5,감사원,3245,S03149,srno,pdf,분야축,
3245-6,감사원,3245,S03149,srno,pdf,분야축,
3245-7,감사원,3245,S03149,srno,pdf,,
3245-8,감사원,3245,S03149,srno,pdf,,
3247-1,감사원,3247,S03139,srno,pdf,분야축,
3247-2,감사원,3247,S03139,srno,pdf,분야축,
3247-3,감사원,3247,S03139,srno,pdf,분야축,
3247-4,감사원,3247,S03139,srno,pdf,분야축,
3247-5,감사원,3247,S03139,srno,pdf,분야축,
3247-6,감사원,3247,S03139,srno,pdf,,
3247-7,감사원,3247,S03139,srno,pdf,분야축,
3247-8,감사원,3247,S03139,srno,pdf,recall,
3247-9,감사원,3247,S03139,srno,pdf,분야축,
3247-10,감사원,3247,S03139,srno,pdf,분야축,
3247-11,감사원,3247,S03139,srno,pdf,분야축,
3247-12,감사원,3247,S03139,srno,pdf,분야축,
3247-13,감사원,3247,S03139,srno,pdf,,
3247-14,감사원,3247,S03139,srno,pdf,,
3249-1,감사원,3249,S03058,srno,pdf,,
3249-2,감사원,3249,S03058,srno,pdf,,
3249-3,감사원,3249,S03058,srno,pdf,,
3249-4,감사원,3249,S03058,srno,pdf,,
3249-5,감사원,3249,S03058,srno,pdf,,
3249-6,감사원,3249,S03058,srno,pdf,분야축,
3249-7,감사원,3249,S03058,srno,pdf,분야축,
3249-8,감사원,3249,S03058,srno,pdf,분야축,
3249-9,감사원,3249,S03058,srno,pdf,,
3249-10,감사원,3249,S03058,srno,pdf,,
3249-11,감사원,3249,S03058,srno,pdf,분야축,
3249-12,감사원,3249,S03058,srno,pdf,분야축,
3249-13,감사원,3249,S03058,srno,pdf,분야축,
3250-1,감사원,3250,S03151,srno,pdf,,
3250-2,감사원,3250,S03151,srno,pdf,,
3250-3,감사원,3250,S03151,srno,pdf,,
3250-4,감사원,3250,S03151,srno,pdf,,
3250-5,감사원,3250,S03151,srno,pdf,,
3250-6,감사원,3250,S03151,srno,pdf,,
3250-7,감사원,3250,S03151,srno,pdf,,
3250-8,감사원,3250,S03151,srno,pdf,,
3250-9,감사원,3250,S03151,srno,pdf,,
3250-10,감사원,3250,S03151,srno,pdf,,
3252-1,감사원,3252,S03153,srno,pdf,,
3252-2,감사원,3252,S03153,srno,pdf,,
3252-3,감사원,3252,S03153,srno,pdf,,
3252-4,감사원,3252,S03153,srno,pdf,,
3252-5,감사원,3252,S03153,srno,pdf,,
3252-6,감사원,3252,S03153,srno,pdf,,
3252-7,감사원,3252,S03153,srno,pdf,recall,
3252-8,감사원,3252,S03153,srno,pdf,recall,
3252-9,감사원,3252,S03153,srno,pdf,recall,
3252-10,감사원,3252,S03153,srno,pdf,,
3255-1,감사원,3255,S03160,srno,pdf,분야축,
3255-2,감사원,3255,S03160,srno,pdf,분야축,
3258-1,감사원,3258,S03127,srno,pdf,,
3258-2,감사원,3258,S03127,srno,pdf,,
3258-3,감사원,3258,S03127,srno,pdf,,
3258-4,감사원,3258,S03127,srno,pdf,recall,
3258-5,감사원,3258,S03127,srno,pdf,,
3258-6,감사원,3258,S03127,srno,pdf,,
3261-1,감사원,3261,S03163,srno,pdf,,
3261-2,감사원,3261,S03163,srno,pdf,,
3261-3,감사원,3261,S03163,srno,pdf,,
3261-4,감사원,3261,S03163,srno,pdf,,
3261-5,감사원,3261,S03163,srno,pdf,,
3262-1,감사원,3262,S03162,srno,pdf,,
3262-2,감사원,3262,S03162,srno,pdf,recall,
3262-3,감사원,3262,S03162,srno,pdf,recall,
3262-4,감사원,3262,S03162,srno,pdf,recall,
3262-5,감사원,3262,S03162,srno,pdf,,
3262-6,감사원,3262,S03162,srno,pdf,,
3262-7,감사원,3262,S03162,srno,pdf,,
3262-8,감사원,3262,S03162,srno,pdf,recall,
3262-9,감사원,3262,S03162,srno,pdf,,
3262-10,감사원,3262,S03162,srno,pdf,분야축,
3262-11,감사원,3262,S03162,srno,pdf,분야축,
3262-12,감사원,3262,S03162,srno,pdf,,
3262-13,감사원,3262,S03162,srno,pdf,분야축,
3263-1,감사원,3263,S03164,srno,pdf,분야축,
3263-2,감사원,3263,S03164,srno,pdf,분야축,
3263-3,감사원,3263,S03164,srno,pdf,분야축,
3263-4,감사원,3263,S03164,srno,pdf,분야축,
3263-5,감사원,3263,S03164,srno,pdf,분야축,
3263-6,감사원,3263,S03164,srno,pdf,분야축,
3263-7,감사원,3263,S03164,srno,pdf,분야축,
3263-8,감사원,3263,S03164,srno,pdf,분야축,
3263-9,감사원,3263,S03164,srno,pdf,분야축,
3263-10,감사원,3263,S03164,srno,pdf,분야축,
3263-11,감사원,3263,S03164,srno,pdf,분야축,
3263-12,감사원,3263,S03164,srno,pdf,분야축,
3263-13,감사원,3263,S03164,srno,pdf,분야축,
3263-14,감사원,3263,S03164,srno,pdf,분야축,
3263-15,감사원,3263,S03164,srno,pdf,분야축,
3263-16,감사원,3263,S03164,srno,pdf,분야축,
3263-17,감사원,3263,S03164,srno,pdf,분야축,
3264-1,감사원,3264,S03165,srno,pdf,분야축,
3264-2,감사원,3264,S03165,srno,pdf,분야축,
3264-3,감사원,3264,S03165,srno,pdf,분야축,
327-1,감사원,327,S00048,srno,pdf,recall,
327-2,감사원,327,S00048,srno,pdf,분야축,
327-3,감사원,327,S00048,srno,pdf,분야축,
327-4,감사원,327,S00048,srno,pdf,분야축,
327-5,감사원,327,S00048,srno,pdf,분야축,
327-6,감사원,327,S00048,srno,pdf,분야축,
3271-1,감사원,3271,S03159,srno,pdf,,
3271-2,감사원,3271,S03159,srno,pdf,,
3271-3,감사원,3271,S03159,srno,pdf,,
3271-4,감사원,3271,S03159,srno,pdf,,
3271-5,감사원,3271,S03159,srno,pdf,,
3271-6,감사원,3271,S03159,srno,pdf,,
3271-7,감사원,3271,S03159,srno,pdf,,
3271-8,감사원,3271,S03159,srno,pdf,,
3272-1,감사원,3272,S03147,srno,pdf,,
3272-2,감사원,3272,S03147,srno,pdf,,
3272-3,감사원,3272,S03147,srno,pdf,,
3272-4,감사원,3272,S03147,srno,pdf,,
3272-5,감사원,3272,S03147,srno,pdf,,
3273-1,감사원,3273,S03145,srno,pdf,,
3273-2,감사원,3273,S03145,srno,pdf,,
3273-3,감사원,3273,S03145,srno,pdf,분야축,
3273-4,감사원,3273,S03145,srno,pdf,분야축,
3273-5,감사원,3273,S03145,srno,pdf,분야축,
3273-6,감사원,3273,S03145,srno,pdf,,
3273-7,감사원,3273,S03145,srno,pdf,recall,
3273-8,감사원,3273,S03145,srno,pdf,분야축,
3273-9,감사원,3273,S03145,srno,pdf,recall,
3274-1,감사원,3274,S03150,srno,pdf,분야축,
3274-2,감사원,3274,S03150,srno,pdf,분야축,
3274-3,감사원,3274,S03150,srno,pdf,분야축,
3274-4,감사원,3274,S03150,srno,pdf,분야축,
3274-5,감사원,3274,S03150,srno,pdf,분야축,
3274-6,감사원,3274,S03150,srno,pdf,분야축,
3274-7,감사원,3274,S03150,srno,pdf,분야축,
3274-8,감사원,3274,S03150,srno,pdf,분야축,
3274-9,감사원,3274,S03150,srno,pdf,분야축,
3274-10,감사원,3274,S03150,srno,pdf,분야축,
3274-11,감사원,3274,S03150,srno,pdf,분야축,
3274-12,감사원,3274,S03150,srno,pdf,분야축,
3274-13,감사원,3274,S03150,srno,pdf,분야축,
3275-1,감사원,3275,S03152,srno,pdf,,
3275-2,감사원,3275,S03152,srno,pdf,,
3275-3,감사원,3275,S03152,srno,pdf,recall,
3275-4,감사원,3275,S03152,srno,pdf,recall,
3276-1,감사원,3276,S03154,srno,pdf,,
3276-2,감사원,3276,S03154,srno,pdf,,
3276-3,감사원,3276,S03154,srno,pdf,,
3277-1,감사원,3277,S03161,srno,pdf,,
3277-2,감사원,3277,S03161,srno,pdf,분야축,
3277-3,감사원,3277,S03161,srno,pdf,,
3277-4,감사원,3277,S03161,srno,pdf,,
3277-5,감사원,3277,S03161,srno,pdf,,
3277-6,감사원,3277,S03161,srno,pdf,,
3277-7,감사원,3277,S03161,srno,pdf,,
3277-8,감사원,3277,S03161,srno,pdf,분야축,
3277-9,감사원,3277,S03161,srno,pdf,분야축,
3277-10,감사원,3277,S03161,srno,pdf,,
3277-11,감사원,3277,S03161,srno,pdf,,
3277-12,감사원,3277,S03161,srno,pdf,,
3277-13,감사원,3277,S03161,srno,pdf,,
3277-14,감사원,3277,S03161,srno,pdf,,
3279-1,감사원,3279,S03144,srno,pdf,,
3279-2,감사원,3279,S03144,srno,pdf,,
3279-3,감사원,3279,S03144,srno,pdf,분야축,
3279-4,감사원,3279,S03144,srno,pdf,,
3279-5,감사원,3279,S03144,srno,pdf,,
3279-6,감사원,3279,S03144,srno,pdf,,
3280-1,감사원,3280,S03128,srno,pdf,,
3280-2,감사원,3280,S03128,srno,pdf,,
3280-3,감사원,3280,S03128,srno,pdf,분야축,
3280-4,감사원,3280,S03128,srno,pdf,분야축,
3280-5,감사원,3280,S03128,srno,pdf,,
3280-6,감사원,3280,S03128,srno,pdf,분야축,
3280-7,감사원,3280,S03128,srno,pdf,,
3280-8,감사원,3280,S03128,srno,pdf,recall,
3280-9,감사원,3280,S03128,srno,pdf,,
3281-1,감사원,3281,S03137,srno,pdf,,
3281-2,감사원,3281,S03137,srno,pdf,,
3281-3,감사원,3281,S03137,srno,pdf,,
3281-4,감사원,3281,S03137,srno,pdf,,
3281-5,감사원,3281,S03137,srno,pdf,,
3281-6,감사원,3281,S03137,srno,pdf,,
343-1,감사원,343,S00065,srno,pdf,recall,
343-2,감사원,343,S00065,srno,pdf,분야축,
357-1,감사원,357,S00077,srno,pdf,분야축,
357-2,감사원,357,S00077,srno,pdf,분야축,
357-3,감사원,357,S00077,srno,pdf,분야축,
357-4,감사원,357,S00077,srno,pdf,분야축,
357-5,감사원,357,S00077,srno,pdf,,
360-1,감사원,360,S00078,srno,pdf,분야축,
360-2,감사원,360,S00078,srno,pdf,분야축,
360-3,감사원,360,S00078,srno,pdf,분야축,
360-4,감사원,360,S00078,srno,pdf,분야축,
360-5,감사원,360,S00078,srno,pdf,분야축,
407-1,감사원,407,S00126,srno,pdf,,
407-2,감사원,407,S00126,srno,pdf,,
407-3,감사원,407,S00126,srno,pdf,,
407-4,감사원,407,S00126,srno,pdf,,
407-5,감사원,407,S00126,srno,pdf,recall,
407-6,감사원,407,S00126,srno,pdf,recall,
407-7,감사원,407,S00126,srno,pdf,분야축,
413-1,감사원,413,S00131,srno,pdf,,
413-2,감사원,413,S00131,srno,pdf,,
413-3,감사원,413,S00131,srno,pdf,,
413-4,감사원,413,S00131,srno,pdf,,
413-5,감사원,413,S00131,srno,pdf,,
413-6,감사원,413,S00131,srno,pdf,,
413-7,감사원,413,S00131,srno,pdf,,
413-8,감사원,413,S00131,srno,pdf,,
1849-1,감사원,1849,S03639,srno,pdf_conv,분야축,
1849-2,감사원,1849,S03639,srno,pdf_conv,,
1849-3,감사원,1849,S03639,srno,pdf_conv,,
1849-4,감사원,1849,S03639,srno,pdf_conv,,
1849-5,감사원,1849,S03639,srno,pdf_conv,,
1849-6,감사원,1849,S03639,srno,pdf_conv,분야축,
1849-7,감사원,1849,S03639,srno,pdf_conv,,
1849-8,감사원,1849,S03639,srno,pdf_conv,recall,
1849-9,감사원,1849,S03639,srno,pdf_conv,,
1850-1,감사원,1850,S03640,srno,pdf_conv,,
1850-2,감사원,1850,S03640,srno,pdf_conv,,
1850-3,감사원,1850,S03640,srno,pdf_conv,,
1850-4,감사원,1850,S03640,srno,pdf_conv,,
1850-5,감사원,1850,S03640,srno,pdf_conv,분야축,
1850-6,감사원,1850,S03640,srno,pdf_conv,분야축,
1850-7,감사원,1850,S03640,srno,pdf_conv,,
1850-8,감사원,1850,S03640,srno,pdf_conv,,
1850-9,감사원,1850,S03640,srno,pdf_conv,,
1850-10,감사원,1850,S03640,srno,pdf_conv,,
1850-11,감사원,1850,S03640,srno,pdf_conv,,
1850-12,감사원,1850,S03640,srno,pdf_conv,,
1850-13,감사원,1850,S03640,srno,pdf_conv,,
1850-14,감사원,1850,S03640,srno,pdf_conv,,
1850-15,감사원,1850,S03640,srno,pdf_conv,,
1850-16,감사원,1850,S03640,srno,pdf_conv,,
1850-17,감사원,1850,S03640,srno,pdf_conv,,
1850-18,감사원,1850,S03640,srno,pdf_conv,,
1850-19,감사원,1850,S03640,srno,pdf_conv,,
1850-20,감사원,1850,S03640,srno,pdf_conv,,
1850-21,감사원,1850,S03640,srno,pdf_conv,,
1850-22,감사원,1850,S03640,srno,pdf_conv,,
1850-23,감사원,1850,S03640,srno,pdf_conv,,
1850-24,감사원,1850,S03640,srno,pdf_conv,,
1850-25,감사원,1850,S03640,srno,pdf_conv,,
1851-1,감사원,1851,S03641,srno,pdf_conv,분야축,
1851-2,감사원,1851,S03641,srno,pdf_conv,분야축,
1851-3,감사원,1851,S03641,srno,pdf_conv,분야축,
1851-4,감사원,1851,S03641,srno,pdf_conv,분야축,
1851-5,감사원,1851,S03641,srno,pdf_conv,분야축,
1851-6,감사원,1851,S03641,srno,pdf_conv,분야축,
1851-7,감사원,1851,S03641,srno,pdf_conv,분야축,
1851-8,감사원,1851,S03641,srno,pdf_conv,분야축,
1851-9,감사원,1851,S03641,srno,pdf_conv,분야축,
1851-10,감사원,1851,S03641,srno,pdf_conv,분야축,
1851-11,감사원,1851,S03641,srno,pdf_conv,분야축,
1851-12,감사원,1851,S03641,srno,pdf_conv,분야축,
1851-13,감사원,1851,S03641,srno,pdf_conv,분야축,
1851-14,감사원,1851,S03641,srno,pdf_conv,분야축,
1851-15,감사원,1851,S03641,srno,pdf_conv,,
1851-16,감사원,1851,S03641,srno,pdf_conv,분야축,
1851-17,감사원,1851,S03641,srno,pdf_conv,분야축,
1851-18,감사원,1851,S03641,srno,pdf_conv,분야축,
1852-1,감사원,1852,S03642,srno,pdf_conv,,
1852-2,감사원,1852,S03642,srno,pdf_conv,,
1852-3,감사원,1852,S03642,srno,pdf_conv,,
1852-4,감사원,1852,S03642,srno,pdf_conv,,
1852-5,감사원,1852,S03642,srno,pdf_conv,,
1852-6,감사원,1852,S03642,srno,pdf_conv,,
1852-7,감사원,1852,S03642,srno,pdf_conv,,
1852-8,감사원,1852,S03642,srno,pdf_conv,,
1852-9,감사원,1852,S03642,srno,pdf_conv,분야축,
1852-10,감사원,1852,S03642,srno,pdf_conv,,
1852-11,감사원,1852,S03642,srno,pdf_conv,,
1852-12,감사원,1852,S03642,srno,pdf_conv,,
1852-13,감사원,1852,S03642,srno,pdf_conv,,
1852-14,감사원,1852,S03642,srno,pdf_conv,,
1852-15,감사원,1852,S03642,srno,pdf_conv,,
1852-16,감사원,1852,S03642,srno,pdf_conv,,
1852-17,감사원,1852,S03642,srno,pdf_conv,,
1852-18,감사원,1852,S03642,srno,pdf_conv,,
1852-19,감사원,1852,S03642,srno,pdf_conv,,
1852-20,감사원,1852,S03642,srno,pdf_conv,,
1852-21,감사원,1852,S03642,srno,pdf_conv,,
1852-22,감사원,1852,S03642,srno,pdf_conv,,
1852-23,감사원,1852,S03642,srno,pdf_conv,,
1852-24,감사원,1852,S03642,srno,pdf_conv,분야축,
1852-25,감사원,1852,S03642,srno,pdf_conv,,
1852-26,감사원,1852,S03642,srno,pdf_conv,,
1852-27,감사원,1852,S03642,srno,pdf_conv,,
1852-28,감사원,1852,S03642,srno,pdf_conv,recall,
1852-29,감사원,1852,S03642,srno,pdf_conv,recall,
1853-1,감사원,1853,S03643,srno,pdf_conv,,
1853-2,감사원,1853,S03643,srno,pdf_conv,,
1853-3,감사원,1853,S03643,srno,pdf_conv,,
1853-4,감사원,1853,S03643,srno,pdf_conv,,
1853-5,감사원,1853,S03643,srno,pdf_conv,,
1853-6,감사원,1853,S03643,srno,pdf_conv,recall,
1854-1,감사원,1854,S03644,srno,pdf_conv,분야축,
1854-2,감사원,1854,S03644,srno,pdf_conv,분야축,
1854-3,감사원,1854,S03644,srno,pdf_conv,분야축,
1854-4,감사원,1854,S03644,srno,pdf_conv,,
1854-5,감사원,1854,S03644,srno,pdf_conv,,
1854-6,감사원,1854,S03644,srno,pdf_conv,,
1854-7,감사원,1854,S03644,srno,pdf_conv,,
1854-8,감사원,1854,S03644,srno,pdf_conv,recall,
1854-9,감사원,1854,S03644,srno,pdf_conv,분야축,
1854-10,감사원,1854,S03644,srno,pdf_conv,분야축,
1854-11,감사원,1854,S03644,srno,pdf_conv,분야축,
1854-12,감사원,1854,S03644,srno,pdf_conv,,
1854-13,감사원,1854,S03644,srno,pdf_conv,,
1854-14,감사원,1854,S03644,srno,pdf_conv,분야축,
1854-15,감사원,1854,S03644,srno,pdf_conv,분야축,
1855-1,감사원,1855,S03645,srno,pdf_conv,,
1855-2,감사원,1855,S03645,srno,pdf_conv,,
1855-3,감사원,1855,S03645,srno,pdf_conv,,
1855-4,감사원,1855,S03645,srno,pdf_conv,,
1855-5,감사원,1855,S03645,srno,pdf_conv,,
1855-6,감사원,1855,S03645,srno,pdf_conv,분야축,
1855-7,감사원,1855,S03645,srno,pdf_conv,분야축,
1855-8,감사원,1855,S03645,srno,pdf_conv,,
1855-9,감사원,1855,S03645,srno,pdf_conv,,
1855-10,감사원,1855,S03645,srno,pdf_conv,분야축,
1855-11,감사원,1855,S03645,srno,pdf_conv,,
1855-12,감사원,1855,S03645,srno,pdf_conv,분야축,
1855-13,감사원,1855,S03645,srno,pdf_conv,,
1855-14,감사원,1855,S03645,srno,pdf_conv,,
1855-15,감사원,1855,S03645,srno,pdf_conv,,
1855-16,감사원,1855,S03645,srno,pdf_conv,,
1855-17,감사원,1855,S03645,srno,pdf_conv,분야축,
1855-18,감사원,1855,S03645,srno,pdf_conv,,
1855-19,감사원,1855,S03645,srno,pdf_conv,,
1855-20,감사원,1855,S03645,srno,pdf_conv,,
1855-21,감사원,1855,S03645,srno,pdf_conv,,
1855-22,감사원,1855,S03645,srno,pdf_conv,분야축,
1856-1,감사원,1856,S03646,srno,pdf_conv,분야축,
1856-2,감사원,1856,S03646,srno,pdf_conv,분야축,
1856-3,감사원,1856,S03646,srno,pdf_conv,recall,
1856-4,감사원,1856,S03646,srno,pdf_conv,,
1856-5,감사원,1856,S03646,srno,pdf_conv,,
1856-6,감사원,1856,S03646,srno,pdf_conv,분야축,
1856-7,감사원,1856,S03646,srno,pdf_conv,분야축,
1856-8,감사원,1856,S03646,srno,pdf_conv,분야축,
1856-9,감사원,1856,S03646,srno,pdf_conv,분야축,
1856-10,감사원,1856,S03646,srno,pdf_conv,분야축,
1856-11,감사원,1856,S03646,srno,pdf_conv,분야축,
1856-12,감사원,1856,S03646,srno,pdf_conv,분야축,
1856-13,감사원,1856,S03646,srno,pdf_conv,분야축,
1856-14,감사원,1856,S03646,srno,pdf_conv,분야축,
1856-15,감사원,1856,S03646,srno,pdf_conv,분야축,
1856-16,감사원,1856,S03646,srno,pdf_conv,분야축,
1856-17,감사원,1856,S03646,srno,pdf_conv,분야축,
1856-18,감사원,1856,S03646,srno,pdf_conv,분야축,
1856-19,감사원,1856,S03646,srno,pdf_conv,분야축,
1856-20,감사원,1856,S03646,srno,pdf_conv,분야축,
1856-21,감사원,1856,S03646,srno,pdf_conv,분야축,
1856-22,감사원,1856,S03646,srno,pdf_conv,recall,
1856-23,감사원,1856,S03646,srno,pdf_conv,,
1856-24,감사원,1856,S03646,srno,pdf_conv,분야축,
1857-1,감사원,1857,S03647,srno,pdf_conv,,
1857-2,감사원,1857,S03647,srno,pdf_conv,,
1857-3,감사원,1857,S03647,srno,pdf_conv,분야축,
1857-4,감사원,1857,S03647,srno,pdf_conv,,
1857-5,감사원,1857,S03647,srno,pdf_conv,분야축,
1857-6,감사원,1857,S03647,srno,pdf_conv,recall,
1857-7,감사원,1857,S03647,srno,pdf_conv,분야축,
1857-8,감사원,1857,S03647,srno,pdf_conv,분야축,
1857-9,감사원,1857,S03647,srno,pdf_conv,분야축,
1857-10,감사원,1857,S03647,srno,pdf_conv,분야축,
1857-11,감사원,1857,S03647,srno,pdf_conv,,
1860-1,감사원,1860,S03648,srno,pdf_conv,분야축,
1860-2,감사원,1860,S03648,srno,pdf_conv,,
1860-3,감사원,1860,S03648,srno,pdf_conv,,
1860-4,감사원,1860,S03648,srno,pdf_conv,,
1860-5,감사원,1860,S03648,srno,pdf_conv,,
1860-6,감사원,1860,S03648,srno,pdf_conv,,
1860-7,감사원,1860,S03648,srno,pdf_conv,,
1861-1,감사원,1861,S03649,srno,pdf_conv,분야축,
1861-2,감사원,1861,S03649,srno,pdf_conv,recall,
1861-3,감사원,1861,S03649,srno,pdf_conv,,
1861-4,감사원,1861,S03649,srno,pdf_conv,분야축,
1861-5,감사원,1861,S03649,srno,pdf_conv,,
1862-1,감사원,1862,S03650,srno,pdf_conv,recall,
1863-1,감사원,1863,S03651,srno,pdf_conv,,
1863-2,감사원,1863,S03651,srno,pdf_conv,,
1863-3,감사원,1863,S03651,srno,pdf_conv,분야축,
1863-4,감사원,1863,S03651,srno,pdf_conv,분야축,
1863-5,감사원,1863,S03651,srno,pdf_conv,,
1863-6,감사원,1863,S03651,srno,pdf_conv,recall,
1863-7,감사원,1863,S03651,srno,pdf_conv,,
1864-1,감사원,1864,S01757,srno,hwp,,
1864-2,감사원,1864,S01757,srno,hwp,,
1865-1,감사원,1865,S03652,srno,pdf_conv,,
1865-2,감사원,1865,S03652,srno,pdf_conv,,
1865-3,감사원,1865,S03652,srno,pdf_conv,,
1865-4,감사원,1865,S03652,srno,pdf_conv,,
1865-5,감사원,1865,S03652,srno,pdf_conv,,
1865-6,감사원,1865,S03652,srno,pdf_conv,,
1865-7,감사원,1865,S03652,srno,pdf_conv,recall,
1865-8,감사원,1865,S03652,srno,pdf_conv,,
1865-9,감사원,1865,S03652,srno,pdf_conv,,
1865-10,감사원,1865,S03652,srno,pdf_conv,분야축,
1865-11,감사원,1865,S03652,srno,pdf_conv,,
1865-12,감사원,1865,S03652,srno,pdf_conv,분야축,
1865-13,감사원,1865,S03652,srno,pdf_conv,분야축,
1865-14,감사원,1865,S03652,srno,pdf_conv,,
1865-15,감사원,1865,S03652,srno,pdf_conv,,
1865-16,감사원,1865,S03652,srno,pdf_conv,,
1865-17,감사원,1865,S03652,srno,pdf_conv,,
1865-18,감사원,1865,S03652,srno,pdf_conv,,
1866-1,감사원,1866,S03653,srno,pdf_conv,,
1866-2,감사원,1866,S03653,srno,pdf_conv,,
1866-3,감사원,1866,S03653,srno,pdf_conv,recall,
1866-4,감사원,1866,S03653,srno,pdf_conv,분야축,
1866-5,감사원,1866,S03653,srno,pdf_conv,분야축,
1866-6,감사원,1866,S03653,srno,pdf_conv,recall,
1866-7,감사원,1866,S03653,srno,pdf_conv,,
1866-8,감사원,1866,S03653,srno,pdf_conv,,
1866-9,감사원,1866,S03653,srno,pdf_conv,,
1866-10,감사원,1866,S03653,srno,pdf_conv,,
1866-11,감사원,1866,S03653,srno,pdf_conv,분야축,
1866-12,감사원,1866,S03653,srno,pdf_conv,,
1866-13,감사원,1866,S03653,srno,pdf_conv,분야축,
1866-14,감사원,1866,S03653,srno,pdf_conv,recall,
1866-15,감사원,1866,S03653,srno,pdf_conv,분야축,
1866-16,감사원,1866,S03653,srno,pdf_conv,분야축,
1866-17,감사원,1866,S03653,srno,pdf_conv,,
1866-18,감사원,1866,S03653,srno,pdf_conv,,
1866-19,감사원,1866,S03653,srno,pdf_conv,recall,
1866-20,감사원,1866,S03653,srno,pdf_conv,recall,
1866-21,감사원,1866,S03653,srno,pdf_conv,,
1866-22,감사원,1866,S03653,srno,pdf_conv,,
1866-23,감사원,1866,S03653,srno,pdf_conv,,
1867-1,감사원,1867,S03654,srno,pdf_conv,분야축,
1867-2,감사원,1867,S03654,srno,pdf_conv,분야축,
1867-3,감사원,1867,S03654,srno,pdf_conv,분야축,
1867-4,감사원,1867,S03654,srno,pdf_conv,분야축,
1867-5,감사원,1867,S03654,srno,pdf_conv,분야축,
1867-6,감사원,1867,S03654,srno,pdf_conv,분야축,
1867-7,감사원,1867,S03654,srno,pdf_conv,분야축,
1867-8,감사원,1867,S03654,srno,pdf_conv,분야축,
1867-9,감사원,1867,S03654,srno,pdf_conv,분야축,
1867-10,감사원,1867,S03654,srno,pdf_conv,분야축,
1867-11,감사원,1867,S03654,srno,pdf_conv,분야축,
1867-12,감사원,1867,S03654,srno,pdf_conv,분야축,
1867-13,감사원,1867,S03654,srno,pdf_conv,분야축,
1867-14,감사원,1867,S03654,srno,pdf_conv,분야축,
1867-15,감사원,1867,S03654,srno,pdf_conv,분야축,
1867-16,감사원,1867,S03654,srno,pdf_conv,,
1867-17,감사원,1867,S03654,srno,pdf_conv,,
1868-1,감사원,1868,S03655,srno,pdf_conv,분야축,
1868-2,감사원,1868,S03655,srno,pdf_conv,분야축,
1868-3,감사원,1868,S03655,srno,pdf_conv,분야축,
1868-4,감사원,1868,S03655,srno,pdf_conv,분야축,
1868-5,감사원,1868,S03655,srno,pdf_conv,분야축,
1868-6,감사원,1868,S03655,srno,pdf_conv,분야축,
1868-7,감사원,1868,S03655,srno,pdf_conv,분야축,
1868-8,감사원,1868,S03655,srno,pdf_conv,분야축,
1868-9,감사원,1868,S03655,srno,pdf_conv,분야축,
1868-10,감사원,1868,S03655,srno,pdf_conv,분야축,
1868-11,감사원,1868,S03655,srno,pdf_conv,분야축,
1868-12,감사원,1868,S03655,srno,pdf_conv,recall,
1868-13,감사원,1868,S03655,srno,pdf_conv,분야축,
1868-14,감사원,1868,S03655,srno,pdf_conv,분야축,
1868-15,감사원,1868,S03655,srno,pdf_conv,분야축,
1869-1,감사원,1869,S03656,srno,pdf_conv,recall,
1869-2,감사원,1869,S03656,srno,pdf_conv,,
1869-3,감사원,1869,S03656,srno,pdf_conv,분야축,
1869-4,감사원,1869,S03656,srno,pdf_conv,분야축,
1869-5,감사원,1869,S03656,srno,pdf_conv,분야축,
1869-6,감사원,1869,S03656,srno,pdf_conv,분야축,
1869-7,감사원,1869,S03656,srno,pdf_conv,분야축,
1870-1,감사원,1870,S03657,srno,pdf_conv,,
1870-2,감사원,1870,S03657,srno,pdf_conv,,
1870-3,감사원,1870,S03657,srno,pdf_conv,,
1870-4,감사원,1870,S03657,srno,pdf_conv,분야축,
1870-5,감사원,1870,S03657,srno,pdf_conv,분야축,
1870-6,감사원,1870,S03657,srno,pdf_conv,recall,
1870-7,감사원,1870,S03657,srno,pdf_conv,,
1870-8,감사원,1870,S03657,srno,pdf_conv,분야축,
1870-9,감사원,1870,S03657,srno,pdf_conv,분야축,
1870-10,감사원,1870,S03657,srno,pdf_conv,,
1870-11,감사원,1870,S03657,srno,pdf_conv,분야축,
1871-1,감사원,1871,S03658,srno,pdf_conv,분야축,
1871-2,감사원,1871,S03658,srno,pdf_conv,분야축,
1871-3,감사원,1871,S03658,srno,pdf_conv,분야축,
1871-4,감사원,1871,S03658,srno,pdf_conv,분야축,
1871-5,감사원,1871,S03658,srno,pdf_conv,분야축,
1871-6,감사원,1871,S03658,srno,pdf_conv,분야축,
1871-7,감사원,1871,S03658,srno,pdf_conv,분야축,
1871-8,감사원,1871,S03658,srno,pdf_conv,분야축,
1871-9,감사원,1871,S03658,srno,pdf_conv,분야축,
1871-10,감사원,1871,S03658,srno,pdf_conv,분야축,
1871-11,감사원,1871,S03658,srno,pdf_conv,분야축,
1871-12,감사원,1871,S03658,srno,pdf_conv,분야축,
1872-1,감사원,1872,S03659,srno,pdf_conv,분야축,
1872-2,감사원,1872,S03659,srno,pdf_conv,분야축,
1872-3,감사원,1872,S03659,srno,pdf_conv,분야축,
1872-4,감사원,1872,S03659,srno,pdf_conv,분야축,
1872-5,감사원,1872,S03659,srno,pdf_conv,분야축,
1872-6,감사원,1872,S03659,srno,pdf_conv,분야축,
1872-7,감사원,1872,S03659,srno,pdf_conv,분야축,
1872-8,감사원,1872,S03659,srno,pdf_conv,분야축,
1872-9,감사원,1872,S03659,srno,pdf_conv,분야축,
1872-10,감사원,1872,S03659,srno,pdf_conv,분야축,
1873-1,감사원,1873,S01765,srno,hwp,,
1873-2,감사원,1873,S01765,srno,hwp,,
1873-3,감사원,1873,S01765,srno,hwp,,
1874-1,감사원,1874,S03660,srno,pdf_conv,분야축,
1874-2,감사원,1874,S03660,srno,pdf_conv,분야축,
1874-3,감사원,1874,S03660,srno,pdf_conv,분야축,
1874-4,감사원,1874,S03660,srno,pdf_conv,분야축,
1874-5,감사원,1874,S03660,srno,pdf_conv,분야축,
1874-6,감사원,1874,S03660,srno,pdf_conv,분야축,
1874-7,감사원,1874,S03660,srno,pdf_conv,분야축,
1874-8,감사원,1874,S03660,srno,pdf_conv,분야축,
1874-9,감사원,1874,S03660,srno,pdf_conv,분야축,
1875-1,감사원,1875,S01768,srno,hwp,,
1875-2,감사원,1875,S01768,srno,hwp,,
1875-3,감사원,1875,S01768,srno,hwp,,
1875-4,감사원,1875,S01768,srno,hwp,,
1875-5,감사원,1875,S01768,srno,hwp,,
1876-1,감사원,1876,S03662,srno,pdf_conv,,
1876-2,감사원,1876,S03662,srno,pdf_conv,,
1876-3,감사원,1876,S03662,srno,pdf_conv,,
1876-4,감사원,1876,S03662,srno,pdf_conv,,
1876-5,감사원,1876,S03662,srno,pdf_conv,recall,
1876-6,감사원,1876,S03662,srno,pdf_conv,,
1876-7,감사원,1876,S03662,srno,pdf_conv,,
1877-1,감사원,1877,S03661,srno,pdf_conv,분야축,
1877-2,감사원,1877,S03661,srno,pdf_conv,분야축,
1877-3,감사원,1877,S03661,srno,pdf_conv,분야축,
1877-4,감사원,1877,S03661,srno,pdf_conv,분야축,
1877-5,감사원,1877,S03661,srno,pdf_conv,분야축,
1877-6,감사원,1877,S03661,srno,pdf_conv,분야축,
1877-7,감사원,1877,S03661,srno,pdf_conv,분야축,
1878-1,감사원,1878,S03663,srno,pdf_conv,,
1878-2,감사원,1878,S03663,srno,pdf_conv,recall,
1878-3,감사원,1878,S03663,srno,pdf_conv,,
1878-4,감사원,1878,S03663,srno,pdf_conv,,
1878-5,감사원,1878,S03663,srno,pdf_conv,,
1878-6,감사원,1878,S03663,srno,pdf_conv,,
1878-7,감사원,1878,S03663,srno,pdf_conv,,
1878-8,감사원,1878,S03663,srno,pdf_conv,,
1878-9,감사원,1878,S03663,srno,pdf_conv,,
1878-10,감사원,1878,S03663,srno,pdf_conv,,
1878-11,감사원,1878,S03663,srno,pdf_conv,,
1879-1,감사원,1879,S03664,srno,pdf_conv,,
1879-2,감사원,1879,S03664,srno,pdf_conv,,
1879-3,감사원,1879,S03664,srno,pdf_conv,,
1879-4,감사원,1879,S03664,srno,pdf_conv,분야축,
1879-5,감사원,1879,S03664,srno,pdf_conv,분야축,
1879-6,감사원,1879,S03664,srno,pdf_conv,recall,
1879-7,감사원,1879,S03664,srno,pdf_conv,분야축,
1879-8,감사원,1879,S03664,srno,pdf_conv,,
1879-9,감사원,1879,S03664,srno,pdf_conv,,
1879-10,감사원,1879,S03664,srno,pdf_conv,,
1879-11,감사원,1879,S03664,srno,pdf_conv,recall,
1879-12,감사원,1879,S03664,srno,pdf_conv,분야축,
1879-13,감사원,1879,S03664,srno,pdf_conv,분야축,
1879-14,감사원,1879,S03664,srno,pdf_conv,분야축,
1879-15,감사원,1879,S03664,srno,pdf_conv,,
1879-16,감사원,1879,S03664,srno,pdf_conv,분야축,
1879-17,감사원,1879,S03664,srno,pdf_conv,,
1879-18,감사원,1879,S03664,srno,pdf_conv,recall,
1879-19,감사원,1879,S03664,srno,pdf_conv,,
1879-20,감사원,1879,S03664,srno,pdf_conv,recall,
1879-21,감사원,1879,S03664,srno,pdf_conv,,
1879-22,감사원,1879,S03664,srno,pdf_conv,,
1879-23,감사원,1879,S03664,srno,pdf_conv,,
1879-24,감사원,1879,S03664,srno,pdf_conv,,
1879-25,감사원,1879,S03664,srno,pdf_conv,,
1879-26,감사원,1879,S03664,srno,pdf_conv,,
1879-27,감사원,1879,S03664,srno,pdf_conv,,
1879-28,감사원,1879,S03664,srno,pdf_conv,분야축,
1879-29,감사원,1879,S03664,srno,pdf_conv,분야축,
1879-30,감사원,1879,S03664,srno,pdf_conv,recall,
1879-31,감사원,1879,S03664,srno,pdf_conv,분야축,
1879-32,감사원,1879,S03664,srno,pdf_conv,분야축,
1879-33,감사원,1879,S03664,srno,pdf_conv,,
1879-34,감사원,1879,S03664,srno,pdf_conv,,
1879-35,감사원,1879,S03664,srno,pdf_conv,,
1879-36,감사원,1879,S03664,srno,pdf_conv,,
1880-1,감사원,1880,S03665,srno,pdf_conv,,
1880-2,감사원,1880,S03665,srno,pdf_conv,,
1880-3,감사원,1880,S03665,srno,pdf_conv,,
1880-4,감사원,1880,S03665,srno,pdf_conv,분야축,
1880-5,감사원,1880,S03665,srno,pdf_conv,분야축,
1880-6,감사원,1880,S03665,srno,pdf_conv,분야축,
1880-7,감사원,1880,S03665,srno,pdf_conv,,
1880-8,감사원,1880,S03665,srno,pdf_conv,분야축,
1880-9,감사원,1880,S03665,srno,pdf_conv,분야축,
1880-10,감사원,1880,S03665,srno,pdf_conv,,
1881-1,감사원,1881,S03666,srno,pdf_conv,recall,
1881-2,감사원,1881,S03666,srno,pdf_conv,recall,
1881-3,감사원,1881,S03666,srno,pdf_conv,recall,
1881-4,감사원,1881,S03666,srno,pdf_conv,,
1881-5,감사원,1881,S03666,srno,pdf_conv,,
1881-6,감사원,1881,S03666,srno,pdf_conv,,
1881-7,감사원,1881,S03666,srno,pdf_conv,,
1881-8,감사원,1881,S03666,srno,pdf_conv,,
1883-1,감사원,1883,S03667,srno,pdf_conv,,
1883-2,감사원,1883,S03667,srno,pdf_conv,,
1883-3,감사원,1883,S03667,srno,pdf_conv,,
1883-4,감사원,1883,S03667,srno,pdf_conv,,
1883-5,감사원,1883,S03667,srno,pdf_conv,,
1883-6,감사원,1883,S03667,srno,pdf_conv,,
1883-7,감사원,1883,S03667,srno,pdf_conv,,
1883-8,감사원,1883,S03667,srno,pdf_conv,분야축,
1883-9,감사원,1883,S03667,srno,pdf_conv,분야축,
1883-10,감사원,1883,S03667,srno,pdf_conv,,
1883-11,감사원,1883,S03667,srno,pdf_conv,,
1883-12,감사원,1883,S03667,srno,pdf_conv,,
1883-13,감사원,1883,S03667,srno,pdf_conv,,
1883-14,감사원,1883,S03667,srno,pdf_conv,,
1883-15,감사원,1883,S03667,srno,pdf_conv,,
1883-16,감사원,1883,S03667,srno,pdf_conv,,
1883-17,감사원,1883,S03667,srno,pdf_conv,,
1883-18,감사원,1883,S03667,srno,pdf_conv,,
1883-19,감사원,1883,S03667,srno,pdf_conv,,
1883-20,감사원,1883,S03667,srno,pdf_conv,,
1884-1,감사원,1884,S03668,srno,pdf_conv,,
1884-2,감사원,1884,S03668,srno,pdf_conv,,
1884-3,감사원,1884,S03668,srno,pdf_conv,,
1884-4,감사원,1884,S03668,srno,pdf_conv,,
1884-5,감사원,1884,S03668,srno,pdf_conv,분야축,
1885-1,감사원,1885,S03669,srno,pdf_conv,,
1885-2,감사원,1885,S03669,srno,pdf_conv,,
1885-3,감사원,1885,S03669,srno,pdf_conv,,
1885-4,감사원,1885,S03669,srno,pdf_conv,recall,
1885-5,감사원,1885,S03669,srno,pdf_conv,,
1885-6,감사원,1885,S03669,srno,pdf_conv,recall,
1885-7,감사원,1885,S03669,srno,pdf_conv,,
1885-8,감사원,1885,S03669,srno,pdf_conv,,
1885-9,감사원,1885,S03669,srno,pdf_conv,,
1885-10,감사원,1885,S03669,srno,pdf_conv,,
1885-11,감사원,1885,S03669,srno,pdf_conv,,
1885-12,감사원,1885,S03669,srno,pdf_conv,,
1885-13,감사원,1885,S03669,srno,pdf_conv,,
1885-14,감사원,1885,S03669,srno,pdf_conv,,
1885-15,감사원,1885,S03669,srno,pdf_conv,,
1885-16,감사원,1885,S03669,srno,pdf_conv,,
1885-17,감사원,1885,S03669,srno,pdf_conv,,
1885-18,감사원,1885,S03669,srno,pdf_conv,,
1885-19,감사원,1885,S03669,srno,pdf_conv,,
1885-20,감사원,1885,S03669,srno,pdf_conv,,
1885-21,감사원,1885,S03669,srno,pdf_conv,recall,
1885-22,감사원,1885,S03669,srno,pdf_conv,,
1885-23,감사원,1885,S03669,srno,pdf_conv,,
1885-24,감사원,1885,S03669,srno,pdf_conv,,
1885-25,감사원,1885,S03669,srno,pdf_conv,,
1885-26,감사원,1885,S03669,srno,pdf_conv,recall,
1886-1,감사원,1886,S03670,srno,pdf_conv,recall,
1886-2,감사원,1886,S03670,srno,pdf_conv,,
1886-3,감사원,1886,S03670,srno,pdf_conv,,
1886-4,감사원,1886,S03670,srno,pdf_conv,,
1886-5,감사원,1886,S03670,srno,pdf_conv,,
1886-6,감사원,1886,S03670,srno,pdf_conv,,
1886-7,감사원,1886,S03670,srno,pdf_conv,,
1886-8,감사원,1886,S03670,srno,pdf_conv,분야축,
1886-9,감사원,1886,S03670,srno,pdf_conv,recall,
1886-10,감사원,1886,S03670,srno,pdf_conv,,
1887-1,감사원,1887,S03671,srno,pdf_conv,,
1887-2,감사원,1887,S03671,srno,pdf_conv,,
1887-3,감사원,1887,S03671,srno,pdf_conv,,
1887-4,감사원,1887,S03671,srno,pdf_conv,recall,
1887-5,감사원,1887,S03671,srno,pdf_conv,,
1887-6,감사원,1887,S03671,srno,pdf_conv,,
1887-7,감사원,1887,S03671,srno,pdf_conv,,
1887-8,감사원,1887,S03671,srno,pdf_conv,,
1887-9,감사원,1887,S03671,srno,pdf_conv,,
1887-10,감사원,1887,S03671,srno,pdf_conv,,
1887-11,감사원,1887,S03671,srno,pdf_conv,,
1887-12,감사원,1887,S03671,srno,pdf_conv,,
1887-13,감사원,1887,S03671,srno,pdf_conv,,
1887-14,감사원,1887,S03671,srno,pdf_conv,,
1887-15,감사원,1887,S03671,srno,pdf_conv,,
1887-16,감사원,1887,S03671,srno,pdf_conv,,
1887-17,감사원,1887,S03671,srno,pdf_conv,,
1887-18,감사원,1887,S03671,srno,pdf_conv,,
1887-19,감사원,1887,S03671,srno,pdf_conv,,
1888-1,감사원,1888,S03672,srno,pdf_conv,recall,
1888-2,감사원,1888,S03672,srno,pdf_conv,,
1888-3,감사원,1888,S03672,srno,pdf_conv,,
1888-4,감사원,1888,S03672,srno,pdf_conv,분야축,
1888-5,감사원,1888,S03672,srno,pdf_conv,분야축,
1888-6,감사원,1888,S03672,srno,pdf_conv,,
1888-7,감사원,1888,S03672,srno,pdf_conv,,
1888-8,감사원,1888,S03672,srno,pdf_conv,,
1888-9,감사원,1888,S03672,srno,pdf_conv,,
1888-10,감사원,1888,S03672,srno,pdf_conv,,
1888-11,감사원,1888,S03672,srno,pdf_conv,분야축,
1888-12,감사원,1888,S03672,srno,pdf_conv,분야축,
1888-13,감사원,1888,S03672,srno,pdf_conv,recall,
1888-14,감사원,1888,S03672,srno,pdf_conv,recall,
1888-15,감사원,1888,S03672,srno,pdf_conv,,
1888-16,감사원,1888,S03672,srno,pdf_conv,,
1889-1,감사원,1889,S03673,srno,pdf_conv,분야축,
1889-2,감사원,1889,S03673,srno,pdf_conv,분야축,
1889-3,감사원,1889,S03673,srno,pdf_conv,분야축,
1889-4,감사원,1889,S03673,srno,pdf_conv,,
1889-5,감사원,1889,S03673,srno,pdf_conv,분야축,
1889-6,감사원,1889,S03673,srno,pdf_conv,분야축,
1889-7,감사원,1889,S03673,srno,pdf_conv,분야축,
1889-8,감사원,1889,S03673,srno,pdf_conv,분야축,
1889-9,감사원,1889,S03673,srno,pdf_conv,분야축,
1889-10,감사원,1889,S03673,srno,pdf_conv,분야축,
1889-11,감사원,1889,S03673,srno,pdf_conv,분야축,
1889-12,감사원,1889,S03673,srno,pdf_conv,분야축,
1889-13,감사원,1889,S03673,srno,pdf_conv,분야축,
1889-14,감사원,1889,S03673,srno,pdf_conv,recall,
1890-1,감사원,1890,S01781,srno,hwp,,
1890-2,감사원,1890,S01781,srno,hwp,,
1890-3,감사원,1890,S01781,srno,hwp,,
1890-4,감사원,1890,S01781,srno,hwp,,
1890-5,감사원,1890,S01781,srno,hwp,,
1890-6,감사원,1890,S01781,srno,hwp,,
1890-7,감사원,1890,S01781,srno,hwp,,
1890-8,감사원,1890,S01781,srno,hwp,,
1890-9,감사원,1890,S01781,srno,hwp,,
1890-10,감사원,1890,S01781,srno,hwp,,
1890-11,감사원,1890,S01781,srno,hwp,,
1890-12,감사원,1890,S01781,srno,hwp,,
1890-13,감사원,1890,S01781,srno,hwp,,
1892-1,감사원,1892,S03674,srno,pdf_conv,분야축,
1892-2,감사원,1892,S03674,srno,pdf_conv,분야축,
1892-3,감사원,1892,S03674,srno,pdf_conv,분야축,
1892-4,감사원,1892,S03674,srno,pdf_conv,분야축,
1892-5,감사원,1892,S03674,srno,pdf_conv,분야축,
1892-6,감사원,1892,S03674,srno,pdf_conv,분야축,
1892-7,감사원,1892,S03674,srno,pdf_conv,분야축,
1892-8,감사원,1892,S03674,srno,pdf_conv,분야축,
1892-9,감사원,1892,S03674,srno,pdf_conv,분야축,
1892-10,감사원,1892,S03674,srno,pdf_conv,분야축,
1892-11,감사원,1892,S03674,srno,pdf_conv,분야축,
1892-12,감사원,1892,S03674,srno,pdf_conv,분야축,
1892-13,감사원,1892,S03674,srno,pdf_conv,분야축,
1892-14,감사원,1892,S03674,srno,pdf_conv,분야축,
1892-15,감사원,1892,S03674,srno,pdf_conv,분야축,
1892-16,감사원,1892,S03674,srno,pdf_conv,분야축,
1892-17,감사원,1892,S03674,srno,pdf_conv,분야축,
1892-18,감사원,1892,S03674,srno,pdf_conv,recall,
1892-19,감사원,1892,S03674,srno,pdf_conv,분야축,
1892-20,감사원,1892,S03674,srno,pdf_conv,recall,
1892-21,감사원,1892,S03674,srno,pdf_conv,,
1894-1,감사원,1894,S01786,srno,hwp,,
1894-2,감사원,1894,S01786,srno,hwp,,
1894-3,감사원,1894,S01786,srno,hwp,,
1894-4,감사원,1894,S01786,srno,hwp,,
1894-5,감사원,1894,S01786,srno,hwp,,
1894-6,감사원,1894,S01786,srno,hwp,,
1894-7,감사원,1894,S01786,srno,hwp,,
1894-8,감사원,1894,S01786,srno,hwp,,
1894-9,감사원,1894,S01786,srno,hwp,,
1894-10,감사원,1894,S01786,srno,hwp,,
1894-11,감사원,1894,S01786,srno,hwp,,
1896-1,감사원,1896,S03675,srno,pdf_conv,recall,
1896-2,감사원,1896,S03675,srno,pdf_conv,recall,
1896-3,감사원,1896,S03675,srno,pdf_conv,분야축,
1896-4,감사원,1896,S03675,srno,pdf_conv,,
1896-5,감사원,1896,S03675,srno,pdf_conv,,
1896-6,감사원,1896,S03675,srno,pdf_conv,recall,
1896-7,감사원,1896,S03675,srno,pdf_conv,,
1896-8,감사원,1896,S03675,srno,pdf_conv,분야축,
1896-9,감사원,1896,S03675,srno,pdf_conv,,
1896-10,감사원,1896,S03675,srno,pdf_conv,분야축,
1896-11,감사원,1896,S03675,srno,pdf_conv,분야축,
1896-12,감사원,1896,S03675,srno,pdf_conv,분야축,
1896-13,감사원,1896,S03675,srno,pdf_conv,,
1896-14,감사원,1896,S03675,srno,pdf_conv,,
1896-15,감사원,1896,S03675,srno,pdf_conv,분야축,
1896-16,감사원,1896,S03675,srno,pdf_conv,분야축,
1896-17,감사원,1896,S03675,srno,pdf_conv,분야축,
1897-1,감사원,1897,S03676,srno,pdf_conv,,
1897-2,감사원,1897,S03676,srno,pdf_conv,,
1897-3,감사원,1897,S03676,srno,pdf_conv,,
1897-4,감사원,1897,S03676,srno,pdf_conv,,
1897-5,감사원,1897,S03676,srno,pdf_conv,,
1897-6,감사원,1897,S03676,srno,pdf_conv,,
1897-7,감사원,1897,S03676,srno,pdf_conv,,
1897-8,감사원,1897,S03676,srno,pdf_conv,,
1897-9,감사원,1897,S03676,srno,pdf_conv,,
1897-10,감사원,1897,S03676,srno,pdf_conv,,
1897-11,감사원,1897,S03676,srno,pdf_conv,recall,
1897-12,감사원,1897,S03676,srno,pdf_conv,,
1897-13,감사원,1897,S03676,srno,pdf_conv,,
1897-14,감사원,1897,S03676,srno,pdf_conv,,
1897-15,감사원,1897,S03676,srno,pdf_conv,,
1898-1,감사원,1898,S03677,srno,pdf_conv,분야축,
1898-2,감사원,1898,S03677,srno,pdf_conv,분야축,
1898-3,감사원,1898,S03677,srno,pdf_conv,분야축,
1898-4,감사원,1898,S03677,srno,pdf_conv,분야축,
1898-5,감사원,1898,S03677,srno,pdf_conv,분야축,
1898-6,감사원,1898,S03677,srno,pdf_conv,분야축,
1898-7,감사원,1898,S03677,srno,pdf_conv,분야축,
1898-8,감사원,1898,S03677,srno,pdf_conv,분야축,
1898-9,감사원,1898,S03677,srno,pdf_conv,분야축,
1898-10,감사원,1898,S03677,srno,pdf_conv,분야축,
1898-11,감사원,1898,S03677,srno,pdf_conv,분야축,
1898-12,감사원,1898,S03677,srno,pdf_conv,분야축,
1898-13,감사원,1898,S03677,srno,pdf_conv,분야축,
1898-14,감사원,1898,S03677,srno,pdf_conv,분야축,
1898-15,감사원,1898,S03677,srno,pdf_conv,분야축,
1898-16,감사원,1898,S03677,srno,pdf_conv,분야축,
1898-17,감사원,1898,S03677,srno,pdf_conv,분야축,
1899-1,감사원,1899,S03678,srno,pdf_conv,,
1899-2,감사원,1899,S03678,srno,pdf_conv,분야축,
1899-3,감사원,1899,S03678,srno,pdf_conv,,
1899-4,감사원,1899,S03678,srno,pdf_conv,,
1899-5,감사원,1899,S03678,srno,pdf_conv,recall,
1899-6,감사원,1899,S03678,srno,pdf_conv,,
1899-7,감사원,1899,S03678,srno,pdf_conv,,
1899-8,감사원,1899,S03678,srno,pdf_conv,분야축,
1899-9,감사원,1899,S03678,srno,pdf_conv,,
1899-10,감사원,1899,S03678,srno,pdf_conv,분야축,
1899-11,감사원,1899,S03678,srno,pdf_conv,,
1899-12,감사원,1899,S03678,srno,pdf_conv,,
1899-13,감사원,1899,S03678,srno,pdf_conv,,
1899-14,감사원,1899,S03678,srno,pdf_conv,,
1901-1,감사원,1901,S01793,srno,hwp,,
1901-2,감사원,1901,S01793,srno,hwp,,
1901-3,감사원,1901,S01793,srno,hwp,,
1901-4,감사원,1901,S01793,srno,hwp,,
1901-5,감사원,1901,S01793,srno,hwp,,
1901-6,감사원,1901,S01793,srno,hwp,,
1902-1,감사원,1902,S03679,srno,pdf_conv,,
1902-2,감사원,1902,S03679,srno,pdf_conv,분야축,
1902-3,감사원,1902,S03679,srno,pdf_conv,분야축,
1902-4,감사원,1902,S03679,srno,pdf_conv,분야축,
1902-5,감사원,1902,S03679,srno,pdf_conv,recall,
1902-6,감사원,1902,S03679,srno,pdf_conv,,
1902-7,감사원,1902,S03679,srno,pdf_conv,,
1902-8,감사원,1902,S03679,srno,pdf_conv,분야축,
1902-9,감사원,1902,S03679,srno,pdf_conv,분야축,
1902-10,감사원,1902,S03679,srno,pdf_conv,분야축,
1902-11,감사원,1902,S03679,srno,pdf_conv,분야축,
1902-12,감사원,1902,S03679,srno,pdf_conv,,
1902-13,감사원,1902,S03679,srno,pdf_conv,,
1902-14,감사원,1902,S03679,srno,pdf_conv,분야축,
1902-15,감사원,1902,S03679,srno,pdf_conv,분야축,
1902-16,감사원,1902,S03679,srno,pdf_conv,분야축,
1902-17,감사원,1902,S03679,srno,pdf_conv,,
1902-18,감사원,1902,S03679,srno,pdf_conv,recall,
1902-19,감사원,1902,S03679,srno,pdf_conv,,
1902-20,감사원,1902,S03679,srno,pdf_conv,,
1902-21,감사원,1902,S03679,srno,pdf_conv,분야축,
1902-22,감사원,1902,S03679,srno,pdf_conv,분야축,
1902-23,감사원,1902,S03679,srno,pdf_conv,,
1902-24,감사원,1902,S03679,srno,pdf_conv,,
1902-25,감사원,1902,S03679,srno,pdf_conv,,
1902-26,감사원,1902,S03679,srno,pdf_conv,분야축,
1902-27,감사원,1902,S03679,srno,pdf_conv,분야축,
1902-28,감사원,1902,S03679,srno,pdf_conv,분야축,
1903-1,감사원,1903,S03680,srno,pdf_conv,,
1903-2,감사원,1903,S03680,srno,pdf_conv,,
1903-3,감사원,1903,S03680,srno,pdf_conv,,
1903-4,감사원,1903,S03680,srno,pdf_conv,,
1903-5,감사원,1903,S03680,srno,pdf_conv,,
1903-6,감사원,1903,S03680,srno,pdf_conv,,
1903-7,감사원,1903,S03680,srno,pdf_conv,,
1903-8,감사원,1903,S03680,srno,pdf_conv,분야축,
1903-9,감사원,1903,S03680,srno,pdf_conv,분야축,
1908-1,감사원,1908,S03681,srno,pdf_conv,분야축,
1908-2,감사원,1908,S03681,srno,pdf_conv,분야축,
1909-1,감사원,1909,S03682,srno,pdf_conv,분야축,
1909-2,감사원,1909,S03682,srno,pdf_conv,분야축,
1909-3,감사원,1909,S03682,srno,pdf_conv,분야축,
1909-4,감사원,1909,S03682,srno,pdf_conv,분야축,
1909-5,감사원,1909,S03682,srno,pdf_conv,분야축,
1910-1,감사원,1910,S03683,srno,pdf_conv,,
1910-2,감사원,1910,S03683,srno,pdf_conv,,
1910-3,감사원,1910,S03683,srno,pdf_conv,,
1910-4,감사원,1910,S03683,srno,pdf_conv,분야축,
1910-5,감사원,1910,S03683,srno,pdf_conv,분야축,
1910-6,감사원,1910,S03683,srno,pdf_conv,,
1914-1,감사원,1914,S01821,srno,hwp,,
1914-2,감사원,1914,S01821,srno,hwp,,
1914-3,감사원,1914,S01821,srno,hwp,,
1914-4,감사원,1914,S01821,srno,hwp,,
1915-1,감사원,1915,S03684,srno,pdf_conv,분야축,
1915-2,감사원,1915,S03684,srno,pdf_conv,recall,
1915-3,감사원,1915,S03684,srno,pdf_conv,,
1915-4,감사원,1915,S03684,srno,pdf_conv,recall,
1915-5,감사원,1915,S03684,srno,pdf_conv,,
1915-6,감사원,1915,S03684,srno,pdf_conv,,
1915-7,감사원,1915,S03684,srno,pdf_conv,,
1915-8,감사원,1915,S03684,srno,pdf_conv,,
1915-9,감사원,1915,S03684,srno,pdf_conv,,
1915-10,감사원,1915,S03684,srno,pdf_conv,,
1915-11,감사원,1915,S03684,srno,pdf_conv,recall,
1916-1,감사원,1916,S03685,srno,pdf_conv,,
1916-2,감사원,1916,S03685,srno,pdf_conv,,
1916-3,감사원,1916,S03685,srno,pdf_conv,분야축,
1916-4,감사원,1916,S03685,srno,pdf_conv,,
1916-5,감사원,1916,S03685,srno,pdf_conv,recall,
1916-6,감사원,1916,S03685,srno,pdf_conv,분야축,
1916-7,감사원,1916,S03685,srno,pdf_conv,분야축,
1916-8,감사원,1916,S03685,srno,pdf_conv,recall,
1916-9,감사원,1916,S03685,srno,pdf_conv,분야축,
1916-10,감사원,1916,S03685,srno,pdf_conv,분야축,
1916-11,감사원,1916,S03685,srno,pdf_conv,분야축,
1917-1,감사원,1917,S03686,srno,pdf_conv,분야축,
1917-2,감사원,1917,S03686,srno,pdf_conv,분야축,
1917-3,감사원,1917,S03686,srno,pdf_conv,분야축,
1918-1,감사원,1918,S03687,srno,pdf_conv,분야축,
1918-2,감사원,1918,S03687,srno,pdf_conv,recall,
1918-3,감사원,1918,S03687,srno,pdf_conv,recall,
1918-4,감사원,1918,S03687,srno,pdf_conv,recall,
1918-5,감사원,1918,S03687,srno,pdf_conv,분야축,
1918-6,감사원,1918,S03687,srno,pdf_conv,,
1918-7,감사원,1918,S03687,srno,pdf_conv,,
1918-8,감사원,1918,S03687,srno,pdf_conv,,
1918-9,감사원,1918,S03687,srno,pdf_conv,,
1918-10,감사원,1918,S03687,srno,pdf_conv,,
1918-11,감사원,1918,S03687,srno,pdf_conv,,
1918-12,감사원,1918,S03687,srno,pdf_conv,분야축,
1918-13,감사원,1918,S03687,srno,pdf_conv,,
1918-14,감사원,1918,S03687,srno,pdf_conv,분야축,
1919-1,감사원,1919,S01826,srno,hwp,,
1920-1,감사원,1920,S03688,srno,pdf_conv,,
1920-2,감사원,1920,S03688,srno,pdf_conv,recall,
1920-3,감사원,1920,S03688,srno,pdf_conv,,
1920-4,감사원,1920,S03688,srno,pdf_conv,분야축,
1920-5,감사원,1920,S03688,srno,pdf_conv,분야축,
1920-6,감사원,1920,S03688,srno,pdf_conv,분야축,
1920-7,감사원,1920,S03688,srno,pdf_conv,,
1920-8,감사원,1920,S03688,srno,pdf_conv,분야축,
1920-9,감사원,1920,S03688,srno,pdf_conv,,
1922-1,감사원,1922,S03689,srno,pdf_conv,분야축,
1922-2,감사원,1922,S03689,srno,pdf_conv,분야축,
1922-3,감사원,1922,S03689,srno,pdf_conv,분야축,
1922-4,감사원,1922,S03689,srno,pdf_conv,분야축,
1922-5,감사원,1922,S03689,srno,pdf_conv,분야축,
1922-6,감사원,1922,S03689,srno,pdf_conv,,
1922-7,감사원,1922,S03689,srno,pdf_conv,분야축,
1922-8,감사원,1922,S03689,srno,pdf_conv,,
1922-9,감사원,1922,S03689,srno,pdf_conv,분야축,
1922-10,감사원,1922,S03689,srno,pdf_conv,분야축,
1922-11,감사원,1922,S03689,srno,pdf_conv,분야축,
1922-12,감사원,1922,S03689,srno,pdf_conv,분야축,
1922-13,감사원,1922,S03689,srno,pdf_conv,분야축,
1922-14,감사원,1922,S03689,srno,pdf_conv,분야축,
1922-15,감사원,1922,S03689,srno,pdf_conv,분야축,
1922-16,감사원,1922,S03689,srno,pdf_conv,분야축,
1922-17,감사원,1922,S03689,srno,pdf_conv,분야축,
1922-18,감사원,1922,S03689,srno,pdf_conv,분야축,
1922-19,감사원,1922,S03689,srno,pdf_conv,분야축,
1922-20,감사원,1922,S03689,srno,pdf_conv,분야축,
1922-21,감사원,1922,S03689,srno,pdf_conv,분야축,
1922-22,감사원,1922,S03689,srno,pdf_conv,분야축,
1922-23,감사원,1922,S03689,srno,pdf_conv,분야축,
1922-24,감사원,1922,S03689,srno,pdf_conv,분야축,
1922-25,감사원,1922,S03689,srno,pdf_conv,분야축,
1922-26,감사원,1922,S03689,srno,pdf_conv,분야축,
1922-27,감사원,1922,S03689,srno,pdf_conv,분야축,
1922-28,감사원,1922,S03689,srno,pdf_conv,분야축,
1923-1,감사원,1923,S03690,srno,pdf_conv,recall,
1923-2,감사원,1923,S03690,srno,pdf_conv,,
1924-1,감사원,1924,S03691,srno,pdf_conv,분야축,
1924-2,감사원,1924,S03691,srno,pdf_conv,,
1925-1,감사원,1925,S03692,srno,pdf_conv,분야축,
1925-2,감사원,1925,S03692,srno,pdf_conv,분야축,
1925-3,감사원,1925,S03692,srno,pdf_conv,분야축,
1925-4,감사원,1925,S03692,srno,pdf_conv,분야축,
1925-5,감사원,1925,S03692,srno,pdf_conv,분야축,
1925-6,감사원,1925,S03692,srno,pdf_conv,분야축,
1925-7,감사원,1925,S03692,srno,pdf_conv,분야축,
1925-8,감사원,1925,S03692,srno,pdf_conv,분야축,
1925-9,감사원,1925,S03692,srno,pdf_conv,분야축,
1925-10,감사원,1925,S03692,srno,pdf_conv,분야축,
1925-11,감사원,1925,S03692,srno,pdf_conv,분야축,
1925-12,감사원,1925,S03692,srno,pdf_conv,분야축,
1925-13,감사원,1925,S03692,srno,pdf_conv,,
1926-1,감사원,1926,S03693,srno,pdf_conv,분야축,
1926-2,감사원,1926,S03693,srno,pdf_conv,분야축,
1926-3,감사원,1926,S03693,srno,pdf_conv,분야축,
1926-4,감사원,1926,S03693,srno,pdf_conv,분야축,
1926-5,감사원,1926,S03693,srno,pdf_conv,분야축,
1926-6,감사원,1926,S03693,srno,pdf_conv,분야축,
1926-7,감사원,1926,S03693,srno,pdf_conv,분야축,
1926-8,감사원,1926,S03693,srno,pdf_conv,분야축,
1926-9,감사원,1926,S03693,srno,pdf_conv,분야축,
1927-1,감사원,1927,S03694,srno,pdf_conv,분야축,
1927-2,감사원,1927,S03694,srno,pdf_conv,분야축,
1927-3,감사원,1927,S03694,srno,pdf_conv,,
1927-4,감사원,1927,S03694,srno,pdf_conv,분야축,
1927-5,감사원,1927,S03694,srno,pdf_conv,,
1927-6,감사원,1927,S03694,srno,pdf_conv,분야축,
1927-7,감사원,1927,S03694,srno,pdf_conv,recall,
1928-1,감사원,1928,S03695,srno,pdf_conv,,
1928-2,감사원,1928,S03695,srno,pdf_conv,분야축,
1928-3,감사원,1928,S03695,srno,pdf_conv,분야축,
1928-4,감사원,1928,S03695,srno,pdf_conv,분야축,
1928-5,감사원,1928,S03695,srno,pdf_conv,,
1928-6,감사원,1928,S03695,srno,pdf_conv,,
1928-7,감사원,1928,S03695,srno,pdf_conv,,
1928-8,감사원,1928,S03695,srno,pdf_conv,분야축,
1928-9,감사원,1928,S03695,srno,pdf_conv,,
1928-10,감사원,1928,S03695,srno,pdf_conv,분야축,
1928-11,감사원,1928,S03695,srno,pdf_conv,,
1928-12,감사원,1928,S03695,srno,pdf_conv,,
1929-1,감사원,1929,S03696,srno,pdf_conv,,
1929-2,감사원,1929,S03696,srno,pdf_conv,,
1929-3,감사원,1929,S03696,srno,pdf_conv,,
1929-4,감사원,1929,S03696,srno,pdf_conv,,
1929-5,감사원,1929,S03696,srno,pdf_conv,,
1929-6,감사원,1929,S03696,srno,pdf_conv,recall,
1929-7,감사원,1929,S03696,srno,pdf_conv,,
1929-8,감사원,1929,S03696,srno,pdf_conv,분야축,
1929-9,감사원,1929,S03696,srno,pdf_conv,분야축,
1929-10,감사원,1929,S03696,srno,pdf_conv,분야축,
1929-11,감사원,1929,S03696,srno,pdf_conv,분야축,
1929-12,감사원,1929,S03696,srno,pdf_conv,,
1929-13,감사원,1929,S03696,srno,pdf_conv,,
1929-14,감사원,1929,S03696,srno,pdf_conv,,
1930-1,감사원,1930,S03697,srno,pdf_conv,,
1930-2,감사원,1930,S03697,srno,pdf_conv,,
1930-3,감사원,1930,S03697,srno,pdf_conv,,
1930-4,감사원,1930,S03697,srno,pdf_conv,분야축,
1930-5,감사원,1930,S03697,srno,pdf_conv,,
1930-6,감사원,1930,S03697,srno,pdf_conv,,
1930-7,감사원,1930,S03697,srno,pdf_conv,recall,
1930-8,감사원,1930,S03697,srno,pdf_conv,,
1930-9,감사원,1930,S03697,srno,pdf_conv,,
1930-10,감사원,1930,S03697,srno,pdf_conv,분야축,
1930-11,감사원,1930,S03697,srno,pdf_conv,,
1931-1,감사원,1931,S03698,srno,pdf_conv,,
1931-2,감사원,1931,S03698,srno,pdf_conv,,
1931-3,감사원,1931,S03698,srno,pdf_conv,,
1931-4,감사원,1931,S03698,srno,pdf_conv,,
1931-5,감사원,1931,S03698,srno,pdf_conv,,
1931-6,감사원,1931,S03698,srno,pdf_conv,,
1931-7,감사원,1931,S03698,srno,pdf_conv,분야축,
1931-8,감사원,1931,S03698,srno,pdf_conv,,
1931-9,감사원,1931,S03698,srno,pdf_conv,recall,
1932-1,감사원,1932,S03699,srno,pdf_conv,,
1932-2,감사원,1932,S03699,srno,pdf_conv,,
1932-3,감사원,1932,S03699,srno,pdf_conv,분야축,
1932-4,감사원,1932,S03699,srno,pdf_conv,분야축,
1932-5,감사원,1932,S03699,srno,pdf_conv,분야축,
1932-6,감사원,1932,S03699,srno,pdf_conv,,
1932-7,감사원,1932,S03699,srno,pdf_conv,분야축,
1933-1,감사원,1933,S03700,srno,pdf_conv,recall,
1933-2,감사원,1933,S03700,srno,pdf_conv,,
1933-3,감사원,1933,S03700,srno,pdf_conv,recall,
1933-4,감사원,1933,S03700,srno,pdf_conv,,
1933-5,감사원,1933,S03700,srno,pdf_conv,분야축,
1933-6,감사원,1933,S03700,srno,pdf_conv,,
1933-7,감사원,1933,S03700,srno,pdf_conv,분야축,
1933-8,감사원,1933,S03700,srno,pdf_conv,,
1933-9,감사원,1933,S03700,srno,pdf_conv,,
1933-10,감사원,1933,S03700,srno,pdf_conv,,
1933-11,감사원,1933,S03700,srno,pdf_conv,,
1933-12,감사원,1933,S03700,srno,pdf_conv,분야축,
1934-1,감사원,1934,S03701,srno,pdf_conv,,
1934-2,감사원,1934,S03701,srno,pdf_conv,,
1934-3,감사원,1934,S03701,srno,pdf_conv,분야축,
1934-4,감사원,1934,S03701,srno,pdf_conv,,
1934-5,감사원,1934,S03701,srno,pdf_conv,recall,
1934-6,감사원,1934,S03701,srno,pdf_conv,,
1934-7,감사원,1934,S03701,srno,pdf_conv,분야축,
1934-8,감사원,1934,S03701,srno,pdf_conv,,
1934-9,감사원,1934,S03701,srno,pdf_conv,분야축,
1935-1,감사원,1935,S03702,srno,pdf_conv,,
1935-2,감사원,1935,S03702,srno,pdf_conv,,
1935-3,감사원,1935,S03702,srno,pdf_conv,,
1935-4,감사원,1935,S03702,srno,pdf_conv,,
1935-5,감사원,1935,S03702,srno,pdf_conv,분야축,
1935-6,감사원,1935,S03702,srno,pdf_conv,분야축,
1935-7,감사원,1935,S03702,srno,pdf_conv,,
1935-8,감사원,1935,S03702,srno,pdf_conv,,
1935-9,감사원,1935,S03702,srno,pdf_conv,분야축,
1936-1,감사원,1936,S01844,srno,hwp,,
1937-1,감사원,1937,S03703,srno,pdf_conv,,
1937-2,감사원,1937,S03703,srno,pdf_conv,,
1937-3,감사원,1937,S03703,srno,pdf_conv,분야축,
1937-4,감사원,1937,S03703,srno,pdf_conv,분야축,
1937-5,감사원,1937,S03703,srno,pdf_conv,분야축,
1937-6,감사원,1937,S03703,srno,pdf_conv,분야축,
1937-7,감사원,1937,S03703,srno,pdf_conv,분야축,
1937-8,감사원,1937,S03703,srno,pdf_conv,분야축,
1937-9,감사원,1937,S03703,srno,pdf_conv,분야축,
1938-1,감사원,1938,S01846,srno,hwp,,
1939-1,감사원,1939,S03704,srno,pdf_conv,,
1939-2,감사원,1939,S03704,srno,pdf_conv,,
1939-3,감사원,1939,S03704,srno,pdf_conv,,
1939-4,감사원,1939,S03704,srno,pdf_conv,recall,
1939-5,감사원,1939,S03704,srno,pdf_conv,,
1939-6,감사원,1939,S03704,srno,pdf_conv,,
1939-7,감사원,1939,S03704,srno,pdf_conv,,
1939-8,감사원,1939,S03704,srno,pdf_conv,,
1939-9,감사원,1939,S03704,srno,pdf_conv,,
1939-10,감사원,1939,S03704,srno,pdf_conv,,
1939-11,감사원,1939,S03704,srno,pdf_conv,recall,
1940-1,감사원,1940,S03705,srno,pdf_conv,분야축,
1940-2,감사원,1940,S03705,srno,pdf_conv,,
1940-3,감사원,1940,S03705,srno,pdf_conv,,
1940-4,감사원,1940,S03705,srno,pdf_conv,recall,
1940-5,감사원,1940,S03705,srno,pdf_conv,,
1940-6,감사원,1940,S03705,srno,pdf_conv,,
1940-7,감사원,1940,S03705,srno,pdf_conv,,
1940-8,감사원,1940,S03705,srno,pdf_conv,,
1940-9,감사원,1940,S03705,srno,pdf_conv,,
1940-10,감사원,1940,S03705,srno,pdf_conv,,
1940-11,감사원,1940,S03705,srno,pdf_conv,recall,
1940-12,감사원,1940,S03705,srno,pdf_conv,,
1940-13,감사원,1940,S03705,srno,pdf_conv,,
1940-14,감사원,1940,S03705,srno,pdf_conv,,
1940-15,감사원,1940,S03705,srno,pdf_conv,,
1940-16,감사원,1940,S03705,srno,pdf_conv,,
1940-17,감사원,1940,S03705,srno,pdf_conv,,
1940-18,감사원,1940,S03705,srno,pdf_conv,,
1940-19,감사원,1940,S03705,srno,pdf_conv,recall,
1941-1,감사원,1941,S03706,srno,pdf_conv,분야축,
1941-2,감사원,1941,S03706,srno,pdf_conv,,
1941-3,감사원,1941,S03706,srno,pdf_conv,,
1941-4,감사원,1941,S03706,srno,pdf_conv,,
1941-5,감사원,1941,S03706,srno,pdf_conv,,
1941-6,감사원,1941,S03706,srno,pdf_conv,분야축,
1941-7,감사원,1941,S03706,srno,pdf_conv,recall,
1941-8,감사원,1941,S03706,srno,pdf_conv,분야축,
1941-9,감사원,1941,S03706,srno,pdf_conv,분야축,
1941-10,감사원,1941,S03706,srno,pdf_conv,분야축,
1941-11,감사원,1941,S03706,srno,pdf_conv,recall,
1941-12,감사원,1941,S03706,srno,pdf_conv,분야축,
1942-1,감사원,1942,S03707,srno,pdf_conv,분야축,
1942-2,감사원,1942,S03707,srno,pdf_conv,분야축,
1942-3,감사원,1942,S03707,srno,pdf_conv,분야축,
1942-4,감사원,1942,S03707,srno,pdf_conv,,
1942-5,감사원,1942,S03707,srno,pdf_conv,분야축,
1942-6,감사원,1942,S03707,srno,pdf_conv,분야축,
1942-7,감사원,1942,S03707,srno,pdf_conv,분야축,
1942-8,감사원,1942,S03707,srno,pdf_conv,,
1942-9,감사원,1942,S03707,srno,pdf_conv,분야축,
1942-10,감사원,1942,S03707,srno,pdf_conv,,
1942-11,감사원,1942,S03707,srno,pdf_conv,분야축,
1942-12,감사원,1942,S03707,srno,pdf_conv,분야축,
1943-1,감사원,1943,S03708,srno,pdf_conv,분야축,
1944-1,감사원,1944,S03709,srno,pdf_conv,recall,
1944-2,감사원,1944,S03709,srno,pdf_conv,recall,
1944-3,감사원,1944,S03709,srno,pdf_conv,,
1944-4,감사원,1944,S03709,srno,pdf_conv,,
1944-5,감사원,1944,S03709,srno,pdf_conv,,
1944-6,감사원,1944,S03709,srno,pdf_conv,,
1944-7,감사원,1944,S03709,srno,pdf_conv,분야축,
1945-1,감사원,1945,S03710,srno,pdf_conv,,
1945-2,감사원,1945,S03710,srno,pdf_conv,,
1945-3,감사원,1945,S03710,srno,pdf_conv,,
1945-4,감사원,1945,S03710,srno,pdf_conv,,
1945-5,감사원,1945,S03710,srno,pdf_conv,,
1945-6,감사원,1945,S03710,srno,pdf_conv,,
1945-7,감사원,1945,S03710,srno,pdf_conv,recall,
1945-8,감사원,1945,S03710,srno,pdf_conv,,
1945-9,감사원,1945,S03710,srno,pdf_conv,,
1945-10,감사원,1945,S03710,srno,pdf_conv,,
1945-11,감사원,1945,S03710,srno,pdf_conv,,
1946-1,감사원,1946,S03711,srno,pdf_conv,,
1946-2,감사원,1946,S03711,srno,pdf_conv,recall,
1946-3,감사원,1946,S03711,srno,pdf_conv,분야축,
1946-4,감사원,1946,S03711,srno,pdf_conv,recall,
1946-5,감사원,1946,S03711,srno,pdf_conv,recall,
1946-6,감사원,1946,S03711,srno,pdf_conv,분야축,
1946-7,감사원,1946,S03711,srno,pdf_conv,,
1946-8,감사원,1946,S03711,srno,pdf_conv,분야축,
1946-9,감사원,1946,S03711,srno,pdf_conv,분야축,
1946-10,감사원,1946,S03711,srno,pdf_conv,분야축,
1946-11,감사원,1946,S03711,srno,pdf_conv,분야축,
1946-12,감사원,1946,S03711,srno,pdf_conv,,
1946-13,감사원,1946,S03711,srno,pdf_conv,분야축,
1946-14,감사원,1946,S03711,srno,pdf_conv,분야축,
1946-15,감사원,1946,S03711,srno,pdf_conv,분야축,
1947-1,감사원,1947,S03712,srno,pdf_conv,분야축,
1947-2,감사원,1947,S03712,srno,pdf_conv,,
1947-3,감사원,1947,S03712,srno,pdf_conv,,
1947-4,감사원,1947,S03712,srno,pdf_conv,,
1947-5,감사원,1947,S03712,srno,pdf_conv,,
1947-6,감사원,1947,S03712,srno,pdf_conv,,
1947-7,감사원,1947,S03712,srno,pdf_conv,,
1947-8,감사원,1947,S03712,srno,pdf_conv,,
1947-9,감사원,1947,S03712,srno,pdf_conv,,
1947-10,감사원,1947,S03712,srno,pdf_conv,recall,
1947-11,감사원,1947,S03712,srno,pdf_conv,,
1947-12,감사원,1947,S03712,srno,pdf_conv,,
1947-13,감사원,1947,S03712,srno,pdf_conv,분야축,
1947-14,감사원,1947,S03712,srno,pdf_conv,,
1947-15,감사원,1947,S03712,srno,pdf_conv,recall,
1947-16,감사원,1947,S03712,srno,pdf_conv,,
1947-17,감사원,1947,S03712,srno,pdf_conv,recall,
1947-18,감사원,1947,S03712,srno,pdf_conv,recall,
1947-19,감사원,1947,S03712,srno,pdf_conv,,
1947-20,감사원,1947,S03712,srno,pdf_conv,recall,
1947-21,감사원,1947,S03712,srno,pdf_conv,,
1947-22,감사원,1947,S03712,srno,pdf_conv,,
1947-23,감사원,1947,S03712,srno,pdf_conv,,
1947-24,감사원,1947,S03712,srno,pdf_conv,recall,
1948-1,감사원,1948,S03713,srno,pdf_conv,분야축,
1948-2,감사원,1948,S03713,srno,pdf_conv,분야축,
1948-3,감사원,1948,S03713,srno,pdf_conv,분야축,
1948-4,감사원,1948,S03713,srno,pdf_conv,분야축,
1948-5,감사원,1948,S03713,srno,pdf_conv,분야축,
1948-6,감사원,1948,S03713,srno,pdf_conv,분야축,
1948-7,감사원,1948,S03713,srno,pdf_conv,분야축,
1948-8,감사원,1948,S03713,srno,pdf_conv,분야축,
1948-9,감사원,1948,S03713,srno,pdf_conv,분야축,
1948-10,감사원,1948,S03713,srno,pdf_conv,분야축,
1948-11,감사원,1948,S03713,srno,pdf_conv,분야축,
1948-12,감사원,1948,S03713,srno,pdf_conv,분야축,
1948-13,감사원,1948,S03713,srno,pdf_conv,분야축,
1948-14,감사원,1948,S03713,srno,pdf_conv,분야축,
1948-15,감사원,1948,S03713,srno,pdf_conv,분야축,
1948-16,감사원,1948,S03713,srno,pdf_conv,분야축,
1948-17,감사원,1948,S03713,srno,pdf_conv,분야축,
1948-18,감사원,1948,S03713,srno,pdf_conv,분야축,
1948-19,감사원,1948,S03713,srno,pdf_conv,분야축,
1948-20,감사원,1948,S03713,srno,pdf_conv,분야축,
1948-21,감사원,1948,S03713,srno,pdf_conv,분야축,
1948-22,감사원,1948,S03713,srno,pdf_conv,분야축,
1948-23,감사원,1948,S03713,srno,pdf_conv,분야축,
1948-24,감사원,1948,S03713,srno,pdf_conv,분야축,
1949-1,감사원,1949,S03714,srno,pdf_conv,분야축,
1949-2,감사원,1949,S03714,srno,pdf_conv,분야축,
1950-1,감사원,1950,S01862,srno,hwp,,
1950-2,감사원,1950,S01862,srno,hwp,,
1950-3,감사원,1950,S01862,srno,hwp,,
1950-4,감사원,1950,S01862,srno,hwp,,
1950-5,감사원,1950,S01862,srno,hwp,,
1950-6,감사원,1950,S01862,srno,hwp,,
1950-7,감사원,1950,S01862,srno,hwp,,
1950-8,감사원,1950,S01862,srno,hwp,,
1950-9,감사원,1950,S01862,srno,hwp,,
1950-10,감사원,1950,S01862,srno,hwp,,
1950-11,감사원,1950,S01862,srno,hwp,,
1950-12,감사원,1950,S01862,srno,hwp,,
1950-13,감사원,1950,S01862,srno,hwp,,
1950-14,감사원,1950,S01862,srno,hwp,,
1950-15,감사원,1950,S01862,srno,hwp,,
1950-16,감사원,1950,S01862,srno,hwp,,
1950-17,감사원,1950,S01862,srno,hwp,,
1950-18,감사원,1950,S01862,srno,hwp,,
1950-19,감사원,1950,S01862,srno,hwp,,
1950-20,감사원,1950,S01862,srno,hwp,,
1950-21,감사원,1950,S01862,srno,hwp,,
1950-22,감사원,1950,S01862,srno,hwp,,
1950-23,감사원,1950,S01862,srno,hwp,,
1950-24,감사원,1950,S01862,srno,hwp,,
1950-25,감사원,1950,S01862,srno,hwp,,
1950-26,감사원,1950,S01862,srno,hwp,,
1950-27,감사원,1950,S01862,srno,hwp,,
1950-28,감사원,1950,S01862,srno,hwp,,
1951-1,감사원,1951,S03715,srno,pdf_conv,,
1951-2,감사원,1951,S03715,srno,pdf_conv,,
1951-3,감사원,1951,S03715,srno,pdf_conv,,
1951-4,감사원,1951,S03715,srno,pdf_conv,,
1951-5,감사원,1951,S03715,srno,pdf_conv,,
1951-6,감사원,1951,S03715,srno,pdf_conv,분야축,
1951-7,감사원,1951,S03715,srno,pdf_conv,분야축,
1951-8,감사원,1951,S03715,srno,pdf_conv,,
1951-9,감사원,1951,S03715,srno,pdf_conv,,
1951-10,감사원,1951,S03715,srno,pdf_conv,recall,
1951-11,감사원,1951,S03715,srno,pdf_conv,,
1952-1,감사원,1952,S01864,srno,hwp,,
1952-2,감사원,1952,S01864,srno,hwp,,
1952-3,감사원,1952,S01864,srno,hwp,,
1952-4,감사원,1952,S01864,srno,hwp,,
1952-5,감사원,1952,S01864,srno,hwp,,
1952-6,감사원,1952,S01864,srno,hwp,,
1952-7,감사원,1952,S01864,srno,hwp,,
1952-8,감사원,1952,S01864,srno,hwp,,
1952-9,감사원,1952,S01864,srno,hwp,,
1952-10,감사원,1952,S01864,srno,hwp,,
1952-11,감사원,1952,S01864,srno,hwp,,
1952-12,감사원,1952,S01864,srno,hwp,,
1952-13,감사원,1952,S01864,srno,hwp,,
1952-14,감사원,1952,S01864,srno,hwp,,
1952-15,감사원,1952,S01864,srno,hwp,,
1952-16,감사원,1952,S01864,srno,hwp,,
1952-17,감사원,1952,S01864,srno,hwp,,
1952-18,감사원,1952,S01864,srno,hwp,,
1953-1,감사원,1953,S03716,srno,pdf_conv,,
1953-2,감사원,1953,S03716,srno,pdf_conv,,
1953-3,감사원,1953,S03716,srno,pdf_conv,,
1953-4,감사원,1953,S03716,srno,pdf_conv,,
1953-5,감사원,1953,S03716,srno,pdf_conv,,
1953-6,감사원,1953,S03716,srno,pdf_conv,,
1953-7,감사원,1953,S03716,srno,pdf_conv,,
1953-8,감사원,1953,S03716,srno,pdf_conv,분야축,
1953-9,감사원,1953,S03716,srno,pdf_conv,,
1954-1,감사원,1954,S03717,srno,pdf_conv,,
1954-2,감사원,1954,S03717,srno,pdf_conv,,
1954-3,감사원,1954,S03717,srno,pdf_conv,분야축,
1954-4,감사원,1954,S03717,srno,pdf_conv,분야축,
1954-5,감사원,1954,S03717,srno,pdf_conv,분야축,
1954-6,감사원,1954,S03717,srno,pdf_conv,recall,
1954-7,감사원,1954,S03717,srno,pdf_conv,,
1954-8,감사원,1954,S03717,srno,pdf_conv,,
1954-9,감사원,1954,S03717,srno,pdf_conv,,
1954-10,감사원,1954,S03717,srno,pdf_conv,,
1954-11,감사원,1954,S03717,srno,pdf_conv,분야축,
1954-12,감사원,1954,S03717,srno,pdf_conv,,
1954-13,감사원,1954,S03717,srno,pdf_conv,분야축,
1954-14,감사원,1954,S03717,srno,pdf_conv,분야축,
1955-1,감사원,1955,S01871,srno,hwp,,
1955-2,감사원,1955,S01871,srno,hwp,,
1955-3,감사원,1955,S01871,srno,hwp,,
1955-4,감사원,1955,S01871,srno,hwp,,
1955-5,감사원,1955,S01871,srno,hwp,,
1955-6,감사원,1955,S01871,srno,hwp,,
1955-7,감사원,1955,S01871,srno,hwp,,
1955-8,감사원,1955,S01871,srno,hwp,,
1955-9,감사원,1955,S01871,srno,hwp,,
1955-10,감사원,1955,S01871,srno,hwp,,
1955-11,감사원,1955,S01871,srno,hwp,,
1955-12,감사원,1955,S01871,srno,hwp,,
1955-13,감사원,1955,S01871,srno,hwp,,
1955-14,감사원,1955,S01871,srno,hwp,,
1955-15,감사원,1955,S01871,srno,hwp,,
1955-16,감사원,1955,S01871,srno,hwp,,
1955-17,감사원,1955,S01871,srno,hwp,,
1955-18,감사원,1955,S01871,srno,hwp,,
1955-19,감사원,1955,S01871,srno,hwp,,
1955-20,감사원,1955,S01871,srno,hwp,,
1955-21,감사원,1955,S01871,srno,hwp,,
1955-22,감사원,1955,S01871,srno,hwp,,
1955-23,감사원,1955,S01871,srno,hwp,,
1955-24,감사원,1955,S01871,srno,hwp,,
1955-25,감사원,1955,S01871,srno,hwp,,
1955-26,감사원,1955,S01871,srno,hwp,,
1956-1,감사원,1956,S01872,srno,hwp,,
1956-2,감사원,1956,S01872,srno,hwp,,
1957-1,감사원,1957,S03718,srno,pdf_conv,,
1957-2,감사원,1957,S03718,srno,pdf_conv,분야축,
1957-3,감사원,1957,S03718,srno,pdf_conv,분야축,
1957-4,감사원,1957,S03718,srno,pdf_conv,분야축,
1957-5,감사원,1957,S03718,srno,pdf_conv,분야축,
1957-6,감사원,1957,S03718,srno,pdf_conv,분야축,
1957-7,감사원,1957,S03718,srno,pdf_conv,분야축,
1957-8,감사원,1957,S03718,srno,pdf_conv,분야축,
1957-9,감사원,1957,S03718,srno,pdf_conv,,
1957-10,감사원,1957,S03718,srno,pdf_conv,,
1957-11,감사원,1957,S03718,srno,pdf_conv,recall,
1957-12,감사원,1957,S03718,srno,pdf_conv,분야축,
1957-13,감사원,1957,S03718,srno,pdf_conv,분야축,
1957-14,감사원,1957,S03718,srno,pdf_conv,,
1958-1,감사원,1958,S01876,srno,hwp,,
1958-2,감사원,1958,S01876,srno,hwp,,
1959-1,감사원,1959,S03719,srno,pdf_conv,분야축,
1959-2,감사원,1959,S03719,srno,pdf_conv,,
1959-3,감사원,1959,S03719,srno,pdf_conv,분야축,
1959-4,감사원,1959,S03719,srno,pdf_conv,분야축,
1959-5,감사원,1959,S03719,srno,pdf_conv,분야축,
1959-6,감사원,1959,S03719,srno,pdf_conv,분야축,
1959-7,감사원,1959,S03719,srno,pdf_conv,,
1959-8,감사원,1959,S03719,srno,pdf_conv,분야축,
1959-9,감사원,1959,S03719,srno,pdf_conv,분야축,
1959-10,감사원,1959,S03719,srno,pdf_conv,분야축,
1959-11,감사원,1959,S03719,srno,pdf_conv,분야축,
1959-12,감사원,1959,S03719,srno,pdf_conv,,
1959-13,감사원,1959,S03719,srno,pdf_conv,분야축,
1959-14,감사원,1959,S03719,srno,pdf_conv,분야축,
1959-15,감사원,1959,S03719,srno,pdf_conv,분야축,
1959-16,감사원,1959,S03719,srno,pdf_conv,분야축,
1959-17,감사원,1959,S03719,srno,pdf_conv,분야축,
1959-18,감사원,1959,S03719,srno,pdf_conv,분야축,
1959-19,감사원,1959,S03719,srno,pdf_conv,,
1959-20,감사원,1959,S03719,srno,pdf_conv,,
1959-21,감사원,1959,S03719,srno,pdf_conv,,
1959-22,감사원,1959,S03719,srno,pdf_conv,,
1959-23,감사원,1959,S03719,srno,pdf_conv,recall,
1959-24,감사원,1959,S03719,srno,pdf_conv,,
1959-25,감사원,1959,S03719,srno,pdf_conv,,
1959-26,감사원,1959,S03719,srno,pdf_conv,,
1959-27,감사원,1959,S03719,srno,pdf_conv,분야축,
1959-28,감사원,1959,S03719,srno,pdf_conv,분야축,
1959-29,감사원,1959,S03719,srno,pdf_conv,분야축,
1959-30,감사원,1959,S03719,srno,pdf_conv,분야축,
1959-31,감사원,1959,S03719,srno,pdf_conv,분야축,
1959-32,감사원,1959,S03719,srno,pdf_conv,분야축,
1961-1,감사원,1961,S03720,srno,pdf_conv,,
1961-2,감사원,1961,S03720,srno,pdf_conv,,
1961-3,감사원,1961,S03720,srno,pdf_conv,,
1961-4,감사원,1961,S03720,srno,pdf_conv,,
1961-5,감사원,1961,S03720,srno,pdf_conv,,
1961-6,감사원,1961,S03720,srno,pdf_conv,,
1961-7,감사원,1961,S03720,srno,pdf_conv,,
1961-8,감사원,1961,S03720,srno,pdf_conv,,
1961-9,감사원,1961,S03720,srno,pdf_conv,,
1961-10,감사원,1961,S03720,srno,pdf_conv,,
1961-11,감사원,1961,S03720,srno,pdf_conv,,
1961-12,감사원,1961,S03720,srno,pdf_conv,,
1961-13,감사원,1961,S03720,srno,pdf_conv,recall,
1961-14,감사원,1961,S03720,srno,pdf_conv,,
1961-15,감사원,1961,S03720,srno,pdf_conv,recall,
1961-16,감사원,1961,S03720,srno,pdf_conv,,
1961-17,감사원,1961,S03720,srno,pdf_conv,,
1962-1,감사원,1962,S03721,srno,pdf_conv,,
1962-2,감사원,1962,S03721,srno,pdf_conv,,
1962-3,감사원,1962,S03721,srno,pdf_conv,,
1962-4,감사원,1962,S03721,srno,pdf_conv,,
1962-5,감사원,1962,S03721,srno,pdf_conv,분야축,
1962-6,감사원,1962,S03721,srno,pdf_conv,,
1962-7,감사원,1962,S03721,srno,pdf_conv,분야축,
1962-8,감사원,1962,S03721,srno,pdf_conv,,
1962-9,감사원,1962,S03721,srno,pdf_conv,,
1962-10,감사원,1962,S03721,srno,pdf_conv,,
1962-11,감사원,1962,S03721,srno,pdf_conv,,
1962-12,감사원,1962,S03721,srno,pdf_conv,,
1963-1,감사원,1963,S01882,srno,hwp,,
1963-2,감사원,1963,S01882,srno,hwp,,
1963-3,감사원,1963,S01882,srno,hwp,,
1964-1,감사원,1964,S03722,srno,pdf_conv,분야축,
1964-2,감사원,1964,S03722,srno,pdf_conv,분야축,
1964-3,감사원,1964,S03722,srno,pdf_conv,분야축,
1964-4,감사원,1964,S03722,srno,pdf_conv,분야축,
1964-5,감사원,1964,S03722,srno,pdf_conv,분야축,
1964-6,감사원,1964,S03722,srno,pdf_conv,분야축,
1964-7,감사원,1964,S03722,srno,pdf_conv,분야축,
1964-8,감사원,1964,S03722,srno,pdf_conv,분야축,
1964-9,감사원,1964,S03722,srno,pdf_conv,분야축,
1964-10,감사원,1964,S03722,srno,pdf_conv,분야축,
1964-11,감사원,1964,S03722,srno,pdf_conv,분야축,
1964-12,감사원,1964,S03722,srno,pdf_conv,분야축,
1964-13,감사원,1964,S03722,srno,pdf_conv,분야축,
1964-14,감사원,1964,S03722,srno,pdf_conv,분야축,
1964-15,감사원,1964,S03722,srno,pdf_conv,분야축,
1964-16,감사원,1964,S03722,srno,pdf_conv,분야축,
1964-17,감사원,1964,S03722,srno,pdf_conv,분야축,
1964-18,감사원,1964,S03722,srno,pdf_conv,분야축,
1964-19,감사원,1964,S03722,srno,pdf_conv,분야축,
1964-20,감사원,1964,S03722,srno,pdf_conv,분야축,
1964-21,감사원,1964,S03722,srno,pdf_conv,분야축,
1964-22,감사원,1964,S03722,srno,pdf_conv,분야축,
1964-23,감사원,1964,S03722,srno,pdf_conv,분야축,
1964-24,감사원,1964,S03722,srno,pdf_conv,분야축,
1964-25,감사원,1964,S03722,srno,pdf_conv,분야축,
1965-1,감사원,1965,S03723,srno,pdf_conv,,
1965-2,감사원,1965,S03723,srno,pdf_conv,,
1965-3,감사원,1965,S03723,srno,pdf_conv,,
1965-4,감사원,1965,S03723,srno,pdf_conv,,
1965-5,감사원,1965,S03723,srno,pdf_conv,,
1965-6,감사원,1965,S03723,srno,pdf_conv,,
1965-7,감사원,1965,S03723,srno,pdf_conv,,
1965-8,감사원,1965,S03723,srno,pdf_conv,,
1965-9,감사원,1965,S03723,srno,pdf_conv,,
1965-10,감사원,1965,S03723,srno,pdf_conv,,
1965-11,감사원,1965,S03723,srno,pdf_conv,,
1965-12,감사원,1965,S03723,srno,pdf_conv,recall,
1965-13,감사원,1965,S03723,srno,pdf_conv,,
1965-14,감사원,1965,S03723,srno,pdf_conv,,
1965-15,감사원,1965,S03723,srno,pdf_conv,분야축,
1965-16,감사원,1965,S03723,srno,pdf_conv,분야축,
1965-17,감사원,1965,S03723,srno,pdf_conv,분야축,
1965-18,감사원,1965,S03723,srno,pdf_conv,,
1965-19,감사원,1965,S03723,srno,pdf_conv,분야축,
1966-1,감사원,1966,S03724,srno,pdf_conv,분야축,
1966-2,감사원,1966,S03724,srno,pdf_conv,분야축,
1966-3,감사원,1966,S03724,srno,pdf_conv,,
1966-4,감사원,1966,S03724,srno,pdf_conv,분야축,
1966-5,감사원,1966,S03724,srno,pdf_conv,,
1966-6,감사원,1966,S03724,srno,pdf_conv,분야축,
1966-7,감사원,1966,S03724,srno,pdf_conv,,
1966-8,감사원,1966,S03724,srno,pdf_conv,,
1966-9,감사원,1966,S03724,srno,pdf_conv,,
1966-10,감사원,1966,S03724,srno,pdf_conv,,
1966-11,감사원,1966,S03724,srno,pdf_conv,recall,
1966-12,감사원,1966,S03724,srno,pdf_conv,,
1967-1,감사원,1967,S01886,srno,hwp,,
1967-2,감사원,1967,S01886,srno,hwp,,
1967-3,감사원,1967,S01886,srno,hwp,,
1967-4,감사원,1967,S01886,srno,hwp,,
1967-5,감사원,1967,S01886,srno,hwp,,
1967-6,감사원,1967,S01886,srno,hwp,,
1967-7,감사원,1967,S01886,srno,hwp,,
1967-8,감사원,1967,S01886,srno,hwp,,
1967-9,감사원,1967,S01886,srno,hwp,,
1967-10,감사원,1967,S01886,srno,hwp,,
1967-11,감사원,1967,S01886,srno,hwp,,
1967-12,감사원,1967,S01886,srno,hwp,,
1968-1,감사원,1968,S03725,srno,pdf_conv,,
1968-2,감사원,1968,S03725,srno,pdf_conv,,
1968-3,감사원,1968,S03725,srno,pdf_conv,,
1968-4,감사원,1968,S03725,srno,pdf_conv,,
1968-5,감사원,1968,S03725,srno,pdf_conv,,
1968-6,감사원,1968,S03725,srno,pdf_conv,분야축,
1968-7,감사원,1968,S03725,srno,pdf_conv,분야축,
1968-8,감사원,1968,S03725,srno,pdf_conv,,
1968-9,감사원,1968,S03725,srno,pdf_conv,recall,
1968-10,감사원,1968,S03725,srno,pdf_conv,,
1968-11,감사원,1968,S03725,srno,pdf_conv,,
1968-12,감사원,1968,S03725,srno,pdf_conv,,
1968-13,감사원,1968,S03725,srno,pdf_conv,분야축,
1968-14,감사원,1968,S03725,srno,pdf_conv,분야축,
1969-1,감사원,1969,S01888,srno,hwp,,
1969-2,감사원,1969,S01888,srno,hwp,,
1969-3,감사원,1969,S01888,srno,hwp,,
1969-4,감사원,1969,S01888,srno,hwp,,
1969-5,감사원,1969,S01888,srno,hwp,,
1969-6,감사원,1969,S01888,srno,hwp,,
1970-1,감사원,1970,S01889,srno,hwp,,
1971-1,감사원,1971,S03726,srno,pdf_conv,,
1971-2,감사원,1971,S03726,srno,pdf_conv,,
1971-3,감사원,1971,S03726,srno,pdf_conv,recall,
1971-4,감사원,1971,S03726,srno,pdf_conv,,
1971-5,감사원,1971,S03726,srno,pdf_conv,recall,
1971-6,감사원,1971,S03726,srno,pdf_conv,,
1971-7,감사원,1971,S03726,srno,pdf_conv,,
1971-8,감사원,1971,S03726,srno,pdf_conv,,
1971-9,감사원,1971,S03726,srno,pdf_conv,,
1971-10,감사원,1971,S03726,srno,pdf_conv,,
1971-11,감사원,1971,S03726,srno,pdf_conv,,
1972-1,감사원,1972,S03727,srno,pdf_conv,,
1972-2,감사원,1972,S03727,srno,pdf_conv,분야축,
1972-3,감사원,1972,S03727,srno,pdf_conv,,
1972-4,감사원,1972,S03727,srno,pdf_conv,,
1972-5,감사원,1972,S03727,srno,pdf_conv,,
1972-6,감사원,1972,S03727,srno,pdf_conv,분야축,
1972-7,감사원,1972,S03727,srno,pdf_conv,,
1972-8,감사원,1972,S03727,srno,pdf_conv,,
1973-1,감사원,1973,S01894,srno,hwp,,
1973-2,감사원,1973,S01894,srno,hwp,,
1973-3,감사원,1973,S01894,srno,hwp,,
1973-4,감사원,1973,S01894,srno,hwp,,
1973-5,감사원,1973,S01894,srno,hwp,,
1973-6,감사원,1973,S01894,srno,hwp,,
1973-7,감사원,1973,S01894,srno,hwp,,
1973-8,감사원,1973,S01894,srno,hwp,,
1973-9,감사원,1973,S01894,srno,hwp,,
1974-1,감사원,1974,S03728,srno,pdf_conv,,
1974-2,감사원,1974,S03728,srno,pdf_conv,,
1974-3,감사원,1974,S03728,srno,pdf_conv,분야축,
1974-4,감사원,1974,S03728,srno,pdf_conv,,
1974-5,감사원,1974,S03728,srno,pdf_conv,,
1974-6,감사원,1974,S03728,srno,pdf_conv,,
1974-7,감사원,1974,S03728,srno,pdf_conv,,
1974-8,감사원,1974,S03728,srno,pdf_conv,,
1974-9,감사원,1974,S03728,srno,pdf_conv,분야축,
1975-1,감사원,1975,S01898,srno,hwp,,
1975-2,감사원,1975,S01898,srno,hwp,,
1975-3,감사원,1975,S01898,srno,hwp,,
1975-4,감사원,1975,S01898,srno,hwp,,
1975-5,감사원,1975,S01898,srno,hwp,,
1975-6,감사원,1975,S01898,srno,hwp,,
1975-7,감사원,1975,S01898,srno,hwp,recall,
1975-8,감사원,1975,S01898,srno,hwp,recall,
1975-9,감사원,1975,S01898,srno,hwp,,
1975-10,감사원,1975,S01898,srno,hwp,,
1975-11,감사원,1975,S01898,srno,hwp,,
1975-12,감사원,1975,S01898,srno,hwp,,
1975-13,감사원,1975,S01898,srno,hwp,,
1975-14,감사원,1975,S01898,srno,hwp,,
1975-15,감사원,1975,S01898,srno,hwp,,
1975-16,감사원,1975,S01898,srno,hwp,,
1975-17,감사원,1975,S01898,srno,hwp,,
1975-18,감사원,1975,S01898,srno,hwp,,
1975-19,감사원,1975,S01898,srno,hwp,,
1975-20,감사원,1975,S01898,srno,hwp,,
1975-21,감사원,1975,S01898,srno,hwp,,
1975-22,감사원,1975,S01898,srno,hwp,,
1975-23,감사원,1975,S01898,srno,hwp,,
1975-24,감사원,1975,S01898,srno,hwp,,
1975-25,감사원,1975,S01898,srno,hwp,,
1975-26,감사원,1975,S01898,srno,hwp,,
1975-27,감사원,1975,S01898,srno,hwp,,
1975-28,감사원,1975,S01898,srno,hwp,,
1975-29,감사원,1975,S01898,srno,hwp,,
1975-30,감사원,1975,S01898,srno,hwp,,
1976-1,감사원,1976,S03729,srno,pdf_conv,recall,
1976-2,감사원,1976,S03729,srno,pdf_conv,,
1976-3,감사원,1976,S03729,srno,pdf_conv,,
1976-4,감사원,1976,S03729,srno,pdf_conv,,
1976-5,감사원,1976,S03729,srno,pdf_conv,,
1976-6,감사원,1976,S03729,srno,pdf_conv,,
1976-7,감사원,1976,S03729,srno,pdf_conv,,
1976-8,감사원,1976,S03729,srno,pdf_conv,recall,
1976-9,감사원,1976,S03729,srno,pdf_conv,,
1977-1,감사원,1977,S01900,srno,hwp,,
1978-1,감사원,1978,S03730,srno,pdf_conv,,
1978-2,감사원,1978,S03730,srno,pdf_conv,,
1978-3,감사원,1978,S03730,srno,pdf_conv,,
1978-4,감사원,1978,S03730,srno,pdf_conv,,
1978-5,감사원,1978,S03730,srno,pdf_conv,,
1978-6,감사원,1978,S03730,srno,pdf_conv,,
1978-7,감사원,1978,S03730,srno,pdf_conv,분야축,
1978-8,감사원,1978,S03730,srno,pdf_conv,분야축,
1978-9,감사원,1978,S03730,srno,pdf_conv,,
1978-10,감사원,1978,S03730,srno,pdf_conv,,
1978-11,감사원,1978,S03730,srno,pdf_conv,recall,
1978-12,감사원,1978,S03730,srno,pdf_conv,분야축,
1978-13,감사원,1978,S03730,srno,pdf_conv,분야축,
1978-14,감사원,1978,S03730,srno,pdf_conv,,
1978-15,감사원,1978,S03730,srno,pdf_conv,,
1978-16,감사원,1978,S03730,srno,pdf_conv,분야축,
1978-17,감사원,1978,S03730,srno,pdf_conv,,
1978-18,감사원,1978,S03730,srno,pdf_conv,,
1978-19,감사원,1978,S03730,srno,pdf_conv,,
1978-20,감사원,1978,S03730,srno,pdf_conv,,
1978-21,감사원,1978,S03730,srno,pdf_conv,,
1978-22,감사원,1978,S03730,srno,pdf_conv,,
1978-23,감사원,1978,S03730,srno,pdf_conv,,
1978-24,감사원,1978,S03730,srno,pdf_conv,,
1979-1,감사원,1979,S03731,srno,pdf_conv,,
1979-2,감사원,1979,S03731,srno,pdf_conv,,
1979-3,감사원,1979,S03731,srno,pdf_conv,recall,
1979-4,감사원,1979,S03731,srno,pdf_conv,,
1979-5,감사원,1979,S03731,srno,pdf_conv,,
1979-6,감사원,1979,S03731,srno,pdf_conv,,
1979-7,감사원,1979,S03731,srno,pdf_conv,recall,
1979-8,감사원,1979,S03731,srno,pdf_conv,분야축,
1979-9,감사원,1979,S03731,srno,pdf_conv,분야축,
1979-10,감사원,1979,S03731,srno,pdf_conv,분야축,
1979-11,감사원,1979,S03731,srno,pdf_conv,,
1979-12,감사원,1979,S03731,srno,pdf_conv,,
1979-13,감사원,1979,S03731,srno,pdf_conv,분야축,
1979-14,감사원,1979,S03731,srno,pdf_conv,분야축,
1979-15,감사원,1979,S03731,srno,pdf_conv,분야축,
1979-16,감사원,1979,S03731,srno,pdf_conv,,
1979-17,감사원,1979,S03731,srno,pdf_conv,분야축,
1979-18,감사원,1979,S03731,srno,pdf_conv,,
1979-19,감사원,1979,S03731,srno,pdf_conv,,
1980-1,감사원,1980,S03732,srno,pdf_conv,분야축,
1983-1,감사원,1983,S03735,srno,pdf_conv,,
1983-2,감사원,1983,S03735,srno,pdf_conv,분야축,
1983-3,감사원,1983,S03735,srno,pdf_conv,,
1983-4,감사원,1983,S03735,srno,pdf_conv,,
1983-5,감사원,1983,S03735,srno,pdf_conv,,
1983-6,감사원,1983,S03735,srno,pdf_conv,,
1983-7,감사원,1983,S03735,srno,pdf_conv,,
1983-8,감사원,1983,S03735,srno,pdf_conv,,
1983-9,감사원,1983,S03735,srno,pdf_conv,recall,
1983-10,감사원,1983,S03735,srno,pdf_conv,,
1983-11,감사원,1983,S03735,srno,pdf_conv,,
1983-12,감사원,1983,S03735,srno,pdf_conv,,
1983-13,감사원,1983,S03735,srno,pdf_conv,분야축,
1983-14,감사원,1983,S03735,srno,pdf_conv,,
1983-15,감사원,1983,S03735,srno,pdf_conv,,
1983-16,감사원,1983,S03735,srno,pdf_conv,,
1983-17,감사원,1983,S03735,srno,pdf_conv,,
1983-18,감사원,1983,S03735,srno,pdf_conv,,
1983-19,감사원,1983,S03735,srno,pdf_conv,,
1983-20,감사원,1983,S03735,srno,pdf_conv,,
1983-21,감사원,1983,S03735,srno,pdf_conv,,
1983-22,감사원,1983,S03735,srno,pdf_conv,,
1983-23,감사원,1983,S03735,srno,pdf_conv,,
1983-24,감사원,1983,S03735,srno,pdf_conv,,
1983-25,감사원,1983,S03735,srno,pdf_conv,,
1984-1,감사원,1984,S03736,srno,pdf_conv,,
1984-2,감사원,1984,S03736,srno,pdf_conv,,
1984-3,감사원,1984,S03736,srno,pdf_conv,분야축,
1984-4,감사원,1984,S03736,srno,pdf_conv,분야축,
1984-5,감사원,1984,S03736,srno,pdf_conv,분야축,
1984-6,감사원,1984,S03736,srno,pdf_conv,분야축,
1984-7,감사원,1984,S03736,srno,pdf_conv,,
1984-8,감사원,1984,S03736,srno,pdf_conv,분야축,
1984-9,감사원,1984,S03736,srno,pdf_conv,분야축,
1984-10,감사원,1984,S03736,srno,pdf_conv,분야축,
1986-1,감사원,1986,S03738,srno,pdf_conv,,
1986-2,감사원,1986,S03738,srno,pdf_conv,,
1986-3,감사원,1986,S03738,srno,pdf_conv,,
1986-4,감사원,1986,S03738,srno,pdf_conv,,
1986-5,감사원,1986,S03738,srno,pdf_conv,,
1986-6,감사원,1986,S03738,srno,pdf_conv,분야축,
1986-7,감사원,1986,S03738,srno,pdf_conv,,
1986-8,감사원,1986,S03738,srno,pdf_conv,,
1993-1,감사원,1993,S03739,srno,pdf_conv,,
1993-2,감사원,1993,S03739,srno,pdf_conv,,
1993-3,감사원,1993,S03739,srno,pdf_conv,,
1993-4,감사원,1993,S03739,srno,pdf_conv,분야축,
1993-5,감사원,1993,S03739,srno,pdf_conv,분야축,
1993-6,감사원,1993,S03739,srno,pdf_conv,분야축,
1993-7,감사원,1993,S03739,srno,pdf_conv,분야축,
1993-8,감사원,1993,S03739,srno,pdf_conv,분야축,
1993-9,감사원,1993,S03739,srno,pdf_conv,분야축,
1993-10,감사원,1993,S03739,srno,pdf_conv,분야축,
1993-11,감사원,1993,S03739,srno,pdf_conv,분야축,
1993-12,감사원,1993,S03739,srno,pdf_conv,,
1993-13,감사원,1993,S03739,srno,pdf_conv,분야축,
1995-1,감사원,1995,S03740,srno,pdf_conv,분야축,
1995-2,감사원,1995,S03740,srno,pdf_conv,,
1995-3,감사원,1995,S03740,srno,pdf_conv,분야축,
1995-4,감사원,1995,S03740,srno,pdf_conv,분야축,
1995-5,감사원,1995,S03740,srno,pdf_conv,분야축,
1995-6,감사원,1995,S03740,srno,pdf_conv,,
1995-7,감사원,1995,S03740,srno,pdf_conv,,
1995-8,감사원,1995,S03740,srno,pdf_conv,,
1995-9,감사원,1995,S03740,srno,pdf_conv,,
1995-10,감사원,1995,S03740,srno,pdf_conv,,
1995-11,감사원,1995,S03740,srno,pdf_conv,,
1995-12,감사원,1995,S03740,srno,pdf_conv,,
1995-13,감사원,1995,S03740,srno,pdf_conv,,
1995-14,감사원,1995,S03740,srno,pdf_conv,,
1995-15,감사원,1995,S03740,srno,pdf_conv,,
1995-16,감사원,1995,S03740,srno,pdf_conv,,
1995-17,감사원,1995,S03740,srno,pdf_conv,,
1995-18,감사원,1995,S03740,srno,pdf_conv,,
1995-19,감사원,1995,S03740,srno,pdf_conv,recall,
1995-20,감사원,1995,S03740,srno,pdf_conv,,
1995-21,감사원,1995,S03740,srno,pdf_conv,,
1995-22,감사원,1995,S03740,srno,pdf_conv,,
1995-23,감사원,1995,S03740,srno,pdf_conv,,
1995-24,감사원,1995,S03740,srno,pdf_conv,recall,
1995-25,감사원,1995,S03740,srno,pdf_conv,,
1995-26,감사원,1995,S03740,srno,pdf_conv,,
1995-27,감사원,1995,S03740,srno,pdf_conv,,
1996-1,감사원,1996,S03741,srno,pdf_conv,분야축,
1996-2,감사원,1996,S03741,srno,pdf_conv,,
1996-3,감사원,1996,S03741,srno,pdf_conv,recall,
1996-4,감사원,1996,S03741,srno,pdf_conv,분야축,
1996-5,감사원,1996,S03741,srno,pdf_conv,,
1996-6,감사원,1996,S03741,srno,pdf_conv,,
1996-7,감사원,1996,S03741,srno,pdf_conv,분야축,
1996-8,감사원,1996,S03741,srno,pdf_conv,,
1996-9,감사원,1996,S03741,srno,pdf_conv,분야축,
1996-10,감사원,1996,S03741,srno,pdf_conv,,
1997-1,감사원,1997,S01920,srno,hwp,,
1997-2,감사원,1997,S01920,srno,hwp,,
1998-1,감사원,1998,S03742,srno,pdf_conv,,
1998-2,감사원,1998,S03742,srno,pdf_conv,분야축,
1998-3,감사원,1998,S03742,srno,pdf_conv,,
1998-4,감사원,1998,S03742,srno,pdf_conv,,
1998-5,감사원,1998,S03742,srno,pdf_conv,,
1998-6,감사원,1998,S03742,srno,pdf_conv,,
1998-7,감사원,1998,S03742,srno,pdf_conv,,
1998-8,감사원,1998,S03742,srno,pdf_conv,,
1998-9,감사원,1998,S03742,srno,pdf_conv,,
2000-1,감사원,2000,S03743,srno,pdf_conv,recall,
2000-2,감사원,2000,S03743,srno,pdf_conv,,
2000-3,감사원,2000,S03743,srno,pdf_conv,분야축,
2000-4,감사원,2000,S03743,srno,pdf_conv,분야축,
2000-5,감사원,2000,S03743,srno,pdf_conv,분야축,
2000-6,감사원,2000,S03743,srno,pdf_conv,,
2000-7,감사원,2000,S03743,srno,pdf_conv,분야축,
2001-1,감사원,2001,S03744,srno,pdf_conv,분야축,
2002-1,감사원,2002,S03745,srno,pdf_conv,,
2002-2,감사원,2002,S03745,srno,pdf_conv,분야축,
2002-3,감사원,2002,S03745,srno,pdf_conv,,
2002-4,감사원,2002,S03745,srno,pdf_conv,,
2002-5,감사원,2002,S03745,srno,pdf_conv,,
2002-6,감사원,2002,S03745,srno,pdf_conv,recall,
2002-7,감사원,2002,S03745,srno,pdf_conv,,
2002-8,감사원,2002,S03745,srno,pdf_conv,recall,
2002-9,감사원,2002,S03745,srno,pdf_conv,recall,
2002-10,감사원,2002,S03745,srno,pdf_conv,,
2003-1,감사원,2003,S03746,srno,pdf_conv,분야축,
2003-2,감사원,2003,S03746,srno,pdf_conv,분야축,
2003-3,감사원,2003,S03746,srno,pdf_conv,분야축,
2003-4,감사원,2003,S03746,srno,pdf_conv,분야축,
2003-5,감사원,2003,S03746,srno,pdf_conv,분야축,
2003-6,감사원,2003,S03746,srno,pdf_conv,분야축,
2003-7,감사원,2003,S03746,srno,pdf_conv,분야축,
2003-8,감사원,2003,S03746,srno,pdf_conv,분야축,
2003-9,감사원,2003,S03746,srno,pdf_conv,분야축,
2003-10,감사원,2003,S03746,srno,pdf_conv,분야축,
2003-11,감사원,2003,S03746,srno,pdf_conv,분야축,
2003-12,감사원,2003,S03746,srno,pdf_conv,분야축,
2003-13,감사원,2003,S03746,srno,pdf_conv,분야축,
2003-14,감사원,2003,S03746,srno,pdf_conv,분야축,
2003-15,감사원,2003,S03746,srno,pdf_conv,분야축,
2003-16,감사원,2003,S03746,srno,pdf_conv,분야축,
2003-17,감사원,2003,S03746,srno,pdf_conv,분야축,
2003-18,감사원,2003,S03746,srno,pdf_conv,분야축,
2003-19,감사원,2003,S03746,srno,pdf_conv,분야축,
2003-20,감사원,2003,S03746,srno,pdf_conv,분야축,
2003-21,감사원,2003,S03746,srno,pdf_conv,분야축,
2004-1,감사원,2004,S03747,srno,pdf_conv,분야축,
2004-2,감사원,2004,S03747,srno,pdf_conv,분야축,
2004-3,감사원,2004,S03747,srno,pdf_conv,분야축,
2004-4,감사원,2004,S03747,srno,pdf_conv,,
2004-5,감사원,2004,S03747,srno,pdf_conv,,
2004-6,감사원,2004,S03747,srno,pdf_conv,,
2004-7,감사원,2004,S03747,srno,pdf_conv,,
2004-8,감사원,2004,S03747,srno,pdf_conv,,
2004-9,감사원,2004,S03747,srno,pdf_conv,,
2004-10,감사원,2004,S03747,srno,pdf_conv,분야축,
2004-11,감사원,2004,S03747,srno,pdf_conv,분야축,
2008-1,감사원,2008,S03751,srno,pdf_conv,,
2008-2,감사원,2008,S03751,srno,pdf_conv,,
2008-3,감사원,2008,S03751,srno,pdf_conv,recall,
2008-4,감사원,2008,S03751,srno,pdf_conv,recall,
2008-5,감사원,2008,S03751,srno,pdf_conv,,
2008-6,감사원,2008,S03751,srno,pdf_conv,,
2008-7,감사원,2008,S03751,srno,pdf_conv,,
2008-8,감사원,2008,S03751,srno,pdf_conv,분야축,
2008-9,감사원,2008,S03751,srno,pdf_conv,,
2008-10,감사원,2008,S03751,srno,pdf_conv,분야축,
2012-1,감사원,2012,S03753,srno,pdf_conv,분야축,
2012-2,감사원,2012,S03753,srno,pdf_conv,분야축,
2012-3,감사원,2012,S03753,srno,pdf_conv,recall,
2012-4,감사원,2012,S03753,srno,pdf_conv,분야축,
2012-5,감사원,2012,S03753,srno,pdf_conv,,
2012-6,감사원,2012,S03753,srno,pdf_conv,recall,
2012-7,감사원,2012,S03753,srno,pdf_conv,,
2012-8,감사원,2012,S03753,srno,pdf_conv,분야축,
2012-9,감사원,2012,S03753,srno,pdf_conv,,
2012-10,감사원,2012,S03753,srno,pdf_conv,,
2012-11,감사원,2012,S03753,srno,pdf_conv,,
2012-12,감사원,2012,S03753,srno,pdf_conv,,
2012-13,감사원,2012,S03753,srno,pdf_conv,,
2013-1,감사원,2013,S03754,srno,pdf_conv,,
2013-2,감사원,2013,S03754,srno,pdf_conv,,
2013-3,감사원,2013,S03754,srno,pdf_conv,,
2013-4,감사원,2013,S03754,srno,pdf_conv,,
2013-5,감사원,2013,S03754,srno,pdf_conv,분야축,
2014-1,감사원,2014,S01938,srno,pdf,,
2014-2,감사원,2014,S01938,srno,pdf,,
2014-3,감사원,2014,S01938,srno,pdf,,
2014-4,감사원,2014,S01938,srno,pdf,,
2014-5,감사원,2014,S01938,srno,pdf,,
2014-6,감사원,2014,S01938,srno,pdf,,
2014-7,감사원,2014,S01938,srno,pdf,,
2015-1,감사원,2015,S03756,srno,pdf_conv,분야축,
2015-2,감사원,2015,S03756,srno,pdf_conv,분야축,
2016-1,감사원,2016,S03755,srno,pdf_conv,,
2016-2,감사원,2016,S03755,srno,pdf_conv,,
2016-3,감사원,2016,S03755,srno,pdf_conv,,
2016-4,감사원,2016,S03755,srno,pdf_conv,,
2016-5,감사원,2016,S03755,srno,pdf_conv,분야축,
2016-6,감사원,2016,S03755,srno,pdf_conv,,
2016-7,감사원,2016,S03755,srno,pdf_conv,,
2016-8,감사원,2016,S03755,srno,pdf_conv,,
2016-9,감사원,2016,S03755,srno,pdf_conv,,
2016-10,감사원,2016,S03755,srno,pdf_conv,,
2016-11,감사원,2016,S03755,srno,pdf_conv,,
2018-1,감사원,2018,S03752,srno,pdf_conv,분야축,
2018-2,감사원,2018,S03752,srno,pdf_conv,분야축,
2018-3,감사원,2018,S03752,srno,pdf_conv,분야축,
2018-4,감사원,2018,S03752,srno,pdf_conv,분야축,
2018-5,감사원,2018,S03752,srno,pdf_conv,분야축,
2018-6,감사원,2018,S03752,srno,pdf_conv,recall,
2018-7,감사원,2018,S03752,srno,pdf_conv,,
2018-8,감사원,2018,S03752,srno,pdf_conv,,
2018-9,감사원,2018,S03752,srno,pdf_conv,,
2018-10,감사원,2018,S03752,srno,pdf_conv,분야축,
2018-11,감사원,2018,S03752,srno,pdf_conv,분야축,
2018-12,감사원,2018,S03752,srno,pdf_conv,분야축,
2018-13,감사원,2018,S03752,srno,pdf_conv,분야축,
2018-14,감사원,2018,S03752,srno,pdf_conv,분야축,
2018-15,감사원,2018,S03752,srno,pdf_conv,분야축,
2018-16,감사원,2018,S03752,srno,pdf_conv,,
2018-17,감사원,2018,S03752,srno,pdf_conv,,
2018-18,감사원,2018,S03752,srno,pdf_conv,분야축,
2018-19,감사원,2018,S03752,srno,pdf_conv,,
2018-20,감사원,2018,S03752,srno,pdf_conv,,
2018-21,감사원,2018,S03752,srno,pdf_conv,,
2018-22,감사원,2018,S03752,srno,pdf_conv,recall,
2019-1,감사원,2019,S03758,srno,pdf_conv,recall,
2019-2,감사원,2019,S03758,srno,pdf_conv,recall,
2019-3,감사원,2019,S03758,srno,pdf_conv,,
2019-4,감사원,2019,S03758,srno,pdf_conv,,
2019-5,감사원,2019,S03758,srno,pdf_conv,,
2019-6,감사원,2019,S03758,srno,pdf_conv,,
2019-7,감사원,2019,S03758,srno,pdf_conv,,
2019-8,감사원,2019,S03758,srno,pdf_conv,,
2019-9,감사원,2019,S03758,srno,pdf_conv,,
2019-10,감사원,2019,S03758,srno,pdf_conv,,
2019-11,감사원,2019,S03758,srno,pdf_conv,,
2019-12,감사원,2019,S03758,srno,pdf_conv,,
2019-13,감사원,2019,S03758,srno,pdf_conv,,
2019-14,감사원,2019,S03758,srno,pdf_conv,,
2019-15,감사원,2019,S03758,srno,pdf_conv,,
2019-16,감사원,2019,S03758,srno,pdf_conv,,
2019-17,감사원,2019,S03758,srno,pdf_conv,분야축,
2019-18,감사원,2019,S03758,srno,pdf_conv,,
2019-19,감사원,2019,S03758,srno,pdf_conv,,
2019-20,감사원,2019,S03758,srno,pdf_conv,,
2021-1,감사원,2021,S03759,srno,pdf_conv,,
2021-2,감사원,2021,S03759,srno,pdf_conv,,
2021-3,감사원,2021,S03759,srno,pdf_conv,분야축,
2021-4,감사원,2021,S03759,srno,pdf_conv,,
2021-5,감사원,2021,S03759,srno,pdf_conv,,
2021-6,감사원,2021,S03759,srno,pdf_conv,,
2021-7,감사원,2021,S03759,srno,pdf_conv,,
2021-8,감사원,2021,S03759,srno,pdf_conv,,
2021-9,감사원,2021,S03759,srno,pdf_conv,분야축,
2021-10,감사원,2021,S03759,srno,pdf_conv,분야축,
2021-11,감사원,2021,S03759,srno,pdf_conv,,
2021-12,감사원,2021,S03759,srno,pdf_conv,,
2021-13,감사원,2021,S03759,srno,pdf_conv,,
2021-14,감사원,2021,S03759,srno,pdf_conv,,
2021-15,감사원,2021,S03759,srno,pdf_conv,,
2022-1,감사원,2022,S01946,srno,hwp,,
2022-2,감사원,2022,S01946,srno,hwp,,
2022-3,감사원,2022,S01946,srno,hwp,,
2022-4,감사원,2022,S01946,srno,hwp,,
2022-5,감사원,2022,S01946,srno,hwp,,
2022-6,감사원,2022,S01946,srno,hwp,,
2022-7,감사원,2022,S01946,srno,hwp,,
2022-8,감사원,2022,S01946,srno,hwp,,
2022-9,감사원,2022,S01946,srno,hwp,,
2022-10,감사원,2022,S01946,srno,hwp,,
2022-11,감사원,2022,S01946,srno,hwp,,
2022-12,감사원,2022,S01946,srno,hwp,,
2022-13,감사원,2022,S01946,srno,hwp,,
2023-1,감사원,2023,S03749,srno,pdf_conv,,
2023-2,감사원,2023,S03749,srno,pdf_conv,recall,
2023-3,감사원,2023,S03749,srno,pdf_conv,,
2023-4,감사원,2023,S03749,srno,pdf_conv,,
2023-5,감사원,2023,S03749,srno,pdf_conv,,
2023-6,감사원,2023,S03749,srno,pdf_conv,분야축,
2023-7,감사원,2023,S03749,srno,pdf_conv,분야축,
2024-1,감사원,2024,S03761,srno,pdf_conv,분야축,
2024-2,감사원,2024,S03761,srno,pdf_conv,,
2024-3,감사원,2024,S03761,srno,pdf_conv,,
2024-4,감사원,2024,S03761,srno,pdf_conv,,
2024-5,감사원,2024,S03761,srno,pdf_conv,,
2024-6,감사원,2024,S03761,srno,pdf_conv,,
2024-7,감사원,2024,S03761,srno,pdf_conv,,
2024-8,감사원,2024,S03761,srno,pdf_conv,recall,
2024-9,감사원,2024,S03761,srno,pdf_conv,분야축,
2024-10,감사원,2024,S03761,srno,pdf_conv,분야축,
2024-11,감사원,2024,S03761,srno,pdf_conv,분야축,
2024-12,감사원,2024,S03761,srno,pdf_conv,분야축,
2024-13,감사원,2024,S03761,srno,pdf_conv,분야축,
2024-14,감사원,2024,S03761,srno,pdf_conv,분야축,
2024-15,감사원,2024,S03761,srno,pdf_conv,분야축,
2024-16,감사원,2024,S03761,srno,pdf_conv,,
2024-17,감사원,2024,S03761,srno,pdf_conv,,
2024-18,감사원,2024,S03761,srno,pdf_conv,,
2024-19,감사원,2024,S03761,srno,pdf_conv,,
2024-20,감사원,2024,S03761,srno,pdf_conv,분야축,
2024-21,감사원,2024,S03761,srno,pdf_conv,,
2024-22,감사원,2024,S03761,srno,pdf_conv,분야축,
2024-23,감사원,2024,S03761,srno,pdf_conv,,
2024-24,감사원,2024,S03761,srno,pdf_conv,,
2024-25,감사원,2024,S03761,srno,pdf_conv,,
2024-26,감사원,2024,S03761,srno,pdf_conv,,
2024-27,감사원,2024,S03761,srno,pdf_conv,,
2024-28,감사원,2024,S03761,srno,pdf_conv,분야축,
2024-29,감사원,2024,S03761,srno,pdf_conv,분야축,
2024-30,감사원,2024,S03761,srno,pdf_conv,분야축,
2024-31,감사원,2024,S03761,srno,pdf_conv,분야축,
2025-1,감사원,2025,S03762,srno,pdf_conv,분야축,
2025-2,감사원,2025,S03762,srno,pdf_conv,,
2025-3,감사원,2025,S03762,srno,pdf_conv,분야축,
2025-4,감사원,2025,S03762,srno,pdf_conv,,
2025-5,감사원,2025,S03762,srno,pdf_conv,분야축,
2025-6,감사원,2025,S03762,srno,pdf_conv,,
2025-7,감사원,2025,S03762,srno,pdf_conv,분야축,
2025-8,감사원,2025,S03762,srno,pdf_conv,분야축,
2025-9,감사원,2025,S03762,srno,pdf_conv,분야축,
2025-10,감사원,2025,S03762,srno,pdf_conv,분야축,
2025-11,감사원,2025,S03762,srno,pdf_conv,,
2025-12,감사원,2025,S03762,srno,pdf_conv,,
2025-13,감사원,2025,S03762,srno,pdf_conv,recall,
2025-14,감사원,2025,S03762,srno,pdf_conv,,
2025-15,감사원,2025,S03762,srno,pdf_conv,recall,
2025-16,감사원,2025,S03762,srno,pdf_conv,분야축,
2025-17,감사원,2025,S03762,srno,pdf_conv,분야축,
2025-18,감사원,2025,S03762,srno,pdf_conv,분야축,
2025-19,감사원,2025,S03762,srno,pdf_conv,recall,
2025-20,감사원,2025,S03762,srno,pdf_conv,,
2025-21,감사원,2025,S03762,srno,pdf_conv,,
2025-22,감사원,2025,S03762,srno,pdf_conv,recall,
2025-23,감사원,2025,S03762,srno,pdf_conv,,
2025-24,감사원,2025,S03762,srno,pdf_conv,,
2025-25,감사원,2025,S03762,srno,pdf_conv,,
2025-26,감사원,2025,S03762,srno,pdf_conv,,
2026-1,감사원,2026,S03763,srno,pdf_conv,recall,
2026-2,감사원,2026,S03763,srno,pdf_conv,recall,
2026-3,감사원,2026,S03763,srno,pdf_conv,,
2026-4,감사원,2026,S03763,srno,pdf_conv,recall,
2026-5,감사원,2026,S03763,srno,pdf_conv,분야축,
2026-6,감사원,2026,S03763,srno,pdf_conv,분야축,
2026-7,감사원,2026,S03763,srno,pdf_conv,recall,
2026-8,감사원,2026,S03763,srno,pdf_conv,recall,
2026-9,감사원,2026,S03763,srno,pdf_conv,분야축,
2026-10,감사원,2026,S03763,srno,pdf_conv,분야축,
2026-11,감사원,2026,S03763,srno,pdf_conv,분야축,
2026-12,감사원,2026,S03763,srno,pdf_conv,분야축,
2026-13,감사원,2026,S03763,srno,pdf_conv,recall,
2026-14,감사원,2026,S03763,srno,pdf_conv,분야축,
2026-15,감사원,2026,S03763,srno,pdf_conv,분야축,
2028-1,감사원,2028,S01958,srno,hwp,,
2028-2,감사원,2028,S01958,srno,hwp,,
2028-3,감사원,2028,S01958,srno,hwp,,
2028-4,감사원,2028,S01958,srno,hwp,,
2029-1,감사원,2029,S01959,srno,hwp,,
2029-2,감사원,2029,S01959,srno,hwp,,
2029-3,감사원,2029,S01959,srno,hwp,,
2029-4,감사원,2029,S01959,srno,hwp,,
2030-1,감사원,2030,S03764,srno,pdf_conv,,
2030-2,감사원,2030,S03764,srno,pdf_conv,recall,
2030-3,감사원,2030,S03764,srno,pdf_conv,,
2030-4,감사원,2030,S03764,srno,pdf_conv,,
2030-5,감사원,2030,S03764,srno,pdf_conv,,
2030-6,감사원,2030,S03764,srno,pdf_conv,분야축,
2030-7,감사원,2030,S03764,srno,pdf_conv,,
2030-8,감사원,2030,S03764,srno,pdf_conv,분야축,
2031-1,감사원,2031,S01961,srno,hwp,,
2031-2,감사원,2031,S01961,srno,hwp,,
2032-1,감사원,2032,S03760,srno,pdf_conv,,
2032-2,감사원,2032,S03760,srno,pdf_conv,recall,
2032-3,감사원,2032,S03760,srno,pdf_conv,,
2032-4,감사원,2032,S03760,srno,pdf_conv,,
2032-5,감사원,2032,S03760,srno,pdf_conv,,
2032-6,감사원,2032,S03760,srno,pdf_conv,분야축,
2032-7,감사원,2032,S03760,srno,pdf_conv,분야축,
2032-8,감사원,2032,S03760,srno,pdf_conv,,
2032-9,감사원,2032,S03760,srno,pdf_conv,분야축,
2032-10,감사원,2032,S03760,srno,pdf_conv,분야축,
2032-11,감사원,2032,S03760,srno,pdf_conv,,
2032-12,감사원,2032,S03760,srno,pdf_conv,,
2032-13,감사원,2032,S03760,srno,pdf_conv,분야축,
2032-14,감사원,2032,S03760,srno,pdf_conv,분야축,
2033-1,감사원,2033,S01962,srno,hwp,,
2033-2,감사원,2033,S01962,srno,hwp,,
2033-3,감사원,2033,S01962,srno,hwp,,
2033-4,감사원,2033,S01962,srno,hwp,,
2034-1,감사원,2034,S03765,srno,pdf_conv,,
2034-2,감사원,2034,S03765,srno,pdf_conv,,
2034-3,감사원,2034,S03765,srno,pdf_conv,,
2034-4,감사원,2034,S03765,srno,pdf_conv,,
2034-5,감사원,2034,S03765,srno,pdf_conv,,
2034-6,감사원,2034,S03765,srno,pdf_conv,,
2034-7,감사원,2034,S03765,srno,pdf_conv,,
2034-8,감사원,2034,S03765,srno,pdf_conv,,
2034-9,감사원,2034,S03765,srno,pdf_conv,,
2034-10,감사원,2034,S03765,srno,pdf_conv,,
2034-11,감사원,2034,S03765,srno,pdf_conv,,
2034-12,감사원,2034,S03765,srno,pdf_conv,분야축,
2035-1,감사원,2035,S01964,srno,hwp,,
2035-2,감사원,2035,S01964,srno,hwp,,
2035-3,감사원,2035,S01964,srno,hwp,,
2035-4,감사원,2035,S01964,srno,hwp,,
2035-5,감사원,2035,S01964,srno,hwp,,
2035-6,감사원,2035,S01964,srno,hwp,,
2035-7,감사원,2035,S01964,srno,hwp,,
2036-1,감사원,2036,S03766,srno,pdf_conv,,
2036-2,감사원,2036,S03766,srno,pdf_conv,,
2036-3,감사원,2036,S03766,srno,pdf_conv,,
2036-4,감사원,2036,S03766,srno,pdf_conv,,
2036-5,감사원,2036,S03766,srno,pdf_conv,,
2036-6,감사원,2036,S03766,srno,pdf_conv,,
2036-7,감사원,2036,S03766,srno,pdf_conv,,
2036-8,감사원,2036,S03766,srno,pdf_conv,,
2036-9,감사원,2036,S03766,srno,pdf_conv,,
2036-10,감사원,2036,S03766,srno,pdf_conv,분야축,
2037-1,감사원,2037,S03767,srno,pdf_conv,분야축,
2037-2,감사원,2037,S03767,srno,pdf_conv,분야축,
2037-3,감사원,2037,S03767,srno,pdf_conv,분야축,
2037-4,감사원,2037,S03767,srno,pdf_conv,,
2037-5,감사원,2037,S03767,srno,pdf_conv,,
2037-6,감사원,2037,S03767,srno,pdf_conv,,
2037-7,감사원,2037,S03767,srno,pdf_conv,,
2037-8,감사원,2037,S03767,srno,pdf_conv,,
2037-9,감사원,2037,S03767,srno,pdf_conv,,
2037-10,감사원,2037,S03767,srno,pdf_conv,,
2037-11,감사원,2037,S03767,srno,pdf_conv,,
2038-1,감사원,2038,S03768,srno,pdf_conv,recall,
2038-2,감사원,2038,S03768,srno,pdf_conv,recall,
2038-3,감사원,2038,S03768,srno,pdf_conv,,
2038-4,감사원,2038,S03768,srno,pdf_conv,분야축,
2038-5,감사원,2038,S03768,srno,pdf_conv,,
2038-6,감사원,2038,S03768,srno,pdf_conv,분야축,
2038-7,감사원,2038,S03768,srno,pdf_conv,,
2038-8,감사원,2038,S03768,srno,pdf_conv,분야축,
2038-9,감사원,2038,S03768,srno,pdf_conv,,
2038-10,감사원,2038,S03768,srno,pdf_conv,,
2038-11,감사원,2038,S03768,srno,pdf_conv,,
2038-12,감사원,2038,S03768,srno,pdf_conv,분야축,
2038-13,감사원,2038,S03768,srno,pdf_conv,,
2038-14,감사원,2038,S03768,srno,pdf_conv,,
2038-15,감사원,2038,S03768,srno,pdf_conv,,
2038-16,감사원,2038,S03768,srno,pdf_conv,recall,
2038-17,감사원,2038,S03768,srno,pdf_conv,,
2038-18,감사원,2038,S03768,srno,pdf_conv,,
2038-19,감사원,2038,S03768,srno,pdf_conv,,
2038-20,감사원,2038,S03768,srno,pdf_conv,,
2038-21,감사원,2038,S03768,srno,pdf_conv,recall,
2038-22,감사원,2038,S03768,srno,pdf_conv,,
2038-23,감사원,2038,S03768,srno,pdf_conv,,
2038-24,감사원,2038,S03768,srno,pdf_conv,,
2038-25,감사원,2038,S03768,srno,pdf_conv,,
2038-26,감사원,2038,S03768,srno,pdf_conv,분야축,
2038-27,감사원,2038,S03768,srno,pdf_conv,분야축,
2039-1,감사원,2039,S03769,srno,pdf_conv,,
2039-2,감사원,2039,S03769,srno,pdf_conv,,
2039-3,감사원,2039,S03769,srno,pdf_conv,,
2039-4,감사원,2039,S03769,srno,pdf_conv,분야축,
2039-5,감사원,2039,S03769,srno,pdf_conv,분야축,
2039-6,감사원,2039,S03769,srno,pdf_conv,,
2039-7,감사원,2039,S03769,srno,pdf_conv,,
2039-8,감사원,2039,S03769,srno,pdf_conv,분야축,
2039-9,감사원,2039,S03769,srno,pdf_conv,분야축,
2040-1,감사원,2040,S03770,srno,pdf_conv,,
2040-2,감사원,2040,S03770,srno,pdf_conv,분야축,
2040-3,감사원,2040,S03770,srno,pdf_conv,분야축,
2040-4,감사원,2040,S03770,srno,pdf_conv,,
2040-5,감사원,2040,S03770,srno,pdf_conv,,
2040-6,감사원,2040,S03770,srno,pdf_conv,,
2040-7,감사원,2040,S03770,srno,pdf_conv,,
2040-8,감사원,2040,S03770,srno,pdf_conv,분야축,
2040-9,감사원,2040,S03770,srno,pdf_conv,분야축,
2040-10,감사원,2040,S03770,srno,pdf_conv,분야축,
2040-11,감사원,2040,S03770,srno,pdf_conv,,
2041-1,감사원,2041,S01972,srno,pdf,,
2044-1,감사원,2044,S03772,srno,pdf_conv,,
2044-2,감사원,2044,S03772,srno,pdf_conv,,
2044-3,감사원,2044,S03772,srno,pdf_conv,분야축,
2044-4,감사원,2044,S03772,srno,pdf_conv,분야축,
2044-5,감사원,2044,S03772,srno,pdf_conv,,
2044-6,감사원,2044,S03772,srno,pdf_conv,분야축,
2044-7,감사원,2044,S03772,srno,pdf_conv,분야축,
2044-8,감사원,2044,S03772,srno,pdf_conv,분야축,
2044-9,감사원,2044,S03772,srno,pdf_conv,분야축,
2044-10,감사원,2044,S03772,srno,pdf_conv,,
2044-11,감사원,2044,S03772,srno,pdf_conv,,
2044-12,감사원,2044,S03772,srno,pdf_conv,,
2044-13,감사원,2044,S03772,srno,pdf_conv,,
2044-14,감사원,2044,S03772,srno,pdf_conv,,
2044-15,감사원,2044,S03772,srno,pdf_conv,,
2044-16,감사원,2044,S03772,srno,pdf_conv,분야축,
2044-17,감사원,2044,S03772,srno,pdf_conv,,
2044-18,감사원,2044,S03772,srno,pdf_conv,분야축,
2044-19,감사원,2044,S03772,srno,pdf_conv,,
2044-20,감사원,2044,S03772,srno,pdf_conv,,
2045-1,감사원,2045,S01975,srno,pdf,,
2046-1,감사원,2046,S01976,srno,pdf,분야축,
2046-2,감사원,2046,S01976,srno,pdf,분야축,
2046-3,감사원,2046,S01976,srno,pdf,분야축,
2046-4,감사원,2046,S01976,srno,pdf,,
2046-5,감사원,2046,S01976,srno,pdf,,
2046-6,감사원,2046,S01976,srno,pdf,,
2046-7,감사원,2046,S01976,srno,pdf,,
2046-8,감사원,2046,S01976,srno,pdf,,
2046-9,감사원,2046,S01976,srno,pdf,분야축,
2046-10,감사원,2046,S01976,srno,pdf,,
2046-11,감사원,2046,S01976,srno,pdf,,
2046-12,감사원,2046,S01976,srno,pdf,분야축,
2046-13,감사원,2046,S01976,srno,pdf,분야축,
2046-14,감사원,2046,S01976,srno,pdf,분야축,
2046-15,감사원,2046,S01976,srno,pdf,,
2046-16,감사원,2046,S01976,srno,pdf,,
2046-17,감사원,2046,S01976,srno,pdf,,
2046-18,감사원,2046,S01976,srno,pdf,recall,
2046-19,감사원,2046,S01976,srno,pdf,,
2046-20,감사원,2046,S01976,srno,pdf,분야축,
2046-21,감사원,2046,S01976,srno,pdf,,
2046-22,감사원,2046,S01976,srno,pdf,,
2046-23,감사원,2046,S01976,srno,pdf,분야축,
2046-24,감사원,2046,S01976,srno,pdf,,
2046-25,감사원,2046,S01976,srno,pdf,,
2046-26,감사원,2046,S01976,srno,pdf,분야축,
2046-27,감사원,2046,S01976,srno,pdf,,
2046-28,감사원,2046,S01976,srno,pdf,,
2046-29,감사원,2046,S01976,srno,pdf,,
2046-30,감사원,2046,S01976,srno,pdf,,
2046-31,감사원,2046,S01976,srno,pdf,분야축,
2046-32,감사원,2046,S01976,srno,pdf,,
2046-33,감사원,2046,S01976,srno,pdf,분야축,
2046-34,감사원,2046,S01976,srno,pdf,recall,
2046-35,감사원,2046,S01976,srno,pdf,recall,
2046-36,감사원,2046,S01976,srno,pdf,,
2046-37,감사원,2046,S01976,srno,pdf,recall,
2046-38,감사원,2046,S01976,srno,pdf,,
2046-39,감사원,2046,S01976,srno,pdf,,
2046-40,감사원,2046,S01976,srno,pdf,,
2046-41,감사원,2046,S01976,srno,pdf,,
2046-42,감사원,2046,S01976,srno,pdf,,
2046-43,감사원,2046,S01976,srno,pdf,recall,
2046-44,감사원,2046,S01976,srno,pdf,,
2046-45,감사원,2046,S01976,srno,pdf,분야축,
2046-46,감사원,2046,S01976,srno,pdf,,
2046-47,감사원,2046,S01976,srno,pdf,분야축,
2046-48,감사원,2046,S01976,srno,pdf,recall,
2046-49,감사원,2046,S01976,srno,pdf,,
2046-50,감사원,2046,S01976,srno,pdf,,
2047-1,감사원,2047,S01994,srno,pdf,,
2047-2,감사원,2047,S01994,srno,pdf,recall,
2048-1,감사원,2048,S01995,srno,pdf,,
2048-2,감사원,2048,S01995,srno,pdf,,
2048-3,감사원,2048,S01995,srno,pdf,recall,
2048-4,감사원,2048,S01995,srno,pdf,분야축,
2048-5,감사원,2048,S01995,srno,pdf,분야축,
2048-6,감사원,2048,S01995,srno,pdf,분야축,
2048-7,감사원,2048,S01995,srno,pdf,,
2048-8,감사원,2048,S01995,srno,pdf,분야축,
2048-9,감사원,2048,S01995,srno,pdf,분야축,
2048-10,감사원,2048,S01995,srno,pdf,recall,
2048-11,감사원,2048,S01995,srno,pdf,recall,
2048-12,감사원,2048,S01995,srno,pdf,recall,
2048-13,감사원,2048,S01995,srno,pdf,,
2048-14,감사원,2048,S01995,srno,pdf,,
2048-15,감사원,2048,S01995,srno,pdf,,
2048-16,감사원,2048,S01995,srno,pdf,분야축,
2048-17,감사원,2048,S01995,srno,pdf,분야축,
2048-18,감사원,2048,S01995,srno,pdf,,
2048-19,감사원,2048,S01995,srno,pdf,,
2048-20,감사원,2048,S01995,srno,pdf,,
2048-21,감사원,2048,S01995,srno,pdf,분야축,
2048-22,감사원,2048,S01995,srno,pdf,분야축,
2048-23,감사원,2048,S01995,srno,pdf,분야축,
2048-24,감사원,2048,S01995,srno,pdf,,
2048-25,감사원,2048,S01995,srno,pdf,recall,
2048-26,감사원,2048,S01995,srno,pdf,분야축,
2048-27,감사원,2048,S01995,srno,pdf,,
2048-28,감사원,2048,S01995,srno,pdf,,
2048-29,감사원,2048,S01995,srno,pdf,,
2048-30,감사원,2048,S01995,srno,pdf,분야축,
2048-31,감사원,2048,S01995,srno,pdf,분야축,
2048-32,감사원,2048,S01995,srno,pdf,,
2048-33,감사원,2048,S01995,srno,pdf,분야축,
2048-34,감사원,2048,S01995,srno,pdf,분야축,
2048-35,감사원,2048,S01995,srno,pdf,분야축,
2048-36,감사원,2048,S01995,srno,pdf,,
2048-37,감사원,2048,S01995,srno,pdf,분야축,
2048-38,감사원,2048,S01995,srno,pdf,,
2048-39,감사원,2048,S01995,srno,pdf,분야축,
2048-40,감사원,2048,S01995,srno,pdf,분야축,
2048-41,감사원,2048,S01995,srno,pdf,분야축,
2048-42,감사원,2048,S01995,srno,pdf,분야축,
2048-43,감사원,2048,S01995,srno,pdf,분야축,
2048-44,감사원,2048,S01995,srno,pdf,분야축,
2048-45,감사원,2048,S01995,srno,pdf,,
2048-46,감사원,2048,S01995,srno,pdf,,
2048-47,감사원,2048,S01995,srno,pdf,,
2048-48,감사원,2048,S01995,srno,pdf,분야축,
2048-49,감사원,2048,S01995,srno,pdf,recall,
2048-50,감사원,2048,S01995,srno,pdf,분야축,
2048-51,감사원,2048,S01995,srno,pdf,분야축,
2048-52,감사원,2048,S01995,srno,pdf,분야축,
2048-53,감사원,2048,S01995,srno,pdf,분야축,
2048-54,감사원,2048,S01995,srno,pdf,분야축,
2048-55,감사원,2048,S01995,srno,pdf,분야축,
2048-56,감사원,2048,S01995,srno,pdf,recall,
2048-57,감사원,2048,S01995,srno,pdf,,
2050-1,감사원,2050,S03773,srno,pdf_conv,분야축,
2051-1,감사원,2051,S01998,srno,pdf,분야축,
2051-2,감사원,2051,S01998,srno,pdf,분야축,
2051-3,감사원,2051,S01998,srno,pdf,,
2051-4,감사원,2051,S01998,srno,pdf,,
2051-5,감사원,2051,S01998,srno,pdf,,
2052-1,감사원,2052,S01999,srno,pdf,분야축,
2052-2,감사원,2052,S01999,srno,pdf,recall,
2052-3,감사원,2052,S01999,srno,pdf,분야축,
2052-4,감사원,2052,S01999,srno,pdf,분야축,
2052-5,감사원,2052,S01999,srno,pdf,분야축,
2053-1,감사원,2053,S02000,srno,pdf,,
2053-2,감사원,2053,S02000,srno,pdf,,
2053-3,감사원,2053,S02000,srno,pdf,,
2053-4,감사원,2053,S02000,srno,pdf,,
2053-5,감사원,2053,S02000,srno,pdf,,
2053-6,감사원,2053,S02000,srno,pdf,,
2053-7,감사원,2053,S02000,srno,pdf,,
2053-8,감사원,2053,S02000,srno,pdf,,
2053-9,감사원,2053,S02000,srno,pdf,,
2053-10,감사원,2053,S02000,srno,pdf,,
2055-1,감사원,2055,S02002,srno,pdf,,
2055-2,감사원,2055,S02002,srno,pdf,분야축,
2055-3,감사원,2055,S02002,srno,pdf,분야축,
2055-4,감사원,2055,S02002,srno,pdf,,
2055-5,감사원,2055,S02002,srno,pdf,recall,
2055-6,감사원,2055,S02002,srno,pdf,분야축,
2055-7,감사원,2055,S02002,srno,pdf,,
2055-8,감사원,2055,S02002,srno,pdf,분야축,
2055-9,감사원,2055,S02002,srno,pdf,,
2055-10,감사원,2055,S02002,srno,pdf,분야축,
2055-11,감사원,2055,S02002,srno,pdf,,
2055-12,감사원,2055,S02002,srno,pdf,분야축,
2055-13,감사원,2055,S02002,srno,pdf,분야축,
2056-1,감사원,2056,S02003,srno,pdf,,
2056-2,감사원,2056,S02003,srno,pdf,recall,
2057-1,감사원,2057,S02004,srno,pdf,분야축,
2057-2,감사원,2057,S02004,srno,pdf,분야축,
2057-3,감사원,2057,S02004,srno,pdf,분야축,
2057-4,감사원,2057,S02004,srno,pdf,분야축,
2057-5,감사원,2057,S02004,srno,pdf,분야축,
2058-1,감사원,2058,S02005,srno,pdf,,
2058-2,감사원,2058,S02005,srno,pdf,분야축,
2058-3,감사원,2058,S02005,srno,pdf,분야축,
2058-4,감사원,2058,S02005,srno,pdf,분야축,
2058-5,감사원,2058,S02005,srno,pdf,분야축,
2058-6,감사원,2058,S02005,srno,pdf,,
2058-7,감사원,2058,S02005,srno,pdf,,
2058-8,감사원,2058,S02005,srno,pdf,,
2058-9,감사원,2058,S02005,srno,pdf,,
2058-10,감사원,2058,S02005,srno,pdf,분야축,
2058-11,감사원,2058,S02005,srno,pdf,,
2058-12,감사원,2058,S02005,srno,pdf,분야축,
2059-1,감사원,2059,S02006,srno,pdf,분야축,
2059-2,감사원,2059,S02006,srno,pdf,분야축,
2059-3,감사원,2059,S02006,srno,pdf,분야축,
2059-4,감사원,2059,S02006,srno,pdf,,
2059-5,감사원,2059,S02006,srno,pdf,분야축,
2059-6,감사원,2059,S02006,srno,pdf,분야축,
2059-7,감사원,2059,S02006,srno,pdf,분야축,
2059-8,감사원,2059,S02006,srno,pdf,,
2059-9,감사원,2059,S02006,srno,pdf,,
2060-1,감사원,2060,S02001,srno,pdf,,
2060-2,감사원,2060,S02001,srno,pdf,,
2060-3,감사원,2060,S02001,srno,pdf,분야축,
2060-4,감사원,2060,S02001,srno,pdf,분야축,
2060-5,감사원,2060,S02001,srno,pdf,,
2060-6,감사원,2060,S02001,srno,pdf,,
2060-7,감사원,2060,S02001,srno,pdf,분야축,
2060-8,감사원,2060,S02001,srno,pdf,,
2060-9,감사원,2060,S02001,srno,pdf,분야축,
2060-10,감사원,2060,S02001,srno,pdf,분야축,
2060-11,감사원,2060,S02001,srno,pdf,recall,
2060-12,감사원,2060,S02001,srno,pdf,,
2061-1,감사원,2061,S02007,srno,pdf,분야축,
2061-2,감사원,2061,S02007,srno,pdf,분야축,
2061-3,감사원,2061,S02007,srno,pdf,분야축,
2061-4,감사원,2061,S02007,srno,pdf,,
2061-5,감사원,2061,S02007,srno,pdf,분야축,
2061-6,감사원,2061,S02007,srno,pdf,분야축,
2061-7,감사원,2061,S02007,srno,pdf,분야축,
2061-8,감사원,2061,S02007,srno,pdf,,
2061-9,감사원,2061,S02007,srno,pdf,분야축,
2061-10,감사원,2061,S02007,srno,pdf,,
2061-11,감사원,2061,S02007,srno,pdf,분야축,
2061-12,감사원,2061,S02007,srno,pdf,분야축,
2064-1,감사원,2064,S02011,srno,pdf,,
2065-1,감사원,2065,S02012,srno,pdf,,
2066-1,감사원,2066,S02013,srno,pdf,분야축,
2066-2,감사원,2066,S02013,srno,pdf,분야축,
2066-3,감사원,2066,S02013,srno,pdf,분야축,
2066-4,감사원,2066,S02013,srno,pdf,분야축,
2066-5,감사원,2066,S02013,srno,pdf,분야축,
2066-6,감사원,2066,S02013,srno,pdf,분야축,
2066-7,감사원,2066,S02013,srno,pdf,분야축,
2067-1,감사원,2067,S02014,srno,pdf,,
2067-2,감사원,2067,S02014,srno,pdf,,
2068-1,감사원,2068,S02015,srno,pdf,분야축,
2068-2,감사원,2068,S02015,srno,pdf,분야축,
2068-3,감사원,2068,S02015,srno,pdf,분야축,
2068-4,감사원,2068,S02015,srno,pdf,분야축,
2068-5,감사원,2068,S02015,srno,pdf,분야축,
2068-6,감사원,2068,S02015,srno,pdf,분야축,
2068-7,감사원,2068,S02015,srno,pdf,분야축,
2068-8,감사원,2068,S02015,srno,pdf,분야축,
2068-9,감사원,2068,S02015,srno,pdf,분야축,
2069-1,감사원,2069,S02016,srno,pdf,,
2069-2,감사원,2069,S02016,srno,pdf,분야축,
2069-3,감사원,2069,S02016,srno,pdf,,
2069-4,감사원,2069,S02016,srno,pdf,,
2069-5,감사원,2069,S02016,srno,pdf,,
2069-6,감사원,2069,S02016,srno,pdf,,
2069-7,감사원,2069,S02016,srno,pdf,,
2069-8,감사원,2069,S02016,srno,pdf,recall,
2069-9,감사원,2069,S02016,srno,pdf,,
2069-10,감사원,2069,S02016,srno,pdf,,
2069-11,감사원,2069,S02016,srno,pdf,,
2069-12,감사원,2069,S02016,srno,pdf,,
2069-13,감사원,2069,S02016,srno,pdf,,
2069-14,감사원,2069,S02016,srno,pdf,,
2069-15,감사원,2069,S02016,srno,pdf,,
2069-16,감사원,2069,S02016,srno,pdf,recall,
2069-17,감사원,2069,S02016,srno,pdf,,
2069-18,감사원,2069,S02016,srno,pdf,,
2069-19,감사원,2069,S02016,srno,pdf,,
2069-20,감사원,2069,S02016,srno,pdf,,
2069-21,감사원,2069,S02016,srno,pdf,,
2069-22,감사원,2069,S02016,srno,pdf,,
2069-23,감사원,2069,S02016,srno,pdf,,
2069-24,감사원,2069,S02016,srno,pdf,,
2069-25,감사원,2069,S02016,srno,pdf,,
2069-26,감사원,2069,S02016,srno,pdf,,
2069-27,감사원,2069,S02016,srno,pdf,,
2069-28,감사원,2069,S02016,srno,pdf,,
2069-29,감사원,2069,S02016,srno,pdf,,
2069-30,감사원,2069,S02016,srno,pdf,,
2070-1,감사원,2070,S02019,srno,pdf,분야축,
2070-2,감사원,2070,S02019,srno,pdf,,
2070-3,감사원,2070,S02019,srno,pdf,분야축,
2070-4,감사원,2070,S02019,srno,pdf,,
2071-1,감사원,2071,S02020,srno,pdf,,
2071-2,감사원,2071,S02020,srno,pdf,,
2071-3,감사원,2071,S02020,srno,pdf,,
2071-4,감사원,2071,S02020,srno,pdf,,
2071-5,감사원,2071,S02020,srno,pdf,recall,
2071-6,감사원,2071,S02020,srno,pdf,,
2071-7,감사원,2071,S02020,srno,pdf,,
2071-8,감사원,2071,S02020,srno,pdf,,
2071-9,감사원,2071,S02020,srno,pdf,,
2071-10,감사원,2071,S02020,srno,pdf,,
2071-11,감사원,2071,S02020,srno,pdf,,
2071-12,감사원,2071,S02020,srno,pdf,,
2071-13,감사원,2071,S02020,srno,pdf,,
2071-14,감사원,2071,S02020,srno,pdf,분야축,
2071-15,감사원,2071,S02020,srno,pdf,,
2071-16,감사원,2071,S02020,srno,pdf,,
2071-17,감사원,2071,S02020,srno,pdf,,
2071-18,감사원,2071,S02020,srno,pdf,,
2071-19,감사원,2071,S02020,srno,pdf,,
2071-20,감사원,2071,S02020,srno,pdf,,
2073-1,감사원,2073,S02021,srno,pdf,,
2073-2,감사원,2073,S02021,srno,pdf,,
2074-1,감사원,2074,S02023,srno,pdf,,
2075-1,감사원,2075,S03774,srno,pdf_conv,recall,
2075-2,감사원,2075,S03774,srno,pdf_conv,,
2075-3,감사원,2075,S03774,srno,pdf_conv,분야축,
2075-4,감사원,2075,S03774,srno,pdf_conv,분야축,
2075-5,감사원,2075,S03774,srno,pdf_conv,분야축,
2075-6,감사원,2075,S03774,srno,pdf_conv,,
2075-7,감사원,2075,S03774,srno,pdf_conv,분야축,
2075-8,감사원,2075,S03774,srno,pdf_conv,분야축,
2076-1,감사원,2076,S02025,srno,pdf,분야축,
2077-1,감사원,2077,S02028,srno,pdf,분야축,
2077-2,감사원,2077,S02028,srno,pdf,분야축,
2077-3,감사원,2077,S02028,srno,pdf,분야축,
2077-4,감사원,2077,S02028,srno,pdf,분야축,
2077-5,감사원,2077,S02028,srno,pdf,분야축,
2078-1,감사원,2078,S02031,srno,pdf,분야축,
2078-2,감사원,2078,S02031,srno,pdf,분야축,
2078-3,감사원,2078,S02031,srno,pdf,,
2078-4,감사원,2078,S02031,srno,pdf,,
2078-5,감사원,2078,S02031,srno,pdf,,
2078-6,감사원,2078,S02031,srno,pdf,,
2078-7,감사원,2078,S02031,srno,pdf,,
2078-8,감사원,2078,S02031,srno,pdf,recall,
2078-9,감사원,2078,S02031,srno,pdf,,
2078-10,감사원,2078,S02031,srno,pdf,분야축,
2078-11,감사원,2078,S02031,srno,pdf,분야축,
2078-12,감사원,2078,S02031,srno,pdf,분야축,
2078-13,감사원,2078,S02031,srno,pdf,,
2078-14,감사원,2078,S02031,srno,pdf,,
2078-15,감사원,2078,S02031,srno,pdf,분야축,
2078-16,감사원,2078,S02031,srno,pdf,recall,
2078-17,감사원,2078,S02031,srno,pdf,,
2078-18,감사원,2078,S02031,srno,pdf,recall,
2078-19,감사원,2078,S02031,srno,pdf,분야축,
2079-1,감사원,2079,S02034,srno,pdf,분야축,
2079-2,감사원,2079,S02034,srno,pdf,분야축,
2079-3,감사원,2079,S02034,srno,pdf,분야축,
2079-4,감사원,2079,S02034,srno,pdf,분야축,
2079-5,감사원,2079,S02034,srno,pdf,분야축,
2079-6,감사원,2079,S02034,srno,pdf,분야축,
2079-7,감사원,2079,S02034,srno,pdf,분야축,
2080-1,감사원,2080,S02037,srno,pdf,,
2080-2,감사원,2080,S02037,srno,pdf,분야축,
2080-3,감사원,2080,S02037,srno,pdf,분야축,
2080-4,감사원,2080,S02037,srno,pdf,,
2080-5,감사원,2080,S02037,srno,pdf,,
2080-6,감사원,2080,S02037,srno,pdf,,
2080-7,감사원,2080,S02037,srno,pdf,,
2080-8,감사원,2080,S02037,srno,pdf,,
2080-9,감사원,2080,S02037,srno,pdf,,
2080-10,감사원,2080,S02037,srno,pdf,,
2080-11,감사원,2080,S02037,srno,pdf,분야축,
2080-12,감사원,2080,S02037,srno,pdf,recall,
2080-13,감사원,2080,S02037,srno,pdf,분야축,
2080-14,감사원,2080,S02037,srno,pdf,,
2080-15,감사원,2080,S02037,srno,pdf,,
2080-16,감사원,2080,S02037,srno,pdf,분야축,
2080-17,감사원,2080,S02037,srno,pdf,분야축,
2080-18,감사원,2080,S02037,srno,pdf,분야축,
2080-19,감사원,2080,S02037,srno,pdf,분야축,
2080-20,감사원,2080,S02037,srno,pdf,분야축,
2080-21,감사원,2080,S02037,srno,pdf,분야축,
2080-22,감사원,2080,S02037,srno,pdf,,
2080-23,감사원,2080,S02037,srno,pdf,,
2080-24,감사원,2080,S02037,srno,pdf,,
2080-25,감사원,2080,S02037,srno,pdf,,
2080-26,감사원,2080,S02037,srno,pdf,,
2080-27,감사원,2080,S02037,srno,pdf,recall,
2081-1,감사원,2081,S02040,srno,pdf,분야축,
2081-2,감사원,2081,S02040,srno,pdf,recall,
2081-3,감사원,2081,S02040,srno,pdf,,
2081-4,감사원,2081,S02040,srno,pdf,,
2081-5,감사원,2081,S02040,srno,pdf,,
2081-6,감사원,2081,S02040,srno,pdf,분야축,
2081-7,감사원,2081,S02040,srno,pdf,recall,
2081-8,감사원,2081,S02040,srno,pdf,,
2081-9,감사원,2081,S02040,srno,pdf,,
2081-10,감사원,2081,S02040,srno,pdf,분야축,
2082-1,감사원,2082,S02042,srno,pdf,,
2082-2,감사원,2082,S02042,srno,pdf,,
2082-3,감사원,2082,S02042,srno,pdf,,
2082-4,감사원,2082,S02042,srno,pdf,,
2083-1,감사원,2083,S02041,srno,pdf,,
2084-1,감사원,2084,S02043,srno,pdf,,
2084-2,감사원,2084,S02043,srno,pdf,,
2084-3,감사원,2084,S02043,srno,pdf,,
2084-4,감사원,2084,S02043,srno,pdf,분야축,
2084-5,감사원,2084,S02043,srno,pdf,,
2084-6,감사원,2084,S02043,srno,pdf,,
2084-7,감사원,2084,S02043,srno,pdf,,
2084-8,감사원,2084,S02043,srno,pdf,,
2084-9,감사원,2084,S02043,srno,pdf,,
2084-10,감사원,2084,S02043,srno,pdf,,
2084-11,감사원,2084,S02043,srno,pdf,,
2084-12,감사원,2084,S02043,srno,pdf,recall,
2084-13,감사원,2084,S02043,srno,pdf,,
2085-1,감사원,2085,S02046,srno,pdf,,
2085-2,감사원,2085,S02046,srno,pdf,,
2085-3,감사원,2085,S02046,srno,pdf,,
2085-4,감사원,2085,S02046,srno,pdf,recall,
2085-5,감사원,2085,S02046,srno,pdf,,
2085-6,감사원,2085,S02046,srno,pdf,분야축,
2085-7,감사원,2085,S02046,srno,pdf,분야축,
2085-8,감사원,2085,S02046,srno,pdf,,
2085-9,감사원,2085,S02046,srno,pdf,,
2085-10,감사원,2085,S02046,srno,pdf,,
2085-11,감사원,2085,S02046,srno,pdf,recall,
2086-1,감사원,2086,S02047,srno,pdf,,
2086-2,감사원,2086,S02047,srno,pdf,,
2087-1,감사원,2087,S02048,srno,pdf,,
2087-2,감사원,2087,S02048,srno,pdf,,
2087-3,감사원,2087,S02048,srno,pdf,,
2087-4,감사원,2087,S02048,srno,pdf,,
2087-5,감사원,2087,S02048,srno,pdf,,
2087-6,감사원,2087,S02048,srno,pdf,,
2087-7,감사원,2087,S02048,srno,pdf,recall,
2087-8,감사원,2087,S02048,srno,pdf,,
2087-9,감사원,2087,S02048,srno,pdf,,
2088-1,감사원,2088,S02050,srno,pdf,,
2088-2,감사원,2088,S02050,srno,pdf,분야축,
2088-3,감사원,2088,S02050,srno,pdf,분야축,
2088-4,감사원,2088,S02050,srno,pdf,,
2088-5,감사원,2088,S02050,srno,pdf,,
2088-6,감사원,2088,S02050,srno,pdf,분야축,
2088-7,감사원,2088,S02050,srno,pdf,,
2088-8,감사원,2088,S02050,srno,pdf,분야축,
2088-9,감사원,2088,S02050,srno,pdf,,
2088-10,감사원,2088,S02050,srno,pdf,,
2088-11,감사원,2088,S02050,srno,pdf,,
2088-12,감사원,2088,S02050,srno,pdf,분야축,
2088-13,감사원,2088,S02050,srno,pdf,,
2088-14,감사원,2088,S02050,srno,pdf,분야축,
2088-15,감사원,2088,S02050,srno,pdf,,
2088-16,감사원,2088,S02050,srno,pdf,,
2088-17,감사원,2088,S02050,srno,pdf,,
2088-18,감사원,2088,S02050,srno,pdf,recall,
2088-19,감사원,2088,S02050,srno,pdf,recall,
2088-20,감사원,2088,S02050,srno,pdf,,
2088-21,감사원,2088,S02050,srno,pdf,,
2088-22,감사원,2088,S02050,srno,pdf,,
2088-23,감사원,2088,S02050,srno,pdf,,
2088-24,감사원,2088,S02050,srno,pdf,분야축,
2089-1,감사원,2089,S02017,srno,pdf,분야축,
2089-2,감사원,2089,S02017,srno,pdf,,
2089-3,감사원,2089,S02017,srno,pdf,,
2089-4,감사원,2089,S02017,srno,pdf,분야축,
2089-5,감사원,2089,S02017,srno,pdf,분야축,
2089-6,감사원,2089,S02017,srno,pdf,분야축,
2089-7,감사원,2089,S02017,srno,pdf,분야축,
2089-8,감사원,2089,S02017,srno,pdf,,
2089-9,감사원,2089,S02017,srno,pdf,,
2089-10,감사원,2089,S02017,srno,pdf,recall,
2089-11,감사원,2089,S02017,srno,pdf,,
2089-12,감사원,2089,S02017,srno,pdf,recall,
2089-13,감사원,2089,S02017,srno,pdf,recall,
2089-14,감사원,2089,S02017,srno,pdf,,
2089-15,감사원,2089,S02017,srno,pdf,recall,
2089-16,감사원,2089,S02017,srno,pdf,분야축,
2089-17,감사원,2089,S02017,srno,pdf,,
2089-18,감사원,2089,S02017,srno,pdf,,
2089-19,감사원,2089,S02017,srno,pdf,,
2089-20,감사원,2089,S02017,srno,pdf,분야축,
2089-21,감사원,2089,S02017,srno,pdf,,
2089-22,감사원,2089,S02017,srno,pdf,분야축,
2089-23,감사원,2089,S02017,srno,pdf,,
2089-24,감사원,2089,S02017,srno,pdf,분야축,
2090-1,감사원,2090,S02053,srno,pdf,,
2090-2,감사원,2090,S02053,srno,pdf,,
2090-3,감사원,2090,S02053,srno,pdf,,
2090-4,감사원,2090,S02053,srno,pdf,분야축,
2090-5,감사원,2090,S02053,srno,pdf,recall,
2090-6,감사원,2090,S02053,srno,pdf,분야축,
2090-7,감사원,2090,S02053,srno,pdf,분야축,
2090-8,감사원,2090,S02053,srno,pdf,분야축,
2090-9,감사원,2090,S02053,srno,pdf,,
2090-10,감사원,2090,S02053,srno,pdf,분야축,
2090-11,감사원,2090,S02053,srno,pdf,분야축,
2090-12,감사원,2090,S02053,srno,pdf,분야축,
2090-13,감사원,2090,S02053,srno,pdf,,
2090-14,감사원,2090,S02053,srno,pdf,분야축,
2091-1,감사원,2091,S02054,srno,pdf,,
2091-2,감사원,2091,S02054,srno,pdf,,
2092-1,감사원,2092,S02049,srno,pdf,분야축,
2092-2,감사원,2092,S02049,srno,pdf,,
2092-3,감사원,2092,S02049,srno,pdf,,
2092-4,감사원,2092,S02049,srno,pdf,,
2092-5,감사원,2092,S02049,srno,pdf,분야축,
2092-6,감사원,2092,S02049,srno,pdf,,
2092-7,감사원,2092,S02049,srno,pdf,,
2092-8,감사원,2092,S02049,srno,pdf,recall,
2092-9,감사원,2092,S02049,srno,pdf,recall,
2092-10,감사원,2092,S02049,srno,pdf,recall,
2092-11,감사원,2092,S02049,srno,pdf,,
2092-12,감사원,2092,S02049,srno,pdf,,
2092-13,감사원,2092,S02049,srno,pdf,,
2092-14,감사원,2092,S02049,srno,pdf,분야축,
2092-15,감사원,2092,S02049,srno,pdf,분야축,
2093-1,감사원,2093,S02055,srno,pdf,,
2093-2,감사원,2093,S02055,srno,pdf,,
2093-3,감사원,2093,S02055,srno,pdf,,
2093-4,감사원,2093,S02055,srno,pdf,,
2093-5,감사원,2093,S02055,srno,pdf,,
2093-6,감사원,2093,S02055,srno,pdf,,
2093-7,감사원,2093,S02055,srno,pdf,,
2093-8,감사원,2093,S02055,srno,pdf,,
2093-9,감사원,2093,S02055,srno,pdf,,
2093-10,감사원,2093,S02055,srno,pdf,recall,
2094-1,감사원,2094,S02056,srno,pdf,,
2094-2,감사원,2094,S02056,srno,pdf,,
2094-3,감사원,2094,S02056,srno,pdf,,
2094-4,감사원,2094,S02056,srno,pdf,분야축,
2094-5,감사원,2094,S02056,srno,pdf,,
2094-6,감사원,2094,S02056,srno,pdf,,
2094-7,감사원,2094,S02056,srno,pdf,recall,
2094-8,감사원,2094,S02056,srno,pdf,,
2094-9,감사원,2094,S02056,srno,pdf,recall,
2095-1,감사원,2095,S02057,srno,pdf,recall,
2095-2,감사원,2095,S02057,srno,pdf,,
2095-3,감사원,2095,S02057,srno,pdf,,
2095-4,감사원,2095,S02057,srno,pdf,,
2095-5,감사원,2095,S02057,srno,pdf,recall,
2095-6,감사원,2095,S02057,srno,pdf,,
2095-7,감사원,2095,S02057,srno,pdf,,
2095-8,감사원,2095,S02057,srno,pdf,recall,
2095-9,감사원,2095,S02057,srno,pdf,,
2095-10,감사원,2095,S02057,srno,pdf,분야축,
2095-11,감사원,2095,S02057,srno,pdf,recall,
2095-12,감사원,2095,S02057,srno,pdf,recall,
2095-13,감사원,2095,S02057,srno,pdf,분야축,
2095-14,감사원,2095,S02057,srno,pdf,분야축,
2095-15,감사원,2095,S02057,srno,pdf,recall,
2095-16,감사원,2095,S02057,srno,pdf,,
2095-17,감사원,2095,S02057,srno,pdf,분야축,
2095-18,감사원,2095,S02057,srno,pdf,분야축,
2095-19,감사원,2095,S02057,srno,pdf,분야축,
2095-20,감사원,2095,S02057,srno,pdf,분야축,
2095-21,감사원,2095,S02057,srno,pdf,분야축,
2095-22,감사원,2095,S02057,srno,pdf,,
2095-23,감사원,2095,S02057,srno,pdf,,
2095-24,감사원,2095,S02057,srno,pdf,분야축,
2095-25,감사원,2095,S02057,srno,pdf,분야축,
2095-26,감사원,2095,S02057,srno,pdf,,
2095-27,감사원,2095,S02057,srno,pdf,분야축,
2096-1,감사원,2096,S02058,srno,pdf,분야축,
2097-1,감사원,2097,S02059,srno,pdf,recall,
2098-1,감사원,2098,S02060,srno,pdf,분야축,
2099-1,감사원,2099,S02061,srno,pdf,분야축,
2099-2,감사원,2099,S02061,srno,pdf,,
2099-3,감사원,2099,S02061,srno,pdf,분야축,
2099-4,감사원,2099,S02061,srno,pdf,분야축,
2099-5,감사원,2099,S02061,srno,pdf,분야축,
2099-6,감사원,2099,S02061,srno,pdf,,
2099-7,감사원,2099,S02061,srno,pdf,분야축,
2099-8,감사원,2099,S02061,srno,pdf,분야축,
2099-9,감사원,2099,S02061,srno,pdf,분야축,
2099-10,감사원,2099,S02061,srno,pdf,,
2099-11,감사원,2099,S02061,srno,pdf,분야축,
2099-12,감사원,2099,S02061,srno,pdf,분야축,
2101-1,감사원,2101,S02063,srno,pdf,분야축,
2102-1,감사원,2102,S02064,srno,pdf,,
2102-2,감사원,2102,S02064,srno,pdf,,
2102-3,감사원,2102,S02064,srno,pdf,,
2102-4,감사원,2102,S02064,srno,pdf,recall,
2102-5,감사원,2102,S02064,srno,pdf,recall,
2102-6,감사원,2102,S02064,srno,pdf,,
2103-1,감사원,2103,S02044,srno,pdf,,
2103-2,감사원,2103,S02044,srno,pdf,분야축,
2103-3,감사원,2103,S02044,srno,pdf,recall,
2103-4,감사원,2103,S02044,srno,pdf,,
2103-5,감사원,2103,S02044,srno,pdf,분야축,
2103-6,감사원,2103,S02044,srno,pdf,,
2103-7,감사원,2103,S02044,srno,pdf,recall,
2103-8,감사원,2103,S02044,srno,pdf,recall,
2103-9,감사원,2103,S02044,srno,pdf,분야축,
2103-10,감사원,2103,S02044,srno,pdf,,
2104-1,감사원,2104,S02032,srno,pdf,recall,
2104-2,감사원,2104,S02032,srno,pdf,,
2104-3,감사원,2104,S02032,srno,pdf,,
2104-4,감사원,2104,S02032,srno,pdf,분야축,
2104-5,감사원,2104,S02032,srno,pdf,분야축,
2104-6,감사원,2104,S02032,srno,pdf,분야축,
2104-7,감사원,2104,S02032,srno,pdf,분야축,
2104-8,감사원,2104,S02032,srno,pdf,분야축,
2104-9,감사원,2104,S02032,srno,pdf,recall,
2104-10,감사원,2104,S02032,srno,pdf,분야축,
2104-11,감사원,2104,S02032,srno,pdf,분야축,
2104-12,감사원,2104,S02032,srno,pdf,분야축,
2105-1,감사원,2105,S02065,srno,pdf,,
2105-2,감사원,2105,S02065,srno,pdf,,
2105-3,감사원,2105,S02065,srno,pdf,recall,
2105-4,감사원,2105,S02065,srno,pdf,분야축,
2105-5,감사원,2105,S02065,srno,pdf,,
2105-6,감사원,2105,S02065,srno,pdf,분야축,
2105-7,감사원,2105,S02065,srno,pdf,,
2105-8,감사원,2105,S02065,srno,pdf,분야축,
2105-9,감사원,2105,S02065,srno,pdf,,
2105-10,감사원,2105,S02065,srno,pdf,,
2105-11,감사원,2105,S02065,srno,pdf,recall,
2105-12,감사원,2105,S02065,srno,pdf,recall,
2105-13,감사원,2105,S02065,srno,pdf,분야축,
2105-14,감사원,2105,S02065,srno,pdf,recall,
2105-15,감사원,2105,S02065,srno,pdf,,
2105-16,감사원,2105,S02065,srno,pdf,,
2105-17,감사원,2105,S02065,srno,pdf,,
2105-18,감사원,2105,S02065,srno,pdf,분야축,
2105-19,감사원,2105,S02065,srno,pdf,분야축,
2105-20,감사원,2105,S02065,srno,pdf,분야축,
2105-21,감사원,2105,S02065,srno,pdf,recall,
2106-1,감사원,2106,S02066,srno,pdf,,
2106-2,감사원,2106,S02066,srno,pdf,,
2106-3,감사원,2106,S02066,srno,pdf,,
2106-4,감사원,2106,S02066,srno,pdf,,
2106-5,감사원,2106,S02066,srno,pdf,,
2106-6,감사원,2106,S02066,srno,pdf,,
2106-7,감사원,2106,S02066,srno,pdf,분야축,
2106-8,감사원,2106,S02066,srno,pdf,분야축,
2106-9,감사원,2106,S02066,srno,pdf,분야축,
2106-10,감사원,2106,S02066,srno,pdf,,
2108-1,감사원,2108,S02070,srno,pdf,분야축,
2108-2,감사원,2108,S02070,srno,pdf,분야축,
2109-1,감사원,2109,S02038,srno,pdf,분야축,
2109-2,감사원,2109,S02038,srno,pdf,,
2109-3,감사원,2109,S02038,srno,pdf,분야축,
2109-4,감사원,2109,S02038,srno,pdf,,
2109-5,감사원,2109,S02038,srno,pdf,분야축,
2109-6,감사원,2109,S02038,srno,pdf,recall,
2109-7,감사원,2109,S02038,srno,pdf,,
2109-8,감사원,2109,S02038,srno,pdf,분야축,
2109-9,감사원,2109,S02038,srno,pdf,분야축,
2109-10,감사원,2109,S02038,srno,pdf,recall,
2109-11,감사원,2109,S02038,srno,pdf,,
2109-12,감사원,2109,S02038,srno,pdf,,
2109-13,감사원,2109,S02038,srno,pdf,분야축,
2109-14,감사원,2109,S02038,srno,pdf,,
2109-15,감사원,2109,S02038,srno,pdf,분야축,
2109-16,감사원,2109,S02038,srno,pdf,,
2109-17,감사원,2109,S02038,srno,pdf,,
2109-18,감사원,2109,S02038,srno,pdf,,
2109-19,감사원,2109,S02038,srno,pdf,분야축,
2109-20,감사원,2109,S02038,srno,pdf,,
2110-1,감사원,2110,S02035,srno,pdf,,
2110-2,감사원,2110,S02035,srno,pdf,,
2110-3,감사원,2110,S02035,srno,pdf,,
2110-4,감사원,2110,S02035,srno,pdf,recall,
2110-5,감사원,2110,S02035,srno,pdf,,
2110-6,감사원,2110,S02035,srno,pdf,,
2110-7,감사원,2110,S02035,srno,pdf,,
2110-8,감사원,2110,S02035,srno,pdf,,
2110-9,감사원,2110,S02035,srno,pdf,분야축,
2110-10,감사원,2110,S02035,srno,pdf,,
2110-11,감사원,2110,S02035,srno,pdf,,
2110-12,감사원,2110,S02035,srno,pdf,분야축,
2110-13,감사원,2110,S02035,srno,pdf,recall,
2110-14,감사원,2110,S02035,srno,pdf,,
2110-15,감사원,2110,S02035,srno,pdf,,
2110-16,감사원,2110,S02035,srno,pdf,,
2110-17,감사원,2110,S02035,srno,pdf,분야축,
2110-18,감사원,2110,S02035,srno,pdf,,
2110-19,감사원,2110,S02035,srno,pdf,,
2110-20,감사원,2110,S02035,srno,pdf,recall,
2110-21,감사원,2110,S02035,srno,pdf,,
2110-22,감사원,2110,S02035,srno,pdf,,
2110-23,감사원,2110,S02035,srno,pdf,,
2110-24,감사원,2110,S02035,srno,pdf,분야축,
2111-1,감사원,2111,S02072,srno,pdf,,
2112-1,감사원,2112,S02071,srno,pdf,,
2113-1,감사원,2113,S02073,srno,pdf,,
2113-2,감사원,2113,S02073,srno,pdf,,
2113-3,감사원,2113,S02073,srno,pdf,,
2113-4,감사원,2113,S02073,srno,pdf,,
2113-5,감사원,2113,S02073,srno,pdf,,
2113-6,감사원,2113,S02073,srno,pdf,,
2113-7,감사원,2113,S02073,srno,pdf,,
2113-8,감사원,2113,S02073,srno,pdf,,
2113-9,감사원,2113,S02073,srno,pdf,,
2113-10,감사원,2113,S02073,srno,pdf,,
2113-11,감사원,2113,S02073,srno,pdf,,
2113-12,감사원,2113,S02073,srno,pdf,,
2113-13,감사원,2113,S02073,srno,pdf,,
2113-14,감사원,2113,S02073,srno,pdf,분야축,
2113-15,감사원,2113,S02073,srno,pdf,,
2113-16,감사원,2113,S02073,srno,pdf,,
2114-1,감사원,2114,S02051,srno,pdf,분야축,
2114-2,감사원,2114,S02051,srno,pdf,,
2114-3,감사원,2114,S02051,srno,pdf,,
2114-4,감사원,2114,S02051,srno,pdf,분야축,
2114-5,감사원,2114,S02051,srno,pdf,,
2114-6,감사원,2114,S02051,srno,pdf,분야축,
2114-7,감사원,2114,S02051,srno,pdf,분야축,
2114-8,감사원,2114,S02051,srno,pdf,recall,
2114-9,감사원,2114,S02051,srno,pdf,recall,
2114-10,감사원,2114,S02051,srno,pdf,,
2114-11,감사원,2114,S02051,srno,pdf,recall,
2114-12,감사원,2114,S02051,srno,pdf,,
2115-1,감사원,2115,S02076,srno,pdf,,
2115-2,감사원,2115,S02076,srno,pdf,,
2115-3,감사원,2115,S02076,srno,pdf,,
2115-4,감사원,2115,S02076,srno,pdf,,
2115-5,감사원,2115,S02076,srno,pdf,분야축,
2115-6,감사원,2115,S02076,srno,pdf,,
2115-7,감사원,2115,S02076,srno,pdf,,
2115-8,감사원,2115,S02076,srno,pdf,,
2115-9,감사원,2115,S02076,srno,pdf,,
2115-10,감사원,2115,S02076,srno,pdf,,
2115-11,감사원,2115,S02076,srno,pdf,,
2115-12,감사원,2115,S02076,srno,pdf,,
2115-13,감사원,2115,S02076,srno,pdf,,
2115-14,감사원,2115,S02076,srno,pdf,,
2115-15,감사원,2115,S02076,srno,pdf,,
2116-1,감사원,2116,S02026,srno,pdf,,
2116-2,감사원,2116,S02026,srno,pdf,,
2116-3,감사원,2116,S02026,srno,pdf,,
2116-4,감사원,2116,S02026,srno,pdf,,
2116-5,감사원,2116,S02026,srno,pdf,,
2116-6,감사원,2116,S02026,srno,pdf,,
2116-7,감사원,2116,S02026,srno,pdf,,
2116-8,감사원,2116,S02026,srno,pdf,,
2116-9,감사원,2116,S02026,srno,pdf,,
2116-10,감사원,2116,S02026,srno,pdf,,
2116-11,감사원,2116,S02026,srno,pdf,recall,
2116-12,감사원,2116,S02026,srno,pdf,,
2116-13,감사원,2116,S02026,srno,pdf,,
2116-14,감사원,2116,S02026,srno,pdf,,
2116-15,감사원,2116,S02026,srno,pdf,recall,
2116-16,감사원,2116,S02026,srno,pdf,,
2116-17,감사원,2116,S02026,srno,pdf,recall,
2116-18,감사원,2116,S02026,srno,pdf,,
2116-19,감사원,2116,S02026,srno,pdf,,
2116-20,감사원,2116,S02026,srno,pdf,,
2116-21,감사원,2116,S02026,srno,pdf,,
2116-22,감사원,2116,S02026,srno,pdf,,
2116-23,감사원,2116,S02026,srno,pdf,,
2116-24,감사원,2116,S02026,srno,pdf,,
2116-25,감사원,2116,S02026,srno,pdf,,
2116-26,감사원,2116,S02026,srno,pdf,,
2116-27,감사원,2116,S02026,srno,pdf,,
2116-28,감사원,2116,S02026,srno,pdf,,
2116-29,감사원,2116,S02026,srno,pdf,,
2116-30,감사원,2116,S02026,srno,pdf,,
2116-31,감사원,2116,S02026,srno,pdf,,
2116-32,감사원,2116,S02026,srno,pdf,,
2116-33,감사원,2116,S02026,srno,pdf,,
2116-34,감사원,2116,S02026,srno,pdf,,
2116-35,감사원,2116,S02026,srno,pdf,,
2116-36,감사원,2116,S02026,srno,pdf,,
2116-37,감사원,2116,S02026,srno,pdf,,
2116-38,감사원,2116,S02026,srno,pdf,,
2116-39,감사원,2116,S02026,srno,pdf,,
2116-40,감사원,2116,S02026,srno,pdf,,
2116-41,감사원,2116,S02026,srno,pdf,,
2116-42,감사원,2116,S02026,srno,pdf,,
2116-43,감사원,2116,S02026,srno,pdf,,
2116-44,감사원,2116,S02026,srno,pdf,,
2116-45,감사원,2116,S02026,srno,pdf,,
2116-46,감사원,2116,S02026,srno,pdf,,
2116-47,감사원,2116,S02026,srno,pdf,,
2116-48,감사원,2116,S02026,srno,pdf,,
2116-49,감사원,2116,S02026,srno,pdf,,
2116-50,감사원,2116,S02026,srno,pdf,,
2116-51,감사원,2116,S02026,srno,pdf,,
2116-52,감사원,2116,S02026,srno,pdf,,
2116-53,감사원,2116,S02026,srno,pdf,,
2116-54,감사원,2116,S02026,srno,pdf,,
2116-55,감사원,2116,S02026,srno,pdf,,
2116-56,감사원,2116,S02026,srno,pdf,recall,
2116-57,감사원,2116,S02026,srno,pdf,,
2116-58,감사원,2116,S02026,srno,pdf,,
2116-59,감사원,2116,S02026,srno,pdf,,
2116-60,감사원,2116,S02026,srno,pdf,,
2116-61,감사원,2116,S02026,srno,pdf,,
2116-62,감사원,2116,S02026,srno,pdf,,
2116-63,감사원,2116,S02026,srno,pdf,,
2116-64,감사원,2116,S02026,srno,pdf,,
2116-65,감사원,2116,S02026,srno,pdf,,
2116-66,감사원,2116,S02026,srno,pdf,,
2116-67,감사원,2116,S02026,srno,pdf,,
2116-68,감사원,2116,S02026,srno,pdf,,
2116-69,감사원,2116,S02026,srno,pdf,,
2116-70,감사원,2116,S02026,srno,pdf,,
2116-71,감사원,2116,S02026,srno,pdf,,
2116-72,감사원,2116,S02026,srno,pdf,recall,
2117-1,감사원,2117,S02062,srno,pdf,,
2117-2,감사원,2117,S02062,srno,pdf,,
2117-3,감사원,2117,S02062,srno,pdf,,
2117-4,감사원,2117,S02062,srno,pdf,,
2117-5,감사원,2117,S02062,srno,pdf,분야축,
2117-6,감사원,2117,S02062,srno,pdf,,
2117-7,감사원,2117,S02062,srno,pdf,,
2117-8,감사원,2117,S02062,srno,pdf,,
2117-9,감사원,2117,S02062,srno,pdf,recall,
2117-10,감사원,2117,S02062,srno,pdf,,
2117-11,감사원,2117,S02062,srno,pdf,,
2117-12,감사원,2117,S02062,srno,pdf,recall,
2117-13,감사원,2117,S02062,srno,pdf,recall,
2117-14,감사원,2117,S02062,srno,pdf,,
2117-15,감사원,2117,S02062,srno,pdf,,
2117-16,감사원,2117,S02062,srno,pdf,,
2117-17,감사원,2117,S02062,srno,pdf,,
2117-18,감사원,2117,S02062,srno,pdf,,
2118-1,감사원,2118,S02077,srno,pdf,분야축,
2118-2,감사원,2118,S02077,srno,pdf,,
2118-3,감사원,2118,S02077,srno,pdf,,
2118-4,감사원,2118,S02077,srno,pdf,recall,
2118-5,감사원,2118,S02077,srno,pdf,분야축,
2118-6,감사원,2118,S02077,srno,pdf,분야축,
2118-7,감사원,2118,S02077,srno,pdf,분야축,
2118-8,감사원,2118,S02077,srno,pdf,,
2118-9,감사원,2118,S02077,srno,pdf,recall,
2118-10,감사원,2118,S02077,srno,pdf,,
2118-11,감사원,2118,S02077,srno,pdf,,
2118-12,감사원,2118,S02077,srno,pdf,,
2118-13,감사원,2118,S02077,srno,pdf,,
2118-14,감사원,2118,S02077,srno,pdf,,
2118-15,감사원,2118,S02077,srno,pdf,,
2120-1,감사원,2120,S02080,srno,pdf,,
2121-1,감사원,2121,S02079,srno,pdf,분야축,
2121-2,감사원,2121,S02079,srno,pdf,분야축,
2121-3,감사원,2121,S02079,srno,pdf,recall,
2121-4,감사원,2121,S02079,srno,pdf,recall,
2121-5,감사원,2121,S02079,srno,pdf,분야축,
2121-6,감사원,2121,S02079,srno,pdf,recall,
2121-7,감사원,2121,S02079,srno,pdf,,
2121-8,감사원,2121,S02079,srno,pdf,분야축,
2121-9,감사원,2121,S02079,srno,pdf,recall,
2121-10,감사원,2121,S02079,srno,pdf,recall,
2121-11,감사원,2121,S02079,srno,pdf,,
2121-12,감사원,2121,S02079,srno,pdf,,
2122-1,감사원,2122,S02081,srno,pdf,분야축,
2122-2,감사원,2122,S02081,srno,pdf,,
2122-3,감사원,2122,S02081,srno,pdf,,
2122-4,감사원,2122,S02081,srno,pdf,분야축,
2122-5,감사원,2122,S02081,srno,pdf,분야축,
2122-6,감사원,2122,S02081,srno,pdf,recall,
2122-7,감사원,2122,S02081,srno,pdf,분야축,
2122-8,감사원,2122,S02081,srno,pdf,분야축,
2122-9,감사원,2122,S02081,srno,pdf,recall,
2122-10,감사원,2122,S02081,srno,pdf,분야축,
2123-1,감사원,2123,S01966,srno,pdf,분야축,
2143-1,감사원,2143,S02029,srno,pdf,분야축,
2143-2,감사원,2143,S02029,srno,pdf,,
2143-3,감사원,2143,S02029,srno,pdf,분야축,
2143-4,감사원,2143,S02029,srno,pdf,분야축,
2143-5,감사원,2143,S02029,srno,pdf,분야축,
2143-6,감사원,2143,S02029,srno,pdf,,
2143-7,감사원,2143,S02029,srno,pdf,,
2143-8,감사원,2143,S02029,srno,pdf,,
2143-9,감사원,2143,S02029,srno,pdf,,
2143-10,감사원,2143,S02029,srno,pdf,recall,
2143-11,감사원,2143,S02029,srno,pdf,,
2212-1,감사원,2212,S02074,srno,pdf,,
2212-2,감사원,2212,S02074,srno,pdf,,
2212-3,감사원,2212,S02074,srno,pdf,,
2212-4,감사원,2212,S02074,srno,pdf,,
2212-5,감사원,2212,S02074,srno,pdf,,
2212-6,감사원,2212,S02074,srno,pdf,분야축,
2228-1,감사원,2228,S02067,srno,pdf,분야축,
2228-2,감사원,2228,S02067,srno,pdf,분야축,
2228-3,감사원,2228,S02067,srno,pdf,분야축,
2228-4,감사원,2228,S02067,srno,pdf,recall,
2228-5,감사원,2228,S02067,srno,pdf,,
2228-6,감사원,2228,S02067,srno,pdf,,
2228-7,감사원,2228,S02067,srno,pdf,,
2228-8,감사원,2228,S02067,srno,pdf,분야축,
2228-9,감사원,2228,S02067,srno,pdf,분야축,
2228-10,감사원,2228,S02067,srno,pdf,,
2228-11,감사원,2228,S02067,srno,pdf,,
3265-1,감사원,3265,S03166,srno,pdf,분야축,
3265-2,감사원,3265,S03166,srno,pdf,분야축,
3265-3,감사원,3265,S03166,srno,pdf,recall,
3265-4,감사원,3265,S03166,srno,pdf,,
3267-1,감사원,3267,S03168,srno,pdf,,
3267-2,감사원,3267,S03168,srno,pdf,,
3267-3,감사원,3267,S03168,srno,pdf,,
3270-1,감사원,3270,S03167,srno,pdf,,
3270-2,감사원,3270,S03167,srno,pdf,,
3270-3,감사원,3270,S03167,srno,pdf,,
3270-4,감사원,3270,S03167,srno,pdf,,
3270-5,감사원,3270,S03167,srno,pdf,,
3270-6,감사원,3270,S03167,srno,pdf,,
3270-7,감사원,3270,S03167,srno,pdf,recall,
3270-8,감사원,3270,S03167,srno,pdf,분야축,
3270-9,감사원,3270,S03167,srno,pdf,recall,
3270-10,감사원,3270,S03167,srno,pdf,,
3270-11,감사원,3270,S03167,srno,pdf,recall,
3270-12,감사원,3270,S03167,srno,pdf,,
3270-13,감사원,3270,S03167,srno,pdf,,
3270-14,감사원,3270,S03167,srno,pdf,,
3270-15,감사원,3270,S03167,srno,pdf,,
3270-16,감사원,3270,S03167,srno,pdf,,
3270-17,감사원,3270,S03167,srno,pdf,,
3270-18,감사원,3270,S03167,srno,pdf,,
3270-19,감사원,3270,S03167,srno,pdf,,
3270-20,감사원,3270,S03167,srno,pdf,,
3270-21,감사원,3270,S03167,srno,pdf,,
3270-22,감사원,3270,S03167,srno,pdf,,
3270-23,감사원,3270,S03167,srno,pdf,,
3270-24,감사원,3270,S03167,srno,pdf,recall,
3270-25,감사원,3270,S03167,srno,pdf,분야축,
3270-26,감사원,3270,S03167,srno,pdf,,
3270-27,감사원,3270,S03167,srno,pdf,,
3270-28,감사원,3270,S03167,srno,pdf,,
3270-29,감사원,3270,S03167,srno,pdf,,
3270-30,감사원,3270,S03167,srno,pdf,recall,
3270-31,감사원,3270,S03167,srno,pdf,,
3270-32,감사원,3270,S03167,srno,pdf,,
3270-33,감사원,3270,S03167,srno,pdf,,
3270-34,감사원,3270,S03167,srno,pdf,,
3270-35,감사원,3270,S03167,srno,pdf,,
3278-1,감사원,3278,S03169,srno,pdf,,
3278-2,감사원,3278,S03169,srno,pdf,분야축,
3278-3,감사원,3278,S03169,srno,pdf,,
3278-4,감사원,3278,S03169,srno,pdf,,
3278-5,감사원,3278,S03169,srno,pdf,,
3278-6,감사원,3278,S03169,srno,pdf,,
3278-7,감사원,3278,S03169,srno,pdf,,
3278-8,감사원,3278,S03169,srno,pdf,,
3278-9,감사원,3278,S03169,srno,pdf,,
3278-10,감사원,3278,S03169,srno,pdf,,
3282-1,감사원,3282,S03170,srno,pdf,,
3282-2,감사원,3282,S03170,srno,pdf,,
3282-3,감사원,3282,S03170,srno,pdf,,
3282-4,감사원,3282,S03170,srno,pdf,분야축,
3282-5,감사원,3282,S03170,srno,pdf,,
3282-6,감사원,3282,S03170,srno,pdf,분야축,
3282-7,감사원,3282,S03170,srno,pdf,,
3282-8,감사원,3282,S03170,srno,pdf,,
3282-9,감사원,3282,S03170,srno,pdf,,
3282-10,감사원,3282,S03170,srno,pdf,,
3282-11,감사원,3282,S03170,srno,pdf,,
3282-12,감사원,3282,S03170,srno,pdf,,
3282-13,감사원,3282,S03170,srno,pdf,,
3282-14,감사원,3282,S03170,srno,pdf,,
3282-15,감사원,3282,S03170,srno,pdf,분야축,
3282-16,감사원,3282,S03170,srno,pdf,분야축,
3282-17,감사원,3282,S03170,srno,pdf,,
3282-18,감사원,3282,S03170,srno,pdf,분야축,
3282-19,감사원,3282,S03170,srno,pdf,,
3282-20,감사원,3282,S03170,srno,pdf,분야축,
3282-21,감사원,3282,S03170,srno,pdf,분야축,
3282-22,감사원,3282,S03170,srno,pdf,,
3282-23,감사원,3282,S03170,srno,pdf,,
3282-24,감사원,3282,S03170,srno,pdf,,
3282-25,감사원,3282,S03170,srno,pdf,분야축,
3282-26,감사원,3282,S03170,srno,pdf,분야축,
3282-27,감사원,3282,S03170,srno,pdf,,
3282-28,감사원,3282,S03170,srno,pdf,recall,
3282-29,감사원,3282,S03170,srno,pdf,,
3282-30,감사원,3282,S03170,srno,pdf,분야축,
3282-31,감사원,3282,S03170,srno,pdf,,
3282-32,감사원,3282,S03170,srno,pdf,,
3282-33,감사원,3282,S03170,srno,pdf,,
3282-34,감사원,3282,S03170,srno,pdf,,
3282-35,감사원,3282,S03170,srno,pdf,,
3282-36,감사원,3282,S03170,srno,pdf,분야축,
3283-1,감사원,3283,S03174,srno,pdf,,
3284-1,감사원,3284,S03172,srno,pdf,recall,
3284-2,감사원,3284,S03172,srno,pdf,분야축,
3284-3,감사원,3284,S03172,srno,pdf,분야축,
3284-4,감사원,3284,S03172,srno,pdf,recall,
3284-5,감사원,3284,S03172,srno,pdf,,
3284-6,감사원,3284,S03172,srno,pdf,,
3284-7,감사원,3284,S03172,srno,pdf,,
3286-1,감사원,3286,S03176,srno,pdf,,
3286-2,감사원,3286,S03176,srno,pdf,,
3286-3,감사원,3286,S03176,srno,pdf,,
3286-4,감사원,3286,S03176,srno,pdf,,
3286-5,감사원,3286,S03176,srno,pdf,,
3286-6,감사원,3286,S03176,srno,pdf,,
3286-7,감사원,3286,S03176,srno,pdf,,
3286-8,감사원,3286,S03176,srno,pdf,,
3286-9,감사원,3286,S03176,srno,pdf,,
3286-10,감사원,3286,S03176,srno,pdf,,
3286-11,감사원,3286,S03176,srno,pdf,,
3286-12,감사원,3286,S03176,srno,pdf,,
3286-13,감사원,3286,S03176,srno,pdf,,
3286-14,감사원,3286,S03176,srno,pdf,,
3286-15,감사원,3286,S03176,srno,pdf,,
3286-16,감사원,3286,S03176,srno,pdf,,
3286-17,감사원,3286,S03176,srno,pdf,,
3286-18,감사원,3286,S03176,srno,pdf,,
3286-19,감사원,3286,S03176,srno,pdf,,
3286-20,감사원,3286,S03176,srno,pdf,,
3286-21,감사원,3286,S03176,srno,pdf,,
3286-22,감사원,3286,S03176,srno,pdf,,
3286-23,감사원,3286,S03176,srno,pdf,,
3286-24,감사원,3286,S03176,srno,pdf,,
3286-25,감사원,3286,S03176,srno,pdf,,
3286-26,감사원,3286,S03176,srno,pdf,,
3286-27,감사원,3286,S03176,srno,pdf,,
3286-28,감사원,3286,S03176,srno,pdf,,
3286-29,감사원,3286,S03176,srno,pdf,recall,
3286-30,감사원,3286,S03176,srno,pdf,,
3287-1,감사원,3287,S03175,srno,pdf,,
3287-2,감사원,3287,S03175,srno,pdf,,
3287-3,감사원,3287,S03175,srno,pdf,,
3287-4,감사원,3287,S03175,srno,pdf,,
3287-5,감사원,3287,S03175,srno,pdf,,
3287-6,감사원,3287,S03175,srno,pdf,,
3287-7,감사원,3287,S03175,srno,pdf,,
3287-8,감사원,3287,S03175,srno,pdf,,
3287-9,감사원,3287,S03175,srno,pdf,,
3287-10,감사원,3287,S03175,srno,pdf,,
3287-11,감사원,3287,S03175,srno,pdf,,
3287-12,감사원,3287,S03175,srno,pdf,,
3287-13,감사원,3287,S03175,srno,pdf,,
3287-14,감사원,3287,S03175,srno,pdf,,
3287-15,감사원,3287,S03175,srno,pdf,,
3287-16,감사원,3287,S03175,srno,pdf,,
3287-17,감사원,3287,S03175,srno,pdf,,
3287-18,감사원,3287,S03175,srno,pdf,,
3288-1,감사원,3288,S03177,srno,pdf,분야축,
3288-2,감사원,3288,S03177,srno,pdf,분야축,
3288-3,감사원,3288,S03177,srno,pdf,분야축,
3288-4,감사원,3288,S03177,srno,pdf,분야축,
3288-5,감사원,3288,S03177,srno,pdf,분야축,
3288-6,감사원,3288,S03177,srno,pdf,분야축,
3288-7,감사원,3288,S03177,srno,pdf,분야축,
3288-8,감사원,3288,S03177,srno,pdf,분야축,
3288-9,감사원,3288,S03177,srno,pdf,분야축,
3288-10,감사원,3288,S03177,srno,pdf,분야축,
3289-1,감사원,3289,S03178,srno,pdf,분야축,
3289-2,감사원,3289,S03178,srno,pdf,분야축,
3289-3,감사원,3289,S03178,srno,pdf,분야축,
3289-4,감사원,3289,S03178,srno,pdf,,
3289-5,감사원,3289,S03178,srno,pdf,,
3289-6,감사원,3289,S03178,srno,pdf,,
3290-1,감사원,3290,S03179,srno,pdf,,
3290-2,감사원,3290,S03179,srno,pdf,,
3290-3,감사원,3290,S03179,srno,pdf,recall,
3290-4,감사원,3290,S03179,srno,pdf,,
3290-5,감사원,3290,S03179,srno,pdf,,
3290-6,감사원,3290,S03179,srno,pdf,분야축,
3290-7,감사원,3290,S03179,srno,pdf,분야축,
3290-8,감사원,3290,S03179,srno,pdf,recall,
3290-9,감사원,3290,S03179,srno,pdf,,
3290-10,감사원,3290,S03179,srno,pdf,recall,
3290-11,감사원,3290,S03179,srno,pdf,분야축,
3290-12,감사원,3290,S03179,srno,pdf,분야축,
3291-1,감사원,3291,S03180,srno,pdf,recall,
3291-2,감사원,3291,S03180,srno,pdf,recall,
3293-1,감사원,3293,S03182,srno,pdf,,
3293-2,감사원,3293,S03182,srno,pdf,,
3294-1,감사원,3294,S03183,srno,pdf,분야축,
3294-2,감사원,3294,S03183,srno,pdf,,
3294-3,감사원,3294,S03183,srno,pdf,분야축,
3294-4,감사원,3294,S03183,srno,pdf,recall,
3294-5,감사원,3294,S03183,srno,pdf,recall,
3294-6,감사원,3294,S03183,srno,pdf,분야축,
3294-7,감사원,3294,S03183,srno,pdf,recall,
3294-8,감사원,3294,S03183,srno,pdf,분야축,
3294-9,감사원,3294,S03183,srno,pdf,recall,
3294-10,감사원,3294,S03183,srno,pdf,,
3294-11,감사원,3294,S03183,srno,pdf,,
3294-12,감사원,3294,S03183,srno,pdf,,
3294-13,감사원,3294,S03183,srno,pdf,,
3296-1,감사원,3296,S03181,srno,pdf,,
3296-2,감사원,3296,S03181,srno,pdf,,
3296-3,감사원,3296,S03181,srno,pdf,,
3296-4,감사원,3296,S03181,srno,pdf,,
3296-5,감사원,3296,S03181,srno,pdf,,
3296-6,감사원,3296,S03181,srno,pdf,,
3296-7,감사원,3296,S03181,srno,pdf,,
3296-8,감사원,3296,S03181,srno,pdf,,
3296-9,감사원,3296,S03181,srno,pdf,,
3298-1,감사원,3298,S03186,srno,pdf,분야축,
3298-2,감사원,3298,S03186,srno,pdf,분야축,
3298-3,감사원,3298,S03186,srno,pdf,분야축,
3298-4,감사원,3298,S03186,srno,pdf,,
3298-5,감사원,3298,S03186,srno,pdf,,
3298-6,감사원,3298,S03186,srno,pdf,,
3303-1,감사원,3303,S03184,srno,pdf,,
3303-2,감사원,3303,S03184,srno,pdf,,
3303-3,감사원,3303,S03184,srno,pdf,,
3303-4,감사원,3303,S03184,srno,pdf,,
3303-5,감사원,3303,S03184,srno,pdf,,
3303-6,감사원,3303,S03184,srno,pdf,,
3303-7,감사원,3303,S03184,srno,pdf,,
3303-8,감사원,3303,S03184,srno,pdf,,
3303-9,감사원,3303,S03184,srno,pdf,,
3303-10,감사원,3303,S03184,srno,pdf,,
3303-11,감사원,3303,S03184,srno,pdf,분야축,
3303-12,감사원,3303,S03184,srno,pdf,분야축,
3303-13,감사원,3303,S03184,srno,pdf,recall,
3303-14,감사원,3303,S03184,srno,pdf,,
3304-1,감사원,3304,S03185,srno,pdf,,
3304-2,감사원,3304,S03185,srno,pdf,,
3304-3,감사원,3304,S03185,srno,pdf,분야축,
3304-4,감사원,3304,S03185,srno,pdf,,
3304-5,감사원,3304,S03185,srno,pdf,분야축,
3304-6,감사원,3304,S03185,srno,pdf,,
3304-7,감사원,3304,S03185,srno,pdf,분야축,
3304-8,감사원,3304,S03185,srno,pdf,,
3304-9,감사원,3304,S03185,srno,pdf,,
3304-10,감사원,3304,S03185,srno,pdf,분야축,
3304-11,감사원,3304,S03185,srno,pdf,,
3304-12,감사원,3304,S03185,srno,pdf,,
3304-13,감사원,3304,S03185,srno,pdf,,
3305-1,감사원,3305,S03188,srno,pdf,,
3305-2,감사원,3305,S03188,srno,pdf,,
3305-3,감사원,3305,S03188,srno,pdf,,
3305-4,감사원,3305,S03188,srno,pdf,분야축,
3305-5,감사원,3305,S03188,srno,pdf,,
3305-6,감사원,3305,S03188,srno,pdf,,
3305-7,감사원,3305,S03188,srno,pdf,,
3305-8,감사원,3305,S03188,srno,pdf,,
3305-9,감사원,3305,S03188,srno,pdf,,
3305-10,감사원,3305,S03188,srno,pdf,,
3305-11,감사원,3305,S03188,srno,pdf,,
3305-12,감사원,3305,S03188,srno,pdf,분야축,
3305-13,감사원,3305,S03188,srno,pdf,분야축,
3305-14,감사원,3305,S03188,srno,pdf,분야축,
3305-15,감사원,3305,S03188,srno,pdf,분야축,
3306-1,감사원,3306,S03187,srno,pdf,분야축,
3306-2,감사원,3306,S03187,srno,pdf,분야축,
3306-3,감사원,3306,S03187,srno,pdf,recall,
3306-4,감사원,3306,S03187,srno,pdf,분야축,
3306-5,감사원,3306,S03187,srno,pdf,recall,
3306-6,감사원,3306,S03187,srno,pdf,분야축,
3307-1,감사원,3307,S03189,srno,pdf,분야축,
3307-2,감사원,3307,S03189,srno,pdf,분야축,
3307-3,감사원,3307,S03189,srno,pdf,분야축,
3307-4,감사원,3307,S03189,srno,pdf,분야축,
3307-5,감사원,3307,S03189,srno,pdf,분야축,
3307-6,감사원,3307,S03189,srno,pdf,분야축,
3307-7,감사원,3307,S03189,srno,pdf,분야축,
3307-8,감사원,3307,S03189,srno,pdf,분야축,
3307-9,감사원,3307,S03189,srno,pdf,분야축,
3307-10,감사원,3307,S03189,srno,pdf,분야축,
3307-11,감사원,3307,S03189,srno,pdf,분야축,
3308-1,감사원,3308,S03190,srno,pdf,,
3308-2,감사원,3308,S03190,srno,pdf,,
3308-3,감사원,3308,S03190,srno,pdf,,
3308-4,감사원,3308,S03190,srno,pdf,,
3308-5,감사원,3308,S03190,srno,pdf,,
3308-6,감사원,3308,S03190,srno,pdf,,
3308-7,감사원,3308,S03190,srno,pdf,분야축,
3308-8,감사원,3308,S03190,srno,pdf,,
3309-1,감사원,3309,S03191,srno,pdf,,
3309-2,감사원,3309,S03191,srno,pdf,,
3309-3,감사원,3309,S03191,srno,pdf,,
3309-4,감사원,3309,S03191,srno,pdf,,
3309-5,감사원,3309,S03191,srno,pdf,,
3309-6,감사원,3309,S03191,srno,pdf,,
3309-7,감사원,3309,S03191,srno,pdf,,
3309-8,감사원,3309,S03191,srno,pdf,,
3309-9,감사원,3309,S03191,srno,pdf,,
3309-10,감사원,3309,S03191,srno,pdf,recall,
3309-11,감사원,3309,S03191,srno,pdf,,
3309-12,감사원,3309,S03191,srno,pdf,,
3309-13,감사원,3309,S03191,srno,pdf,,
3309-14,감사원,3309,S03191,srno,pdf,,
3309-15,감사원,3309,S03191,srno,pdf,,
3310-1,감사원,3310,S03192,srno,pdf,,
3310-2,감사원,3310,S03192,srno,pdf,분야축,
3310-3,감사원,3310,S03192,srno,pdf,분야축,
3310-4,감사원,3310,S03192,srno,pdf,recall,
3310-5,감사원,3310,S03192,srno,pdf,분야축,
3310-6,감사원,3310,S03192,srno,pdf,분야축,
3310-7,감사원,3310,S03192,srno,pdf,분야축,
3310-8,감사원,3310,S03192,srno,pdf,분야축,
3310-9,감사원,3310,S03192,srno,pdf,,
3311-1,감사원,3311,S03193,srno,pdf,분야축,
3311-2,감사원,3311,S03193,srno,pdf,분야축,
3311-3,감사원,3311,S03193,srno,pdf,분야축,
3311-4,감사원,3311,S03193,srno,pdf,분야축,
3311-5,감사원,3311,S03193,srno,pdf,분야축,
3311-6,감사원,3311,S03193,srno,pdf,분야축,
3311-7,감사원,3311,S03193,srno,pdf,분야축,
3311-8,감사원,3311,S03193,srno,pdf,분야축,
3311-9,감사원,3311,S03193,srno,pdf,recall,
3311-10,감사원,3311,S03193,srno,pdf,분야축,
3311-11,감사원,3311,S03193,srno,pdf,,
3311-12,감사원,3311,S03193,srno,pdf,,
3311-13,감사원,3311,S03193,srno,pdf,,
3311-14,감사원,3311,S03193,srno,pdf,,
3312-1,감사원,3312,S03194,srno,pdf,recall,
3312-2,감사원,3312,S03194,srno,pdf,분야축,
3313-1,감사원,3313,S03195,srno,pdf,,
3313-2,감사원,3313,S03195,srno,pdf,,
3313-3,감사원,3313,S03195,srno,pdf,,
3313-4,감사원,3313,S03195,srno,pdf,,
3313-5,감사원,3313,S03195,srno,pdf,분야축,
3313-6,감사원,3313,S03195,srno,pdf,,
3313-7,감사원,3313,S03195,srno,pdf,,
3313-8,감사원,3313,S03195,srno,pdf,recall,
3313-9,감사원,3313,S03195,srno,pdf,,
3313-10,감사원,3313,S03195,srno,pdf,recall,
3313-11,감사원,3313,S03195,srno,pdf,,
3313-12,감사원,3313,S03195,srno,pdf,,
3314-1,감사원,3314,S03197,srno,pdf,분야축,
3314-2,감사원,3314,S03197,srno,pdf,분야축,
3314-3,감사원,3314,S03197,srno,pdf,분야축,
3314-4,감사원,3314,S03197,srno,pdf,분야축,
3314-5,감사원,3314,S03197,srno,pdf,분야축,
3314-6,감사원,3314,S03197,srno,pdf,분야축,
3314-7,감사원,3314,S03197,srno,pdf,분야축,
3314-8,감사원,3314,S03197,srno,pdf,분야축,
3314-9,감사원,3314,S03197,srno,pdf,분야축,
3314-10,감사원,3314,S03197,srno,pdf,분야축,
3314-11,감사원,3314,S03197,srno,pdf,분야축,
3314-12,감사원,3314,S03197,srno,pdf,분야축,
3314-13,감사원,3314,S03197,srno,pdf,분야축,
3314-14,감사원,3314,S03197,srno,pdf,분야축,
3314-15,감사원,3314,S03197,srno,pdf,분야축,
3314-16,감사원,3314,S03197,srno,pdf,분야축,
3314-17,감사원,3314,S03197,srno,pdf,분야축,
3314-18,감사원,3314,S03197,srno,pdf,분야축,
3314-19,감사원,3314,S03197,srno,pdf,분야축,
3314-20,감사원,3314,S03197,srno,pdf,분야축,
3314-21,감사원,3314,S03197,srno,pdf,분야축,
3314-22,감사원,3314,S03197,srno,pdf,분야축,
3314-23,감사원,3314,S03197,srno,pdf,분야축,
3314-24,감사원,3314,S03197,srno,pdf,분야축,
3314-25,감사원,3314,S03197,srno,pdf,분야축,
3314-26,감사원,3314,S03197,srno,pdf,분야축,
3314-27,감사원,3314,S03197,srno,pdf,분야축,
3314-28,감사원,3314,S03197,srno,pdf,분야축,
3314-29,감사원,3314,S03197,srno,pdf,분야축,
3314-30,감사원,3314,S03197,srno,pdf,분야축,
3314-31,감사원,3314,S03197,srno,pdf,분야축,
3314-32,감사원,3314,S03197,srno,pdf,분야축,
3314-33,감사원,3314,S03197,srno,pdf,분야축,
3314-34,감사원,3314,S03197,srno,pdf,분야축,
3314-35,감사원,3314,S03197,srno,pdf,분야축,
3314-36,감사원,3314,S03197,srno,pdf,분야축,
3314-37,감사원,3314,S03197,srno,pdf,분야축,
3314-38,감사원,3314,S03197,srno,pdf,분야축,
3314-39,감사원,3314,S03197,srno,pdf,분야축,
3314-40,감사원,3314,S03197,srno,pdf,분야축,
3314-41,감사원,3314,S03197,srno,pdf,분야축,
3314-42,감사원,3314,S03197,srno,pdf,분야축,
3314-43,감사원,3314,S03197,srno,pdf,분야축,
3314-44,감사원,3314,S03197,srno,pdf,분야축,
3314-45,감사원,3314,S03197,srno,pdf,분야축,
3314-46,감사원,3314,S03197,srno,pdf,분야축,
3314-47,감사원,3314,S03197,srno,pdf,분야축,
3314-48,감사원,3314,S03197,srno,pdf,분야축,
3314-49,감사원,3314,S03197,srno,pdf,분야축,
3314-50,감사원,3314,S03197,srno,pdf,분야축,
3314-51,감사원,3314,S03197,srno,pdf,분야축,
3314-52,감사원,3314,S03197,srno,pdf,분야축,
3314-53,감사원,3314,S03197,srno,pdf,분야축,
3314-54,감사원,3314,S03197,srno,pdf,분야축,
3314-55,감사원,3314,S03197,srno,pdf,분야축,
3314-56,감사원,3314,S03197,srno,pdf,분야축,
3314-57,감사원,3314,S03197,srno,pdf,분야축,
3314-58,감사원,3314,S03197,srno,pdf,분야축,
3314-59,감사원,3314,S03197,srno,pdf,분야축,
3314-60,감사원,3314,S03197,srno,pdf,분야축,
3314-61,감사원,3314,S03197,srno,pdf,분야축,
3314-62,감사원,3314,S03197,srno,pdf,분야축,
3314-63,감사원,3314,S03197,srno,pdf,분야축,
3314-64,감사원,3314,S03197,srno,pdf,분야축,
3314-65,감사원,3314,S03197,srno,pdf,분야축,
3314-66,감사원,3314,S03197,srno,pdf,분야축,
3314-67,감사원,3314,S03197,srno,pdf,분야축,
3314-68,감사원,3314,S03197,srno,pdf,분야축,
3314-69,감사원,3314,S03197,srno,pdf,분야축,
3314-70,감사원,3314,S03197,srno,pdf,분야축,
3314-71,감사원,3314,S03197,srno,pdf,분야축,
3314-72,감사원,3314,S03197,srno,pdf,분야축,
3314-73,감사원,3314,S03197,srno,pdf,분야축,
3314-74,감사원,3314,S03197,srno,pdf,분야축,
3314-75,감사원,3314,S03197,srno,pdf,분야축,
3314-76,감사원,3314,S03197,srno,pdf,분야축,
3314-77,감사원,3314,S03197,srno,pdf,분야축,
3314-78,감사원,3314,S03197,srno,pdf,분야축,
3314-79,감사원,3314,S03197,srno,pdf,분야축,
3314-80,감사원,3314,S03197,srno,pdf,분야축,
3314-81,감사원,3314,S03197,srno,pdf,분야축,
3314-82,감사원,3314,S03197,srno,pdf,분야축,
3314-83,감사원,3314,S03197,srno,pdf,분야축,
3314-84,감사원,3314,S03197,srno,pdf,분야축,
3314-85,감사원,3314,S03197,srno,pdf,분야축,
3314-86,감사원,3314,S03197,srno,pdf,분야축,
3314-87,감사원,3314,S03197,srno,pdf,분야축,
3314-88,감사원,3314,S03197,srno,pdf,분야축,
3314-89,감사원,3314,S03197,srno,pdf,분야축,
3314-90,감사원,3314,S03197,srno,pdf,분야축,
3314-91,감사원,3314,S03197,srno,pdf,분야축,
3314-92,감사원,3314,S03197,srno,pdf,분야축,
3314-93,감사원,3314,S03197,srno,pdf,,
3314-94,감사원,3314,S03197,srno,pdf,,
3314-95,감사원,3314,S03197,srno,pdf,,
3314-96,감사원,3314,S03197,srno,pdf,,
3314-97,감사원,3314,S03197,srno,pdf,,
3314-98,감사원,3314,S03197,srno,pdf,,
3314-99,감사원,3314,S03197,srno,pdf,,
3314-100,감사원,3314,S03197,srno,pdf,,
3314-101,감사원,3314,S03197,srno,pdf,recall,
3314-102,감사원,3314,S03197,srno,pdf,분야축,
3314-103,감사원,3314,S03197,srno,pdf,분야축,
3314-104,감사원,3314,S03197,srno,pdf,분야축,
3314-105,감사원,3314,S03197,srno,pdf,,
3314-106,감사원,3314,S03197,srno,pdf,,
3314-107,감사원,3314,S03197,srno,pdf,,
3314-108,감사원,3314,S03197,srno,pdf,,
3314-109,감사원,3314,S03197,srno,pdf,,
3314-110,감사원,3314,S03197,srno,pdf,,
3314-111,감사원,3314,S03197,srno,pdf,,
3314-112,감사원,3314,S03197,srno,pdf,,
3314-113,감사원,3314,S03197,srno,pdf,분야축,
3314-114,감사원,3314,S03197,srno,pdf,분야축,
3314-115,감사원,3314,S03197,srno,pdf,분야축,
3314-116,감사원,3314,S03197,srno,pdf,recall,
3314-117,감사원,3314,S03197,srno,pdf,recall,
3314-118,감사원,3314,S03197,srno,pdf,recall,
3314-119,감사원,3314,S03197,srno,pdf,분야축,
3314-120,감사원,3314,S03197,srno,pdf,분야축,
3314-121,감사원,3314,S03197,srno,pdf,,
3314-122,감사원,3314,S03197,srno,pdf,,
3314-123,감사원,3314,S03197,srno,pdf,,
3314-124,감사원,3314,S03197,srno,pdf,,
3314-125,감사원,3314,S03197,srno,pdf,분야축,
3314-126,감사원,3314,S03197,srno,pdf,분야축,
3314-127,감사원,3314,S03197,srno,pdf,분야축,
3314-128,감사원,3314,S03197,srno,pdf,,
3314-129,감사원,3314,S03197,srno,pdf,분야축,
3314-130,감사원,3314,S03197,srno,pdf,,
3314-131,감사원,3314,S03197,srno,pdf,분야축,
3314-132,감사원,3314,S03197,srno,pdf,분야축,
3314-133,감사원,3314,S03197,srno,pdf,분야축,
3314-134,감사원,3314,S03197,srno,pdf,분야축,
3314-135,감사원,3314,S03197,srno,pdf,분야축,
3314-136,감사원,3314,S03197,srno,pdf,분야축,
3314-137,감사원,3314,S03197,srno,pdf,,
3314-138,감사원,3314,S03197,srno,pdf,,
3314-139,감사원,3314,S03197,srno,pdf,,
3314-140,감사원,3314,S03197,srno,pdf,,
3314-141,감사원,3314,S03197,srno,pdf,분야축,
3314-142,감사원,3314,S03197,srno,pdf,,
3314-143,감사원,3314,S03197,srno,pdf,,
3314-144,감사원,3314,S03197,srno,pdf,,
3314-145,감사원,3314,S03197,srno,pdf,,
3314-146,감사원,3314,S03197,srno,pdf,,
3314-147,감사원,3314,S03197,srno,pdf,,
3314-148,감사원,3314,S03197,srno,pdf,,
3314-149,감사원,3314,S03197,srno,pdf,,
3314-150,감사원,3314,S03197,srno,pdf,,
3314-151,감사원,3314,S03197,srno,pdf,,
3314-152,감사원,3314,S03197,srno,pdf,,
3314-153,감사원,3314,S03197,srno,pdf,,
3314-154,감사원,3314,S03197,srno,pdf,,
3314-155,감사원,3314,S03197,srno,pdf,,
3314-156,감사원,3314,S03197,srno,pdf,,
3314-157,감사원,3314,S03197,srno,pdf,,
3314-158,감사원,3314,S03197,srno,pdf,,
3314-159,감사원,3314,S03197,srno,pdf,,
3314-160,감사원,3314,S03197,srno,pdf,recall,
3314-161,감사원,3314,S03197,srno,pdf,recall,
3314-162,감사원,3314,S03197,srno,pdf,,
3314-163,감사원,3314,S03197,srno,pdf,,
3314-164,감사원,3314,S03197,srno,pdf,,
3314-165,감사원,3314,S03197,srno,pdf,,
3314-166,감사원,3314,S03197,srno,pdf,분야축,
3314-167,감사원,3314,S03197,srno,pdf,,
3314-168,감사원,3314,S03197,srno,pdf,,
3314-169,감사원,3314,S03197,srno,pdf,분야축,
3314-170,감사원,3314,S03197,srno,pdf,,
3314-171,감사원,3314,S03197,srno,pdf,,
3314-172,감사원,3314,S03197,srno,pdf,,
3314-173,감사원,3314,S03197,srno,pdf,,
3314-174,감사원,3314,S03197,srno,pdf,,
3314-175,감사원,3314,S03197,srno,pdf,,
3314-176,감사원,3314,S03197,srno,pdf,,
3314-177,감사원,3314,S03197,srno,pdf,분야축,
3314-178,감사원,3314,S03197,srno,pdf,분야축,
3314-179,감사원,3314,S03197,srno,pdf,,
3314-180,감사원,3314,S03197,srno,pdf,,
3314-181,감사원,3314,S03197,srno,pdf,,
3314-182,감사원,3314,S03197,srno,pdf,,
3314-183,감사원,3314,S03197,srno,pdf,,
3314-184,감사원,3314,S03197,srno,pdf,,
3314-185,감사원,3314,S03197,srno,pdf,분야축,
3314-186,감사원,3314,S03197,srno,pdf,분야축,
3314-187,감사원,3314,S03197,srno,pdf,,
3314-188,감사원,3314,S03197,srno,pdf,,
3314-189,감사원,3314,S03197,srno,pdf,분야축,
3314-190,감사원,3314,S03197,srno,pdf,,
3314-191,감사원,3314,S03197,srno,pdf,분야축,
3314-192,감사원,3314,S03197,srno,pdf,,
3314-193,감사원,3314,S03197,srno,pdf,,
3314-194,감사원,3314,S03197,srno,pdf,분야축,
3314-195,감사원,3314,S03197,srno,pdf,,
3314-196,감사원,3314,S03197,srno,pdf,분야축,
3314-197,감사원,3314,S03197,srno,pdf,분야축,
3314-198,감사원,3314,S03197,srno,pdf,,
3314-199,감사원,3314,S03197,srno,pdf,,
3314-200,감사원,3314,S03197,srno,pdf,recall,
3314-201,감사원,3314,S03197,srno,pdf,,
3314-202,감사원,3314,S03197,srno,pdf,,
3314-203,감사원,3314,S03197,srno,pdf,분야축,
3314-204,감사원,3314,S03197,srno,pdf,분야축,
3314-205,감사원,3314,S03197,srno,pdf,분야축,
3314-206,감사원,3314,S03197,srno,pdf,분야축,
3314-207,감사원,3314,S03197,srno,pdf,분야축,
3314-208,감사원,3314,S03197,srno,pdf,분야축,
3314-209,감사원,3314,S03197,srno,pdf,분야축,
3314-210,감사원,3314,S03197,srno,pdf,분야축,
3314-211,감사원,3314,S03197,srno,pdf,,
3314-212,감사원,3314,S03197,srno,pdf,,
3314-213,감사원,3314,S03197,srno,pdf,분야축,
3314-214,감사원,3314,S03197,srno,pdf,분야축,
3314-215,감사원,3314,S03197,srno,pdf,분야축,
3314-216,감사원,3314,S03197,srno,pdf,분야축,
3314-217,감사원,3314,S03197,srno,pdf,분야축,
3314-218,감사원,3314,S03197,srno,pdf,분야축,
3314-219,감사원,3314,S03197,srno,pdf,분야축,
3314-220,감사원,3314,S03197,srno,pdf,분야축,
3314-221,감사원,3314,S03197,srno,pdf,분야축,
3314-222,감사원,3314,S03197,srno,pdf,분야축,
3314-223,감사원,3314,S03197,srno,pdf,분야축,
3314-224,감사원,3314,S03197,srno,pdf,분야축,
3314-225,감사원,3314,S03197,srno,pdf,분야축,
3314-226,감사원,3314,S03197,srno,pdf,분야축,
3314-227,감사원,3314,S03197,srno,pdf,분야축,
3314-228,감사원,3314,S03197,srno,pdf,분야축,
3314-229,감사원,3314,S03197,srno,pdf,분야축,
3314-230,감사원,3314,S03197,srno,pdf,분야축,
3314-231,감사원,3314,S03197,srno,pdf,분야축,
3314-232,감사원,3314,S03197,srno,pdf,분야축,
3314-233,감사원,3314,S03197,srno,pdf,분야축,
3314-234,감사원,3314,S03197,srno,pdf,분야축,
3314-235,감사원,3314,S03197,srno,pdf,분야축,
3314-236,감사원,3314,S03197,srno,pdf,분야축,
3314-237,감사원,3314,S03197,srno,pdf,분야축,
3314-238,감사원,3314,S03197,srno,pdf,분야축,
3314-239,감사원,3314,S03197,srno,pdf,분야축,
3314-240,감사원,3314,S03197,srno,pdf,분야축,
3314-241,감사원,3314,S03197,srno,pdf,분야축,
3314-242,감사원,3314,S03197,srno,pdf,분야축,
3314-243,감사원,3314,S03197,srno,pdf,분야축,
3314-244,감사원,3314,S03197,srno,pdf,분야축,
3314-245,감사원,3314,S03197,srno,pdf,분야축,
3314-246,감사원,3314,S03197,srno,pdf,분야축,
3314-247,감사원,3314,S03197,srno,pdf,분야축,
3314-248,감사원,3314,S03197,srno,pdf,분야축,
3314-249,감사원,3314,S03197,srno,pdf,분야축,
3314-250,감사원,3314,S03197,srno,pdf,분야축,
3314-251,감사원,3314,S03197,srno,pdf,분야축,
3314-252,감사원,3314,S03197,srno,pdf,분야축,
3314-253,감사원,3314,S03197,srno,pdf,분야축,
3314-254,감사원,3314,S03197,srno,pdf,분야축,
3314-255,감사원,3314,S03197,srno,pdf,분야축,
3314-256,감사원,3314,S03197,srno,pdf,분야축,
3314-257,감사원,3314,S03197,srno,pdf,분야축,
3314-258,감사원,3314,S03197,srno,pdf,,
3314-259,감사원,3314,S03197,srno,pdf,,
3314-260,감사원,3314,S03197,srno,pdf,,
3314-261,감사원,3314,S03197,srno,pdf,,
3314-262,감사원,3314,S03197,srno,pdf,분야축,
3314-263,감사원,3314,S03197,srno,pdf,분야축,
3314-264,감사원,3314,S03197,srno,pdf,,
3314-265,감사원,3314,S03197,srno,pdf,,
3314-266,감사원,3314,S03197,srno,pdf,,
3314-267,감사원,3314,S03197,srno,pdf,분야축,
3314-268,감사원,3314,S03197,srno,pdf,,
3314-269,감사원,3314,S03197,srno,pdf,,
3314-270,감사원,3314,S03197,srno,pdf,분야축,
3314-271,감사원,3314,S03197,srno,pdf,분야축,
3314-272,감사원,3314,S03197,srno,pdf,,
3314-273,감사원,3314,S03197,srno,pdf,,
3314-274,감사원,3314,S03197,srno,pdf,recall,
3314-275,감사원,3314,S03197,srno,pdf,분야축,
3314-276,감사원,3314,S03197,srno,pdf,분야축,
3314-277,감사원,3314,S03197,srno,pdf,분야축,
3314-278,감사원,3314,S03197,srno,pdf,분야축,
3314-279,감사원,3314,S03197,srno,pdf,분야축,
3314-280,감사원,3314,S03197,srno,pdf,,
3314-281,감사원,3314,S03197,srno,pdf,분야축,
3314-282,감사원,3314,S03197,srno,pdf,recall,
3314-283,감사원,3314,S03197,srno,pdf,분야축,
3314-284,감사원,3314,S03197,srno,pdf,recall,
3314-285,감사원,3314,S03197,srno,pdf,분야축,
3314-286,감사원,3314,S03197,srno,pdf,분야축,
3314-287,감사원,3314,S03197,srno,pdf,recall,
3314-288,감사원,3314,S03197,srno,pdf,,
3314-289,감사원,3314,S03197,srno,pdf,분야축,
3314-290,감사원,3314,S03197,srno,pdf,,
3314-291,감사원,3314,S03197,srno,pdf,,
3314-292,감사원,3314,S03197,srno,pdf,분야축,
3314-293,감사원,3314,S03197,srno,pdf,분야축,
3314-294,감사원,3314,S03197,srno,pdf,recall,
3314-295,감사원,3314,S03197,srno,pdf,recall,
3314-296,감사원,3314,S03197,srno,pdf,분야축,
3314-297,감사원,3314,S03197,srno,pdf,recall,
3314-298,감사원,3314,S03197,srno,pdf,분야축,
3314-299,감사원,3314,S03197,srno,pdf,,
3314-300,감사원,3314,S03197,srno,pdf,,
3314-301,감사원,3314,S03197,srno,pdf,,
3314-302,감사원,3314,S03197,srno,pdf,,
3314-303,감사원,3314,S03197,srno,pdf,,
3314-304,감사원,3314,S03197,srno,pdf,,
3314-305,감사원,3314,S03197,srno,pdf,,
3314-306,감사원,3314,S03197,srno,pdf,recall,
3314-307,감사원,3314,S03197,srno,pdf,,
3314-308,감사원,3314,S03197,srno,pdf,분야축,
3314-309,감사원,3314,S03197,srno,pdf,분야축,
3314-310,감사원,3314,S03197,srno,pdf,,
3314-311,감사원,3314,S03197,srno,pdf,,
3314-312,감사원,3314,S03197,srno,pdf,분야축,
3314-313,감사원,3314,S03197,srno,pdf,분야축,
3314-314,감사원,3314,S03197,srno,pdf,분야축,
3314-315,감사원,3314,S03197,srno,pdf,분야축,
3314-316,감사원,3314,S03197,srno,pdf,분야축,
3314-317,감사원,3314,S03197,srno,pdf,분야축,
3314-318,감사원,3314,S03197,srno,pdf,분야축,
3314-319,감사원,3314,S03197,srno,pdf,,
3314-320,감사원,3314,S03197,srno,pdf,,
3314-321,감사원,3314,S03197,srno,pdf,,
3314-322,감사원,3314,S03197,srno,pdf,,
3314-323,감사원,3314,S03197,srno,pdf,,
3314-324,감사원,3314,S03197,srno,pdf,분야축,
3314-325,감사원,3314,S03197,srno,pdf,분야축,
3314-326,감사원,3314,S03197,srno,pdf,recall,
3314-327,감사원,3314,S03197,srno,pdf,,
3314-328,감사원,3314,S03197,srno,pdf,,
3314-329,감사원,3314,S03197,srno,pdf,,
3314-330,감사원,3314,S03197,srno,pdf,분야축,
3314-331,감사원,3314,S03197,srno,pdf,분야축,
3314-332,감사원,3314,S03197,srno,pdf,,
3314-333,감사원,3314,S03197,srno,pdf,,
3314-334,감사원,3314,S03197,srno,pdf,,
3314-335,감사원,3314,S03197,srno,pdf,recall,
3314-336,감사원,3314,S03197,srno,pdf,,
3314-337,감사원,3314,S03197,srno,pdf,,
3314-338,감사원,3314,S03197,srno,pdf,,
3314-339,감사원,3314,S03197,srno,pdf,,
3315-1,감사원,3315,S03199,srno,pdf,분야축,
3315-2,감사원,3315,S03199,srno,pdf,recall,
3315-3,감사원,3315,S03199,srno,pdf,분야축,
3315-4,감사원,3315,S03199,srno,pdf,분야축,
3315-5,감사원,3315,S03199,srno,pdf,분야축,
3315-6,감사원,3315,S03199,srno,pdf,분야축,
3315-7,감사원,3315,S03199,srno,pdf,분야축,
3316-1,감사원,3316,S03200,srno,pdf,,
3316-2,감사원,3316,S03200,srno,pdf,,
3316-3,감사원,3316,S03200,srno,pdf,,
3316-4,감사원,3316,S03200,srno,pdf,,
3316-5,감사원,3316,S03200,srno,pdf,분야축,
3316-6,감사원,3316,S03200,srno,pdf,,
3316-7,감사원,3316,S03200,srno,pdf,,
3316-8,감사원,3316,S03200,srno,pdf,분야축,
3316-9,감사원,3316,S03200,srno,pdf,분야축,
3317-1,감사원,3317,S03201,srno,pdf,분야축,
3317-2,감사원,3317,S03201,srno,pdf,분야축,
3317-3,감사원,3317,S03201,srno,pdf,분야축,
3317-4,감사원,3317,S03201,srno,pdf,분야축,
3317-5,감사원,3317,S03201,srno,pdf,분야축,
3317-6,감사원,3317,S03201,srno,pdf,분야축,
3317-7,감사원,3317,S03201,srno,pdf,분야축,
3317-8,감사원,3317,S03201,srno,pdf,분야축,
3317-9,감사원,3317,S03201,srno,pdf,분야축,
3317-10,감사원,3317,S03201,srno,pdf,분야축,
3317-11,감사원,3317,S03201,srno,pdf,분야축,
3317-12,감사원,3317,S03201,srno,pdf,분야축,
3317-13,감사원,3317,S03201,srno,pdf,분야축,
3317-14,감사원,3317,S03201,srno,pdf,분야축,
3317-15,감사원,3317,S03201,srno,pdf,분야축,
3317-16,감사원,3317,S03201,srno,pdf,분야축,
3317-17,감사원,3317,S03201,srno,pdf,분야축,
3317-18,감사원,3317,S03201,srno,pdf,분야축,
3317-19,감사원,3317,S03201,srno,pdf,분야축,
3317-20,감사원,3317,S03201,srno,pdf,분야축,
3317-21,감사원,3317,S03201,srno,pdf,분야축,
3317-22,감사원,3317,S03201,srno,pdf,분야축,
3317-23,감사원,3317,S03201,srno,pdf,분야축,
3317-24,감사원,3317,S03201,srno,pdf,분야축,
3317-25,감사원,3317,S03201,srno,pdf,분야축,
3317-26,감사원,3317,S03201,srno,pdf,분야축,
3317-27,감사원,3317,S03201,srno,pdf,분야축,
3317-28,감사원,3317,S03201,srno,pdf,분야축,
3317-29,감사원,3317,S03201,srno,pdf,분야축,
3318-1,감사원,3318,S03202,srno,pdf,분야축,
3318-2,감사원,3318,S03202,srno,pdf,분야축,
3318-3,감사원,3318,S03202,srno,pdf,분야축,
3318-4,감사원,3318,S03202,srno,pdf,분야축,
3318-5,감사원,3318,S03202,srno,pdf,분야축,
3318-6,감사원,3318,S03202,srno,pdf,분야축,
3318-7,감사원,3318,S03202,srno,pdf,분야축,
3318-8,감사원,3318,S03202,srno,pdf,분야축,
3318-9,감사원,3318,S03202,srno,pdf,분야축,
3318-10,감사원,3318,S03202,srno,pdf,분야축,
3318-11,감사원,3318,S03202,srno,pdf,분야축,
4-01-00-2026-206988-1,화성,4-01-00-2026-206988,S03836,srno,pdf,,
4-02-00-2026-206948-1,화성,4-02-00-2026-206948,S04109,srno,pdf,분야축,
4-02-00-2026-206950-1,화성,4-02-00-2026-206950,S04110,srno,pdf,,
4-02-00-2026-206971-1,화성,4-02-00-2026-206971,S04111,srno,pdf,분야축,
4-02-00-2026-206972-1,화성,4-02-00-2026-206972,S04112,srno,pdf,분야축,
4-02-00-2026-206973-1,화성,4-02-00-2026-206973,S04113,srno,pdf,분야축,
4-02-00-2026-206985-1,화성,4-02-00-2026-206985,S04114,srno,pdf,,
4-02-00-2026-207003-1,화성,4-02-00-2026-207003,S04115,srno,pdf,분야축,
4-02-00-2026-207004-1,화성,4-02-00-2026-207004,S04116,srno,pdf,분야축,
4-02-00-2026-207005-1,화성,4-02-00-2026-207005,S04117,srno,pdf,분야축,
4-02-00-2026-207006-1,화성,4-02-00-2026-207006,S04118,srno,pdf,,
4-02-00-2026-207007-1,화성,4-02-00-2026-207007,S04119,srno,pdf,,
4-02-00-2026-207008-1,화성,4-02-00-2026-207008,S04120,srno,pdf,,
4-04-00-2026-206941-1,화성,4-04-00-2026-206941,S04146,srno,pdf,,
4-04-00-2026-206942-1,화성,4-04-00-2026-206942,S04147,srno,pdf,,
4-04-00-2026-206943-1,화성,4-04-00-2026-206943,S04148,srno,pdf,,
4-04-00-2026-206945-1,화성,4-04-00-2026-206945,S04149,srno,pdf,,
4-04-00-2026-206946-1,화성,4-04-00-2026-206946,S04150,srno,pdf,,
4-04-00-2026-206951-1,화성,4-04-00-2026-206951,S04151,srno,pdf,,
4-04-00-2026-206952-1,화성,4-04-00-2026-206952,S04152,srno,pdf,,
4-04-00-2026-206953-1,화성,4-04-00-2026-206953,S04153,srno,pdf,,
4-04-00-2026-206956-1,화성,4-04-00-2026-206956,S04154,srno,pdf,,
4-04-00-2026-206958-1,화성,4-04-00-2026-206958,S04155,srno,pdf,,
4-04-00-2026-206959-1,화성,4-04-00-2026-206959,S04156,srno,pdf,,
4-04-00-2026-206960-1,화성,4-04-00-2026-206960,S04157,srno,pdf,,
4-04-00-2026-206963-1,화성,4-04-00-2026-206963,S04158,srno,pdf,,
4-04-00-2026-206964-1,화성,4-04-00-2026-206964,S04159,srno,pdf,,
4-04-00-2026-206965-1,화성,4-04-00-2026-206965,S04160,srno,pdf,,
4-04-00-2026-206968-1,화성,4-04-00-2026-206968,S04161,srno,pdf,분야축,
4-04-00-2026-206969-1,화성,4-04-00-2026-206969,S04162,srno,pdf,,
4-04-00-2026-206976-1,화성,4-04-00-2026-206976,S04163,srno,pdf,,
4-04-00-2026-206977-1,화성,4-04-00-2026-206977,S04164,srno,pdf,,
4-04-00-2026-206978-1,화성,4-04-00-2026-206978,S04165,srno,pdf,,
4-05-00-2026-206980-1,화성,4-05-00-2026-206980,S04293,srno,pdf,분야축,
4-07-00-2026-206992-1,화성,4-07-00-2026-206992,S04388,srno,pdf,,
4-07-00-2026-206998-1,화성,4-07-00-2026-206998,S04389,srno,pdf,분야축,
4-07-00-2026-207000-1,화성,4-07-00-2026-207000,S04390,srno,pdf,,
4-07-00-2026-207009-1,화성,4-07-00-2026-207009,S04391,srno,pdf,recall,
4-07-00-2026-207010-1,화성,4-07-00-2026-207010,S04392,srno,pdf,,
4-07-00-2026-207011-1,화성,4-07-00-2026-207011,S04393,srno,pdf,,
4-08-00-2026-206938-1,화성,4-08-00-2026-206938,S04575,srno,pdf,,
4-08-00-2026-206939-1,화성,4-08-00-2026-206939,S04576,srno,pdf,분야축,
4-08-00-2026-206940-1,화성,4-08-00-2026-206940,S04577,srno,pdf,,
4-08-00-2026-206944-1,화성,4-08-00-2026-206944,S04578,srno,pdf,분야축,
4-08-00-2026-206947-1,화성,4-08-00-2026-206947,S04579,srno,pdf,분야축,
4-08-00-2026-206954-1,화성,4-08-00-2026-206954,S04580,srno,pdf,분야축,
4-08-00-2026-206955-1,화성,4-08-00-2026-206955,S04581,srno,pdf,,
4-08-00-2026-206961-1,화성,4-08-00-2026-206961,S04582,srno,pdf,recall,
4-08-00-2026-206962-1,화성,4-08-00-2026-206962,S04583,srno,pdf,분야축,
4-08-00-2026-206966-1,화성,4-08-00-2026-206966,S04584,srno,pdf,분야축,
4-08-00-2026-206967-1,화성,4-08-00-2026-206967,S04585,srno,pdf,,
4-08-00-2026-206970-1,화성,4-08-00-2026-206970,S04586,srno,pdf,분야축,
4-08-00-2026-206974-1,화성,4-08-00-2026-206974,S04587,srno,pdf,recall,
4-08-00-2026-206975-1,화성,4-08-00-2026-206975,S04588,srno,pdf,분야축,
4-08-00-2026-206981-1,화성,4-08-00-2026-206981,S04589,srno,pdf,,
4-08-00-2026-206983-1,화성,4-08-00-2026-206983,S04590,srno,pdf,,
4-08-00-2026-206984-1,화성,4-08-00-2026-206984,S04591,srno,pdf,,
4-08-00-2026-206986-1,화성,4-08-00-2026-206986,S04592,srno,pdf,,
4-08-00-2026-206987-1,화성,4-08-00-2026-206987,S04593,srno,pdf,,
4-08-00-2026-206989-1,화성,4-08-00-2026-206989,S04594,srno,pdf,,
4-08-00-2026-206990-1,화성,4-08-00-2026-206990,S04595,srno,pdf,분야축,
4-08-00-2026-206993-1,화성,4-08-00-2026-206993,S04596,srno,pdf,,
4-08-00-2026-206994-1,화성,4-08-00-2026-206994,S04597,srno,pdf,,
4-08-00-2026-206995-1,화성,4-08-00-2026-206995,S04598,srno,pdf,분야축,
4-08-00-2026-206996-1,화성,4-08-00-2026-206996,S04599,srno,pdf,,
4-08-00-2026-206997-1,화성,4-08-00-2026-206997,S04600,srno,pdf,,
4-08-00-2026-206999-1,화성,4-08-00-2026-206999,S04601,srno,pdf,recall,
4-08-00-2026-207001-1,화성,4-08-00-2026-207001,S04602,srno,pdf,분야축,
4-08-00-2026-207002-1,화성,4-08-00-2026-207002,S04603,srno,pdf,,
4-10-00-2026-206949-1,화성,4-10-00-2026-206949,S04702,srno,pdf,,
4-10-00-2026-206957-1,화성,4-10-00-2026-206957,S04703,srno,pdf,,
4-10-00-2026-206979-1,화성,4-10-00-2026-206979,S04704,srno,pdf,,
4-10-00-2026-206982-1,화성,4-10-00-2026-206982,S04705,srno,pdf,분야축,
4-10-00-2026-206991-1,화성,4-10-00-2026-206991,S04706,srno,pdf,,
4-01-00-2025-206610-1,화성,4-01-00-2025-206610,S03833,srno,pdf,,
4-01-00-2025-206618-1,화성,4-01-00-2025-206618,S03834,srno,pdf,,
4-01-00-2025-206621-1,화성,4-01-00-2025-206621,S03835,srno,pdf,,
4-02-00-2025-206573-1,화성,4-02-00-2025-206573,S04085,srno,pdf,분야축,
4-02-00-2025-206574-1,화성,4-02-00-2025-206574,S04086,srno,pdf,분야축,
4-02-00-2025-206575-1,화성,4-02-00-2025-206575,S04087,srno,pdf,분야축,
4-02-00-2025-206576-1,화성,4-02-00-2025-206576,S04088,srno,pdf,분야축,
4-02-00-2025-206577-1,화성,4-02-00-2025-206577,S04089,srno,pdf,분야축,
4-02-00-2025-206584-1,화성,4-02-00-2025-206584,S04090,srno,pdf,,
4-02-00-2025-206588-1,화성,4-02-00-2025-206588,S04091,srno,pdf,분야축,
4-02-00-2025-206604-1,화성,4-02-00-2025-206604,S04092,srno,pdf,분야축,
4-02-00-2025-206616-1,화성,4-02-00-2025-206616,S04093,srno,pdf,분야축,
4-02-00-2025-206631-1,화성,4-02-00-2025-206631,S04094,srno,pdf,분야축,
4-02-00-2025-206632-1,화성,4-02-00-2025-206632,S04095,srno,pdf,분야축,
4-02-00-2025-206633-1,화성,4-02-00-2025-206633,S04096,srno,pdf,분야축,
4-02-00-2025-206634-1,화성,4-02-00-2025-206634,S04097,srno,pdf,분야축,
4-02-00-2025-206639-1,화성,4-02-00-2025-206639,S04098,srno,pdf,,
4-02-00-2025-206640-1,화성,4-02-00-2025-206640,S04099,srno,pdf,,
4-02-00-2025-206645-1,화성,4-02-00-2025-206645,S04100,srno,pdf,분야축,
4-02-00-2025-206646-1,화성,4-02-00-2025-206646,S04101,srno,pdf,분야축,
4-02-00-2025-206648-1,화성,4-02-00-2025-206648,S04102,srno,pdf,분야축,
4-02-00-2025-206649-1,화성,4-02-00-2025-206649,S04103,srno,pdf,분야축,
4-02-00-2025-206650-1,화성,4-02-00-2025-206650,S04104,srno,pdf,분야축,
4-02-00-2025-206651-1,화성,4-02-00-2025-206651,S04105,srno,pdf,분야축,
4-02-00-2025-206652-1,화성,4-02-00-2025-206652,S04106,srno,pdf,분야축,
4-02-00-2025-206653-1,화성,4-02-00-2025-206653,S04107,srno,pdf,분야축,
4-02-00-2025-206654-1,화성,4-02-00-2025-206654,S04108,srno,pdf,분야축,
4-05-00-2025-206568-1,화성,4-05-00-2025-206568,S04272,srno,pdf,,
4-05-00-2025-206569-1,화성,4-05-00-2025-206569,S04273,srno,pdf,분야축,
4-05-00-2025-206570-1,화성,4-05-00-2025-206570,S04274,srno,pdf,,
4-05-00-2025-206585-1,화성,4-05-00-2025-206585,S04275,srno,pdf,,
4-05-00-2025-206586-1,화성,4-05-00-2025-206586,S04276,srno,pdf,,
4-05-00-2025-206587-1,화성,4-05-00-2025-206587,S04277,srno,pdf,,
4-05-00-2025-206590-1,화성,4-05-00-2025-206590,S04278,srno,pdf,,
4-05-00-2025-206591-1,화성,4-05-00-2025-206591,S04279,srno,pdf,,
4-05-00-2025-206592-1,화성,4-05-00-2025-206592,S04280,srno,pdf,,
4-05-00-2025-206593-1,화성,4-05-00-2025-206593,S04281,srno,pdf,recall,
4-05-00-2025-206594-1,화성,4-05-00-2025-206594,S04282,srno,pdf,recall,
4-05-00-2025-206595-1,화성,4-05-00-2025-206595,S04283,srno,pdf,,
4-05-00-2025-206596-1,화성,4-05-00-2025-206596,S04284,srno,pdf,,
4-05-00-2025-206608-1,화성,4-05-00-2025-206608,S04285,srno,pdf,분야축,
4-05-00-2025-206609-1,화성,4-05-00-2025-206609,S04286,srno,pdf,분야축,
4-05-00-2025-206622-1,화성,4-05-00-2025-206622,S04287,srno,pdf,recall,
4-05-00-2025-206623-1,화성,4-05-00-2025-206623,S04288,srno,pdf,분야축,
4-05-00-2025-206641-1,화성,4-05-00-2025-206641,S04289,srno,pdf,recall,
4-05-00-2025-206642-1,화성,4-05-00-2025-206642,S04290,srno,pdf,recall,
4-05-00-2025-206643-1,화성,4-05-00-2025-206643,S04291,srno,pdf,,
4-05-00-2025-206644-1,화성,4-05-00-2025-206644,S04292,srno,pdf,,
4-06-00-2025-206602-1,화성,4-06-00-2025-206602,S04350,srno,pdf,recall,
4-06-00-2025-206603-1,화성,4-06-00-2025-206603,S04351,srno,pdf,,
4-06-00-2025-206613-1,화성,4-06-00-2025-206613,S04352,srno,pdf,분야축,
4-06-00-2025-206614-1,화성,4-06-00-2025-206614,S04353,srno,pdf,분야축,
4-06-00-2025-206615-1,화성,4-06-00-2025-206615,S04354,srno,pdf,,
4-06-00-2025-206628-1,화성,4-06-00-2025-206628,S04355,srno,pdf,분야축,
4-06-00-2025-206629-1,화성,4-06-00-2025-206629,S04356,srno,pdf,분야축,
4-06-00-2025-206630-1,화성,4-06-00-2025-206630,S04357,srno,pdf,분야축,
4-07-00-2025-206571-1,화성,4-07-00-2025-206571,S04382,srno,pdf,,
4-07-00-2025-206572-1,화성,4-07-00-2025-206572,S04383,srno,pdf,,
4-07-00-2025-206597-1,화성,4-07-00-2025-206597,S04384,srno,pdf,recall,
4-07-00-2025-206598-1,화성,4-07-00-2025-206598,S04385,srno,pdf,recall,
4-07-00-2025-206599-1,화성,4-07-00-2025-206599,S04386,srno,pdf,,
4-07-00-2025-206647-1,화성,4-07-00-2025-206647,S04387,srno,pdf,,
4-08-00-2025-206553-1,화성,4-08-00-2025-206553,S04544,srno,pdf,,
4-08-00-2025-206554-1,화성,4-08-00-2025-206554,S04545,srno,pdf,분야축,
4-08-00-2025-206556-1,화성,4-08-00-2025-206556,S04546,srno,pdf,분야축,
4-08-00-2025-206557-1,화성,4-08-00-2025-206557,S04547,srno,pdf,,
4-08-00-2025-206561-1,화성,4-08-00-2025-206561,S04548,srno,pdf,,
4-08-00-2025-206562-1,화성,4-08-00-2025-206562,S04549,srno,pdf,,
4-08-00-2025-206563-1,화성,4-08-00-2025-206563,S04550,srno,pdf,분야축,
4-08-00-2025-206564-1,화성,4-08-00-2025-206564,S04551,srno,pdf,분야축,
4-08-00-2025-206565-1,화성,4-08-00-2025-206565,S04552,srno,pdf,분야축,
4-08-00-2025-206566-1,화성,4-08-00-2025-206566,S04553,srno,pdf,,
4-08-00-2025-206567-1,화성,4-08-00-2025-206567,S04554,srno,pdf,,
4-08-00-2025-206578-1,화성,4-08-00-2025-206578,S04555,srno,pdf,,
4-08-00-2025-206579-1,화성,4-08-00-2025-206579,S04556,srno,pdf,,
4-08-00-2025-206580-1,화성,4-08-00-2025-206580,S04557,srno,pdf,,
4-08-00-2025-206581-1,화성,4-08-00-2025-206581,S04558,srno,pdf,,
4-08-00-2025-206582-1,화성,4-08-00-2025-206582,S04559,srno,pdf,,
4-08-00-2025-206583-1,화성,4-08-00-2025-206583,S04560,srno,pdf,,
4-08-00-2025-206589-1,화성,4-08-00-2025-206589,S04561,srno,pdf,,
4-08-00-2025-206601-1,화성,4-08-00-2025-206601,S04562,srno,pdf,,
4-08-00-2025-206605-1,화성,4-08-00-2025-206605,S04563,srno,pdf,recall,
4-08-00-2025-206606-1,화성,4-08-00-2025-206606,S04564,srno,pdf,분야축,
4-08-00-2025-206607-1,화성,4-08-00-2025-206607,S04565,srno,pdf,,
4-08-00-2025-206612-1,화성,4-08-00-2025-206612,S04566,srno,pdf,,
4-08-00-2025-206617-1,화성,4-08-00-2025-206617,S04567,srno,pdf,분야축,
4-08-00-2025-206619-1,화성,4-08-00-2025-206619,S04568,srno,pdf,분야축,
4-08-00-2025-206620-1,화성,4-08-00-2025-206620,S04569,srno,pdf,,
4-08-00-2025-206625-1,화성,4-08-00-2025-206625,S04570,srno,pdf,,
4-08-00-2025-206626-1,화성,4-08-00-2025-206626,S04571,srno,pdf,,
4-08-00-2025-206627-1,화성,4-08-00-2025-206627,S04572,srno,pdf,,
4-08-00-2025-206636-1,화성,4-08-00-2025-206636,S04573,srno,pdf,recall,
4-08-00-2025-206638-1,화성,4-08-00-2025-206638,S04574,srno,pdf,분야축,
4-09-00-2025-206635-1,화성,4-09-00-2025-206635,S04656,srno,pdf,,
4-09-00-2025-206637-1,화성,4-09-00-2025-206637,S04657,srno,pdf,,
4-10-00-2025-206555-1,화성,4-10-00-2025-206555,S04695,srno,pdf,분야축,
4-10-00-2025-206558-1,화성,4-10-00-2025-206558,S04696,srno,pdf,,
4-10-00-2025-206559-1,화성,4-10-00-2025-206559,S04697,srno,pdf,,
4-10-00-2025-206560-1,화성,4-10-00-2025-206560,S04698,srno,pdf,분야축,
4-10-00-2025-206600-1,화성,4-10-00-2025-206600,S04699,srno,pdf,분야축,
4-10-00-2025-206611-1,화성,4-10-00-2025-206611,S04700,srno,pdf,분야축,
4-10-00-2025-206624-1,화성,4-10-00-2025-206624,S04701,srno,pdf,분야축,
4-01-00-2025-206184-1,화성,4-01-00-2025-206184,S03827,srno,pdf,분야축,
4-01-00-2025-206192-1,화성,4-01-00-2025-206192,S03828,srno,pdf,분야축,
4-01-00-2025-206196-1,화성,4-01-00-2025-206196,S03829,srno,pdf,분야축,
4-01-00-2025-206197-1,화성,4-01-00-2025-206197,S03830,srno,pdf,,
4-01-00-2025-206207-1,화성,4-01-00-2025-206207,S03831,srno,pdf,분야축,
4-01-00-2025-206220-1,화성,4-01-00-2025-206220,S03832,srno,pdf,분야축,
4-02-00-2025-206185-1,화성,4-02-00-2025-206185,S04072,srno,pdf,분야축,
4-02-00-2025-206188-1,화성,4-02-00-2025-206188,S04073,srno,pdf,,
4-02-00-2025-206189-1,화성,4-02-00-2025-206189,S04074,srno,pdf,recall,
4-02-00-2025-206191-1,화성,4-02-00-2025-206191,S04075,srno,pdf,분야축,
4-02-00-2025-206200-1,화성,4-02-00-2025-206200,S04076,srno,pdf,분야축,
4-02-00-2025-206201-1,화성,4-02-00-2025-206201,S04077,srno,pdf,분야축,
4-02-00-2025-206206-1,화성,4-02-00-2025-206206,S04078,srno,pdf,분야축,
4-02-00-2025-206214-1,화성,4-02-00-2025-206214,S04079,srno,pdf,분야축,
4-02-00-2025-206218-1,화성,4-02-00-2025-206218,S04080,srno,pdf,,
4-02-00-2025-206232-1,화성,4-02-00-2025-206232,S04081,srno,pdf,분야축,
4-02-00-2025-206233-1,화성,4-02-00-2025-206233,S04082,srno,pdf,분야축,
4-02-00-2025-206234-1,화성,4-02-00-2025-206234,S04083,srno,pdf,분야축,
4-02-00-2025-206241-1,화성,4-02-00-2025-206241,S04084,srno,pdf,,
4-03-00-2025-206223-1,화성,4-03-00-2025-206223,S04136,srno,pdf,분야축,
4-03-00-2025-206224-1,화성,4-03-00-2025-206224,S04137,srno,pdf,분야축,
4-03-00-2025-206225-1,화성,4-03-00-2025-206225,S04138,srno,pdf,분야축,
4-03-00-2025-206226-1,화성,4-03-00-2025-206226,S04139,srno,pdf,분야축,
4-04-00-2025-206183-1,화성,4-04-00-2025-206183,S04144,srno,pdf,분야축,
4-04-00-2025-206228-1,화성,4-04-00-2025-206228,S04145,srno,pdf,,
4-05-00-2025-206219-1,화성,4-05-00-2025-206219,S04262,srno,pdf,분야축,
4-05-00-2025-206239-1,화성,4-05-00-2025-206239,S04263,srno,pdf,,
4-05-00-2025-206240-1,화성,4-05-00-2025-206240,S04264,srno,pdf,,
4-05-00-2025-206243-1,화성,4-05-00-2025-206243,S04265,srno,pdf,,
4-05-00-2025-206244-1,화성,4-05-00-2025-206244,S04266,srno,pdf,recall,
4-05-00-2025-206245-1,화성,4-05-00-2025-206245,S04267,srno,pdf,recall,
4-05-00-2025-206246-1,화성,4-05-00-2025-206246,S04268,srno,pdf,,
4-05-00-2025-206247-1,화성,4-05-00-2025-206247,S04269,srno,pdf,,
4-05-00-2025-206248-1,화성,4-05-00-2025-206248,S04270,srno,pdf,,
4-05-00-2025-206249-1,화성,4-05-00-2025-206249,S04271,srno,pdf,,
4-06-00-2025-206190-1,화성,4-06-00-2025-206190,S04342,srno,pdf,,
4-06-00-2025-206199-1,화성,4-06-00-2025-206199,S04343,srno,pdf,,
4-06-00-2025-206210-1,화성,4-06-00-2025-206210,S04344,srno,pdf,분야축,
4-06-00-2025-206211-1,화성,4-06-00-2025-206211,S04345,srno,pdf,,
4-06-00-2025-206212-1,화성,4-06-00-2025-206212,S04346,srno,pdf,,
4-06-00-2025-206229-1,화성,4-06-00-2025-206229,S04347,srno,pdf,,
4-06-00-2025-206230-1,화성,4-06-00-2025-206230,S04348,srno,pdf,,
4-06-00-2025-206231-1,화성,4-06-00-2025-206231,S04349,srno,pdf,,
4-07-00-2025-206227-1,화성,4-07-00-2025-206227,S04376,srno,pdf,,
4-07-00-2025-206235-1,화성,4-07-00-2025-206235,S04377,srno,pdf,분야축,
4-07-00-2025-206250-1,화성,4-07-00-2025-206250,S04378,srno,pdf,,
4-07-00-2025-206251-1,화성,4-07-00-2025-206251,S04379,srno,pdf,,
4-07-00-2025-206252-1,화성,4-07-00-2025-206252,S04380,srno,pdf,,
4-07-00-2025-206253-1,화성,4-07-00-2025-206253,S04381,srno,pdf,,
4-08-00-2025-206181-1,화성,4-08-00-2025-206181,S04526,srno,pdf,,
4-08-00-2025-206182-1,화성,4-08-00-2025-206182,S04527,srno,pdf,,
4-08-00-2025-206186-1,화성,4-08-00-2025-206186,S04528,srno,pdf,recall,
4-08-00-2025-206187-1,화성,4-08-00-2025-206187,S04529,srno,pdf,,
4-08-00-2025-206193-1,화성,4-08-00-2025-206193,S04530,srno,pdf,recall,
4-08-00-2025-206194-1,화성,4-08-00-2025-206194,S04531,srno,pdf,,
4-08-00-2025-206198-1,화성,4-08-00-2025-206198,S04532,srno,pdf,,
4-08-00-2025-206202-1,화성,4-08-00-2025-206202,S04533,srno,pdf,recall,
4-08-00-2025-206203-1,화성,4-08-00-2025-206203,S04534,srno,pdf,,
4-08-00-2025-206205-1,화성,4-08-00-2025-206205,S04535,srno,pdf,분야축,
4-08-00-2025-206208-1,화성,4-08-00-2025-206208,S04536,srno,pdf,,
4-08-00-2025-206209-1,화성,4-08-00-2025-206209,S04537,srno,pdf,,
4-08-00-2025-206213-1,화성,4-08-00-2025-206213,S04538,srno,pdf,분야축,
4-08-00-2025-206215-1,화성,4-08-00-2025-206215,S04539,srno,pdf,recall,
4-08-00-2025-206216-1,화성,4-08-00-2025-206216,S04540,srno,pdf,,
4-08-00-2025-206221-1,화성,4-08-00-2025-206221,S04541,srno,pdf,,
4-08-00-2025-206222-1,화성,4-08-00-2025-206222,S04542,srno,pdf,,
4-08-00-2025-206238-1,화성,4-08-00-2025-206238,S04543,srno,pdf,분야축,
4-09-00-2025-206242-1,화성,4-09-00-2025-206242,S04655,srno,pdf,분야축,
4-10-00-2025-206195-1,화성,4-10-00-2025-206195,S04692,srno,pdf,분야축,
4-10-00-2025-206204-1,화성,4-10-00-2025-206204,S04693,srno,pdf,,
4-10-00-2025-206217-1,화성,4-10-00-2025-206217,S04694,srno,pdf,,
4-11-00-2025-206236-1,화성,4-11-00-2025-206236,S04708,srno,pdf,,
4-11-00-2025-206237-1,화성,4-11-00-2025-206237,S04709,srno,pdf,,
4-01-00-2025-205976-1,화성,4-01-00-2025-205976,S03821,srno,pdf,분야축,
4-01-00-2025-205977-1,화성,4-01-00-2025-205977,S03822,srno,pdf,분야축,
4-01-00-2025-205987-1,화성,4-01-00-2025-205987,S03823,srno,pdf,분야축,
4-01-00-2025-205992-1,화성,4-01-00-2025-205992,S03824,srno,pdf,분야축,
4-01-00-2025-206005-1,화성,4-01-00-2025-206005,S03825,srno,pdf,,
4-01-00-2025-206017-1,화성,4-01-00-2025-206017,S03826,srno,pdf,분야축,
4-02-00-2025-205972-1,화성,4-02-00-2025-205972,S04057,srno,pdf,분야축,
4-02-00-2025-205973-1,화성,4-02-00-2025-205973,S04058,srno,pdf,분야축,
4-02-00-2025-205975-1,화성,4-02-00-2025-205975,S04059,srno,pdf,,
4-02-00-2025-205978-1,화성,4-02-00-2025-205978,S04060,srno,pdf,,
4-02-00-2025-205986-1,화성,4-02-00-2025-205986,S04061,srno,pdf,분야축,
4-02-00-2025-205991-1,화성,4-02-00-2025-205991,S04062,srno,pdf,,
4-02-00-2025-205999-1,화성,4-02-00-2025-205999,S04063,srno,pdf,분야축,
4-02-00-2025-206000-1,화성,4-02-00-2025-206000,S04064,srno,pdf,분야축,
4-02-00-2025-206001-1,화성,4-02-00-2025-206001,S04065,srno,pdf,분야축,
4-02-00-2025-206003-1,화성,4-02-00-2025-206003,S04066,srno,pdf,,
4-02-00-2025-206004-1,화성,4-02-00-2025-206004,S04067,srno,pdf,,
4-02-00-2025-206010-1,화성,4-02-00-2025-206010,S04068,srno,pdf,분야축,
4-02-00-2025-206011-1,화성,4-02-00-2025-206011,S04069,srno,pdf,분야축,
4-02-00-2025-206012-1,화성,4-02-00-2025-206012,S04070,srno,pdf,분야축,
4-02-00-2025-206016-1,화성,4-02-00-2025-206016,S04071,srno,pdf,,
4-03-00-2025-205988-1,화성,4-03-00-2025-205988,S04135,srno,pdf,분야축,
4-05-00-2025-205974-1,화성,4-05-00-2025-205974,S04259,srno,pdf,recall,
4-05-00-2025-205979-1,화성,4-05-00-2025-205979,S04260,srno,pdf,recall,
4-05-00-2025-205994-1,화성,4-05-00-2025-205994,S04261,srno,pdf,recall,
4-06-00-2025-205965-1,화성,4-06-00-2025-205965,S04331,srno,pdf,,
4-06-00-2025-205966-1,화성,4-06-00-2025-205966,S04332,srno,pdf,,
4-06-00-2025-205967-1,화성,4-06-00-2025-205967,S04333,srno,pdf,,
4-06-00-2025-205968-1,화성,4-06-00-2025-205968,S04334,srno,pdf,,
4-06-00-2025-205983-1,화성,4-06-00-2025-205983,S04335,srno,pdf,분야축,
4-06-00-2025-205984-1,화성,4-06-00-2025-205984,S04336,srno,pdf,,
4-06-00-2025-205985-1,화성,4-06-00-2025-205985,S04337,srno,pdf,분야축,
4-06-00-2025-205997-1,화성,4-06-00-2025-205997,S04338,srno,pdf,recall,
4-06-00-2025-205998-1,화성,4-06-00-2025-205998,S04339,srno,pdf,,
4-06-00-2025-206008-1,화성,4-06-00-2025-206008,S04340,srno,pdf,,
4-06-00-2025-206009-1,화성,4-06-00-2025-206009,S04341,srno,pdf,,
4-07-00-2025-205980-1,화성,4-07-00-2025-205980,S04374,srno,pdf,,
4-07-00-2025-205993-1,화성,4-07-00-2025-205993,S04375,srno,pdf,,
4-08-00-2025-205964-1,화성,4-08-00-2025-205964,S04515,srno,pdf,,
4-08-00-2025-205981-1,화성,4-08-00-2025-205981,S04516,srno,pdf,,
4-08-00-2025-205982-1,화성,4-08-00-2025-205982,S04517,srno,pdf,,
4-08-00-2025-205995-1,화성,4-08-00-2025-205995,S04518,srno,pdf,,
4-08-00-2025-205996-1,화성,4-08-00-2025-205996,S04519,srno,pdf,,
4-08-00-2025-206002-1,화성,4-08-00-2025-206002,S04520,srno,pdf,recall,
4-08-00-2025-206006-1,화성,4-08-00-2025-206006,S04521,srno,pdf,,
4-08-00-2025-206007-1,화성,4-08-00-2025-206007,S04522,srno,pdf,,
4-08-00-2025-206013-1,화성,4-08-00-2025-206013,S04523,srno,pdf,recall,
4-08-00-2025-206014-1,화성,4-08-00-2025-206014,S04524,srno,pdf,,
4-08-00-2025-206015-1,화성,4-08-00-2025-206015,S04525,srno,pdf,분야축,
4-09-00-2025-205969-1,화성,4-09-00-2025-205969,S04650,srno,pdf,recall,
4-09-00-2025-205970-1,화성,4-09-00-2025-205970,S04651,srno,pdf,,
4-09-00-2025-205971-1,화성,4-09-00-2025-205971,S04652,srno,pdf,,
4-09-00-2025-205989-1,화성,4-09-00-2025-205989,S04653,srno,pdf,,
4-09-00-2025-205990-1,화성,4-09-00-2025-205990,S04654,srno,pdf,,
4-01-00-2025-205705-1,화성,4-01-00-2025-205705,S03808,srno,pdf,,
4-01-00-2025-205706-1,화성,4-01-00-2025-205706,S03809,srno,pdf,분야축,
4-01-00-2025-205725-1,화성,4-01-00-2025-205725,S03810,srno,pdf,,
4-01-00-2025-205726-1,화성,4-01-00-2025-205726,S03811,srno,pdf,분야축,
4-01-00-2025-205741-1,화성,4-01-00-2025-205741,S03812,srno,pdf,분야축,
4-01-00-2025-205744-1,화성,4-01-00-2025-205744,S03813,srno,pdf,,
4-01-00-2025-205745-1,화성,4-01-00-2025-205745,S03814,srno,pdf,분야축,
4-01-00-2025-205746-1,화성,4-01-00-2025-205746,S03815,srno,pdf,분야축,
4-01-00-2025-205755-1,화성,4-01-00-2025-205755,S03816,srno,pdf,분야축,
4-01-00-2025-205763-1,화성,4-01-00-2025-205763,S03817,srno,pdf,,
4-01-00-2025-205770-1,화성,4-01-00-2025-205770,S03818,srno,pdf,분야축,
4-01-00-2025-205772-1,화성,4-01-00-2025-205772,S03819,srno,pdf,,
4-01-00-2025-205783-1,화성,4-01-00-2025-205783,S03820,srno,pdf,분야축,
4-02-00-2025-205701-1,화성,4-02-00-2025-205701,S04029,srno,pdf,분야축,
4-02-00-2025-205702-1,화성,4-02-00-2025-205702,S04030,srno,pdf,분야축,
4-02-00-2025-205703-1,화성,4-02-00-2025-205703,S04031,srno,pdf,분야축,
4-02-00-2025-205704-1,화성,4-02-00-2025-205704,S04032,srno,pdf,,
4-02-00-2025-205722-1,화성,4-02-00-2025-205722,S04033,srno,pdf,분야축,
4-02-00-2025-205723-1,화성,4-02-00-2025-205723,S04034,srno,pdf,분야축,
4-02-00-2025-205724-1,화성,4-02-00-2025-205724,S04035,srno,pdf,분야축,
4-02-00-2025-205733-1,화성,4-02-00-2025-205733,S04036,srno,pdf,분야축,
4-02-00-2025-205734-1,화성,4-02-00-2025-205734,S04037,srno,pdf,분야축,
4-02-00-2025-205742-1,화성,4-02-00-2025-205742,S04038,srno,pdf,분야축,
4-02-00-2025-205743-1,화성,4-02-00-2025-205743,S04039,srno,pdf,분야축,
4-02-00-2025-205752-1,화성,4-02-00-2025-205752,S04040,srno,pdf,분야축,
4-02-00-2025-205753-1,화성,4-02-00-2025-205753,S04041,srno,pdf,분야축,
4-02-00-2025-205754-1,화성,4-02-00-2025-205754,S04042,srno,pdf,,
4-02-00-2025-205761-1,화성,4-02-00-2025-205761,S04043,srno,pdf,분야축,
4-02-00-2025-205762-1,화성,4-02-00-2025-205762,S04044,srno,pdf,분야축,
4-02-00-2025-205764-1,화성,4-02-00-2025-205764,S04045,srno,pdf,,
4-02-00-2025-205771-1,화성,4-02-00-2025-205771,S04046,srno,pdf,분야축,
4-02-00-2025-205773-1,화성,4-02-00-2025-205773,S04047,srno,pdf,,
4-02-00-2025-205779-1,화성,4-02-00-2025-205779,S04048,srno,pdf,분야축,
4-02-00-2025-205780-1,화성,4-02-00-2025-205780,S04049,srno,pdf,분야축,
4-02-00-2025-205781-1,화성,4-02-00-2025-205781,S04050,srno,pdf,분야축,
4-02-00-2025-205782-1,화성,4-02-00-2025-205782,S04051,srno,pdf,,
4-02-00-2025-205787-1,화성,4-02-00-2025-205787,S04052,srno,pdf,분야축,
4-02-00-2025-205795-1,화성,4-02-00-2025-205795,S04053,srno,pdf,분야축,
4-02-00-2025-205796-1,화성,4-02-00-2025-205796,S04054,srno,pdf,분야축,
4-02-00-2025-205799-1,화성,4-02-00-2025-205799,S04055,srno,pdf,,
4-02-00-2025-205800-1,화성,4-02-00-2025-205800,S04056,srno,pdf,,
4-05-00-2025-205689-1,화성,4-05-00-2025-205689,S04233,srno,pdf,분야축,
4-05-00-2025-205696-1,화성,4-05-00-2025-205696,S04234,srno,pdf,,
4-05-00-2025-205698-1,화성,4-05-00-2025-205698,S04235,srno,pdf,분야축,
4-05-00-2025-205709-1,화성,4-05-00-2025-205709,S04236,srno,pdf,recall,
4-05-00-2025-205710-1,화성,4-05-00-2025-205710,S04237,srno,pdf,,
4-05-00-2025-205711-1,화성,4-05-00-2025-205711,S04238,srno,pdf,recall,
4-05-00-2025-205717-1,화성,4-05-00-2025-205717,S04239,srno,pdf,,
4-05-00-2025-205720-1,화성,4-05-00-2025-205720,S04240,srno,pdf,분야축,
4-05-00-2025-205727-1,화성,4-05-00-2025-205727,S04241,srno,pdf,recall,
4-05-00-2025-205728-1,화성,4-05-00-2025-205728,S04242,srno,pdf,,
4-05-00-2025-205729-1,화성,4-05-00-2025-205729,S04243,srno,pdf,recall,
4-05-00-2025-205735-1,화성,4-05-00-2025-205735,S04244,srno,pdf,,
4-05-00-2025-205736-1,화성,4-05-00-2025-205736,S04245,srno,pdf,,
4-05-00-2025-205793-1,화성,4-05-00-2025-205793,S04246,srno,pdf,분야축,
4-05-00-2025-205794-1,화성,4-05-00-2025-205794,S04247,srno,pdf,,
4-05-00-2025-205797-1,화성,4-05-00-2025-205797,S04248,srno,pdf,,
4-05-00-2025-205798-1,화성,4-05-00-2025-205798,S04249,srno,pdf,,
4-05-00-2025-205801-1,화성,4-05-00-2025-205801,S04250,srno,pdf,,
4-05-00-2025-205802-1,화성,4-05-00-2025-205802,S04251,srno,pdf,,
4-05-00-2025-205803-1,화성,4-05-00-2025-205803,S04252,srno,pdf,,
4-05-00-2025-205804-1,화성,4-05-00-2025-205804,S04253,srno,pdf,recall,
4-05-00-2025-205805-1,화성,4-05-00-2025-205805,S04254,srno,pdf,recall,
4-05-00-2025-205806-1,화성,4-05-00-2025-205806,S04255,srno,pdf,recall,
4-05-00-2025-205807-1,화성,4-05-00-2025-205807,S04256,srno,pdf,recall,
4-05-00-2025-205808-1,화성,4-05-00-2025-205808,S04257,srno,pdf,,
4-05-00-2025-205809-1,화성,4-05-00-2025-205809,S04258,srno,pdf,,
4-06-00-2025-205691-1,화성,4-06-00-2025-205691,S04315,srno,pdf,분야축,
4-06-00-2025-205693-1,화성,4-06-00-2025-205693,S04316,srno,pdf,분야축,
4-06-00-2025-205713-1,화성,4-06-00-2025-205713,S04317,srno,pdf,,
4-06-00-2025-205714-1,화성,4-06-00-2025-205714,S04318,srno,pdf,,
4-06-00-2025-205715-1,화성,4-06-00-2025-205715,S04319,srno,pdf,,
4-06-00-2025-205716-1,화성,4-06-00-2025-205716,S04320,srno,pdf,분야축,
4-06-00-2025-205732-1,화성,4-06-00-2025-205732,S04321,srno,pdf,,
4-06-00-2025-205738-1,화성,4-06-00-2025-205738,S04322,srno,pdf,분야축,
4-06-00-2025-205739-1,화성,4-06-00-2025-205739,S04323,srno,pdf,,
4-06-00-2025-205749-1,화성,4-06-00-2025-205749,S04324,srno,pdf,,
4-06-00-2025-205750-1,화성,4-06-00-2025-205750,S04325,srno,pdf,,
4-06-00-2025-205759-1,화성,4-06-00-2025-205759,S04326,srno,pdf,,
4-06-00-2025-205767-1,화성,4-06-00-2025-205767,S04327,srno,pdf,분야축,
4-06-00-2025-205768-1,화성,4-06-00-2025-205768,S04328,srno,pdf,,
4-06-00-2025-205777-1,화성,4-06-00-2025-205777,S04329,srno,pdf,,
4-06-00-2025-205778-1,화성,4-06-00-2025-205778,S04330,srno,pdf,,
4-07-00-2025-205694-1,화성,4-07-00-2025-205694,S04373,srno,pdf,,
4-08-00-2025-205690-1,화성,4-08-00-2025-205690,S04489,srno,pdf,,
4-08-00-2025-205692-1,화성,4-08-00-2025-205692,S04490,srno,pdf,,
4-08-00-2025-205700-1,화성,4-08-00-2025-205700,S04491,srno,pdf,,
4-08-00-2025-205712-1,화성,4-08-00-2025-205712,S04492,srno,pdf,,
4-08-00-2025-205721-1,화성,4-08-00-2025-205721,S04493,srno,pdf,분야축,
4-08-00-2025-205730-1,화성,4-08-00-2025-205730,S04494,srno,pdf,,
4-08-00-2025-205731-1,화성,4-08-00-2025-205731,S04495,srno,pdf,,
4-08-00-2025-205740-1,화성,4-08-00-2025-205740,S04496,srno,pdf,분야축,
4-08-00-2025-205748-1,화성,4-08-00-2025-205748,S04497,srno,pdf,,
4-08-00-2025-205751-1,화성,4-08-00-2025-205751,S04498,srno,pdf,분야축,
4-08-00-2025-205757-1,화성,4-08-00-2025-205757,S04499,srno,pdf,,
4-08-00-2025-205758-1,화성,4-08-00-2025-205758,S04500,srno,pdf,,
4-08-00-2025-205760-1,화성,4-08-00-2025-205760,S04501,srno,pdf,분야축,
4-08-00-2025-205765-1,화성,4-08-00-2025-205765,S04502,srno,pdf,,
4-08-00-2025-205766-1,화성,4-08-00-2025-205766,S04503,srno,pdf,,
4-08-00-2025-205769-1,화성,4-08-00-2025-205769,S04504,srno,pdf,분야축,
4-08-00-2025-205774-1,화성,4-08-00-2025-205774,S04505,srno,pdf,,
4-08-00-2025-205775-1,화성,4-08-00-2025-205775,S04506,srno,pdf,,
4-08-00-2025-205776-1,화성,4-08-00-2025-205776,S04507,srno,pdf,,
4-08-00-2025-205784-1,화성,4-08-00-2025-205784,S04508,srno,pdf,,
4-08-00-2025-205785-1,화성,4-08-00-2025-205785,S04509,srno,pdf,,
4-08-00-2025-205786-1,화성,4-08-00-2025-205786,S04510,srno,pdf,,
4-08-00-2025-205789-1,화성,4-08-00-2025-205789,S04511,srno,pdf,,
4-08-00-2025-205790-1,화성,4-08-00-2025-205790,S04512,srno,pdf,,
4-08-00-2025-205791-1,화성,4-08-00-2025-205791,S04513,srno,pdf,분야축,
4-08-00-2025-205792-1,화성,4-08-00-2025-205792,S04514,srno,pdf,,
4-09-00-2025-205695-1,화성,4-09-00-2025-205695,S04643,srno,pdf,,
4-09-00-2025-205697-1,화성,4-09-00-2025-205697,S04644,srno,pdf,recall,
4-09-00-2025-205699-1,화성,4-09-00-2025-205699,S04645,srno,pdf,,
4-09-00-2025-205708-1,화성,4-09-00-2025-205708,S04646,srno,pdf,분야축,
4-09-00-2025-205718-1,화성,4-09-00-2025-205718,S04647,srno,pdf,recall,
4-09-00-2025-205719-1,화성,4-09-00-2025-205719,S04648,srno,pdf,,
4-09-00-2025-205788-1,화성,4-09-00-2025-205788,S04649,srno,pdf,분야축,
4-11-00-2025-205707-1,화성,4-11-00-2025-205707,S04707,srno,pdf,분야축,
4-01-00-2024-205517-1,화성,4-01-00-2024-205517,S03806,srno,pdf,분야축,
4-01-00-2024-205521-1,화성,4-01-00-2024-205521,S03807,srno,pdf,,
4-02-00-2024-205514-1,화성,4-02-00-2024-205514,S04026,srno,pdf,분야축,
4-02-00-2024-205518-1,화성,4-02-00-2024-205518,S04027,srno,pdf,분야축,
4-02-00-2024-205519-1,화성,4-02-00-2024-205519,S04028,srno,pdf,분야축,
4-06-00-2024-205516-1,화성,4-06-00-2024-205516,S04314,srno,pdf,,
4-08-00-2024-205513-1,화성,4-08-00-2024-205513,S04486,srno,pdf,,
4-08-00-2024-205515-1,화성,4-08-00-2024-205515,S04487,srno,pdf,분야축,
4-08-00-2024-205520-1,화성,4-08-00-2024-205520,S04488,srno,pdf,,
4-02-00-2024-205317-1,화성,4-02-00-2024-205317,S04010,srno,pdf,분야축,
4-02-00-2024-205323-1,화성,4-02-00-2024-205323,S04011,srno,pdf,분야축,
4-02-00-2024-205324-1,화성,4-02-00-2024-205324,S04012,srno,pdf,,
4-02-00-2024-205325-1,화성,4-02-00-2024-205325,S04013,srno,pdf,,
4-02-00-2024-205326-1,화성,4-02-00-2024-205326,S04014,srno,pdf,,
4-02-00-2024-205327-1,화성,4-02-00-2024-205327,S04015,srno,pdf,분야축,
4-02-00-2024-205328-1,화성,4-02-00-2024-205328,S04016,srno,pdf,분야축,
4-02-00-2024-205329-1,화성,4-02-00-2024-205329,S04017,srno,pdf,분야축,
4-02-00-2024-205330-1,화성,4-02-00-2024-205330,S04018,srno,pdf,분야축,
4-02-00-2024-205331-1,화성,4-02-00-2024-205331,S04019,srno,pdf,분야축,
4-02-00-2024-205337-1,화성,4-02-00-2024-205337,S04020,srno,pdf,,
4-02-00-2024-205338-1,화성,4-02-00-2024-205338,S04021,srno,pdf,,
4-02-00-2024-205339-1,화성,4-02-00-2024-205339,S04022,srno,pdf,,
4-02-00-2024-205340-1,화성,4-02-00-2024-205340,S04023,srno,pdf,분야축,
4-02-00-2024-205341-1,화성,4-02-00-2024-205341,S04024,srno,pdf,분야축,
4-02-00-2024-205344-1,화성,4-02-00-2024-205344,S04025,srno,pdf,,
4-07-00-2024-205342-1,화성,4-07-00-2024-205342,S04371,srno,pdf,,
4-07-00-2024-205343-1,화성,4-07-00-2024-205343,S04372,srno,pdf,분야축,
4-08-00-2024-205314-1,화성,4-08-00-2024-205314,S04477,srno,pdf,분야축,
4-08-00-2024-205319-1,화성,4-08-00-2024-205319,S04478,srno,pdf,,
4-08-00-2024-205320-1,화성,4-08-00-2024-205320,S04479,srno,pdf,,
4-08-00-2024-205321-1,화성,4-08-00-2024-205321,S04480,srno,pdf,분야축,
4-08-00-2024-205322-1,화성,4-08-00-2024-205322,S04481,srno,pdf,,
4-08-00-2024-205332-1,화성,4-08-00-2024-205332,S04482,srno,pdf,분야축,
4-08-00-2024-205335-1,화성,4-08-00-2024-205335,S04483,srno,pdf,분야축,
4-08-00-2024-205336-1,화성,4-08-00-2024-205336,S04484,srno,pdf,,
4-08-00-2024-205345-1,화성,4-08-00-2024-205345,S04485,srno,pdf,,
4-10-00-2024-205315-1,화성,4-10-00-2024-205315,S04687,srno,pdf,,
4-10-00-2024-205316-1,화성,4-10-00-2024-205316,S04688,srno,pdf,,
4-10-00-2024-205318-1,화성,4-10-00-2024-205318,S04689,srno,pdf,,
4-10-00-2024-205333-1,화성,4-10-00-2024-205333,S04690,srno,pdf,,
4-10-00-2024-205334-1,화성,4-10-00-2024-205334,S04691,srno,pdf,,
4-02-00-2024-205153-1,화성,4-02-00-2024-205153,S03988,srno,pdf,분야축,
4-02-00-2024-205155-1,화성,4-02-00-2024-205155,S03989,srno,pdf,,
4-02-00-2024-205156-1,화성,4-02-00-2024-205156,S03990,srno,pdf,,
4-02-00-2024-205157-1,화성,4-02-00-2024-205157,S03991,srno,pdf,,
4-02-00-2024-205158-1,화성,4-02-00-2024-205158,S03992,srno,pdf,,
4-02-00-2024-205159-1,화성,4-02-00-2024-205159,S03993,srno,pdf,분야축,
4-02-00-2024-205161-1,화성,4-02-00-2024-205161,S03994,srno,pdf,분야축,
4-02-00-2024-205162-1,화성,4-02-00-2024-205162,S03995,srno,pdf,분야축,
4-02-00-2024-205163-1,화성,4-02-00-2024-205163,S03996,srno,pdf,분야축,
4-02-00-2024-205166-1,화성,4-02-00-2024-205166,S03997,srno,pdf,분야축,
4-02-00-2024-205167-1,화성,4-02-00-2024-205167,S03998,srno,pdf,분야축,
4-02-00-2024-205169-1,화성,4-02-00-2024-205169,S03999,srno,pdf,분야축,
4-02-00-2024-205172-1,화성,4-02-00-2024-205172,S04000,srno,pdf,,
4-02-00-2024-205173-1,화성,4-02-00-2024-205173,S04001,srno,pdf,,
4-02-00-2024-205174-1,화성,4-02-00-2024-205174,S04002,srno,pdf,,
4-02-00-2024-205175-1,화성,4-02-00-2024-205175,S04003,srno,pdf,,
4-02-00-2024-205176-1,화성,4-02-00-2024-205176,S04004,srno,pdf,분야축,
4-02-00-2024-205177-1,화성,4-02-00-2024-205177,S04005,srno,pdf,,
4-02-00-2024-205178-1,화성,4-02-00-2024-205178,S04006,srno,pdf,,
4-02-00-2024-205179-1,화성,4-02-00-2024-205179,S04007,srno,pdf,분야축,
4-02-00-2024-205180-1,화성,4-02-00-2024-205180,S04008,srno,pdf,분야축,
4-02-00-2024-205181-1,화성,4-02-00-2024-205181,S04009,srno,pdf,분야축,
4-05-00-2024-205147-1,화성,4-05-00-2024-205147,S04228,srno,pdf,분야축,
4-05-00-2024-205151-1,화성,4-05-00-2024-205151,S04229,srno,pdf,,
4-05-00-2024-205152-1,화성,4-05-00-2024-205152,S04230,srno,pdf,,
4-05-00-2024-205154-1,화성,4-05-00-2024-205154,S04231,srno,pdf,,
4-05-00-2024-205160-1,화성,4-05-00-2024-205160,S04232,srno,pdf,분야축,
4-07-00-2024-205183-1,화성,4-07-00-2024-205183,S04370,srno,pdf,,
4-08-00-2024-205164-1,화성,4-08-00-2024-205164,S04475,srno,pdf,분야축,
4-08-00-2024-205170-1,화성,4-08-00-2024-205170,S04476,srno,pdf,,
4-09-00-2024-205171-1,화성,4-09-00-2024-205171,S04641,srno,pdf,,
4-09-00-2024-205182-1,화성,4-09-00-2024-205182,S04642,srno,pdf,,
4-10-00-2024-205148-1,화성,4-10-00-2024-205148,S04682,srno,pdf,,
4-10-00-2024-205149-1,화성,4-10-00-2024-205149,S04683,srno,pdf,,
4-10-00-2024-205150-1,화성,4-10-00-2024-205150,S04684,srno,pdf,,
4-10-00-2024-205165-1,화성,4-10-00-2024-205165,S04685,srno,pdf,,
4-10-00-2024-205168-1,화성,4-10-00-2024-205168,S04686,srno,pdf,,
4-01-00-2024-204933-1,화성,4-01-00-2024-204933,S03803,srno,pdf,,
4-01-00-2024-204934-1,화성,4-01-00-2024-204934,S03804,srno,pdf,,
4-01-00-2024-204959-1,화성,4-01-00-2024-204959,S03805,srno,pdf,분야축,
4-02-00-2024-204935-1,화성,4-02-00-2024-204935,S03970,srno,pdf,분야축,
4-02-00-2024-204936-1,화성,4-02-00-2024-204936,S03971,srno,pdf,,
4-02-00-2024-204937-1,화성,4-02-00-2024-204937,S03972,srno,pdf,,
4-02-00-2024-204938-1,화성,4-02-00-2024-204938,S03973,srno,pdf,분야축,
4-02-00-2024-204939-1,화성,4-02-00-2024-204939,S03974,srno,pdf,분야축,
4-02-00-2024-204940-1,화성,4-02-00-2024-204940,S03975,srno,pdf,분야축,
4-02-00-2024-204941-1,화성,4-02-00-2024-204941,S03976,srno,pdf,분야축,
4-02-00-2024-204942-1,화성,4-02-00-2024-204942,S03977,srno,pdf,분야축,
4-02-00-2024-204958-1,화성,4-02-00-2024-204958,S03978,srno,pdf,,
4-02-00-2024-204969-1,화성,4-02-00-2024-204969,S03979,srno,pdf,분야축,
4-02-00-2024-204970-1,화성,4-02-00-2024-204970,S03980,srno,pdf,분야축,
4-02-00-2024-204971-1,화성,4-02-00-2024-204971,S03981,srno,pdf,,
4-02-00-2024-204972-1,화성,4-02-00-2024-204972,S03982,srno,pdf,,
4-02-00-2024-204973-1,화성,4-02-00-2024-204973,S03983,srno,pdf,분야축,
4-02-00-2024-204974-1,화성,4-02-00-2024-204974,S03984,srno,pdf,분야축,
4-02-00-2024-204975-1,화성,4-02-00-2024-204975,S03985,srno,pdf,분야축,
4-02-00-2024-204977-1,화성,4-02-00-2024-204977,S03986,srno,pdf,분야축,
4-02-00-2024-204978-1,화성,4-02-00-2024-204978,S03987,srno,pdf,,
4-03-00-2024-204914-1,화성,4-03-00-2024-204914,S04132,srno,pdf,분야축,
4-03-00-2024-204915-1,화성,4-03-00-2024-204915,S04133,srno,pdf,분야축,
4-03-00-2024-204916-1,화성,4-03-00-2024-204916,S04134,srno,pdf,분야축,
4-04-00-2024-204918-1,화성,4-04-00-2024-204918,S04140,srno,pdf,,
4-04-00-2024-204923-1,화성,4-04-00-2024-204923,S04141,srno,pdf,,
4-04-00-2024-204929-1,화성,4-04-00-2024-204929,S04142,srno,pdf,분야축,
4-04-00-2024-204930-1,화성,4-04-00-2024-204930,S04143,srno,pdf,,
4-05-00-2024-204945-1,화성,4-05-00-2024-204945,S04219,srno,pdf,,
4-05-00-2024-204946-1,화성,4-05-00-2024-204946,S04220,srno,pdf,,
4-05-00-2024-204953-1,화성,4-05-00-2024-204953,S04221,srno,pdf,,
4-05-00-2024-204954-1,화성,4-05-00-2024-204954,S04222,srno,pdf,,
4-05-00-2024-204955-1,화성,4-05-00-2024-204955,S04223,srno,pdf,,
4-05-00-2024-204956-1,화성,4-05-00-2024-204956,S04224,srno,pdf,recall,
4-05-00-2024-204957-1,화성,4-05-00-2024-204957,S04225,srno,pdf,recall,
4-05-00-2024-204964-1,화성,4-05-00-2024-204964,S04226,srno,pdf,분야축,
4-05-00-2024-204979-1,화성,4-05-00-2024-204979,S04227,srno,pdf,,
4-06-00-2024-204926-1,화성,4-06-00-2024-204926,S04308,srno,pdf,,
4-06-00-2024-204927-1,화성,4-06-00-2024-204927,S04309,srno,pdf,,
4-06-00-2024-204931-1,화성,4-06-00-2024-204931,S04310,srno,pdf,,
4-06-00-2024-204932-1,화성,4-06-00-2024-204932,S04311,srno,pdf,,
4-06-00-2024-204967-1,화성,4-06-00-2024-204967,S04312,srno,pdf,,
4-06-00-2024-204968-1,화성,4-06-00-2024-204968,S04313,srno,pdf,,
4-07-00-2024-204947-1,화성,4-07-00-2024-204947,S04364,srno,pdf,,
4-07-00-2024-204948-1,화성,4-07-00-2024-204948,S04365,srno,pdf,,
4-07-00-2024-204949-1,화성,4-07-00-2024-204949,S04366,srno,pdf,,
4-07-00-2024-204950-1,화성,4-07-00-2024-204950,S04367,srno,pdf,,
4-07-00-2024-204951-1,화성,4-07-00-2024-204951,S04368,srno,pdf,,
4-07-00-2024-204952-1,화성,4-07-00-2024-204952,S04369,srno,pdf,,
4-08-00-2024-204913-1,화성,4-08-00-2024-204913,S04467,srno,pdf,,
4-08-00-2024-204917-1,화성,4-08-00-2024-204917,S04468,srno,pdf,,
4-08-00-2024-204924-1,화성,4-08-00-2024-204924,S04469,srno,pdf,분야축,
4-08-00-2024-204925-1,화성,4-08-00-2024-204925,S04470,srno,pdf,,
4-08-00-2024-204928-1,화성,4-08-00-2024-204928,S04471,srno,pdf,,
4-08-00-2024-204960-1,화성,4-08-00-2024-204960,S04472,srno,pdf,,
4-08-00-2024-204961-1,화성,4-08-00-2024-204961,S04473,srno,pdf,,
4-08-00-2024-204976-1,화성,4-08-00-2024-204976,S04474,srno,pdf,분야축,
4-09-00-2024-204919-1,화성,4-09-00-2024-204919,S04631,srno,pdf,,
4-09-00-2024-204920-1,화성,4-09-00-2024-204920,S04632,srno,pdf,,
4-09-00-2024-204921-1,화성,4-09-00-2024-204921,S04633,srno,pdf,분야축,
4-09-00-2024-204922-1,화성,4-09-00-2024-204922,S04634,srno,pdf,분야축,
4-09-00-2024-204943-1,화성,4-09-00-2024-204943,S04635,srno,pdf,,
4-09-00-2024-204944-1,화성,4-09-00-2024-204944,S04636,srno,pdf,recall,
4-09-00-2024-204962-1,화성,4-09-00-2024-204962,S04637,srno,pdf,,
4-09-00-2024-204963-1,화성,4-09-00-2024-204963,S04638,srno,pdf,분야축,
4-09-00-2024-204965-1,화성,4-09-00-2024-204965,S04639,srno,pdf,,
4-09-00-2024-204966-1,화성,4-09-00-2024-204966,S04640,srno,pdf,,
4-01-00-2024-204841-1,화성,4-01-00-2024-204841,S03800,srno,pdf,,
4-01-00-2024-204842-1,화성,4-01-00-2024-204842,S03801,srno,pdf,분야축,
4-01-00-2024-204843-1,화성,4-01-00-2024-204843,S03802,srno,pdf,,
4-02-00-2024-204777-1,화성,4-02-00-2024-204777,S03940,srno,pdf,분야축,
4-02-00-2024-204794-1,화성,4-02-00-2024-204794,S03941,srno,pdf,분야축,
4-02-00-2024-204796-1,화성,4-02-00-2024-204796,S03942,srno,pdf,,
4-02-00-2024-204797-1,화성,4-02-00-2024-204797,S03943,srno,pdf,,
4-02-00-2024-204799-1,화성,4-02-00-2024-204799,S03944,srno,pdf,분야축,
4-02-00-2024-204801-1,화성,4-02-00-2024-204801,S03945,srno,pdf,분야축,
4-02-00-2024-204802-1,화성,4-02-00-2024-204802,S03946,srno,pdf,분야축,
4-02-00-2024-204803-1,화성,4-02-00-2024-204803,S03947,srno,pdf,분야축,
4-02-00-2024-204804-1,화성,4-02-00-2024-204804,S03948,srno,pdf,분야축,
4-02-00-2024-204807-1,화성,4-02-00-2024-204807,S03949,srno,pdf,분야축,
4-02-00-2024-204812-1,화성,4-02-00-2024-204812,S03950,srno,pdf,분야축,
4-02-00-2024-204814-1,화성,4-02-00-2024-204814,S03951,srno,pdf,분야축,
4-02-00-2024-204818-1,화성,4-02-00-2024-204818,S03952,srno,pdf,,
4-02-00-2024-204819-1,화성,4-02-00-2024-204819,S03953,srno,pdf,,
4-02-00-2024-204820-1,화성,4-02-00-2024-204820,S03954,srno,pdf,,
4-02-00-2024-204822-1,화성,4-02-00-2024-204822,S03955,srno,pdf,분야축,
4-02-00-2024-204823-1,화성,4-02-00-2024-204823,S03956,srno,pdf,분야축,
4-02-00-2024-204824-1,화성,4-02-00-2024-204824,S03957,srno,pdf,분야축,
4-02-00-2024-204828-1,화성,4-02-00-2024-204828,S03958,srno,pdf,,
4-02-00-2024-204837-1,화성,4-02-00-2024-204837,S03959,srno,pdf,분야축,
4-02-00-2024-204846-1,화성,4-02-00-2024-204846,S03960,srno,pdf,,
4-02-00-2024-204848-1,화성,4-02-00-2024-204848,S03961,srno,pdf,분야축,
4-02-00-2024-204849-1,화성,4-02-00-2024-204849,S03962,srno,pdf,분야축,
4-02-00-2024-204857-1,화성,4-02-00-2024-204857,S03963,srno,pdf,분야축,
4-02-00-2024-204863-1,화성,4-02-00-2024-204863,S03964,srno,pdf,,
4-02-00-2024-204864-1,화성,4-02-00-2024-204864,S03965,srno,pdf,,
4-02-00-2024-204865-1,화성,4-02-00-2024-204865,S03966,srno,pdf,,
4-02-00-2024-204866-1,화성,4-02-00-2024-204866,S03967,srno,pdf,,
4-02-00-2024-204868-1,화성,4-02-00-2024-204868,S03968,srno,pdf,분야축,
4-02-00-2024-204869-1,화성,4-02-00-2024-204869,S03969,srno,pdf,분야축,
4-03-00-2024-204780-1,화성,4-03-00-2024-204780,S04124,srno,pdf,분야축,
4-03-00-2024-204783-1,화성,4-03-00-2024-204783,S04125,srno,pdf,분야축,
4-03-00-2024-204786-1,화성,4-03-00-2024-204786,S04126,srno,pdf,분야축,
4-03-00-2024-204805-1,화성,4-03-00-2024-204805,S04127,srno,pdf,분야축,
4-03-00-2024-204806-1,화성,4-03-00-2024-204806,S04128,srno,pdf,분야축,
4-03-00-2024-204833-1,화성,4-03-00-2024-204833,S04129,srno,pdf,분야축,
4-03-00-2024-204835-1,화성,4-03-00-2024-204835,S04130,srno,pdf,분야축,
4-03-00-2024-204854-1,화성,4-03-00-2024-204854,S04131,srno,pdf,분야축,
4-05-00-2024-204785-1,화성,4-05-00-2024-204785,S04207,srno,pdf,분야축,
4-05-00-2024-204792-1,화성,4-05-00-2024-204792,S04208,srno,pdf,recall,
4-05-00-2024-204793-1,화성,4-05-00-2024-204793,S04209,srno,pdf,recall,
4-05-00-2024-204795-1,화성,4-05-00-2024-204795,S04210,srno,pdf,,
4-05-00-2024-204821-1,화성,4-05-00-2024-204821,S04211,srno,pdf,,
4-05-00-2024-204827-1,화성,4-05-00-2024-204827,S04212,srno,pdf,,
4-05-00-2024-204829-1,화성,4-05-00-2024-204829,S04213,srno,pdf,분야축,
4-05-00-2024-204836-1,화성,4-05-00-2024-204836,S04214,srno,pdf,분야축,
4-05-00-2024-204845-1,화성,4-05-00-2024-204845,S04215,srno,pdf,,
4-05-00-2024-204850-1,화성,4-05-00-2024-204850,S04216,srno,pdf,,
4-05-00-2024-204851-1,화성,4-05-00-2024-204851,S04217,srno,pdf,,
4-05-00-2024-204852-1,화성,4-05-00-2024-204852,S04218,srno,pdf,,
4-06-00-2024-204839-1,화성,4-06-00-2024-204839,S04306,srno,pdf,분야축,
4-06-00-2024-204840-1,화성,4-06-00-2024-204840,S04307,srno,pdf,,
4-07-00-2024-204826-1,화성,4-07-00-2024-204826,S04362,srno,pdf,recall,
4-07-00-2024-204853-1,화성,4-07-00-2024-204853,S04363,srno,pdf,,
4-08-00-2024-204778-1,화성,4-08-00-2024-204778,S04442,srno,pdf,,
4-08-00-2024-204779-1,화성,4-08-00-2024-204779,S04443,srno,pdf,,
4-08-00-2024-204787-1,화성,4-08-00-2024-204787,S04444,srno,pdf,,
4-08-00-2024-204788-1,화성,4-08-00-2024-204788,S04445,srno,pdf,,
4-08-00-2024-204789-1,화성,4-08-00-2024-204789,S04446,srno,pdf,분야축,
4-08-00-2024-204798-1,화성,4-08-00-2024-204798,S04447,srno,pdf,분야축,
4-08-00-2024-204800-1,화성,4-08-00-2024-204800,S04448,srno,pdf,분야축,
4-08-00-2024-204808-1,화성,4-08-00-2024-204808,S04449,srno,pdf,,
4-08-00-2024-204811-1,화성,4-08-00-2024-204811,S04450,srno,pdf,,
4-08-00-2024-204813-1,화성,4-08-00-2024-204813,S04451,srno,pdf,,
4-08-00-2024-204815-1,화성,4-08-00-2024-204815,S04452,srno,pdf,,
4-08-00-2024-204816-1,화성,4-08-00-2024-204816,S04453,srno,pdf,,
4-08-00-2024-204817-1,화성,4-08-00-2024-204817,S04454,srno,pdf,,
4-08-00-2024-204825-1,화성,4-08-00-2024-204825,S04455,srno,pdf,분야축,
4-08-00-2024-204830-1,화성,4-08-00-2024-204830,S04456,srno,pdf,,
4-08-00-2024-204831-1,화성,4-08-00-2024-204831,S04457,srno,pdf,,
4-08-00-2024-204838-1,화성,4-08-00-2024-204838,S04458,srno,pdf,,
4-08-00-2024-204844-1,화성,4-08-00-2024-204844,S04459,srno,pdf,,
4-08-00-2024-204847-1,화성,4-08-00-2024-204847,S04460,srno,pdf,분야축,
4-08-00-2024-204855-1,화성,4-08-00-2024-204855,S04461,srno,pdf,,
4-08-00-2024-204859-1,화성,4-08-00-2024-204859,S04462,srno,pdf,,
4-08-00-2024-204860-1,화성,4-08-00-2024-204860,S04463,srno,pdf,분야축,
4-08-00-2024-204861-1,화성,4-08-00-2024-204861,S04464,srno,pdf,,
4-08-00-2024-204862-1,화성,4-08-00-2024-204862,S04465,srno,pdf,,
4-08-00-2024-204867-1,화성,4-08-00-2024-204867,S04466,srno,pdf,분야축,
4-09-00-2024-204781-1,화성,4-09-00-2024-204781,S04627,srno,pdf,,
4-09-00-2024-204782-1,화성,4-09-00-2024-204782,S04628,srno,pdf,,
4-09-00-2024-204832-1,화성,4-09-00-2024-204832,S04629,srno,pdf,,
4-09-00-2024-204834-1,화성,4-09-00-2024-204834,S04630,srno,pdf,,
4-10-00-2024-204784-1,화성,4-10-00-2024-204784,S04677,srno,pdf,,
4-10-00-2024-204809-1,화성,4-10-00-2024-204809,S04678,srno,pdf,,
4-10-00-2024-204810-1,화성,4-10-00-2024-204810,S04679,srno,pdf,,
4-10-00-2024-204856-1,화성,4-10-00-2024-204856,S04680,srno,pdf,,
4-10-00-2024-204858-1,화성,4-10-00-2024-204858,S04681,srno,pdf,,
4-01-00-2023-204303-1,화성,4-01-00-2023-204303,S03798,srno,pdf,,
4-01-00-2023-204326-1,화성,4-01-00-2023-204326,S03799,srno,pdf,분야축,
4-02-00-2023-204265-1,화성,4-02-00-2023-204265,S03888,srno,pdf,분야축,
4-02-00-2023-204270-1,화성,4-02-00-2023-204270,S03889,srno,pdf,분야축,
4-02-00-2023-204273-1,화성,4-02-00-2023-204273,S03890,srno,pdf,분야축,
4-02-00-2023-204274-1,화성,4-02-00-2023-204274,S03891,srno,pdf,분야축,
4-02-00-2023-204275-1,화성,4-02-00-2023-204275,S03892,srno,pdf,분야축,
4-02-00-2023-204276-1,화성,4-02-00-2023-204276,S03893,srno,pdf,분야축,
4-02-00-2023-204277-1,화성,4-02-00-2023-204277,S03894,srno,pdf,분야축,
4-02-00-2023-204278-1,화성,4-02-00-2023-204278,S03895,srno,pdf,,
4-02-00-2023-204279-1,화성,4-02-00-2023-204279,S03896,srno,pdf,,
4-02-00-2023-204280-1,화성,4-02-00-2023-204280,S03897,srno,pdf,,
4-02-00-2023-204281-1,화성,4-02-00-2023-204281,S03898,srno,pdf,,
4-02-00-2023-204282-1,화성,4-02-00-2023-204282,S03899,srno,pdf,,
4-02-00-2023-204283-1,화성,4-02-00-2023-204283,S03900,srno,pdf,분야축,
4-02-00-2023-204284-1,화성,4-02-00-2023-204284,S03901,srno,pdf,,
4-02-00-2023-204290-1,화성,4-02-00-2023-204290,S03902,srno,pdf,분야축,
4-02-00-2023-204306-1,화성,4-02-00-2023-204306,S03903,srno,pdf,분야축,
4-02-00-2023-204307-1,화성,4-02-00-2023-204307,S03904,srno,pdf,분야축,
4-02-00-2023-204310-1,화성,4-02-00-2023-204310,S03905,srno,pdf,분야축,
4-02-00-2023-204311-1,화성,4-02-00-2023-204311,S03906,srno,pdf,,
4-02-00-2023-204312-1,화성,4-02-00-2023-204312,S03907,srno,pdf,분야축,
4-02-00-2023-204329-1,화성,4-02-00-2023-204329,S03908,srno,pdf,분야축,
4-02-00-2023-204330-1,화성,4-02-00-2023-204330,S03909,srno,pdf,,
4-02-00-2023-204331-1,화성,4-02-00-2023-204331,S03910,srno,pdf,recall,
4-02-00-2023-204335-1,화성,4-02-00-2023-204335,S03911,srno,pdf,분야축,
4-02-00-2023-204336-1,화성,4-02-00-2023-204336,S03912,srno,pdf,분야축,
4-02-00-2023-204337-1,화성,4-02-00-2023-204337,S03913,srno,pdf,분야축,
4-02-00-2023-204342-1,화성,4-02-00-2023-204342,S03914,srno,pdf,분야축,
4-02-00-2023-204352-1,화성,4-02-00-2023-204352,S03915,srno,pdf,분야축,
4-02-00-2023-204353-1,화성,4-02-00-2023-204353,S03916,srno,pdf,분야축,
4-02-00-2023-204355-1,화성,4-02-00-2023-204355,S03917,srno,pdf,분야축,
4-02-00-2023-204356-1,화성,4-02-00-2023-204356,S03918,srno,pdf,분야축,
4-02-00-2023-204357-1,화성,4-02-00-2023-204357,S03919,srno,pdf,분야축,
4-02-00-2023-204358-1,화성,4-02-00-2023-204358,S03920,srno,pdf,분야축,
4-02-00-2023-204359-1,화성,4-02-00-2023-204359,S03921,srno,pdf,,
4-02-00-2023-204360-1,화성,4-02-00-2023-204360,S03922,srno,pdf,,
4-02-00-2023-204361-1,화성,4-02-00-2023-204361,S03923,srno,pdf,,
4-02-00-2023-204362-1,화성,4-02-00-2023-204362,S03924,srno,pdf,,
4-02-00-2023-204363-1,화성,4-02-00-2023-204363,S03925,srno,pdf,,
4-02-00-2023-204364-1,화성,4-02-00-2023-204364,S03926,srno,pdf,,
4-02-00-2023-204378-1,화성,4-02-00-2023-204378,S03927,srno,pdf,분야축,
4-02-00-2023-204379-1,화성,4-02-00-2023-204379,S03928,srno,pdf,분야축,
4-02-00-2023-204380-1,화성,4-02-00-2023-204380,S03929,srno,pdf,,
4-02-00-2023-204381-1,화성,4-02-00-2023-204381,S03930,srno,pdf,,
4-02-00-2023-204382-1,화성,4-02-00-2023-204382,S03931,srno,pdf,recall,
4-02-00-2023-204383-1,화성,4-02-00-2023-204383,S03932,srno,pdf,,
4-02-00-2023-204384-1,화성,4-02-00-2023-204384,S03933,srno,pdf,,
4-02-00-2023-204385-1,화성,4-02-00-2023-204385,S03934,srno,pdf,,
4-02-00-2023-204387-1,화성,4-02-00-2023-204387,S03935,srno,pdf,분야축,
4-02-00-2023-204388-1,화성,4-02-00-2023-204388,S03936,srno,pdf,분야축,
4-02-00-2023-204390-1,화성,4-02-00-2023-204390,S03937,srno,pdf,분야축,
4-02-00-2023-204391-1,화성,4-02-00-2023-204391,S03938,srno,pdf,분야축,
4-02-00-2023-204397-1,화성,4-02-00-2023-204397,S03939,srno,pdf,,
4-05-00-2023-204291-1,화성,4-05-00-2023-204291,S04194,srno,pdf,recall,
4-05-00-2023-204292-1,화성,4-05-00-2023-204292,S04195,srno,pdf,,
4-05-00-2023-204308-1,화성,4-05-00-2023-204308,S04196,srno,pdf,,
4-05-00-2023-204309-1,화성,4-05-00-2023-204309,S04197,srno,pdf,,
4-05-00-2023-204328-1,화성,4-05-00-2023-204328,S04198,srno,pdf,,
4-05-00-2023-204332-1,화성,4-05-00-2023-204332,S04199,srno,pdf,,
4-05-00-2023-204333-1,화성,4-05-00-2023-204333,S04200,srno,pdf,recall,
4-05-00-2023-204334-1,화성,4-05-00-2023-204334,S04201,srno,pdf,,
4-05-00-2023-204365-1,화성,4-05-00-2023-204365,S04202,srno,pdf,,
4-05-00-2023-204366-1,화성,4-05-00-2023-204366,S04203,srno,pdf,,
4-05-00-2023-204367-1,화성,4-05-00-2023-204367,S04204,srno,pdf,,
4-05-00-2023-204393-1,화성,4-05-00-2023-204393,S04205,srno,pdf,,
4-05-00-2023-204396-1,화성,4-05-00-2023-204396,S04206,srno,pdf,,
4-06-00-2023-204299-1,화성,4-06-00-2023-204299,S04300,srno,pdf,,
4-06-00-2023-204300-1,화성,4-06-00-2023-204300,S04301,srno,pdf,분야축,
4-06-00-2023-204301-1,화성,4-06-00-2023-204301,S04302,srno,pdf,분야축,
4-06-00-2023-204302-1,화성,4-06-00-2023-204302,S04303,srno,pdf,분야축,
4-06-00-2023-204324-1,화성,4-06-00-2023-204324,S04304,srno,pdf,분야축,
4-06-00-2023-204325-1,화성,4-06-00-2023-204325,S04305,srno,pdf,분야축,
4-07-00-2023-204285-1,화성,4-07-00-2023-204285,S04361,srno,pdf,recall,
4-08-00-2023-204263-1,화성,4-08-00-2023-204263,S04421,srno,pdf,,
4-08-00-2023-204264-1,화성,4-08-00-2023-204264,S04422,srno,pdf,,
4-08-00-2023-204266-1,화성,4-08-00-2023-204266,S04423,srno,pdf,,
4-08-00-2023-204269-1,화성,4-08-00-2023-204269,S04424,srno,pdf,,
4-08-00-2023-204288-1,화성,4-08-00-2023-204288,S04425,srno,pdf,,
4-08-00-2023-204289-1,화성,4-08-00-2023-204289,S04426,srno,pdf,,
4-08-00-2023-204297-1,화성,4-08-00-2023-204297,S04427,srno,pdf,,
4-08-00-2023-204313-1,화성,4-08-00-2023-204313,S04428,srno,pdf,,
4-08-00-2023-204314-1,화성,4-08-00-2023-204314,S04429,srno,pdf,,
4-08-00-2023-204323-1,화성,4-08-00-2023-204323,S04430,srno,pdf,,
4-08-00-2023-204338-1,화성,4-08-00-2023-204338,S04431,srno,pdf,,
4-08-00-2023-204339-1,화성,4-08-00-2023-204339,S04432,srno,pdf,분야축,
4-08-00-2023-204347-1,화성,4-08-00-2023-204347,S04433,srno,pdf,,
4-08-00-2023-204349-1,화성,4-08-00-2023-204349,S04434,srno,pdf,,
4-08-00-2023-204350-1,화성,4-08-00-2023-204350,S04435,srno,pdf,,
4-08-00-2023-204351-1,화성,4-08-00-2023-204351,S04436,srno,pdf,분야축,
4-08-00-2023-204369-1,화성,4-08-00-2023-204369,S04437,srno,pdf,,
4-08-00-2023-204370-1,화성,4-08-00-2023-204370,S04438,srno,pdf,분야축,
4-08-00-2023-204371-1,화성,4-08-00-2023-204371,S04439,srno,pdf,,
4-08-00-2023-204372-1,화성,4-08-00-2023-204372,S04440,srno,pdf,,
4-08-00-2023-204376-1,화성,4-08-00-2023-204376,S04441,srno,pdf,,
4-09-00-2023-204271-1,화성,4-09-00-2023-204271,S04606,srno,pdf,분야축,
4-09-00-2023-204272-1,화성,4-09-00-2023-204272,S04607,srno,pdf,분야축,
4-09-00-2023-204287-1,화성,4-09-00-2023-204287,S04608,srno,pdf,,
4-09-00-2023-204293-1,화성,4-09-00-2023-204293,S04609,srno,pdf,분야축,
4-09-00-2023-204294-1,화성,4-09-00-2023-204294,S04610,srno,pdf,,
4-09-00-2023-204295-1,화성,4-09-00-2023-204295,S04611,srno,pdf,분야축,
4-09-00-2023-204296-1,화성,4-09-00-2023-204296,S04612,srno,pdf,,
4-09-00-2023-204305-1,화성,4-09-00-2023-204305,S04613,srno,pdf,분야축,
4-09-00-2023-204315-1,화성,4-09-00-2023-204315,S04614,srno,pdf,분야축,
4-09-00-2023-204316-1,화성,4-09-00-2023-204316,S04615,srno,pdf,recall,
4-09-00-2023-204317-1,화성,4-09-00-2023-204317,S04616,srno,pdf,,
4-09-00-2023-204318-1,화성,4-09-00-2023-204318,S04617,srno,pdf,분야축,
4-09-00-2023-204319-1,화성,4-09-00-2023-204319,S04618,srno,pdf,분야축,
4-09-00-2023-204320-1,화성,4-09-00-2023-204320,S04619,srno,pdf,,
4-09-00-2023-204327-1,화성,4-09-00-2023-204327,S04620,srno,pdf,분야축,
4-09-00-2023-204348-1,화성,4-09-00-2023-204348,S04621,srno,pdf,분야축,
4-09-00-2023-204368-1,화성,4-09-00-2023-204368,S04622,srno,pdf,,
4-09-00-2023-204375-1,화성,4-09-00-2023-204375,S04623,srno,pdf,,
4-09-00-2023-204386-1,화성,4-09-00-2023-204386,S04624,srno,pdf,,
4-09-00-2023-204392-1,화성,4-09-00-2023-204392,S04625,srno,pdf,분야축,
4-09-00-2023-204395-1,화성,4-09-00-2023-204395,S04626,srno,pdf,,
4-10-00-2023-204267-1,화성,4-10-00-2023-204267,S04665,srno,pdf,,
4-10-00-2023-204268-1,화성,4-10-00-2023-204268,S04666,srno,pdf,분야축,
4-10-00-2023-204321-1,화성,4-10-00-2023-204321,S04667,srno,pdf,,
4-10-00-2023-204322-1,화성,4-10-00-2023-204322,S04668,srno,pdf,분야축,
4-10-00-2023-204340-1,화성,4-10-00-2023-204340,S04669,srno,pdf,,
4-10-00-2023-204341-1,화성,4-10-00-2023-204341,S04670,srno,pdf,,
4-10-00-2023-204343-1,화성,4-10-00-2023-204343,S04671,srno,pdf,,
4-10-00-2023-204344-1,화성,4-10-00-2023-204344,S04672,srno,pdf,,
4-10-00-2023-204345-1,화성,4-10-00-2023-204345,S04673,srno,pdf,분야축,
4-10-00-2023-204346-1,화성,4-10-00-2023-204346,S04674,srno,pdf,,
4-10-00-2023-204354-1,화성,4-10-00-2023-204354,S04675,srno,pdf,,
4-10-00-2023-204373-1,화성,4-10-00-2023-204373,S04676,srno,pdf,,
4-12-00-2023-204286-1,화성,4-12-00-2023-204286,S04713,srno,pdf,,
4-12-00-2023-204394-1,화성,4-12-00-2023-204394,S04714,srno,pdf,,
4-02-00-2022-204163-1,화성,4-02-00-2022-204163,S03841,srno,pdf,분야축,
4-02-00-2022-204176-1,화성,4-02-00-2022-204176,S03842,srno,pdf,분야축,
4-02-00-2022-204177-1,화성,4-02-00-2022-204177,S03843,srno,pdf,분야축,
4-02-00-2022-204180-1,화성,4-02-00-2022-204180,S03844,srno,pdf,,
4-02-00-2022-204181-1,화성,4-02-00-2022-204181,S03845,srno,pdf,recall,
4-02-00-2022-204183-1,화성,4-02-00-2022-204183,S03846,srno,pdf,분야축,
4-02-00-2022-204184-1,화성,4-02-00-2022-204184,S03847,srno,pdf,분야축,
4-02-00-2022-204185-1,화성,4-02-00-2022-204185,S03848,srno,pdf,분야축,
4-02-00-2022-204186-1,화성,4-02-00-2022-204186,S03849,srno,pdf,분야축,
4-02-00-2022-204187-1,화성,4-02-00-2022-204187,S03850,srno,pdf,분야축,
4-02-00-2022-204188-1,화성,4-02-00-2022-204188,S03851,srno,pdf,,
4-02-00-2022-204189-1,화성,4-02-00-2022-204189,S03852,srno,pdf,,
4-02-00-2022-204190-1,화성,4-02-00-2022-204190,S03853,srno,pdf,,
4-02-00-2022-204191-1,화성,4-02-00-2022-204191,S03854,srno,pdf,,
4-02-00-2022-204192-1,화성,4-02-00-2022-204192,S03855,srno,pdf,,
4-02-00-2022-204195-1,화성,4-02-00-2022-204195,S03856,srno,pdf,분야축,
4-02-00-2022-204196-1,화성,4-02-00-2022-204196,,,none,,Y
4-02-00-2022-204199-1,화성,4-02-00-2022-204199,,,none,분야축,Y
4-02-00-2022-204201-1,화성,4-02-00-2022-204201,,,none,분야축,Y
4-02-00-2022-204209-1,화성,4-02-00-2022-204209,,,none,분야축,Y
4-02-00-2022-204210-1,화성,4-02-00-2022-204210,,,none,분야축,Y
4-02-00-2022-204211-1,화성,4-02-00-2022-204211,,,none,분야축,Y
4-02-00-2022-204212-1,화성,4-02-00-2022-204212,,,none,분야축,Y
4-02-00-2022-204213-1,화성,4-02-00-2022-204213,,,none,분야축,Y
4-02-00-2022-204215-1,화성,4-02-00-2022-204215,,,none,,Y
4-02-00-2022-204218-1,화성,4-02-00-2022-204218,,,none,,Y
4-02-00-2022-204219-1,화성,4-02-00-2022-204219,,,none,,Y
4-02-00-2022-204220-1,화성,4-02-00-2022-204220,,,none,,Y
4-02-00-2022-204244-1,화성,4-02-00-2022-204244,S03857,srno,pdf,분야축,
4-02-00-2022-204247-1,화성,4-02-00-2022-204247,S03858,srno,pdf,분야축,
4-02-00-2022-204249-1,화성,4-02-00-2022-204249,S03859,srno,pdf,분야축,
4-02-00-2022-204250-1,화성,4-02-00-2022-204250,S03860,srno,pdf,분야축,
4-02-00-2022-204251-1,화성,4-02-00-2022-204251,S03861,srno,pdf,,
4-02-00-2022-204252-1,화성,4-02-00-2022-204252,S03862,srno,pdf,분야축,
4-03-00-2022-204197-1,화성,4-03-00-2022-204197,,,none,분야축,Y
4-03-00-2022-204242-1,화성,4-03-00-2022-204242,S04121,srno,pdf,분야축,
4-03-00-2022-204243-1,화성,4-03-00-2022-204243,S04122,srno,pdf,분야축,
4-03-00-2022-204248-1,화성,4-03-00-2022-204248,S04123,srno,pdf,분야축,
4-05-00-2022-204171-1,화성,4-05-00-2022-204171,S04170,srno,pdf,,
4-05-00-2022-204172-1,화성,4-05-00-2022-204172,S04171,srno,pdf,,
4-05-00-2022-204173-1,화성,4-05-00-2022-204173,S04172,srno,pdf,,
4-05-00-2022-204221-1,화성,4-05-00-2022-204221,,,none,,Y
4-05-00-2022-204222-1,화성,4-05-00-2022-204222,,,none,,Y
4-05-00-2022-204223-1,화성,4-05-00-2022-204223,,,none,,Y
4-05-00-2022-204224-1,화성,4-05-00-2022-204224,,,none,recall,Y
4-05-00-2022-204225-1,화성,4-05-00-2022-204225,,,none,recall,Y
4-05-00-2022-204226-1,화성,4-05-00-2022-204226,,,none,,Y
4-05-00-2022-204227-1,화성,4-05-00-2022-204227,,,none,,Y
4-05-00-2022-204228-1,화성,4-05-00-2022-204228,,,none,,Y
4-05-00-2022-204229-1,화성,4-05-00-2022-204229,,,none,,Y
4-05-00-2022-204230-1,화성,4-05-00-2022-204230,,,none,,Y
4-05-00-2022-204233-1,화성,4-05-00-2022-204233,,,none,,Y
4-05-00-2022-204234-1,화성,4-05-00-2022-204234,,,none,,Y
4-05-00-2022-204235-1,화성,4-05-00-2022-204235,,,none,recall,Y
4-05-00-2022-204236-1,화성,4-05-00-2022-204236,,,none,,Y
4-05-00-2022-204237-1,화성,4-05-00-2022-204237,,,none,,Y
4-05-00-2022-204238-1,화성,4-05-00-2022-204238,,,none,,Y
4-05-00-2022-204239-1,화성,4-05-00-2022-204239,,,none,,Y
4-07-00-2022-204169-1,화성,4-07-00-2022-204169,S04358,srno,pdf,,
4-07-00-2022-204198-1,화성,4-07-00-2022-204198,,,none,,Y
4-07-00-2022-204202-1,화성,4-07-00-2022-204202,,,none,분야축,Y
4-07-00-2022-204203-1,화성,4-07-00-2022-204203,,,none,,Y
4-07-00-2022-204204-1,화성,4-07-00-2022-204204,,,none,,Y
4-07-00-2022-204205-1,화성,4-07-00-2022-204205,,,none,,Y
4-07-00-2022-204206-1,화성,4-07-00-2022-204206,,,none,분야축,Y
4-07-00-2022-204207-1,화성,4-07-00-2022-204207,,,none,,Y
4-07-00-2022-204208-1,화성,4-07-00-2022-204208,,,none,,Y
4-07-00-2022-204217-1,화성,4-07-00-2022-204217,,,none,,Y
4-07-00-2022-204232-1,화성,4-07-00-2022-204232,,,none,,Y
4-08-00-2022-204164-1,화성,4-08-00-2022-204164,S04396,srno,pdf,,
4-08-00-2022-204165-1,화성,4-08-00-2022-204165,S04397,srno,pdf,분야축,
4-08-00-2022-204166-1,화성,4-08-00-2022-204166,S04398,srno,pdf,,
4-08-00-2022-204167-1,화성,4-08-00-2022-204167,S04399,srno,pdf,,
4-08-00-2022-204168-1,화성,4-08-00-2022-204168,S04400,srno,pdf,,
4-08-00-2022-204179-1,화성,4-08-00-2022-204179,S04401,srno,pdf,,
4-08-00-2022-204182-1,화성,4-08-00-2022-204182,S04402,srno,pdf,,
4-08-00-2022-204193-1,화성,4-08-00-2022-204193,,,none,,Y
4-08-00-2022-204194-1,화성,4-08-00-2022-204194,,,none,,Y
4-08-00-2022-204214-1,화성,4-08-00-2022-204214,,,none,분야축,Y
4-08-00-2022-204216-1,화성,4-08-00-2022-204216,,,none,,Y
4-08-00-2022-204240-1,화성,4-08-00-2022-204240,S04403,srno,pdf,,
4-08-00-2022-204241-1,화성,4-08-00-2022-204241,S04404,srno,pdf,,
4-08-00-2022-204245-1,화성,4-08-00-2022-204245,S04405,srno,pdf,,
4-08-00-2022-204246-1,화성,4-08-00-2022-204246,S04406,srno,pdf,분야축,
4-10-00-2022-204174-1,화성,4-10-00-2022-204174,S04660,srno,pdf,,
4-10-00-2022-204175-1,화성,4-10-00-2022-204175,S04661,srno,pdf,,
4-10-00-2022-204178-1,화성,4-10-00-2022-204178,S04662,srno,pdf,,
4-10-00-2022-204200-1,화성,4-10-00-2022-204200,,,none,,Y
4-12-00-2022-204170-1,화성,4-12-00-2022-204170,S04710,srno,pdf,,
4-12-00-2022-204231-1,화성,4-12-00-2022-204231,S04711,srno,pdf,,
4-01-00-2023-203933-1,화성,4-01-00-2023-203933,,,none,,Y
4-01-00-2023-203934-1,화성,4-01-00-2023-203934,,,none,,Y
4-01-00-2023-203957-1,화성,4-01-00-2023-203957,S03793,srno,pdf,,
4-01-00-2023-203963-1,화성,4-01-00-2023-203963,S03794,srno,pdf,,
4-01-00-2023-203967-1,화성,4-01-00-2023-203967,S03795,srno,pdf,분야축,
4-01-00-2023-203968-1,화성,4-01-00-2023-203968,S03796,srno,pdf,,
4-01-00-2023-203972-1,화성,4-01-00-2023-203972,S03797,srno,pdf,,
4-02-00-2023-203916-1,화성,4-02-00-2023-203916,,,none,분야축,Y
4-02-00-2023-203922-1,화성,4-02-00-2023-203922,,,none,분야축,Y
4-02-00-2023-203923-1,화성,4-02-00-2023-203923,,,none,분야축,Y
4-02-00-2023-203924-1,화성,4-02-00-2023-203924,,,none,분야축,Y
4-02-00-2023-203925-1,화성,4-02-00-2023-203925,,,none,,Y
4-02-00-2023-203930-1,화성,4-02-00-2023-203930,,,none,분야축,Y
4-02-00-2023-203943-1,화성,4-02-00-2023-203943,,,none,분야축,Y
4-02-00-2023-203944-1,화성,4-02-00-2023-203944,,,none,분야축,Y
4-02-00-2023-203945-1,화성,4-02-00-2023-203945,,,none,분야축,Y
4-02-00-2023-203946-1,화성,4-02-00-2023-203946,,,none,분야축,Y
4-02-00-2023-203947-1,화성,4-02-00-2023-203947,,,none,분야축,Y
4-02-00-2023-203948-1,화성,4-02-00-2023-203948,,,none,,Y
4-02-00-2023-203949-1,화성,4-02-00-2023-203949,,,none,,Y
4-02-00-2023-203950-1,화성,4-02-00-2023-203950,,,none,,Y
4-02-00-2023-203951-1,화성,4-02-00-2023-203951,,,none,,Y
4-02-00-2023-203969-1,화성,4-02-00-2023-203969,S03884,srno,pdf,분야축,
4-02-00-2023-203971-1,화성,4-02-00-2023-203971,S03885,srno,pdf,분야축,
4-02-00-2023-203973-1,화성,4-02-00-2023-203973,S03886,srno,pdf,,
4-02-00-2023-203975-1,화성,4-02-00-2023-203975,S03887,srno,pdf,,
4-04-00-2023-203915-1,화성,4-04-00-2023-203915,,,none,,Y
4-04-00-2023-203918-1,화성,4-04-00-2023-203918,,,none,,Y
4-04-00-2023-203919-1,화성,4-04-00-2023-203919,,,none,,Y
4-04-00-2023-203920-1,화성,4-04-00-2023-203920,,,none,,Y
4-04-00-2023-203921-1,화성,4-04-00-2023-203921,,,none,,Y
4-05-00-2023-203926-1,화성,4-05-00-2023-203926,,,none,,Y
4-05-00-2023-203952-1,화성,4-05-00-2023-203952,,,none,,Y
4-05-00-2023-203953-1,화성,4-05-00-2023-203953,,,none,,Y
4-05-00-2023-203954-1,화성,4-05-00-2023-203954,,,none,,Y
4-05-00-2023-203958-1,화성,4-05-00-2023-203958,S04191,srno,pdf,,
4-05-00-2023-203959-1,화성,4-05-00-2023-203959,S04192,srno,pdf,,
4-05-00-2023-203960-1,화성,4-05-00-2023-203960,S04193,srno,pdf,recall,
4-06-00-2023-203940-1,화성,4-06-00-2023-203940,,,none,분야축,Y
4-06-00-2023-203941-1,화성,4-06-00-2023-203941,,,none,,Y
4-06-00-2023-203942-1,화성,4-06-00-2023-203942,,,none,,Y
4-06-00-2023-203965-1,화성,4-06-00-2023-203965,S04298,srno,pdf,,
4-06-00-2023-203966-1,화성,4-06-00-2023-203966,S04299,srno,pdf,,
4-07-00-2023-203937-1,화성,4-07-00-2023-203937,,,none,분야축,Y
4-07-00-2023-203964-1,화성,4-07-00-2023-203964,S04359,srno,pdf,,
4-07-00-2023-203970-1,화성,4-07-00-2023-203970,S04360,srno,pdf,,
4-08-00-2023-203914-1,화성,4-08-00-2023-203914,,,none,,Y
4-08-00-2023-203917-1,화성,4-08-00-2023-203917,,,none,,Y
4-08-00-2023-203931-1,화성,4-08-00-2023-203931,,,none,,Y
4-08-00-2023-203932-1,화성,4-08-00-2023-203932,,,none,,Y
4-08-00-2023-203935-1,화성,4-08-00-2023-203935,,,none,,Y
4-08-00-2023-203956-1,화성,4-08-00-2023-203956,S04419,srno,pdf,,
4-08-00-2023-203974-1,화성,4-08-00-2023-203974,S04420,srno,pdf,,
4-09-00-2023-203936-1,화성,4-09-00-2023-203936,,,none,recall,Y
4-09-00-2023-203938-1,화성,4-09-00-2023-203938,,,none,분야축,Y
4-09-00-2023-203939-1,화성,4-09-00-2023-203939,,,none,분야축,Y
4-09-00-2023-203955-1,화성,4-09-00-2023-203955,,,none,,Y
4-09-00-2023-203962-1,화성,4-09-00-2023-203962,S04605,srno,pdf,분야축,
4-10-00-2023-203927-1,화성,4-10-00-2023-203927,,,none,,Y
4-10-00-2023-203928-1,화성,4-10-00-2023-203928,,,none,,Y
4-10-00-2023-203929-1,화성,4-10-00-2023-203929,,,none,,Y
4-05-00-2023-203675-1,화성,4-05-00-2023-203675,S04185,srno,pdf,,
4-05-00-2023-203676-1,화성,4-05-00-2023-203676,S04186,srno,pdf,,
4-05-00-2023-203677-1,화성,4-05-00-2023-203677,S04187,srno,pdf,recall,
4-05-00-2023-203678-1,화성,4-05-00-2023-203678,S04188,srno,pdf,,
4-05-00-2023-203679-1,화성,4-05-00-2023-203679,S04189,srno,pdf,,
4-05-00-2023-203680-1,화성,4-05-00-2023-203680,S04190,srno,pdf,,
4-02-00-2023-203473-1,화성,4-02-00-2023-203473,S03863,srno,pdf,분야축,
4-02-00-2023-203479-1,화성,4-02-00-2023-203479,S03864,srno,pdf,분야축,
4-02-00-2023-203486-1,화성,4-02-00-2023-203486,S03865,srno,pdf,,
4-02-00-2023-203487-1,화성,4-02-00-2023-203487,S03866,srno,pdf,분야축,
4-02-00-2023-203489-1,화성,4-02-00-2023-203489,S03867,srno,pdf,분야축,
4-02-00-2023-203490-1,화성,4-02-00-2023-203490,S03868,srno,pdf,분야축,
4-02-00-2023-203491-1,화성,4-02-00-2023-203491,S03869,srno,pdf,분야축,
4-02-00-2023-203492-1,화성,4-02-00-2023-203492,S03870,srno,pdf,분야축,
4-02-00-2023-203494-1,화성,4-02-00-2023-203494,S03871,srno,pdf,분야축,
4-02-00-2023-203495-1,화성,4-02-00-2023-203495,S03872,srno,pdf,분야축,
4-02-00-2023-203496-1,화성,4-02-00-2023-203496,S03873,srno,pdf,분야축,
4-02-00-2023-203497-1,화성,4-02-00-2023-203497,S03874,srno,pdf,분야축,
4-02-00-2023-203499-1,화성,4-02-00-2023-203499,S03875,srno,pdf,,
4-02-00-2023-203500-1,화성,4-02-00-2023-203500,S03876,srno,pdf,,
4-02-00-2023-203501-1,화성,4-02-00-2023-203501,S03877,srno,pdf,,
4-02-00-2023-203502-1,화성,4-02-00-2023-203502,S03878,srno,pdf,,
4-02-00-2023-203503-1,화성,4-02-00-2023-203503,S03879,srno,pdf,,
4-02-00-2023-203504-1,화성,4-02-00-2023-203504,S03880,srno,pdf,recall,
4-02-00-2023-203505-1,화성,4-02-00-2023-203505,S03881,srno,pdf,,
4-02-00-2023-203506-1,화성,4-02-00-2023-203506,S03882,srno,pdf,,
4-02-00-2023-203511-1,화성,4-02-00-2023-203511,S03883,srno,pdf,분야축,
4-05-00-2023-203507-1,화성,4-05-00-2023-203507,S04173,srno,pdf,,
4-05-00-2023-203508-1,화성,4-05-00-2023-203508,S04174,srno,pdf,,
4-05-00-2023-203509-1,화성,4-05-00-2023-203509,S04175,srno,pdf,,
4-05-00-2023-203510-1,화성,4-05-00-2023-203510,S04176,srno,pdf,,
4-05-00-2023-203512-1,화성,4-05-00-2023-203512,S04177,srno,pdf,,
4-05-00-2023-203513-1,화성,4-05-00-2023-203513,S04178,srno,pdf,,
4-05-00-2023-203514-1,화성,4-05-00-2023-203514,S04179,srno,pdf,,
4-05-00-2023-203515-1,화성,4-05-00-2023-203515,S04180,srno,pdf,,
4-05-00-2023-203516-1,화성,4-05-00-2023-203516,S04181,srno,pdf,recall,
4-05-00-2023-203517-1,화성,4-05-00-2023-203517,S04182,srno,pdf,recall,
4-05-00-2023-203518-1,화성,4-05-00-2023-203518,S04183,srno,pdf,,
4-05-00-2023-203519-1,화성,4-05-00-2023-203519,S04184,srno,pdf,recall,
4-08-00-2023-203472-1,화성,4-08-00-2023-203472,S04407,srno,pdf,분야축,
4-08-00-2023-203474-1,화성,4-08-00-2023-203474,S04408,srno,pdf,,
4-08-00-2023-203475-1,화성,4-08-00-2023-203475,S04409,srno,pdf,분야축,
4-08-00-2023-203476-1,화성,4-08-00-2023-203476,S04410,srno,pdf,분야축,
4-08-00-2023-203477-1,화성,4-08-00-2023-203477,S04411,srno,pdf,,
4-08-00-2023-203480-1,화성,4-08-00-2023-203480,S04412,srno,pdf,,
4-08-00-2023-203481-1,화성,4-08-00-2023-203481,S04413,srno,pdf,,
4-08-00-2023-203482-1,화성,4-08-00-2023-203482,S04414,srno,pdf,recall,
4-08-00-2023-203483-1,화성,4-08-00-2023-203483,S04415,srno,pdf,recall,
4-08-00-2023-203484-1,화성,4-08-00-2023-203484,S04416,srno,pdf,,
4-08-00-2023-203485-1,화성,4-08-00-2023-203485,S04417,srno,pdf,분야축,
4-08-00-2023-203488-1,화성,4-08-00-2023-203488,S04418,srno,pdf,,
4-10-00-2023-203478-1,화성,4-10-00-2023-203478,S04663,srno,pdf,,
4-10-00-2023-203493-1,화성,4-10-00-2023-203493,S04664,srno,pdf,분야축,
4-12-00-2023-203498-1,화성,4-12-00-2023-203498,S04712,srno,pdf,,
4-01-00-2022-203219-1,화성,4-01-00-2022-203219,,,none,,Y
4-01-00-2022-203220-1,화성,4-01-00-2022-203220,,,none,,Y
4-01-00-2022-203228-1,화성,4-01-00-2022-203228,,,none,,Y
4-01-00-2022-203243-1,화성,4-01-00-2022-203243,,,none,,Y
4-01-00-2022-203255-1,화성,4-01-00-2022-203255,,,none,,Y
4-02-00-2022-203221-1,화성,4-02-00-2022-203221,,,none,분야축,Y
4-02-00-2022-203222-1,화성,4-02-00-2022-203222,,,none,분야축,Y
4-02-00-2022-203229-1,화성,4-02-00-2022-203229,,,none,분야축,Y
4-02-00-2022-203230-1,화성,4-02-00-2022-203230,,,none,,Y
4-02-00-2022-203231-1,화성,4-02-00-2022-203231,,,none,,Y
4-02-00-2022-203232-1,화성,4-02-00-2022-203232,,,none,,Y
4-02-00-2022-203241-1,화성,4-02-00-2022-203241,,,none,분야축,Y
4-02-00-2022-203242-1,화성,4-02-00-2022-203242,,,none,분야축,Y
4-02-00-2022-203244-1,화성,4-02-00-2022-203244,,,none,,Y
4-02-00-2022-203245-1,화성,4-02-00-2022-203245,,,none,,Y
4-02-00-2022-203251-1,화성,4-02-00-2022-203251,,,none,분야축,Y
4-02-00-2022-203252-1,화성,4-02-00-2022-203252,,,none,분야축,Y
4-02-00-2022-203253-1,화성,4-02-00-2022-203253,,,none,,Y
4-02-00-2022-203254-1,화성,4-02-00-2022-203254,,,none,,Y
4-06-00-2022-203223-1,화성,4-06-00-2022-203223,,,none,,Y
4-06-00-2022-203224-1,화성,4-06-00-2022-203224,,,none,,Y
4-06-00-2022-203225-1,화성,4-06-00-2022-203225,,,none,,Y
4-06-00-2022-203233-1,화성,4-06-00-2022-203233,,,none,,Y
4-06-00-2022-203234-1,화성,4-06-00-2022-203234,,,none,,Y
4-06-00-2022-203235-1,화성,4-06-00-2022-203235,,,none,,Y
4-06-00-2022-203236-1,화성,4-06-00-2022-203236,,,none,분야축,Y
4-06-00-2022-203240-1,화성,4-06-00-2022-203240,,,none,분야축,Y
4-06-00-2022-203250-1,화성,4-06-00-2022-203250,,,none,,Y
4-08-00-2022-203216-1,화성,4-08-00-2022-203216,,,none,,Y
4-08-00-2022-203217-1,화성,4-08-00-2022-203217,,,none,,Y
4-08-00-2022-203237-1,화성,4-08-00-2022-203237,,,none,,Y
4-08-00-2022-203238-1,화성,4-08-00-2022-203238,,,none,,Y
4-08-00-2022-203239-1,화성,4-08-00-2022-203239,,,none,,Y
4-08-00-2022-203247-1,화성,4-08-00-2022-203247,,,none,,Y
4-08-00-2022-203248-1,화성,4-08-00-2022-203248,,,none,,Y
4-09-00-2022-203218-1,화성,4-09-00-2022-203218,,,none,분야축,Y
4-09-00-2022-203226-1,화성,4-09-00-2022-203226,,,none,분야축,Y
4-09-00-2022-203249-1,화성,4-09-00-2022-203249,,,none,분야축,Y
4-10-00-2022-203227-1,화성,4-10-00-2022-203227,,,none,,Y
4-10-00-2022-203246-1,화성,4-10-00-2022-203246,,,none,,Y
4-02-00-2022-202890-1,화성,4-02-00-2022-202890,,,none,분야축,Y
4-02-00-2022-202891-1,화성,4-02-00-2022-202891,,,none,분야축,Y
4-02-00-2022-202897-1,화성,4-02-00-2022-202897,,,none,분야축,Y
4-02-00-2022-202912-1,화성,4-02-00-2022-202912,,,none,분야축,Y
4-02-00-2022-202918-1,화성,4-02-00-2022-202918,,,none,,Y
4-02-00-2022-202919-1,화성,4-02-00-2022-202919,,,none,분야축,Y
4-02-00-2022-202920-1,화성,4-02-00-2022-202920,,,none,분야축,Y
4-02-00-2022-202921-1,화성,4-02-00-2022-202921,,,none,분야축,Y
4-02-00-2022-202922-1,화성,4-02-00-2022-202922,,,none,분야축,Y
4-02-00-2022-202927-1,화성,4-02-00-2022-202927,,,none,,Y
4-02-00-2022-202930-1,화성,4-02-00-2022-202930,,,none,recall,Y
4-02-00-2022-202931-1,화성,4-02-00-2022-202931,,,none,,Y
4-03-00-2022-202907-1,화성,4-03-00-2022-202907,,,none,분야축,Y
4-03-00-2022-202908-1,화성,4-03-00-2022-202908,,,none,분야축,Y
4-04-00-2022-202905-1,화성,4-04-00-2022-202905,,,none,,Y
4-04-00-2022-202906-1,화성,4-04-00-2022-202906,,,none,,Y
4-05-00-2022-202913-1,화성,4-05-00-2022-202913,,,none,분야축,Y
4-05-00-2022-202924-1,화성,4-05-00-2022-202924,,,none,,Y
4-05-00-2022-202925-1,화성,4-05-00-2022-202925,,,none,분야축,Y
4-05-00-2022-202932-1,화성,4-05-00-2022-202932,,,none,,Y
4-05-00-2022-202933-1,화성,4-05-00-2022-202933,,,none,,Y
4-05-00-2022-202934-1,화성,4-05-00-2022-202934,,,none,,Y
4-05-00-2022-202935-1,화성,4-05-00-2022-202935,,,none,recall,Y
4-05-00-2022-202936-1,화성,4-05-00-2022-202936,,,none,recall,Y
4-05-00-2022-202937-1,화성,4-05-00-2022-202937,,,none,,Y
4-05-00-2022-202944-1,화성,4-05-00-2022-202944,,,none,,Y
4-06-00-2022-202892-1,화성,4-06-00-2022-202892,,,none,,Y
4-06-00-2022-202893-1,화성,4-06-00-2022-202893,,,none,recall,Y
4-06-00-2022-202894-1,화성,4-06-00-2022-202894,,,none,,Y
4-06-00-2022-202895-1,화성,4-06-00-2022-202895,,,none,,Y
4-06-00-2022-202898-1,화성,4-06-00-2022-202898,,,none,,Y
4-06-00-2022-202899-1,화성,4-06-00-2022-202899,,,none,,Y
4-06-00-2022-202900-1,화성,4-06-00-2022-202900,,,none,,Y
4-06-00-2022-202928-1,화성,4-06-00-2022-202928,,,none,,Y
4-06-00-2022-202929-1,화성,4-06-00-2022-202929,,,none,,Y
4-07-00-2022-202923-1,화성,4-07-00-2022-202923,,,none,,Y
4-07-00-2022-202938-1,화성,4-07-00-2022-202938,,,none,,Y
4-07-00-2022-202939-1,화성,4-07-00-2022-202939,,,none,,Y
4-07-00-2022-202940-1,화성,4-07-00-2022-202940,,,none,,Y
4-07-00-2022-202941-1,화성,4-07-00-2022-202941,,,none,,Y
4-07-00-2022-202942-1,화성,4-07-00-2022-202942,,,none,,Y
4-08-00-2022-202887-1,화성,4-08-00-2022-202887,,,none,,Y
4-08-00-2022-202888-1,화성,4-08-00-2022-202888,,,none,,Y
4-08-00-2022-202896-1,화성,4-08-00-2022-202896,,,none,,Y
4-08-00-2022-202901-1,화성,4-08-00-2022-202901,,,none,분야축,Y
4-08-00-2022-202902-1,화성,4-08-00-2022-202902,,,none,,Y
4-08-00-2022-202903-1,화성,4-08-00-2022-202903,,,none,,Y
4-08-00-2022-202904-1,화성,4-08-00-2022-202904,,,none,,Y
4-08-00-2022-202909-1,화성,4-08-00-2022-202909,,,none,분야축,Y
4-08-00-2022-202910-1,화성,4-08-00-2022-202910,,,none,,Y
4-08-00-2022-202911-1,화성,4-08-00-2022-202911,,,none,분야축,Y
4-08-00-2022-202926-1,화성,4-08-00-2022-202926,,,none,,Y
4-08-00-2022-202943-1,화성,4-08-00-2022-202943,,,none,분야축,Y
4-09-00-2022-202889-1,화성,4-09-00-2022-202889,,,none,분야축,Y
4-09-00-2022-202914-1,화성,4-09-00-2022-202914,,,none,분야축,Y
4-09-00-2022-202915-1,화성,4-09-00-2022-202915,,,none,,Y
4-09-00-2022-202916-1,화성,4-09-00-2022-202916,,,none,분야축,Y
4-09-00-2022-202945-1,화성,4-09-00-2022-202945,,,none,,Y
4-11-00-2022-202917-1,화성,4-11-00-2022-202917,,,none,,Y
4-01-00-2022-202648-1,화성,4-01-00-2022-202648,,,none,,Y
4-01-00-2022-202649-1,화성,4-01-00-2022-202649,,,none,,Y
4-01-00-2022-202669-1,화성,4-01-00-2022-202669,S03790,srno,pdf,분야축,
4-01-00-2022-202670-1,화성,4-01-00-2022-202670,S03791,srno,pdf,,
4-01-00-2022-202671-1,화성,4-01-00-2022-202671,S03792,srno,pdf,,
4-02-00-2022-202632-1,화성,4-02-00-2022-202632,,,none,분야축,Y
4-02-00-2022-202639-1,화성,4-02-00-2022-202639,,,none,,Y
4-02-00-2022-202640-1,화성,4-02-00-2022-202640,,,none,,Y
4-02-00-2022-202641-1,화성,4-02-00-2022-202641,,,none,분야축,Y
4-02-00-2022-202642-1,화성,4-02-00-2022-202642,,,none,분야축,Y
4-02-00-2022-202643-1,화성,4-02-00-2022-202643,,,none,분야축,Y
4-02-00-2022-202661-1,화성,4-02-00-2022-202661,S03837,srno,pdf,,
4-02-00-2022-202662-1,화성,4-02-00-2022-202662,S03838,srno,pdf,분야축,
4-02-00-2022-202663-1,화성,4-02-00-2022-202663,S03839,srno,pdf,분야축,
4-02-00-2022-202664-1,화성,4-02-00-2022-202664,S03840,srno,pdf,분야축,
4-05-00-2022-202633-1,화성,4-05-00-2022-202633,,,none,recall,Y
4-05-00-2022-202634-1,화성,4-05-00-2022-202634,,,none,,Y
4-05-00-2022-202635-1,화성,4-05-00-2022-202635,,,none,분야축,Y
4-05-00-2022-202638-1,화성,4-05-00-2022-202638,,,none,분야축,Y
4-05-00-2022-202653-1,화성,4-05-00-2022-202653,S04166,srno,pdf,,
4-05-00-2022-202654-1,화성,4-05-00-2022-202654,S04167,srno,pdf,recall,
4-05-00-2022-202655-1,화성,4-05-00-2022-202655,S04168,srno,pdf,,
4-05-00-2022-202656-1,화성,4-05-00-2022-202656,S04169,srno,pdf,recall,
4-06-00-2022-202644-1,화성,4-06-00-2022-202644,,,none,,Y
4-06-00-2022-202645-1,화성,4-06-00-2022-202645,,,none,,Y
4-06-00-2022-202646-1,화성,4-06-00-2022-202646,,,none,분야축,Y
4-06-00-2022-202647-1,화성,4-06-00-2022-202647,,,none,,Y
4-06-00-2022-202665-1,화성,4-06-00-2022-202665,S04294,srno,pdf,,
4-06-00-2022-202666-1,화성,4-06-00-2022-202666,S04295,srno,pdf,,
4-06-00-2022-202667-1,화성,4-06-00-2022-202667,S04296,srno,pdf,분야축,
4-06-00-2022-202668-1,화성,4-06-00-2022-202668,S04297,srno,pdf,,
4-08-00-2022-202650-1,화성,4-08-00-2022-202650,,,none,,Y
4-08-00-2022-202652-1,화성,4-08-00-2022-202652,S04394,srno,pdf,분야축,
4-08-00-2022-202658-1,화성,4-08-00-2022-202658,S04395,srno,pdf,분야축,
4-09-00-2022-202636-1,화성,4-09-00-2022-202636,,,none,분야축,Y
4-09-00-2022-202637-1,화성,4-09-00-2022-202637,,,none,분야축,Y
4-09-00-2022-202660-1,화성,4-09-00-2022-202660,S04604,srno,pdf,분야축,
4-10-00-2022-202651-1,화성,4-10-00-2022-202651,,,none,,Y
4-10-00-2022-202657-1,화성,4-10-00-2022-202657,S04658,srno,pdf,,
4-10-00-2022-202659-1,화성,4-10-00-2022-202659,S04659,srno,pdf,분야축,
4_01_00_2022_202409-1,화성,4_01_00_2022_202409,,,none,,Y
4_01_00_2022_202415-1,화성,4_01_00_2022_202415,,,none,,Y
4_01_00_2022_202416-1,화성,4_01_00_2022_202416,,,none,분야축,Y
4_01_00_2022_202421-1,화성,4_01_00_2022_202421,,,none,,Y
4_02_00_2022_202412-1,화성,4_02_00_2022_202412,,,none,,Y
4_02_00_2022_202413-1,화성,4_02_00_2022_202413,,,none,분야축,Y
4_02_00_2022_202414-1,화성,4_02_00_2022_202414,,,none,분야축,Y
4_02_00_2022_202422-1,화성,4_02_00_2022_202422,,,none,분야축,Y
4_02_00_2022_202425-1,화성,4_02_00_2022_202425,,,none,,Y
4_02_00_2022_202426-1,화성,4_02_00_2022_202426,,,none,분야축,Y
4_02_00_2022_202427-1,화성,4_02_00_2022_202427,,,none,분야축,Y
4_02_00_2022_202433-1,화성,4_02_00_2022_202433,,,none,분야축,Y
4_02_00_2022_202438-1,화성,4_02_00_2022_202438,,,none,분야축,Y
4_02_00_2022_202439-1,화성,4_02_00_2022_202439,,,none,분야축,Y
4_05_00_2022_202407-1,화성,4_05_00_2022_202407,,,none,recall,Y
4_05_00_2022_202408-1,화성,4_05_00_2022_202408,,,none,,Y
4_05_00_2022_202430-1,화성,4_05_00_2022_202430,,,none,,Y
4_05_00_2022_202432-1,화성,4_05_00_2022_202432,,,none,,Y
4_05_00_2022_202434-1,화성,4_05_00_2022_202434,,,none,분야축,Y
4_05_00_2022_202436-1,화성,4_05_00_2022_202436,,,none,,Y
4_05_00_2022_202437-1,화성,4_05_00_2022_202437,,,none,분야축,Y
4_05_00_2022_202440-1,화성,4_05_00_2022_202440,,,none,분야축,Y
4_05_00_2022_202446-1,화성,4_05_00_2022_202446,,,none,recall,Y
4_05_00_2022_202447-1,화성,4_05_00_2022_202447,,,none,,Y
4_05_00_2022_202448-1,화성,4_05_00_2022_202448,,,none,recall,Y
4_05_00_2022_202449-1,화성,4_05_00_2022_202449,,,none,,Y
4_05_00_2022_202450-1,화성,4_05_00_2022_202450,,,none,,Y
4_05_00_2022_202451-1,화성,4_05_00_2022_202451,,,none,,Y
4_05_00_2022_202452-1,화성,4_05_00_2022_202452,,,none,,Y
4_05_00_2022_202453-1,화성,4_05_00_2022_202453,,,none,,Y
4_06_00_2022_202417-1,화성,4_06_00_2022_202417,,,none,recall,Y
4_06_00_2022_202418-1,화성,4_06_00_2022_202418,,,none,,Y
4_06_00_2022_202419-1,화성,4_06_00_2022_202419,,,none,분야축,Y
4_06_00_2022_202420-1,화성,4_06_00_2022_202420,,,none,,Y
4_06_00_2022_202428-1,화성,4_06_00_2022_202428,,,none,,Y
4_07_00_2022_202411-1,화성,4_07_00_2022_202411,,,none,,Y
4_08_00_2022_202405-1,화성,4_08_00_2022_202405,,,none,,Y
4_08_00_2022_202406-1,화성,4_08_00_2022_202406,,,none,,Y
4_08_00_2022_202423-1,화성,4_08_00_2022_202423,,,none,,Y
4_08_00_2022_202424-1,화성,4_08_00_2022_202424,,,none,,Y
4_08_00_2022_202431-1,화성,4_08_00_2022_202431,,,none,,Y
4_08_00_2022_202435-1,화성,4_08_00_2022_202435,,,none,분야축,Y
4_09_00_2022_202410-1,화성,4_09_00_2022_202410,,,none,분야축,Y
4_09_00_2022_202429-1,화성,4_09_00_2022_202429,,,none,분야축,Y
4_09_00_2022_202441-1,화성,4_09_00_2022_202441,,,none,,Y
4_09_00_2022_202442-1,화성,4_09_00_2022_202442,,,none,,Y
4_09_00_2022_202443-1,화성,4_09_00_2022_202443,,,none,분야축,Y
4_09_00_2022_202444-1,화성,4_09_00_2022_202444,,,none,,Y
4_09_00_2022_202445-1,화성,4_09_00_2022_202445,,,none,,Y
4-01-00-2021-202212-1,화성,4-01-00-2021-202212,,,none,,Y
4-01-00-2021-202221-1,화성,4-01-00-2021-202221,,,none,분야축,Y
4-02-00-2021-202213-1,화성,4-02-00-2021-202213,,,none,분야축,Y
4-02-00-2021-202214-1,화성,4-02-00-2021-202214,,,none,분야축,Y
4-02-00-2021-202215-1,화성,4-02-00-2021-202215,,,none,분야축,Y
4-03-00-2021-202208-1,화성,4-03-00-2021-202208,,,none,분야축,Y
4-05-00-2021-202205-1,화성,4-05-00-2021-202205,,,none,recall,Y
4-05-00-2021-202206-1,화성,4-05-00-2021-202206,,,none,,Y
4-05-00-2021-202207-1,화성,4-05-00-2021-202207,,,none,recall,Y
4-06-00-2021-202216-1,화성,4-06-00-2021-202216,,,none,,Y
4-06-00-2021-202217-1,화성,4-06-00-2021-202217,,,none,,Y
4-06-00-2021-202218-1,화성,4-06-00-2021-202218,,,none,,Y
4-06-00-2021-202219-1,화성,4-06-00-2021-202219,,,none,분야축,Y
4-06-00-2021-202220-1,화성,4-06-00-2021-202220,,,none,,Y
4-07-00-2021-202211-1,화성,4-07-00-2021-202211,,,none,,Y
4-08-00-2021-202204-1,화성,4-08-00-2021-202204,,,none,,Y
4-09-00-2021-202209-1,화성,4-09-00-2021-202209,,,none,,Y
4-09-00-2021-202210-1,화성,4-09-00-2021-202210,,,none,,Y
4-01-00-2021-201971-1,화성,4-01-00-2021-201971,,,none,,Y
4-01-00-2021-201985-1,화성,4-01-00-2021-201985,,,none,,Y
4-01-00-2021-201986-1,화성,4-01-00-2021-201986,,,none,분야축,Y
4-01-00-2021-201997-1,화성,4-01-00-2021-201997,,,none,,Y
4-01-00-2021-202005-1,화성,4-01-00-2021-202005,,,none,,Y
4-01-00-2021-202006-1,화성,4-01-00-2021-202006,,,none,,Y
4-01-00-2021-202007-1,화성,4-01-00-2021-202007,,,none,분야축,Y
4-01-00-2021-202044-1,화성,4-01-00-2021-202044,,,none,,Y
4-01-00-2021-202050-1,화성,4-01-00-2021-202050,,,none,,Y
4-01-00-2021-202051-1,화성,4-01-00-2021-202051,,,none,,Y
4-01-00-2021-202057-1,화성,4-01-00-2021-202057,,,none,,Y
4-02-00-2021-201977-1,화성,4-02-00-2021-201977,,,none,분야축,Y
4-02-00-2021-201978-1,화성,4-02-00-2021-201978,,,none,분야축,Y
4-02-00-2021-201979-1,화성,4-02-00-2021-201979,,,none,분야축,Y
4-02-00-2021-201980-1,화성,4-02-00-2021-201980,,,none,분야축,Y
4-02-00-2021-201981-1,화성,4-02-00-2021-201981,,,none,분야축,Y
4-02-00-2021-202001-1,화성,4-02-00-2021-202001,,,none,분야축,Y
4-02-00-2021-202002-1,화성,4-02-00-2021-202002,,,none,분야축,Y
4-02-00-2021-202003-1,화성,4-02-00-2021-202003,,,none,분야축,Y
4-02-00-2021-202042-1,화성,4-02-00-2021-202042,,,none,분야축,Y
4-02-00-2021-202045-1,화성,4-02-00-2021-202045,,,none,분야축,Y
4-02-00-2021-202052-1,화성,4-02-00-2021-202052,,,none,분야축,Y
4-02-00-2021-202059-1,화성,4-02-00-2021-202059,,,none,분야축,Y
4-02-00-2021-202060-1,화성,4-02-00-2021-202060,,,none,분야축,Y
4-03-00-2021-201996-1,화성,4-03-00-2021-201996,,,none,분야축,Y
4-03-00-2021-202043-1,화성,4-03-00-2021-202043,,,none,분야축,Y
4-03-00-2021-202058-1,화성,4-03-00-2021-202058,,,none,분야축,Y
4-05-00-2021-201966-1,화성,4-05-00-2021-201966,,,none,,Y
4-05-00-2021-201967-1,화성,4-05-00-2021-201967,,,none,,Y
4-05-00-2021-201968-1,화성,4-05-00-2021-201968,,,none,recall,Y
4-05-00-2021-201969-1,화성,4-05-00-2021-201969,,,none,recall,Y
4-05-00-2021-201974-1,화성,4-05-00-2021-201974,,,none,분야축,Y
4-05-00-2021-201975-1,화성,4-05-00-2021-201975,,,none,분야축,Y
4-05-00-2021-201976-1,화성,4-05-00-2021-201976,,,none,,Y
4-05-00-2021-201989-1,화성,4-05-00-2021-201989,,,none,recall,Y
4-05-00-2021-201990-1,화성,4-05-00-2021-201990,,,none,,Y
4-05-00-2021-201991-1,화성,4-05-00-2021-201991,,,none,recall,Y
4-05-00-2021-201992-1,화성,4-05-00-2021-201992,,,none,recall,Y
4-05-00-2021-201993-1,화성,4-05-00-2021-201993,,,none,분야축,Y
4-05-00-2021-201994-1,화성,4-05-00-2021-201994,,,none,분야축,Y
4-05-00-2021-201999-1,화성,4-05-00-2021-201999,,,none,,Y
4-06-00-2021-201982-1,화성,4-06-00-2021-201982,,,none,,Y
4-06-00-2021-201983-1,화성,4-06-00-2021-201983,,,none,,Y
4-06-00-2021-201984-1,화성,4-06-00-2021-201984,,,none,분야축,Y
4-06-00-2021-202008-1,화성,4-06-00-2021-202008,,,none,,Y
4-06-00-2021-202009-1,화성,4-06-00-2021-202009,,,none,,Y
4-06-00-2021-202010-1,화성,4-06-00-2021-202010,,,none,,Y
4-06-00-2021-202046-1,화성,4-06-00-2021-202046,,,none,,Y
4-06-00-2021-202047-1,화성,4-06-00-2021-202047,,,none,,Y
4-06-00-2021-202048-1,화성,4-06-00-2021-202048,,,none,,Y
4-06-00-2021-202053-1,화성,4-06-00-2021-202053,,,none,,Y
4-06-00-2021-202054-1,화성,4-06-00-2021-202054,,,none,,Y
4-06-00-2021-202055-1,화성,4-06-00-2021-202055,,,none,,Y
4-06-00-2021-202061-1,화성,4-06-00-2021-202061,,,none,,Y
4-07-00-2021-201995-1,화성,4-07-00-2021-201995,,,none,,Y
4-07-00-2021-202000-1,화성,4-07-00-2021-202000,,,none,,Y
4-07-00-2021-202004-1,화성,4-07-00-2021-202004,,,none,,Y
4-08-00-2021-201964-1,화성,4-08-00-2021-201964,,,none,,Y
4-08-00-2021-201965-1,화성,4-08-00-2021-201965,,,none,,Y
4-08-00-2021-201987-1,화성,4-08-00-2021-201987,,,none,recall,Y
4-08-00-2021-201988-1,화성,4-08-00-2021-201988,,,none,,Y
4-08-00-2021-202041-1,화성,4-08-00-2021-202041,,,none,,Y
4-08-00-2021-202049-1,화성,4-08-00-2021-202049,,,none,,Y
4-08-00-2021-202056-1,화성,4-08-00-2021-202056,,,none,,Y
4-09-00-2021-201970-1,화성,4-09-00-2021-201970,,,none,,Y
4-09-00-2021-201972-1,화성,4-09-00-2021-201972,,,none,,Y
4-09-00-2021-201973-1,화성,4-09-00-2021-201973,,,none,분야축,Y
4-09-00-2021-201998-1,화성,4-09-00-2021-201998,,,none,,Y
4-01-00-2021-201677-1,화성,4-01-00-2021-201677,,,none,분야축,Y
4-01-00-2021-201678-1,화성,4-01-00-2021-201678,,,none,분야축,Y
4-01-00-2021-201679-1,화성,4-01-00-2021-201679,,,none,분야축,Y
4-01-00-2021-201680-1,화성,4-01-00-2021-201680,,,none,분야축,Y
4-01-00-2021-201688-1,화성,4-01-00-2021-201688,,,none,,Y
4-01-00-2021-201691-1,화성,4-01-00-2021-201691,,,none,,Y
4-01-00-2021-201692-1,화성,4-01-00-2021-201692,,,none,,Y
4-01-00-2021-201693-1,화성,4-01-00-2021-201693,,,none,분야축,Y
4-01-00-2021-201696-1,화성,4-01-00-2021-201696,,,none,분야축,Y
4-01-00-2021-201697-1,화성,4-01-00-2021-201697,,,none,분야축,Y
4-01-00-2021-201698-1,화성,4-01-00-2021-201698,,,none,분야축,Y
4-01-00-2021-201699-1,화성,4-01-00-2021-201699,,,none,,Y
4-01-00-2021-201708-1,화성,4-01-00-2021-201708,,,none,,Y
4-01-00-2021-201709-1,화성,4-01-00-2021-201709,,,none,분야축,Y
4-01-00-2021-201731-1,화성,4-01-00-2021-201731,,,none,,Y
4-01-00-2021-201732-1,화성,4-01-00-2021-201732,,,none,분야축,Y
4-01-00-2021-201736-1,화성,4-01-00-2021-201736,,,none,,Y
4-01-00-2021-201737-1,화성,4-01-00-2021-201737,,,none,,Y
4-01-00-2021-201738-1,화성,4-01-00-2021-201738,,,none,,Y
4-01-00-2021-201739-1,화성,4-01-00-2021-201739,,,none,분야축,Y
4-01-00-2021-201746-1,화성,4-01-00-2021-201746,,,none,분야축,Y
4-01-00-2021-201747-1,화성,4-01-00-2021-201747,,,none,분야축,Y
4-01-00-2021-201748-1,화성,4-01-00-2021-201748,,,none,분야축,Y
4-01-00-2021-201749-1,화성,4-01-00-2021-201749,,,none,분야축,Y
4-01-00-2021-201754-1,화성,4-01-00-2021-201754,,,none,,Y
4-01-00-2021-201756-1,화성,4-01-00-2021-201756,,,none,,Y
4-01-00-2021-201757-1,화성,4-01-00-2021-201757,,,none,분야축,Y
4-01-00-2021-201758-1,화성,4-01-00-2021-201758,,,none,,Y
4-01-00-2021-201759-1,화성,4-01-00-2021-201759,,,none,,Y
4-03-00-2021-201722-1,화성,4-03-00-2021-201722,,,none,분야축,Y
4-03-00-2021-201723-1,화성,4-03-00-2021-201723,,,none,분야축,Y
4-03-00-2021-201724-1,화성,4-03-00-2021-201724,,,none,분야축,Y
4-03-00-2021-201725-1,화성,4-03-00-2021-201725,,,none,분야축,Y
4-03-00-2021-201726-1,화성,4-03-00-2021-201726,,,none,분야축,Y
4-05-00-2021-201681-1,화성,4-05-00-2021-201681,,,none,,Y
4-05-00-2021-201682-1,화성,4-05-00-2021-201682,,,none,,Y
4-05-00-2021-201706-1,화성,4-05-00-2021-201706,,,none,,Y
4-05-00-2021-201711-1,화성,4-05-00-2021-201711,,,none,recall,Y
4-05-00-2021-201712-1,화성,4-05-00-2021-201712,,,none,,Y
4-05-00-2021-201713-1,화성,4-05-00-2021-201713,,,none,,Y
4-05-00-2021-201714-1,화성,4-05-00-2021-201714,,,none,,Y
4-05-00-2021-201715-1,화성,4-05-00-2021-201715,,,none,recall,Y
4-05-00-2021-201716-1,화성,4-05-00-2021-201716,,,none,recall,Y
4-05-00-2021-201721-1,화성,4-05-00-2021-201721,,,none,,Y
4-05-00-2021-201740-1,화성,4-05-00-2021-201740,,,none,recall,Y
4-05-00-2021-201741-1,화성,4-05-00-2021-201741,,,none,,Y
4-05-00-2021-201742-1,화성,4-05-00-2021-201742,,,none,,Y
4-05-00-2021-201750-1,화성,4-05-00-2021-201750,,,none,,Y
4-05-00-2021-201751-1,화성,4-05-00-2021-201751,,,none,recall,Y
4-06-00-2021-201689-1,화성,4-06-00-2021-201689,,,none,,Y
4-06-00-2021-201690-1,화성,4-06-00-2021-201690,,,none,,Y
4-06-00-2021-201704-1,화성,4-06-00-2021-201704,,,none,,Y
4-07-00-2021-201717-1,화성,4-07-00-2021-201717,,,none,,Y
4-07-00-2021-201718-1,화성,4-07-00-2021-201718,,,none,,Y
4-07-00-2021-201719-1,화성,4-07-00-2021-201719,,,none,,Y
4-07-00-2021-201720-1,화성,4-07-00-2021-201720,,,none,,Y
4-07-00-2021-201727-1,화성,4-07-00-2021-201727,,,none,,Y
4-07-00-2021-201728-1,화성,4-07-00-2021-201728,,,none,,Y
4-08-00-2021-201674-1,화성,4-08-00-2021-201674,,,none,,Y
4-08-00-2021-201675-1,화성,4-08-00-2021-201675,,,none,,Y
4-08-00-2021-201676-1,화성,4-08-00-2021-201676,,,none,분야축,Y
4-08-00-2021-201694-1,화성,4-08-00-2021-201694,,,none,,Y
4-08-00-2021-201695-1,화성,4-08-00-2021-201695,,,none,,Y
4-08-00-2021-201701-1,화성,4-08-00-2021-201701,,,none,recall,Y
4-08-00-2021-201710-1,화성,4-08-00-2021-201710,,,none,분야축,Y
4-08-00-2021-201729-1,화성,4-08-00-2021-201729,,,none,,Y
4-08-00-2021-201730-1,화성,4-08-00-2021-201730,,,none,,Y
4-08-00-2021-201743-1,화성,4-08-00-2021-201743,,,none,,Y
4-08-00-2021-201744-1,화성,4-08-00-2021-201744,,,none,,Y
4-08-00-2021-201745-1,화성,4-08-00-2021-201745,,,none,,Y
4-08-00-2021-201752-1,화성,4-08-00-2021-201752,,,none,,Y
4-09-00-2021-201683-1,화성,4-09-00-2021-201683,,,none,분야축,Y
4-09-00-2021-201684-1,화성,4-09-00-2021-201684,,,none,분야축,Y
4-09-00-2021-201685-1,화성,4-09-00-2021-201685,,,none,분야축,Y
4-09-00-2021-201686-1,화성,4-09-00-2021-201686,,,none,분야축,Y
4-09-00-2021-201687-1,화성,4-09-00-2021-201687,,,none,,Y
4-09-00-2021-201700-1,화성,4-09-00-2021-201700,,,none,분야축,Y
4-09-00-2021-201702-1,화성,4-09-00-2021-201702,,,none,,Y
4-09-00-2021-201703-1,화성,4-09-00-2021-201703,,,none,,Y
4-09-00-2021-201705-1,화성,4-09-00-2021-201705,,,none,,Y
4-09-00-2021-201707-1,화성,4-09-00-2021-201707,,,none,,Y
4-09-00-2021-201733-1,화성,4-09-00-2021-201733,,,none,분야축,Y
4-09-00-2021-201734-1,화성,4-09-00-2021-201734,,,none,분야축,Y
4-09-00-2021-201735-1,화성,4-09-00-2021-201735,,,none,분야축,Y
4-09-00-2021-201753-1,화성,4-09-00-2021-201753,,,none,분야축,Y
4-09-00-2021-201755-1,화성,4-09-00-2021-201755,,,none,분야축,Y
4-08-00-2019-200793-1,화성,4-08-00-2019-200793,,,none,,Y
4-08-00-2019-200794-1,화성,4-08-00-2019-200794,,,none,,Y
4-08-00-2019-200795-1,화성,4-08-00-2019-200795,,,none,,Y
4-08-00-2020-200798-1,화성,4-08-00-2020-200798,,,none,,Y
4-10-00-2020-200818-1,화성,4-10-00-2020-200818,,,none,,Y
4-05-00-2020-200819-1,화성,4-05-00-2020-200819,,,none,,Y
4-08-00-2020-200820-1,화성,4-08-00-2020-200820,,,none,,Y
4-02-00-2020-200821-1,화성,4-02-00-2020-200821,,,none,분야축,Y
4-02-00-2020-200822-1,화성,4-02-00-2020-200822,,,none,분야축,Y
4-02-00-2020-200823-1,화성,4-02-00-2020-200823,,,none,분야축,Y
4-05-00-2020-200824-1,화성,4-05-00-2020-200824,,,none,분야축,Y
4-05-00-2020-200825-1,화성,4-05-00-2020-200825,,,none,분야축,Y
4-05-00-2020-200826-1,화성,4-05-00-2020-200826,,,none,분야축,Y
4-02-00-2020-200827-1,화성,4-02-00-2020-200827,,,none,분야축,Y
4-01-00-2020-200828-1,화성,4-01-00-2020-200828,,,none,,Y
4-08-00-2020-200829-1,화성,4-08-00-2020-200829,,,none,,Y
4-08-00-2020-200830-1,화성,4-08-00-2020-200830,,,none,분야축,Y
4-05-00-2020-200831-1,화성,4-05-00-2020-200831,,,none,,Y
4-05-00-2020-200832-1,화성,4-05-00-2020-200832,,,none,,Y
4-08-00-2020-200833-1,화성,4-08-00-2020-200833,,,none,분야축,Y
4-05-00-2020-200834-1,화성,4-05-00-2020-200834,,,none,분야축,Y
4-01-00-2020-201291-1,화성,4-01-00-2020-201291,,,none,,Y
4-01-00-2020-201292-1,화성,4-01-00-2020-201292,,,none,분야축,Y
4-01-00-2020-201293-1,화성,4-01-00-2020-201293,,,none,,Y
4-08-00-2019-200779-1,화성,4-08-00-2019-200779,,,none,,Y
4-02-00-2019-200780-1,화성,4-02-00-2019-200780,,,none,분야축,Y
4-02-00-2019-200781-1,화성,4-02-00-2019-200781,,,none,분야축,Y
4-02-00-2019-200782-1,화성,4-02-00-2019-200782,,,none,분야축,Y
4-02-00-2019-200783-1,화성,4-02-00-2019-200783,,,none,,Y
4-05-00-2019-200792-1,화성,4-05-00-2019-200792,,,none,,Y
4-02-00-2020-200801-1,화성,4-02-00-2020-200801,,,none,분야축,Y
4-02-00-2020-200802-1,화성,4-02-00-2020-200802,,,none,분야축,Y
4-02-00-2020-200803-1,화성,4-02-00-2020-200803,,,none,분야축,Y
4-09-00-2020-200811-1,화성,4-09-00-2020-200811,,,none,분야축,Y
4-08-00-2019-201114-1,화성,4-08-00-2019-201114,,,none,분야축,Y
4-02-00-2019-201116-1,화성,4-02-00-2019-201116,,,none,분야축,Y
4-07-00-2019-201117-1,화성,4-07-00-2019-201117,,,none,분야축,Y
4-02-00-2019-201118-1,화성,4-02-00-2019-201118,,,none,분야축,Y
4-02-00-2019-201119-1,화성,4-02-00-2019-201119,,,none,분야축,Y
4-02-00-2019-201120-1,화성,4-02-00-2019-201120,,,none,분야축,Y
4-02-00-2019-201121-1,화성,4-02-00-2019-201121,,,none,분야축,Y
4-02-00-2019-201125-1,화성,4-02-00-2019-201125,,,none,,Y
4-02-00-2019-201126-1,화성,4-02-00-2019-201126,,,none,,Y
4-02-00-2020-201259-1,화성,4-02-00-2020-201259,,,none,분야축,Y
4-02-00-2020-201260-1,화성,4-02-00-2020-201260,,,none,분야축,Y
4-02-00-2020-201261-1,화성,4-02-00-2020-201261,,,none,분야축,Y
4-02-00-2020-201262-1,화성,4-02-00-2020-201262,,,none,분야축,Y
4-02-00-2020-201263-1,화성,4-02-00-2020-201263,,,none,,Y
4-02-00-2020-201264-1,화성,4-02-00-2020-201264,,,none,분야축,Y
4-02-00-2020-201272-1,화성,4-02-00-2020-201272,,,none,,Y
4-02-00-2020-201273-1,화성,4-02-00-2020-201273,,,none,,Y
4-02-00-2020-201274-1,화성,4-02-00-2020-201274,,,none,,Y
4-08-00-2020-201277-1,화성,4-08-00-2020-201277,,,none,분야축,Y
4-02-00-2020-201281-1,화성,4-02-00-2020-201281,,,none,분야축,Y
4-02-00-2020-201282-1,화성,4-02-00-2020-201282,,,none,분야축,Y
4-02-00-2020-201283-1,화성,4-02-00-2020-201283,,,none,,Y
4-05-00-2020-201290-1,화성,4-05-00-2020-201290,,,none,,Y
4-03-00-2020-201288-1,화성,4-03-00-2020-201288,,,none,분야축,Y
4-02-00-2019-200784-1,화성,4-02-00-2019-200784,,,none,분야축,Y
4-10-00-2019-200785-1,화성,4-10-00-2019-200785,,,none,,Y
4-02-00-2019-200786-1,화성,4-02-00-2019-200786,,,none,,Y
4-05-00-2019-200787-1,화성,4-05-00-2019-200787,,,none,,Y
4-02-00-2019-200791-1,화성,4-02-00-2019-200791,,,none,,Y
4-02-00-2020-200804-1,화성,4-02-00-2020-200804,,,none,분야축,Y
4-02-00-2020-200812-1,화성,4-02-00-2020-200812,,,none,recall,Y
4-02-00-2020-200813-1,화성,4-02-00-2020-200813,,,none,,Y
4-02-00-2020-200814-1,화성,4-02-00-2020-200814,,,none,,Y
4-10-00-2020-200815-1,화성,4-10-00-2020-200815,,,none,,Y
4-02-00-2020-200816-1,화성,4-02-00-2020-200816,,,none,분야축,Y
4-02-00-2020-200817-1,화성,4-02-00-2020-200817,,,none,분야축,Y
4-05-00-2019-201130-1,화성,4-05-00-2019-201130,,,none,,Y
4-05-00-2019-201131-1,화성,4-05-00-2019-201131,,,none,recall,Y
4-05-00-2019-201132-1,화성,4-05-00-2019-201132,,,none,recall,Y
4-05-00-2019-201133-1,화성,4-05-00-2019-201133,,,none,recall,Y
4-05-00-2019-201135-1,화성,4-05-00-2019-201135,,,none,recall,Y
4-05-00-2019-201136-1,화성,4-05-00-2019-201136,,,none,,Y
4-05-00-2019-201137-1,화성,4-05-00-2019-201137,,,none,recall,Y
4-05-00-2019-201138-1,화성,4-05-00-2019-201138,,,none,recall,Y
4-05-00-2020-201265-1,화성,4-05-00-2020-201265,,,none,recall,Y
4-05-00-2020-201266-1,화성,4-05-00-2020-201266,,,none,,Y
4-05-00-2020-201284-1,화성,4-05-00-2020-201284,,,none,recall,Y
4-05-00-2020-201285-1,화성,4-05-00-2020-201285,,,none,recall,Y
4-08-00-2020-200797-1,화성,4-08-00-2020-200797,,,none,,Y
4-09-00-2020-200808-1,화성,4-09-00-2020-200808,,,none,분야축,Y
4-02-00-2020-200809-1,화성,4-02-00-2020-200809,,,none,분야축,Y
4-03-00-2020-200810-1,화성,4-03-00-2020-200810,,,none,분야축,Y
4-06-00-2020-201289-1,화성,4-06-00-2020-201289,,,none,,Y
4-07-00-2019-201122-1,화성,4-07-00-2019-201122,,,none,,Y
4-07-00-2019-201123-1,화성,4-07-00-2019-201123,,,none,,Y
4-07-00-2019-201124-1,화성,4-07-00-2019-201124,,,none,분야축,Y
4-02-00-2019-201127-1,화성,4-02-00-2019-201127,,,none,분야축,Y
4-02-00-2019-201128-1,화성,4-02-00-2019-201128,,,none,분야축,Y
4-05-00-2020-201267-1,화성,4-05-00-2020-201267,,,none,,Y
4-05-00-2020-201268-1,화성,4-05-00-2020-201268,,,none,,Y
4-05-00-2020-201269-1,화성,4-05-00-2020-201269,,,none,,Y
4-05-00-2020-201270-1,화성,4-05-00-2020-201270,,,none,,Y
4-05-00-2020-201271-1,화성,4-05-00-2020-201271,,,none,,Y
4-07-00-2020-201275-1,화성,4-07-00-2020-201275,,,none,,Y
4-07-00-2020-201276-1,화성,4-07-00-2020-201276,,,none,,Y
4-08-00-2019-200777-1,화성,4-08-00-2019-200777,,,none,,Y
4-08-00-2019-200778-1,화성,4-08-00-2019-200778,,,none,,Y
4-08-00-2020-200796-1,화성,4-08-00-2020-200796,,,none,분야축,Y
4-02-00-2020-200799-1,화성,4-02-00-2020-200799,,,none,분야축,Y
4-02-00-2020-200800-1,화성,4-02-00-2020-200800,,,none,분야축,Y
4-08-00-2019-201113-1,화성,4-08-00-2019-201113,,,none,,Y
4-08-00-2019-201115-1,화성,4-08-00-2019-201115,,,none,,Y
4-02-00-2019-201129-1,화성,4-02-00-2019-201129,,,none,분야축,Y
4-07-00-2019-201134-1,화성,4-07-00-2019-201134,,,none,,Y
4-08-00-2020-201256-1,화성,4-08-00-2020-201256,,,none,,Y
4-08-00-2020-201257-1,화성,4-08-00-2020-201257,,,none,분야축,Y
4-08-00-2020-201278-1,화성,4-08-00-2020-201278,,,none,,Y
4-08-00-2020-201279-1,화성,4-08-00-2020-201279,,,none,,Y
4-08-00-2020-201280-1,화성,4-08-00-2020-201280,,,none,분야축,Y
4-08-00-2020-201286-1,화성,4-08-00-2020-201286,,,none,,Y
4-05-00-2019-200788-1,화성,4-05-00-2019-200788,,,none,,Y
4-05-00-2019-200789-1,화성,4-05-00-2019-200789,,,none,recall,Y
4-02-00-2019-200790-1,화성,4-02-00-2019-200790,,,none,,Y
4-05-00-2020-200805-1,화성,4-05-00-2020-200805,,,none,,Y
4-05-00-2020-200806-1,화성,4-05-00-2020-200806,,,none,recall,Y
4-05-00-2020-200807-1,화성,4-05-00-2020-200807,,,none,,Y
4-01-00-2020-201287-1,화성,4-01-00-2020-201287,,,none,,Y
4-08-00-2020-201258-1,화성,4-08-00-2020-201258,,,none,,Y
4-01-00-2020_200687-1,화성,4-01-00-2020_200687,,,none,,Y
4-01-00-2020_200688-1,화성,4-01-00-2020_200688,,,none,분야축,Y
4-01-00-2020_200689-1,화성,4-01-00-2020_200689,,,none,분야축,Y
4-01-00-2020_200692-1,화성,4-01-00-2020_200692,,,none,분야축,Y
4-01-00-2020_200711-1,화성,4-01-00-2020_200711,,,none,,Y
4-01-00-2020_200712-1,화성,4-01-00-2020_200712,,,none,분야축,Y
4-01-00-2020_200713-1,화성,4-01-00-2020_200713,,,none,,Y
4-01-00-2020_200714-1,화성,4-01-00-2020_200714,,,none,분야축,Y
4-02-00-2020_200673-1,화성,4-02-00-2020_200673,,,none,분야축,Y
4-02-00-2020_200674-1,화성,4-02-00-2020_200674,,,none,분야축,Y
4-02-00-2020_200675-1,화성,4-02-00-2020_200675,,,none,분야축,Y
4-02-00-2020_200676-1,화성,4-02-00-2020_200676,,,none,분야축,Y
4-02-00-2020_200677-1,화성,4-02-00-2020_200677,,,none,분야축,Y
4-02-00-2020_200686-1,화성,4-02-00-2020_200686,,,none,,Y
4-02-00-2020_200695-1,화성,4-02-00-2020_200695,,,none,분야축,Y
4-02-00-2020_200696-1,화성,4-02-00-2020_200696,,,none,,Y
4-02-00-2020_200697-1,화성,4-02-00-2020_200697,,,none,분야축,Y
4-02-00-2020_200705-1,화성,4-02-00-2020_200705,,,none,,Y
4-05-00-2020_200678-1,화성,4-05-00-2020_200678,,,none,recall,Y
4-05-00-2020_200679-1,화성,4-05-00-2020_200679,,,none,,Y
4-05-00-2020_200680-1,화성,4-05-00-2020_200680,,,none,recall,Y
4-05-00-2020_200681-1,화성,4-05-00-2020_200681,,,none,,Y
4-05-00-2020_200685-1,화성,4-05-00-2020_200685,,,none,분야축,Y
4-05-00-2020_200698-1,화성,4-05-00-2020_200698,,,none,분야축,Y
4-05-00-2020_200706-1,화성,4-05-00-2020_200706,,,none,,Y
4-05-00-2020_200707-1,화성,4-05-00-2020_200707,,,none,,Y
4-05-00-2020_200708-1,화성,4-05-00-2020_200708,,,none,,Y
4-05-00-2020_200709-1,화성,4-05-00-2020_200709,,,none,recall,Y
4-05-00-2020_200710-1,화성,4-05-00-2020_200710,,,none,recall,Y
4-06-00-2020_200691-1,화성,4-06-00-2020_200691,,,none,recall,Y
4-06-00-2020_200702-1,화성,4-06-00-2020_200702,,,none,recall,Y
4-06-00-2020_200703-1,화성,4-06-00-2020_200703,,,none,,Y
4-06-00-2020_200704-1,화성,4-06-00-2020_200704,,,none,,Y
4-08-00-2020_200671-1,화성,4-08-00-2020_200671,,,none,,Y
4-08-00-2020_200672-1,화성,4-08-00-2020_200672,,,none,,Y
4-08-00-2020_200690-1,화성,4-08-00-2020_200690,,,none,,Y
4-08-00-2020_200693-1,화성,4-08-00-2020_200693,,,none,,Y
4-08-00-2020_200694-1,화성,4-08-00-2020_200694,,,none,,Y
4-09-00-2020_200682-1,화성,4-09-00-2020_200682,,,none,,Y
4-09-00-2020_200683-1,화성,4-09-00-2020_200683,,,none,분야축,Y
4-09-00-2020_200684-1,화성,4-09-00-2020_200684,,,none,,Y
4-09-00-2020_200699-1,화성,4-09-00-2020_200699,,,none,분야축,Y
4-09-00-2020_200700-1,화성,4-09-00-2020_200700,,,none,,Y
4-09-00-2020_200701-1,화성,4-09-00-2020_200701,,,none,,Y
4-01-00-2019_1925-1,화성,4-01-00-2019_1925,,,none,분야축,Y
4-01-00-2019_1927-1,화성,4-01-00-2019_1927,,,none,분야축,Y
4-01-00-2019_1929-1,화성,4-01-00-2019_1929,,,none,분야축,Y
4-01-00-2019_1946-1,화성,4-01-00-2019_1946,,,none,분야축,Y
4-01-00-2019_1947-1,화성,4-01-00-2019_1947,,,none,,Y
4-01-00-2019_1948-1,화성,4-01-00-2019_1948,,,none,분야축,Y
4-01-00-2019_1949-1,화성,4-01-00-2019_1949,,,none,,Y
4-01-00-2019_1957-1,화성,4-01-00-2019_1957,,,none,분야축,Y
4-01-00-2019_1958-1,화성,4-01-00-2019_1958,,,none,분야축,Y
4-01-00-2019_1959-1,화성,4-01-00-2019_1959,,,none,,Y
4-01-00-2019_1969-1,화성,4-01-00-2019_1969,,,none,,Y
4-01-00-2019_1970-1,화성,4-01-00-2019_1970,,,none,분야축,Y
4-01-00-2019_1976-1,화성,4-01-00-2019_1976,,,none,,Y
4-01-00-2019_1977-1,화성,4-01-00-2019_1977,,,none,분야축,Y
4-01-00-2019_1978-1,화성,4-01-00-2019_1978,,,none,,Y
4-01-00-2019_1979-1,화성,4-01-00-2019_1979,,,none,분야축,Y
4-02-00-2019_1921-1,화성,4-02-00-2019_1921,,,none,분야축,Y
4-02-00-2019_1922-1,화성,4-02-00-2019_1922,,,none,분야축,Y
4-02-00-2019_1931-1,화성,4-02-00-2019_1931,,,none,분야축,Y
4-02-00-2019_1932-1,화성,4-02-00-2019_1932,,,none,,Y
4-02-00-2019_1934-1,화성,4-02-00-2019_1934,,,none,분야축,Y
4-02-00-2019_1936-1,화성,4-02-00-2019_1936,,,none,분야축,Y
4-02-00-2019_1938-1,화성,4-02-00-2019_1938,,,none,,Y
4-02-00-2019_1942-1,화성,4-02-00-2019_1942,,,none,분야축,Y
4-02-00-2019_1943-1,화성,4-02-00-2019_1943,,,none,분야축,Y
4-02-00-2019_1944-1,화성,4-02-00-2019_1944,,,none,분야축,Y
4-02-00-2019_1950-1,화성,4-02-00-2019_1950,,,none,분야축,Y
4-02-00-2019_1951-1,화성,4-02-00-2019_1951,,,none,분야축,Y
4-02-00-2019_1954-1,화성,4-02-00-2019_1954,,,none,,Y
4-02-00-2019_1962-1,화성,4-02-00-2019_1962,,,none,분야축,Y
4-02-00-2019_1963-1,화성,4-02-00-2019_1963,,,none,분야축,Y
4-02-00-2019_1972-1,화성,4-02-00-2019_1972,,,none,분야축,Y
4-02-00-2019_1973-1,화성,4-02-00-2019_1973,,,none,분야축,Y
4-03-00-2019_1930-1,화성,4-03-00-2019_1930,,,none,분야축,Y
4-03-00-2019_1935-1,화성,4-03-00-2019_1935,,,none,분야축,Y
4-03-00-2019_1939-1,화성,4-03-00-2019_1939,,,none,분야축,Y
4-04-00-2019_1933-1,화성,4-04-00-2019_1933,,,none,,Y
4-04-00-2019_1937-1,화성,4-04-00-2019_1937,,,none,분야축,Y
4-04-00-2019_1940-1,화성,4-04-00-2019_1940,,,none,,Y
4-04-00-2019_1941-1,화성,4-04-00-2019_1941,,,none,,Y
4-05-00-2019_1928-1,화성,4-05-00-2019_1928,,,none,분야축,Y
4-06-00-2019_1923-1,화성,4-06-00-2019_1923,,,none,,Y
4-06-00-2019_1924-1,화성,4-06-00-2019_1924,,,none,,Y
4-06-00-2019_1926-1,화성,4-06-00-2019_1926,,,none,,Y
4-06-00-2019_1945-1,화성,4-06-00-2019_1945,,,none,,Y
4-06-00-2019_1952-1,화성,4-06-00-2019_1952,,,none,,Y
4-06-00-2019_1953-1,화성,4-06-00-2019_1953,,,none,,Y
4-06-00-2019_1955-1,화성,4-06-00-2019_1955,,,none,분야축,Y
4-06-00-2019_1956-1,화성,4-06-00-2019_1956,,,none,,Y
4-06-00-2019_1964-1,화성,4-06-00-2019_1964,,,none,분야축,Y
4-06-00-2019_1965-1,화성,4-06-00-2019_1965,,,none,분야축,Y
4-06-00-2019_1966-1,화성,4-06-00-2019_1966,,,none,,Y
4-06-00-2019_1967-1,화성,4-06-00-2019_1967,,,none,,Y
4-06-00-2019_1968-1,화성,4-06-00-2019_1968,,,none,,Y
4-07-00-2019_1960-1,화성,4-07-00-2019_1960,,,none,,Y
4-08-00-2019_1920-1,화성,4-08-00-2019_1920,,,none,,Y
4-08-00-2019_1961-1,화성,4-08-00-2019_1961,,,none,,Y
4-08-00-2019_1971-1,화성,4-08-00-2019_1971,,,none,,Y
3-01-00-2019_1665-1,화성,3-01-00-2019_1665,,,none,분야축,Y
3-01-00-2019_1666-1,화성,3-01-00-2019_1666,,,none,,Y
3-01-00-2019_1685-1,화성,3-01-00-2019_1685,,,none,분야축,Y
3-01-00-2019_1686-1,화성,3-01-00-2019_1686,,,none,분야축,Y
3-01-00-2019_1704-1,화성,3-01-00-2019_1704,,,none,,Y
3-01-00-2019_1705-1,화성,3-01-00-2019_1705,,,none,분야축,Y
3-01-00-2019_1706-1,화성,3-01-00-2019_1706,,,none,분야축,Y
3-01-00-2019_1707-1,화성,3-01-00-2019_1707,,,none,,Y
3-01-00-2019_1708-1,화성,3-01-00-2019_1708,,,none,,Y
3-01-00-2019_1713-1,화성,3-01-00-2019_1713,,,none,분야축,Y
3-01-00-2019_1715-1,화성,3-01-00-2019_1715,,,none,분야축,Y
3-01-00-2019_1717-1,화성,3-01-00-2019_1717,,,none,분야축,Y
3-01-00-2019_1718-1,화성,3-01-00-2019_1718,,,none,분야축,Y
3-01-00-2019_1719-1,화성,3-01-00-2019_1719,,,none,분야축,Y
3-01-00-2019_1725-1,화성,3-01-00-2019_1725,,,none,,Y
3-01-00-2019_1726-1,화성,3-01-00-2019_1726,,,none,분야축,Y
3-01-00-2019_1727-1,화성,3-01-00-2019_1727,,,none,분야축,Y
3-01-00-2019_1728-1,화성,3-01-00-2019_1728,,,none,분야축,Y
3-02-00-2019_1630-1,화성,3-02-00-2019_1630,,,none,분야축,Y
3-02-00-2019_1631-1,화성,3-02-00-2019_1631,,,none,분야축,Y
3-02-00-2019_1632-1,화성,3-02-00-2019_1632,,,none,,Y
3-02-00-2019_1637-1,화성,3-02-00-2019_1637,,,none,분야축,Y
3-02-00-2019_1644-1,화성,3-02-00-2019_1644,,,none,분야축,Y
3-02-00-2019_1648-1,화성,3-02-00-2019_1648,,,none,분야축,Y
3-02-00-2019_1649-1,화성,3-02-00-2019_1649,,,none,분야축,Y
3-02-00-2019_1660-1,화성,3-02-00-2019_1660,,,none,,Y
3-02-00-2019_1661-1,화성,3-02-00-2019_1661,,,none,분야축,Y
3-02-00-2019_1662-1,화성,3-02-00-2019_1662,,,none,분야축,Y
3-02-00-2019_1671-1,화성,3-02-00-2019_1671,,,none,,Y
3-02-00-2019_1672-1,화성,3-02-00-2019_1672,,,none,분야축,Y
3-02-00-2019_1673-1,화성,3-02-00-2019_1673,,,none,,Y
3-02-00-2019_1674-1,화성,3-02-00-2019_1674,,,none,분야축,Y
3-02-00-2019_1678-1,화성,3-02-00-2019_1678,,,none,,Y
3-02-00-2019_1689-1,화성,3-02-00-2019_1689,,,none,분야축,Y
3-02-00-2019_1690-1,화성,3-02-00-2019_1690,,,none,분야축,Y
3-02-00-2019_1691-1,화성,3-02-00-2019_1691,,,none,분야축,Y
3-02-00-2019_1692-1,화성,3-02-00-2019_1692,,,none,분야축,Y
3-02-00-2019_1693-1,화성,3-02-00-2019_1693,,,none,분야축,Y
3-02-00-2019_1709-1,화성,3-02-00-2019_1709,,,none,분야축,Y
3-02-00-2019_1710-1,화성,3-02-00-2019_1710,,,none,분야축,Y
3-02-00-2019_1720-1,화성,3-02-00-2019_1720,,,none,분야축,Y
3-04-00-2019_1643-1,화성,3-04-00-2019_1643,,,none,,Y
3-04-00-2019_1645-1,화성,3-04-00-2019_1645,,,none,분야축,Y
3-04-00-2019_1647-1,화성,3-04-00-2019_1647,,,none,분야축,Y
3-04-00-2019_1650-1,화성,3-04-00-2019_1650,,,none,,Y
3-04-00-2019_1651-1,화성,3-04-00-2019_1651,,,none,,Y
3-04-00-2019_1652-1,화성,3-04-00-2019_1652,,,none,,Y
3-04-00-2019_1653-1,화성,3-04-00-2019_1653,,,none,,Y
3-04-00-2019_1654-1,화성,3-04-00-2019_1654,,,none,분야축,Y
3-04-00-2019_1655-1,화성,3-04-00-2019_1655,,,none,,Y
3-04-00-2019_1656-1,화성,3-04-00-2019_1656,,,none,분야축,Y
3-04-00-2019_1659-1,화성,3-04-00-2019_1659,,,none,,Y
3-05-00-2019_1612-1,화성,3-05-00-2019_1612,,,none,recall,Y
3-05-00-2019_1613-1,화성,3-05-00-2019_1613,,,none,분야축,Y
3-05-00-2019_1614-1,화성,3-05-00-2019_1614,,,none,,Y
3-05-00-2019_1615-1,화성,3-05-00-2019_1615,,,none,,Y
3-05-00-2019_1616-1,화성,3-05-00-2019_1616,,,none,,Y
3-05-00-2019_1617-1,화성,3-05-00-2019_1617,,,none,recall,Y
3-05-00-2019_1618-1,화성,3-05-00-2019_1618,,,none,,Y
3-05-00-2019_1619-1,화성,3-05-00-2019_1619,,,none,,Y
3-05-00-2019_1620-1,화성,3-05-00-2019_1620,,,none,,Y
3-05-00-2019_1621-1,화성,3-05-00-2019_1621,,,none,,Y
3-05-00-2019_1622-1,화성,3-05-00-2019_1622,,,none,recall,Y
3-05-00-2019_1624-1,화성,3-05-00-2019_1624,,,none,,Y
3-05-00-2019_1625-1,화성,3-05-00-2019_1625,,,none,recall,Y
3-05-00-2019_1626-1,화성,3-05-00-2019_1626,,,none,,Y
3-05-00-2019_1627-1,화성,3-05-00-2019_1627,,,none,,Y
3-05-00-2019_1628-1,화성,3-05-00-2019_1628,,,none,recall,Y
3-05-00-2019_1629-1,화성,3-05-00-2019_1629,,,none,,Y
3-05-00-2019_1633-1,화성,3-05-00-2019_1633,,,none,,Y
3-05-00-2019_1634-1,화성,3-05-00-2019_1634,,,none,,Y
3-05-00-2019_1635-1,화성,3-05-00-2019_1635,,,none,분야축,Y
3-05-00-2019_1638-1,화성,3-05-00-2019_1638,,,none,,Y
3-05-00-2019_1640-1,화성,3-05-00-2019_1640,,,none,분야축,Y
3-05-00-2019_1641-1,화성,3-05-00-2019_1641,,,none,분야축,Y
3-05-00-2019_1642-1,화성,3-05-00-2019_1642,,,none,분야축,Y
3-05-00-2019_1658-1,화성,3-05-00-2019_1658,,,none,recall,Y
3-05-00-2019_1667-1,화성,3-05-00-2019_1667,,,none,분야축,Y
3-05-00-2019_1682-1,화성,3-05-00-2019_1682,,,none,,Y
3-05-00-2019_1683-1,화성,3-05-00-2019_1683,,,none,,Y
3-05-00-2019_1684-1,화성,3-05-00-2019_1684,,,none,recall,Y
3-05-00-2019_1687-1,화성,3-05-00-2019_1687,,,none,분야축,Y
3-05-00-2019_1702-1,화성,3-05-00-2019_1702,,,none,,Y
3-05-00-2019_1703-1,화성,3-05-00-2019_1703,,,none,recall,Y
3-05-00-2019_1716-1,화성,3-05-00-2019_1716,,,none,분야축,Y
3-06-00-2019_1663-1,화성,3-06-00-2019_1663,,,none,,Y
3-06-00-2019_1664-1,화성,3-06-00-2019_1664,,,none,,Y
3-06-00-2019_1675-1,화성,3-06-00-2019_1675,,,none,,Y
3-06-00-2019_1676-1,화성,3-06-00-2019_1676,,,none,,Y
3-06-00-2019_1677-1,화성,3-06-00-2019_1677,,,none,,Y
3-06-00-2019_1694-1,화성,3-06-00-2019_1694,,,none,,Y
3-06-00-2019_1695-1,화성,3-06-00-2019_1695,,,none,,Y
3-06-00-2019_1696-1,화성,3-06-00-2019_1696,,,none,,Y
3-06-00-2019_1711-1,화성,3-06-00-2019_1711,,,none,,Y
3-06-00-2019_1712-1,화성,3-06-00-2019_1712,,,none,,Y
3-06-00-2019_1714-1,화성,3-06-00-2019_1714,,,none,,Y
3-06-00-2019_1721-1,화성,3-06-00-2019_1721,,,none,,Y
3-06-00-2019_1722-1,화성,3-06-00-2019_1722,,,none,분야축,Y
3-06-00-2019_1723-1,화성,3-06-00-2019_1723,,,none,,Y
3-06-00-2019_1724-1,화성,3-06-00-2019_1724,,,none,,Y
3-07-00-2019_1623-1,화성,3-07-00-2019_1623,,,none,분야축,Y
3-07-00-2019_1636-1,화성,3-07-00-2019_1636,,,none,,Y
3-07-00-2019_1697-1,화성,3-07-00-2019_1697,,,none,분야축,Y
3-08-00-2019_1639-1,화성,3-08-00-2019_1639,,,none,분야축,Y
3-08-00-2019_1657-1,화성,3-08-00-2019_1657,,,none,분야축,Y
3-08-00-2019_1668-1,화성,3-08-00-2019_1668,,,none,분야축,Y
3-08-00-2019_1669-1,화성,3-08-00-2019_1669,,,none,,Y
3-08-00-2019_1670-1,화성,3-08-00-2019_1670,,,none,,Y
3-08-00-2019_1688-1,화성,3-08-00-2019_1688,,,none,분야축,Y
3-09-00-2019_1679-1,화성,3-09-00-2019_1679,,,none,분야축,Y
3-09-00-2019_1680-1,화성,3-09-00-2019_1680,,,none,분야축,Y
3-09-00-2019_1681-1,화성,3-09-00-2019_1681,,,none,,Y
3-09-00-2019_1698-1,화성,3-09-00-2019_1698,,,none,분야축,Y
3-09-00-2019_1699-1,화성,3-09-00-2019_1699,,,none,분야축,Y
3-09-00-2019_1700-1,화성,3-09-00-2019_1700,,,none,,Y
3-09-00-2019_1701-1,화성,3-09-00-2019_1701,,,none,,Y
3-12-00-2019_1646-1,화성,3-12-00-2019_1646,,,none,,Y
3-01-00-2018_0414-1,화성,3-01-00-2018_0414,,,none,분야축,Y
3-01-00-2018_0415-1,화성,3-01-00-2018_0415,,,none,,Y
3-01-00-2018_0416-1,화성,3-01-00-2018_0416,,,none,,Y
3-01-00-2018_0417-1,화성,3-01-00-2018_0417,,,none,분야축,Y
3-01-00-2018_0430-1,화성,3-01-00-2018_0430,,,none,,Y
3-01-00-2018_0431-1,화성,3-01-00-2018_0431,,,none,분야축,Y
3-01-00-2018_0432-1,화성,3-01-00-2018_0432,,,none,분야축,Y
3-01-00-2018_0441-1,화성,3-01-00-2018_0441,,,none,,Y
3-01-00-2018_0442-1,화성,3-01-00-2018_0442,,,none,분야축,Y
3-01-00-2018_0443-1,화성,3-01-00-2018_0443,,,none,분야축,Y
3-01-00-2018_0459-1,화성,3-01-00-2018_0459,S03781,srno,pdf,,
3-01-00-2018_0460-1,화성,3-01-00-2018_0460,S03782,srno,pdf,,
3-02-00-2018_0408-1,화성,3-02-00-2018_0408,,,none,,Y
3-02-00-2018_0409-1,화성,3-02-00-2018_0409,,,none,분야축,Y
3-02-00-2018_0410-1,화성,3-02-00-2018_0410,,,none,분야축,Y
3-02-00-2018_0422-1,화성,3-02-00-2018_0422,,,none,recall,Y
3-02-00-2018_0423-1,화성,3-02-00-2018_0423,,,none,recall,Y
3-02-00-2018_0424-1,화성,3-02-00-2018_0424,,,none,recall,Y
3-02-00-2018_0433-1,화성,3-02-00-2018_0433,,,none,,Y
3-02-00-2018_0435-1,화성,3-02-00-2018_0435,,,none,분야축,Y
3-02-00-2018_0451-1,화성,3-02-00-2018_0451,,,none,분야축,Y
3-05-00-2018_0398-1,화성,3-05-00-2018_0398,,,none,분야축,Y
3-05-00-2018_0403-1,화성,3-05-00-2018_0403,,,none,,Y
3-05-00-2018_0411-1,화성,3-05-00-2018_0411,,,none,recall,Y
3-05-00-2018_0412-1,화성,3-05-00-2018_0412,,,none,,Y
3-05-00-2018_0413-1,화성,3-05-00-2018_0413,,,none,recall,Y
3-05-00-2018_0421-1,화성,3-05-00-2018_0421,,,none,분야축,Y
3-05-00-2018_0425-1,화성,3-05-00-2018_0425,,,none,,Y
3-05-00-2018_0428-1,화성,3-05-00-2018_0428,,,none,,Y
3-05-00-2018_0434-1,화성,3-05-00-2018_0434,,,none,,Y
3-05-00-2018_0436-1,화성,3-05-00-2018_0436,,,none,,Y
3-05-00-2018_0437-1,화성,3-05-00-2018_0437,,,none,분야축,Y
3-05-00-2018_0440-1,화성,3-05-00-2018_0440,,,none,,Y
3-05-00-2018_0444-1,화성,3-05-00-2018_0444,,,none,recall,Y
3-05-00-2018_0445-1,화성,3-05-00-2018_0445,,,none,recall,Y
3-05-00-2018_0446-1,화성,3-05-00-2018_0446,,,none,,Y
3-05-00-2018_0450-1,화성,3-05-00-2018_0450,,,none,,Y
3-05-00-2018_0452-1,화성,3-05-00-2018_0452,,,none,,Y
3-05-00-2018_0453-1,화성,3-05-00-2018_0453,,,none,,Y
3-05-00-2018_0454-1,화성,3-05-00-2018_0454,,,none,recall,Y
3-05-00-2018_0455-1,화성,3-05-00-2018_0455,,,none,recall,Y
3-05-00-2018_0456-1,화성,3-05-00-2018_0456,,,none,recall,Y
3-05-00-2018_0457-1,화성,3-05-00-2018_0457,S03785,srno,pdf,분야축,
3-05-00-2018_0458-1,화성,3-05-00-2018_0458,S03786,srno,pdf,,
3-05-00-2018_0461-1,화성,3-05-00-2018_0461,S03787,srno,pdf,분야축,
3-05-00-2018_0463-1,화성,3-05-00-2018_0463,,,none,분야축,Y
3-05-00-2018_0464-1,화성,3-05-00-2018_0464,,,none,,Y
3-05-00-2018_0466-1,화성,3-05-00-2018_0466,,,none,분야축,Y
3-06-00-2018_0404-1,화성,3-06-00-2018_0404,,,none,,Y
3-06-00-2018_0405-1,화성,3-06-00-2018_0405,,,none,,Y
3-06-00-2018_0406-1,화성,3-06-00-2018_0406,,,none,,Y
3-06-00-2018_0407-1,화성,3-06-00-2018_0407,,,none,분야축,Y
3-06-00-2018_0418-1,화성,3-06-00-2018_0418,,,none,분야축,Y
3-06-00-2018_0419-1,화성,3-06-00-2018_0419,,,none,,Y
3-06-00-2018_0420-1,화성,3-06-00-2018_0420,,,none,recall,Y
3-06-00-2018_0447-1,화성,3-06-00-2018_0447,,,none,분야축,Y
3-06-00-2018_0448-1,화성,3-06-00-2018_0448,,,none,,Y
3-06-00-2018_0449-1,화성,3-06-00-2018_0449,,,none,,Y
3-08-00-2018_0465-1,화성,3-08-00-2018_0465,,,none,,Y
3-09-00-2018_0399-1,화성,3-09-00-2018_0399,,,none,분야축,Y
3-09-00-2018_0400-1,화성,3-09-00-2018_0400,,,none,,Y
3-09-00-2018_0401-1,화성,3-09-00-2018_0401,,,none,,Y
3-09-00-2018_0402-1,화성,3-09-00-2018_0402,,,none,,Y
3-09-00-2018_0426-1,화성,3-09-00-2018_0426,,,none,,Y
3-09-00-2018_0427-1,화성,3-09-00-2018_0427,,,none,,Y
3-09-00-2018_0429-1,화성,3-09-00-2018_0429,,,none,분야축,Y
3-09-00-2018_0438-1,화성,3-09-00-2018_0438,,,none,,Y
3-09-00-2018_0439-1,화성,3-09-00-2018_0439,,,none,,Y
3-11-00-2018_0462-1,화성,3-11-00-2018_0462,S03789,srno,pdf,분야축,
3-01-00-2018_0002-1,화성,3-01-00-2018_0002,,,none,,Y
3-01-00-2018_0003-1,화성,3-01-00-2018_0003,,,none,분야축,Y
3-01-00-2018_0004-1,화성,3-01-00-2018_0004,,,none,분야축,Y
3-01-00-2018_0005-1,화성,3-01-00-2018_0005,,,none,분야축,Y
3-01-00-2018_0006-1,화성,3-01-00-2018_0006,,,none,,Y
3-01-00-2018_0007-1,화성,3-01-00-2018_0007,,,none,,Y
3-01-00-2018_0010-1,화성,3-01-00-2018_0010,,,none,,Y
3-01-00-2018_0014-1,화성,3-01-00-2018_0014,,,none,분야축,Y
3-01-00-2018_0017-1,화성,3-01-00-2018_0017,,,none,분야축,Y
3-01-00-2018_0018-1,화성,3-01-00-2018_0018,,,none,분야축,Y
3-01-00-2018_0019-1,화성,3-01-00-2018_0019,,,none,분야축,Y
3-01-00-2018_0020-1,화성,3-01-00-2018_0020,,,none,,Y
3-01-00-2018_0022-1,화성,3-01-00-2018_0022,,,none,,Y
3-01-00-2018_0030-1,화성,3-01-00-2018_0030,,,none,,Y
3-01-00-2018_0050-1,화성,3-01-00-2018_0050,,,none,,Y
3-01-00-2018_0051-1,화성,3-01-00-2018_0051,,,none,분야축,Y
3-01-00-2018_0052-1,화성,3-01-00-2018_0052,,,none,분야축,Y
3-01-00-2018_0069-1,화성,3-01-00-2018_0069,,,none,,Y
3-01-00-2018_0081-1,화성,3-01-00-2018_0081,,,none,,Y
3-01-00-2018_0082-1,화성,3-01-00-2018_0082,,,none,분야축,Y
3-01-00-2018_0083-1,화성,3-01-00-2018_0083,,,none,분야축,Y
3-01-00-2018_0084-1,화성,3-01-00-2018_0084,,,none,,Y
3-01-00-2018_0085-1,화성,3-01-00-2018_0085,,,none,,Y
3-01-00-2018_0092-1,화성,3-01-00-2018_0092,,,none,,Y
3-01-00-2018_0093-1,화성,3-01-00-2018_0093,,,none,분야축,Y
3-01-00-2018_0094-1,화성,3-01-00-2018_0094,,,none,분야축,Y
3-01-00-2018_0132-1,화성,3-01-00-2018_0132,,,none,,Y
3-01-00-2018_0133-1,화성,3-01-00-2018_0133,,,none,,Y
3-01-00-2017_1297-1,화성,3-01-00-2017_1297,,,none,,Y
3-01-00-2017_1302-1,화성,3-01-00-2017_1302,,,none,,Y
3-02-00-2018_0013-1,화성,3-02-00-2018_0013,,,none,분야축,Y
3-02-00-2018_0025-1,화성,3-02-00-2018_0025,,,none,,Y
3-02-00-2018_0026-1,화성,3-02-00-2018_0026,,,none,분야축,Y
3-02-00-2018_0036-1,화성,3-02-00-2018_0036,,,none,분야축,Y
3-02-00-2018_0037-1,화성,3-02-00-2018_0037,,,none,분야축,Y
3-02-00-2018_0042-1,화성,3-02-00-2018_0042,,,none,recall,Y
3-02-00-2018_0043-1,화성,3-02-00-2018_0043,,,none,recall,Y
3-02-00-2018_0053-1,화성,3-02-00-2018_0053,,,none,,Y
3-02-00-2018_0055-1,화성,3-02-00-2018_0055,,,none,분야축,Y
3-02-00-2018_0071-1,화성,3-02-00-2018_0071,,,none,분야축,Y
3-02-00-2018_0073-1,화성,3-02-00-2018_0073,,,none,,Y
3-02-00-2018_0074-1,화성,3-02-00-2018_0074,,,none,,Y
3-02-00-2018_0075-1,화성,3-02-00-2018_0075,,,none,분야축,Y
3-02-00-2018_0102-1,화성,3-02-00-2018_0102,,,none,분야축,Y
3-02-00-2017_1271-1,화성,3-02-00-2017_1271,,,none,분야축,Y
3-02-00-2017_1272-1,화성,3-02-00-2017_1272,,,none,,Y
3-02-00-2017_1274-1,화성,3-02-00-2017_1274,,,none,분야축,Y
3-02-00-2017_1275-1,화성,3-02-00-2017_1275,,,none,분야축,Y
3-02-00-2017_1276-1,화성,3-02-00-2017_1276,,,none,분야축,Y
3-02-00-2017_1277-1,화성,3-02-00-2017_1277,,,none,분야축,Y
3-02-00-2017_1283-1,화성,3-02-00-2017_1283,,,none,분야축,Y
3-02-00-2017_1286-1,화성,3-02-00-2017_1286,,,none,recall,Y
3-02-00-2017_1289-1,화성,3-02-00-2017_1289,,,none,recall,Y
3-02-00-2017_1296-1,화성,3-02-00-2017_1296,,,none,분야축,Y
3-02-00-2017_1307-1,화성,3-02-00-2017_1307,,,none,,Y
3-02-00-2017_1310-1,화성,3-02-00-2017_1310,,,none,분야축,Y
3-05-00-2018_0001-1,화성,3-05-00-2018_0001,,,none,분야축,Y
3-05-00-2018_0012-1,화성,3-05-00-2018_0012,,,none,,Y
3-05-00-2018_0015-1,화성,3-05-00-2018_0015,,,none,분야축,Y
3-05-00-2018_0027-1,화성,3-05-00-2018_0027,,,none,,Y
3-05-00-2018_0028-1,화성,3-05-00-2018_0028,,,none,분야축,Y
3-05-00-2018_0029-1,화성,3-05-00-2018_0029,,,none,,Y
3-05-00-2018_0031-1,화성,3-05-00-2018_0031,,,none,분야축,Y
3-05-00-2018_0041-1,화성,3-05-00-2018_0041,,,none,분야축,Y
3-05-00-2018_0044-1,화성,3-05-00-2018_0044,,,none,recall,Y
3-05-00-2018_0045-1,화성,3-05-00-2018_0045,,,none,,Y
3-05-00-2018_0054-1,화성,3-05-00-2018_0054,,,none,,Y
3-05-00-2018_0056-1,화성,3-05-00-2018_0056,,,none,분야축,Y
3-05-00-2018_0058-1,화성,3-05-00-2018_0058,,,none,,Y
3-05-00-2018_0062-1,화성,3-05-00-2018_0062,,,none,분야축,Y
3-05-00-2018_0070-1,화성,3-05-00-2018_0070,,,none,,Y
3-05-00-2018_0072-1,화성,3-05-00-2018_0072,,,none,,Y
3-05-00-2018_0076-1,화성,3-05-00-2018_0076,,,none,,Y
3-05-00-2018_0077-1,화성,3-05-00-2018_0077,,,none,,Y
3-05-00-2018_0078-1,화성,3-05-00-2018_0078,,,none,recall,Y
3-05-00-2018_0079-1,화성,3-05-00-2018_0079,,,none,,Y
3-05-00-2018_0080-1,화성,3-05-00-2018_0080,,,none,recall,Y
3-05-00-2018_0087-1,화성,3-05-00-2018_0087,,,none,분야축,Y
3-05-00-2018_0088-1,화성,3-05-00-2018_0088,,,none,분야축,Y
3-05-00-2018_0095-1,화성,3-05-00-2018_0095,,,none,recall,Y
3-05-00-2018_0096-1,화성,3-05-00-2018_0096,,,none,recall,Y
3-05-00-2018_0097-1,화성,3-05-00-2018_0097,,,none,,Y
3-05-00-2018_0101-1,화성,3-05-00-2018_0101,,,none,,Y
3-05-00-2018_0103-1,화성,3-05-00-2018_0103,,,none,,Y
3-05-00-2018_0126-1,화성,3-05-00-2018_0126,,,none,분야축,Y
3-05-00-2018_0127-1,화성,3-05-00-2018_0127,,,none,분야축,Y
3-05-00-2018_0128-1,화성,3-05-00-2018_0128,,,none,분야축,Y
3-05-00-2018_0129-1,화성,3-05-00-2018_0129,,,none,,Y
3-05-00-2018_0130-1,화성,3-05-00-2018_0130,,,none,,Y
3-05-00-2018_0131-1,화성,3-05-00-2018_0131,,,none,,Y
3-05-00-2017_1266-1,화성,3-05-00-2017_1266,,,none,,Y
3-05-00-2017_1267-1,화성,3-05-00-2017_1267,,,none,,Y
3-05-00-2017_1268-1,화성,3-05-00-2017_1268,,,none,,Y
3-05-00-2017_1269-1,화성,3-05-00-2017_1269,,,none,,Y
3-05-00-2017_1273-1,화성,3-05-00-2017_1273,,,none,,Y
3-05-00-2017_1288-1,화성,3-05-00-2017_1288,,,none,,Y
3-05-00-2017_1290-1,화성,3-05-00-2017_1290,,,none,recall,Y
3-05-00-2017_1292-1,화성,3-05-00-2017_1292,,,none,,Y
3-05-00-2017_1308-1,화성,3-05-00-2017_1308,,,none,,Y
3-06-00-2018_0008-1,화성,3-06-00-2018_0008,,,none,분야축,Y
3-06-00-2018_0009-1,화성,3-06-00-2018_0009,,,none,분야축,Y
3-06-00-2018_0011-1,화성,3-06-00-2018_0011,,,none,,Y
3-06-00-2018_0021-1,화성,3-06-00-2018_0021,,,none,분야축,Y
3-06-00-2018_0023-1,화성,3-06-00-2018_0023,,,none,분야축,Y
3-06-00-2018_0024-1,화성,3-06-00-2018_0024,,,none,,Y
3-06-00-2018_0032-1,화성,3-06-00-2018_0032,,,none,분야축,Y
3-06-00-2018_0033-1,화성,3-06-00-2018_0033,,,none,,Y
3-06-00-2018_0034-1,화성,3-06-00-2018_0034,,,none,,Y
3-06-00-2018_0035-1,화성,3-06-00-2018_0035,,,none,,Y
3-06-00-2018_0038-1,화성,3-06-00-2018_0038,,,none,분야축,Y
3-06-00-2018_0039-1,화성,3-06-00-2018_0039,,,none,,Y
3-06-00-2018_0040-1,화성,3-06-00-2018_0040,,,none,분야축,Y
3-06-00-2018_0064-1,화성,3-06-00-2018_0064,,,none,,Y
3-06-00-2018_0065-1,화성,3-06-00-2018_0065,,,none,분야축,Y
3-06-00-2018_0066-1,화성,3-06-00-2018_0066,,,none,,Y
3-06-00-2018_0067-1,화성,3-06-00-2018_0067,,,none,,Y
3-06-00-2018_0068-1,화성,3-06-00-2018_0068,,,none,recall,Y
3-06-00-2018_0098-1,화성,3-06-00-2018_0098,,,none,분야축,Y
3-06-00-2018_0099-1,화성,3-06-00-2018_0099,,,none,,Y
3-06-00-2018_0100-1,화성,3-06-00-2018_0100,,,none,,Y
3-06-00-2018_0135-1,화성,3-06-00-2018_0135,,,none,,Y
3-07-00-2018_0048-1,화성,3-07-00-2018_0048,,,none,,Y
3-07-00-2018_0059-1,화성,3-07-00-2018_0059,,,none,,Y
3-07-00-2018_0091-1,화성,3-07-00-2018_0091,,,none,,Y
3-07-00-2018_0136-1,화성,3-07-00-2018_0136,,,none,,Y
3-07-00-2017_1284-1,화성,3-07-00-2017_1284,,,none,,Y
3-07-00-2017_1285-1,화성,3-07-00-2017_1285,,,none,,Y
3-07-00-2017_1293-1,화성,3-07-00-2017_1293,,,none,분야축,Y
3-07-00-2017_1294-1,화성,3-07-00-2017_1294,,,none,,Y
3-07-00-2017_1295-1,화성,3-07-00-2017_1295,,,none,분야축,Y
3-07-00-2017_1298-1,화성,3-07-00-2017_1298,,,none,,Y
3-07-00-2017_1299-1,화성,3-07-00-2017_1299,,,none,,Y
3-07-00-2017_1300-1,화성,3-07-00-2017_1300,,,none,분야축,Y
3-07-00-2017_1303-1,화성,3-07-00-2017_1303,,,none,,Y
3-07-00-2017_1304-1,화성,3-07-00-2017_1304,,,none,,Y
3-07-00-2017_1305-1,화성,3-07-00-2017_1305,,,none,,Y
3-07-00-2017_1309-1,화성,3-07-00-2017_1309,,,none,분야축,Y
3-08-00-2018_0016-1,화성,3-08-00-2018_0016,,,none,분야축,Y
3-08-00-2018_0086-1,화성,3-08-00-2018_0086,,,none,,Y
3-08-00-2018_0104-1,화성,3-08-00-2018_0104,,,none,,Y
3-08-00-2018_0105-1,화성,3-08-00-2018_0105,,,none,,Y
3-08-00-2018_0106-1,화성,3-08-00-2018_0106,,,none,,Y
3-08-00-2018_0107-1,화성,3-08-00-2018_0107,,,none,,Y
3-08-00-2018_0108-1,화성,3-08-00-2018_0108,,,none,,Y
3-08-00-2018_0109-1,화성,3-08-00-2018_0109,,,none,,Y
3-08-00-2018_0110-1,화성,3-08-00-2018_0110,,,none,,Y
3-08-00-2018_0111-1,화성,3-08-00-2018_0111,,,none,,Y
3-08-00-2018_0112-1,화성,3-08-00-2018_0112,,,none,,Y
3-08-00-2018_0113-1,화성,3-08-00-2018_0113,,,none,,Y
3-08-00-2018_0114-1,화성,3-08-00-2018_0114,,,none,,Y
3-08-00-2018_0115-1,화성,3-08-00-2018_0115,,,none,,Y
3-08-00-2018_0116-1,화성,3-08-00-2018_0116,,,none,,Y
3-08-00-2018_0117-1,화성,3-08-00-2018_0117,,,none,,Y
3-08-00-2018_0118-1,화성,3-08-00-2018_0118,,,none,,Y
3-08-00-2018_0119-1,화성,3-08-00-2018_0119,,,none,,Y
3-08-00-2018_0120-1,화성,3-08-00-2018_0120,,,none,,Y
3-08-00-2018_0121-1,화성,3-08-00-2018_0121,,,none,,Y
3-08-00-2018_0122-1,화성,3-08-00-2018_0122,,,none,,Y
3-08-00-2018_0123-1,화성,3-08-00-2018_0123,,,none,,Y
3-08-00-2018_0124-1,화성,3-08-00-2018_0124,,,none,,Y
3-08-00-2018_0125-1,화성,3-08-00-2018_0125,,,none,,Y
3-08-00-2017_1278-1,화성,3-08-00-2017_1278,,,none,,Y
3-08-00-2017_1279-1,화성,3-08-00-2017_1279,,,none,분야축,Y
3-08-00-2017_1281-1,화성,3-08-00-2017_1281,,,none,분야축,Y
3-08-00-2017_1306-1,화성,3-08-00-2017_1306,,,none,분야축,Y
3-09-00-2018_0046-1,화성,3-09-00-2018_0046,,,none,,Y
3-09-00-2018_0047-1,화성,3-09-00-2018_0047,,,none,,Y
3-09-00-2018_0049-1,화성,3-09-00-2018_0049,,,none,분야축,Y
3-09-00-2018_0057-1,화성,3-09-00-2018_0057,,,none,분야축,Y
3-09-00-2018_0060-1,화성,3-09-00-2018_0060,,,none,,Y
3-09-00-2018_0061-1,화성,3-09-00-2018_0061,,,none,recall,Y
3-09-00-2018_0063-1,화성,3-09-00-2018_0063,,,none,,Y
3-09-00-2018_0089-1,화성,3-09-00-2018_0089,,,none,,Y
3-09-00-2018_0090-1,화성,3-09-00-2018_0090,,,none,,Y
3-09-00-2017_1270-1,화성,3-09-00-2017_1270,,,none,분야축,Y
3-09-00-2017_1280-1,화성,3-09-00-2017_1280,,,none,,Y
3-09-00-2017_1301-1,화성,3-09-00-2017_1301,,,none,,Y
3-10-00-2017_1282-1,화성,3-10-00-2017_1282,,,none,,Y
3-11-00-2017_1291-1,화성,3-11-00-2017_1291,,,none,recall,Y
3-12-00-2017_1287-1,화성,3-12-00-2017_1287,,,none,,Y
3-01-00-2017_0615-1,화성,3-01-00-2017_0615,,,none,,Y
3-01-00-2017_0616-1,화성,3-01-00-2017_0616,,,none,,Y
3-01-00-2017_0617-1,화성,3-01-00-2017_0617,S03779,srno,pdf,,
3-01-00-2017_0618-1,화성,3-01-00-2017_0618,S03780,srno,pdf,,
3-01-00-2017_0619-1,화성,3-01-00-2017_0619,,,none,,Y
3-01-00-2017_0620-1,화성,3-01-00-2017_0620,,,none,,Y
3-01-00-2017_0647-1,화성,3-01-00-2017_0647,,,none,분야축,Y
3-01-00-2017_0653-1,화성,3-01-00-2017_0653,,,none,분야축,Y
3-01-00-2017_0684-1,화성,3-01-00-2017_0684,,,none,분야축,Y
3-01-00-2017_0711-1,화성,3-01-00-2017_0711,,,none,,Y
3-01-00-2017_0712-1,화성,3-01-00-2017_0712,,,none,분야축,Y
3-01-00-2017_0714-1,화성,3-01-00-2017_0714,,,none,분야축,Y
3-01-00-2017_0715-1,화성,3-01-00-2017_0715,,,none,분야축,Y
3-01-00-2017_0725-1,화성,3-01-00-2017_0725,,,none,,Y
3-01-00-2017_0734-1,화성,3-01-00-2017_0734,,,none,,Y
3-01-00-2017_0750-1,화성,3-01-00-2017_0750,,,none,분야축,Y
3-01-00-2017_0759-1,화성,3-01-00-2017_0759,,,none,,Y
3-01-00-2017_0760-1,화성,3-01-00-2017_0760,,,none,분야축,Y
3-01-00-2017_0761-1,화성,3-01-00-2017_0761,,,none,분야축,Y
3-01-00-2017_0762-1,화성,3-01-00-2017_0762,,,none,,Y
3-01-00-2017_0784-1,화성,3-01-00-2017_0784,,,none,,Y
3-01-00-2017_0796-1,화성,3-01-00-2017_0796,,,none,분야축,Y
3-01-00-2017_0797-1,화성,3-01-00-2017_0797,,,none,,Y
3-01-00-2017_0842-1,화성,3-01-00-2017_0842,,,none,,Y
3-01-00-2017_0843-1,화성,3-01-00-2017_0843,,,none,분야축,Y
3-01-00-2017_0844-1,화성,3-01-00-2017_0844,,,none,분야축,Y
3-01-00-2017_0846-1,화성,3-01-00-2017_0846,,,none,,Y
3-02-00-2017_0623-1,화성,3-02-00-2017_0623,,,none,분야축,Y
3-02-00-2017_0624-1,화성,3-02-00-2017_0624,,,none,분야축,Y
3-02-00-2017_0625-1,화성,3-02-00-2017_0625,,,none,분야축,Y
3-02-00-2017_0626-1,화성,3-02-00-2017_0626,,,none,recall,Y
3-02-00-2017_0627-1,화성,3-02-00-2017_0627,,,none,분야축,Y
3-02-00-2017_0628-1,화성,3-02-00-2017_0628,S03783,srno,pdf,분야축,
3-02-00-2017_0629-1,화성,3-02-00-2017_0629,,,none,분야축,Y
3-02-00-2017_0630-1,화성,3-02-00-2017_0630,,,none,분야축,Y
3-02-00-2017_0631-1,화성,3-02-00-2017_0631,,,none,분야축,Y
3-02-00-2017_0632-1,화성,3-02-00-2017_0632,,,none,분야축,Y
3-02-00-2017_0637-1,화성,3-02-00-2017_0637,,,none,분야축,Y
3-02-00-2017_0638-1,화성,3-02-00-2017_0638,,,none,분야축,Y
3-02-00-2017_0640-1,화성,3-02-00-2017_0640,,,none,분야축,Y
3-02-00-2017_0648-1,화성,3-02-00-2017_0648,,,none,,Y
3-02-00-2017_0649-1,화성,3-02-00-2017_0649,,,none,,Y
3-02-00-2017_0666-1,화성,3-02-00-2017_0666,,,none,분야축,Y
3-02-00-2017_0667-1,화성,3-02-00-2017_0667,,,none,분야축,Y
3-02-00-2017_0668-1,화성,3-02-00-2017_0668,,,none,분야축,Y
3-02-00-2017_0669-1,화성,3-02-00-2017_0669,,,none,분야축,Y
3-02-00-2017_0672-1,화성,3-02-00-2017_0672,,,none,분야축,Y
3-02-00-2017_0673-1,화성,3-02-00-2017_0673,,,none,,Y
3-02-00-2017_0674-1,화성,3-02-00-2017_0674,,,none,,Y
3-02-00-2017_0675-1,화성,3-02-00-2017_0675,,,none,,Y
3-02-00-2017_0677-1,화성,3-02-00-2017_0677,,,none,recall,Y
3-02-00-2017_0694-1,화성,3-02-00-2017_0694,,,none,recall,Y
3-02-00-2017_0700-1,화성,3-02-00-2017_0700,,,none,분야축,Y
3-02-00-2017_0704-1,화성,3-02-00-2017_0704,,,none,분야축,Y
3-02-00-2017_0716-1,화성,3-02-00-2017_0716,,,none,분야축,Y
3-02-00-2017_0717-1,화성,3-02-00-2017_0717,,,none,,Y
3-02-00-2017_0718-1,화성,3-02-00-2017_0718,,,none,분야축,Y
3-02-00-2017_0722-1,화성,3-02-00-2017_0722,,,none,recall,Y
3-02-00-2017_0723-1,화성,3-02-00-2017_0723,,,none,recall,Y
3-02-00-2017_0726-1,화성,3-02-00-2017_0726,,,none,분야축,Y
3-02-00-2017_0727-1,화성,3-02-00-2017_0727,,,none,분야축,Y
3-02-00-2017_0729-1,화성,3-02-00-2017_0729,,,none,,Y
3-02-00-2017_0730-1,화성,3-02-00-2017_0730,,,none,분야축,Y
3-02-00-2017_0732-1,화성,3-02-00-2017_0732,,,none,recall,Y
3-02-00-2017_0733-1,화성,3-02-00-2017_0733,,,none,분야축,Y
3-02-00-2017_0735-1,화성,3-02-00-2017_0735,,,none,분야축,Y
3-02-00-2017_0742-1,화성,3-02-00-2017_0742,,,none,분야축,Y
3-02-00-2017_0744-1,화성,3-02-00-2017_0744,,,none,recall,Y
3-02-00-2017_0756-1,화성,3-02-00-2017_0756,,,none,분야축,Y
3-02-00-2017_0757-1,화성,3-02-00-2017_0757,,,none,,Y
3-02-00-2017_0764-1,화성,3-02-00-2017_0764,,,none,recall,Y
3-02-00-2017_0771-1,화성,3-02-00-2017_0771,,,none,분야축,Y
3-02-00-2017_0779-1,화성,3-02-00-2017_0779,,,none,recall,Y
3-02-00-2017_0783-1,화성,3-02-00-2017_0783,,,none,분야축,Y
3-02-00-2017_0788-1,화성,3-02-00-2017_0788,,,none,분야축,Y
3-02-00-2017_0804-1,화성,3-02-00-2017_0804,,,none,,Y
3-02-00-2017_0805-1,화성,3-02-00-2017_0805,,,none,,Y
3-02-00-2017_0808-1,화성,3-02-00-2017_0808,,,none,,Y
3-02-00-2017_0810-1,화성,3-02-00-2017_0810,,,none,,Y
3-02-00-2017_0811-1,화성,3-02-00-2017_0811,,,none,,Y
3-02-00-2017_0812-1,화성,3-02-00-2017_0812,,,none,,Y
3-02-00-2017_0815-1,화성,3-02-00-2017_0815,,,none,분야축,Y
3-02-00-2017_0816-1,화성,3-02-00-2017_0816,,,none,분야축,Y
3-02-00-2017_0825-1,화성,3-02-00-2017_0825,,,none,분야축,Y
3-02-00-2017_0826-1,화성,3-02-00-2017_0826,,,none,분야축,Y
3-02-00-2017_0827-1,화성,3-02-00-2017_0827,,,none,분야축,Y
3-02-00-2017_0831-1,화성,3-02-00-2017_0831,,,none,분야축,Y
3-02-00-2017_0834-1,화성,3-02-00-2017_0834,,,none,recall,Y
3-02-00-2017_0839-1,화성,3-02-00-2017_0839,,,none,분야축,Y
3-02-00-2017_0848-1,화성,3-02-00-2017_0848,,,none,,Y
3-02-00-2017_0849-1,화성,3-02-00-2017_0849,,,none,분야축,Y
3-02-00-2017_0850-1,화성,3-02-00-2017_0850,,,none,분야축,Y
3-03-00-2017_0728-1,화성,3-03-00-2017_0728,,,none,분야축,Y
3-04-00-2017_0642-1,화성,3-04-00-2017_0642,,,none,,Y
3-04-00-2017_0643-1,화성,3-04-00-2017_0643,,,none,,Y
3-04-00-2017_0644-1,화성,3-04-00-2017_0644,,,none,분야축,Y
3-04-00-2017_0709-1,화성,3-04-00-2017_0709,,,none,,Y
3-05-00-2017_0608-1,화성,3-05-00-2017_0608,,,none,,Y
3-05-00-2017_0609-1,화성,3-05-00-2017_0609,,,none,recall,Y
3-05-00-2017_0610-1,화성,3-05-00-2017_0610,,,none,,Y
3-05-00-2017_0611-1,화성,3-05-00-2017_0611,,,none,recall,Y
3-05-00-2017_0612-1,화성,3-05-00-2017_0612,,,none,분야축,Y
3-05-00-2017_0613-1,화성,3-05-00-2017_0613,,,none,,Y
3-05-00-2017_0614-1,화성,3-05-00-2017_0614,S03784,srno,pdf,분야축,
3-05-00-2017_0634-1,화성,3-05-00-2017_0634,,,none,분야축,Y
3-05-00-2017_0639-1,화성,3-05-00-2017_0639,,,none,분야축,Y
3-05-00-2017_0641-1,화성,3-05-00-2017_0641,,,none,분야축,Y
3-05-00-2017_0646-1,화성,3-05-00-2017_0646,,,none,분야축,Y
3-05-00-2017_0651-1,화성,3-05-00-2017_0651,,,none,분야축,Y
3-05-00-2017_0652-1,화성,3-05-00-2017_0652,,,none,,Y
3-05-00-2017_0655-1,화성,3-05-00-2017_0655,,,none,,Y
3-05-00-2017_0657-1,화성,3-05-00-2017_0657,,,none,,Y
3-05-00-2017_0658-1,화성,3-05-00-2017_0658,,,none,recall,Y
3-05-00-2017_0663-1,화성,3-05-00-2017_0663,,,none,,Y
3-05-00-2017_0676-1,화성,3-05-00-2017_0676,,,none,,Y
3-05-00-2017_0683-1,화성,3-05-00-2017_0683,,,none,분야축,Y
3-05-00-2017_0688-1,화성,3-05-00-2017_0688,,,none,,Y
3-05-00-2017_0690-1,화성,3-05-00-2017_0690,,,none,,Y
3-05-00-2017_0691-1,화성,3-05-00-2017_0691,,,none,,Y
3-05-00-2017_0692-1,화성,3-05-00-2017_0692,,,none,분야축,Y
3-05-00-2017_0693-1,화성,3-05-00-2017_0693,,,none,recall,Y
3-05-00-2017_0705-1,화성,3-05-00-2017_0705,,,none,분야축,Y
3-05-00-2017_0707-1,화성,3-05-00-2017_0707,,,none,,Y
3-05-00-2017_0719-1,화성,3-05-00-2017_0719,,,none,recall,Y
3-05-00-2017_0720-1,화성,3-05-00-2017_0720,,,none,recall,Y
3-05-00-2017_0731-1,화성,3-05-00-2017_0731,,,none,,Y
3-05-00-2017_0736-1,화성,3-05-00-2017_0736,,,none,,Y
3-05-00-2017_0737-1,화성,3-05-00-2017_0737,,,none,,Y
3-05-00-2017_0738-1,화성,3-05-00-2017_0738,,,none,recall,Y
3-05-00-2017_0739-1,화성,3-05-00-2017_0739,,,none,recall,Y
3-05-00-2017_0740-1,화성,3-05-00-2017_0740,,,none,,Y
3-05-00-2017_0741-1,화성,3-05-00-2017_0741,,,none,,Y
3-05-00-2017_0743-1,화성,3-05-00-2017_0743,,,none,recall,Y
3-05-00-2017_0745-1,화성,3-05-00-2017_0745,,,none,,Y
3-05-00-2017_0746-1,화성,3-05-00-2017_0746,,,none,,Y
3-05-00-2017_0747-1,화성,3-05-00-2017_0747,,,none,,Y
3-05-00-2017_0748-1,화성,3-05-00-2017_0748,,,none,,Y
3-05-00-2017_0749-1,화성,3-05-00-2017_0749,,,none,,Y
3-05-00-2017_0758-1,화성,3-05-00-2017_0758,,,none,분야축,Y
3-05-00-2017_0763-1,화성,3-05-00-2017_0763,,,none,분야축,Y
3-05-00-2017_0766-1,화성,3-05-00-2017_0766,,,none,recall,Y
3-05-00-2017_0767-1,화성,3-05-00-2017_0767,,,none,,Y
3-05-00-2017_0769-1,화성,3-05-00-2017_0769,,,none,분야축,Y
3-05-00-2017_0778-1,화성,3-05-00-2017_0778,,,none,recall,Y
3-05-00-2017_0781-1,화성,3-05-00-2017_0781,,,none,분야축,Y
3-05-00-2017_0782-1,화성,3-05-00-2017_0782,,,none,,Y
3-05-00-2017_0785-1,화성,3-05-00-2017_0785,,,none,,Y
3-05-00-2017_0786-1,화성,3-05-00-2017_0786,,,none,,Y
3-05-00-2017_0787-1,화성,3-05-00-2017_0787,,,none,,Y
3-05-00-2017_0789-1,화성,3-05-00-2017_0789,,,none,,Y
3-05-00-2017_0790-1,화성,3-05-00-2017_0790,,,none,분야축,Y
3-05-00-2017_0791-1,화성,3-05-00-2017_0791,,,none,분야축,Y
3-05-00-2017_0806-1,화성,3-05-00-2017_0806,,,none,,Y
3-05-00-2017_0807-1,화성,3-05-00-2017_0807,,,none,recall,Y
3-05-00-2017_0813-1,화성,3-05-00-2017_0813,,,none,,Y
3-05-00-2017_0828-1,화성,3-05-00-2017_0828,,,none,분야축,Y
3-05-00-2017_0829-1,화성,3-05-00-2017_0829,,,none,분야축,Y
3-05-00-2017_0830-1,화성,3-05-00-2017_0830,,,none,,Y
3-05-00-2017_0832-1,화성,3-05-00-2017_0832,,,none,recall,Y
3-05-00-2017_0833-1,화성,3-05-00-2017_0833,,,none,recall,Y
3-05-00-2017_0836-1,화성,3-05-00-2017_0836,,,none,,Y
3-06-00-2017_0685-1,화성,3-06-00-2017_0685,,,none,분야축,Y
3-06-00-2017_0686-1,화성,3-06-00-2017_0686,,,none,,Y
3-06-00-2017_0699-1,화성,3-06-00-2017_0699,,,none,,Y
3-06-00-2017_0701-1,화성,3-06-00-2017_0701,,,none,,Y
3-06-00-2017_0708-1,화성,3-06-00-2017_0708,,,none,분야축,Y
3-06-00-2017_0710-1,화성,3-06-00-2017_0710,,,none,,Y
3-06-00-2017_0754-1,화성,3-06-00-2017_0754,,,none,분야축,Y
3-06-00-2017_0755-1,화성,3-06-00-2017_0755,,,none,분야축,Y
3-06-00-2017_0776-1,화성,3-06-00-2017_0776,,,none,분야축,Y
3-06-00-2017_0777-1,화성,3-06-00-2017_0777,,,none,,Y
3-06-00-2017_0800-1,화성,3-06-00-2017_0800,,,none,,Y
3-06-00-2017_0801-1,화성,3-06-00-2017_0801,,,none,분야축,Y
3-06-00-2017_0802-1,화성,3-06-00-2017_0802,,,none,분야축,Y
3-06-00-2017_0803-1,화성,3-06-00-2017_0803,,,none,,Y
3-06-00-2017_0814-1,화성,3-06-00-2017_0814,,,none,,Y
3-06-00-2017_0845-1,화성,3-06-00-2017_0845,,,none,분야축,Y
3-06-00-2017_0847-1,화성,3-06-00-2017_0847,,,none,,Y
3-07-00-2017_0621-1,화성,3-07-00-2017_0621,S03788,srno,pdf,,
3-07-00-2017_0622-1,화성,3-07-00-2017_0622,,,none,분야축,Y
3-07-00-2017_0635-1,화성,3-07-00-2017_0635,,,none,,Y
3-07-00-2017_0645-1,화성,3-07-00-2017_0645,,,none,분야축,Y
3-07-00-2017_0654-1,화성,3-07-00-2017_0654,,,none,,Y
3-07-00-2017_0656-1,화성,3-07-00-2017_0656,,,none,,Y
3-07-00-2017_0659-1,화성,3-07-00-2017_0659,,,none,recall,Y
3-07-00-2017_0661-1,화성,3-07-00-2017_0661,,,none,,Y
3-07-00-2017_0662-1,화성,3-07-00-2017_0662,,,none,분야축,Y
3-07-00-2017_0689-1,화성,3-07-00-2017_0689,,,none,,Y
3-07-00-2017_0713-1,화성,3-07-00-2017_0713,,,none,,Y
3-07-00-2017_0721-1,화성,3-07-00-2017_0721,,,none,,Y
3-07-00-2017_0765-1,화성,3-07-00-2017_0765,,,none,recall,Y
3-07-00-2017_0780-1,화성,3-07-00-2017_0780,,,none,recall,Y
3-07-00-2017_0809-1,화성,3-07-00-2017_0809,,,none,recall,Y
3-07-00-2017_0835-1,화성,3-07-00-2017_0835,,,none,,Y
3-08-00-2017_0633-1,화성,3-08-00-2017_0633,,,none,,Y
3-08-00-2017_0670-1,화성,3-08-00-2017_0670,,,none,,Y
3-08-00-2017_0678-1,화성,3-08-00-2017_0678,,,none,,Y
3-08-00-2017_0679-1,화성,3-08-00-2017_0679,,,none,,Y
3-08-00-2017_0680-1,화성,3-08-00-2017_0680,,,none,,Y
3-08-00-2017_0681-1,화성,3-08-00-2017_0681,,,none,,Y
3-08-00-2017_0682-1,화성,3-08-00-2017_0682,,,none,,Y
3-08-00-2017_0695-1,화성,3-08-00-2017_0695,,,none,,Y
3-08-00-2017_0696-1,화성,3-08-00-2017_0696,,,none,,Y
3-08-00-2017_0724-1,화성,3-08-00-2017_0724,,,none,,Y
3-08-00-2017_0768-1,화성,3-08-00-2017_0768,,,none,,Y
3-08-00-2017_0774-1,화성,3-08-00-2017_0774,,,none,,Y
3-08-00-2017_0798-1,화성,3-08-00-2017_0798,,,none,,Y
3-08-00-2017_0799-1,화성,3-08-00-2017_0799,,,none,,Y
3-08-00-2017_0818-1,화성,3-08-00-2017_0818,,,none,분야축,Y
3-08-00-2017_0820-1,화성,3-08-00-2017_0820,,,none,,Y
3-08-00-2017_0821-1,화성,3-08-00-2017_0821,,,none,,Y
3-08-00-2017_0822-1,화성,3-08-00-2017_0822,,,none,,Y
3-08-00-2017_0823-1,화성,3-08-00-2017_0823,,,none,,Y
3-08-00-2017_0824-1,화성,3-08-00-2017_0824,,,none,,Y
3-09-00-2017_0605-1,화성,3-09-00-2017_0605,,,none,,Y
3-09-00-2017_0650-1,화성,3-09-00-2017_0650,,,none,recall,Y
3-09-00-2017_0660-1,화성,3-09-00-2017_0660,,,none,,Y
3-09-00-2017_0664-1,화성,3-09-00-2017_0664,,,none,분야축,Y
3-09-00-2017_0665-1,화성,3-09-00-2017_0665,,,none,,Y
3-09-00-2017_0687-1,화성,3-09-00-2017_0687,,,none,분야축,Y
3-09-00-2017_0702-1,화성,3-09-00-2017_0702,,,none,,Y
3-09-00-2017_0703-1,화성,3-09-00-2017_0703,,,none,,Y
3-09-00-2017_0706-1,화성,3-09-00-2017_0706,,,none,분야축,Y
3-09-00-2017_0751-1,화성,3-09-00-2017_0751,,,none,,Y
3-09-00-2017_0752-1,화성,3-09-00-2017_0752,,,none,분야축,Y
3-09-00-2017_0753-1,화성,3-09-00-2017_0753,,,none,분야축,Y
3-09-00-2017_0770-1,화성,3-09-00-2017_0770,,,none,분야축,Y
3-09-00-2017_0772-1,화성,3-09-00-2017_0772,,,none,,Y
3-09-00-2017_0773-1,화성,3-09-00-2017_0773,,,none,,Y
3-09-00-2017_0775-1,화성,3-09-00-2017_0775,,,none,분야축,Y
3-09-00-2017_0792-1,화성,3-09-00-2017_0792,,,none,분야축,Y
3-09-00-2017_0793-1,화성,3-09-00-2017_0793,,,none,분야축,Y
3-09-00-2017_0794-1,화성,3-09-00-2017_0794,,,none,,Y
3-09-00-2017_0795-1,화성,3-09-00-2017_0795,,,none,,Y
3-09-00-2017_0837-1,화성,3-09-00-2017_0837,,,none,분야축,Y
3-09-00-2017_0838-1,화성,3-09-00-2017_0838,,,none,분야축,Y
3-09-00-2017_0840-1,화성,3-09-00-2017_0840,,,none,,Y
3-09-00-2017_0841-1,화성,3-09-00-2017_0841,,,none,,Y
3-10-00-2017_0606-1,화성,3-10-00-2017_0606,,,none,,Y
3-10-00-2017_0607-1,화성,3-10-00-2017_0607,,,none,,Y
3-10-00-2017_0636-1,화성,3-10-00-2017_0636,,,none,,Y
3-10-00-2017_0671-1,화성,3-10-00-2017_0671,,,none,,Y
3-10-00-2017_0697-1,화성,3-10-00-2017_0697,,,none,,Y
3-10-00-2017_0698-1,화성,3-10-00-2017_0698,,,none,,Y
3-11-00-2017_0817-1,화성,3-11-00-2017_0817,,,none,분야축,Y
3-11-00-2017_0819-1,화성,3-11-00-2017_0819,,,none,분야축,Y
3-09-00-2017_0001-1,화성,3-09-00-2017_0001,,,none,분야축,Y
3-09-00-2017_0002-1,화성,3-09-00-2017_0002,,,none,,Y
3-09-00-2017_0003-1,화성,3-09-00-2017_0003,,,none,,Y
3-09-00-2017_0004-1,화성,3-09-00-2017_0004,,,none,,Y
3-09-00-2017_0005-1,화성,3-09-00-2017_0005,,,none,,Y
3-09-00-2017_0006-1,화성,3-09-00-2017_0006,,,none,,Y
3-09-00-2017_0007-1,화성,3-09-00-2017_0007,,,none,,Y
3-09-00-2017_0008-1,화성,3-09-00-2017_0008,,,none,,Y
3-09-00-2017_0009-1,화성,3-09-00-2017_0009,,,none,,Y
3-09-00-2017_0010-1,화성,3-09-00-2017_0010,,,none,,Y
3-09-00-2017_0011-1,화성,3-09-00-2017_0011,,,none,,Y
3-09-00-2017_0012-1,화성,3-09-00-2017_0012,,,none,분야축,Y
3-05-00-2016_0444-1,화성,3-05-00-2016_0444,,,none,recall,Y
3-05-00-2016_0445-1,화성,3-05-00-2016_0445,,,none,recall,Y
3-05-00-2016_0446-1,화성,3-05-00-2016_0446,,,none,recall,Y
3-05-00-2016_0447-1,화성,3-05-00-2016_0447,,,none,recall,Y
3-05-00-2016_0448-1,화성,3-05-00-2016_0448,,,none,recall,Y
3-05-00-2016_0449-1,화성,3-05-00-2016_0449,,,none,recall,Y
3-05-00-2016_0450-1,화성,3-05-00-2016_0450,,,none,recall,Y
3-05-00-2016_0451-1,화성,3-05-00-2016_0451,,,none,,Y
3-05-00-2016_0452-1,화성,3-05-00-2016_0452,,,none,recall,Y
3-05-00-2016_0453-1,화성,3-05-00-2016_0453,,,none,recall,Y
3-05-00-2016_0454-1,화성,3-05-00-2016_0454,,,none,recall,Y
3-05-00-2016_0455-1,화성,3-05-00-2016_0455,,,none,recall,Y
3-05-00-2016_0456-1,화성,3-05-00-2016_0456,,,none,,Y
3-05-00-2016_0457-1,화성,3-05-00-2016_0457,,,none,recall,Y
3-05-00-2016_0458-1,화성,3-05-00-2016_0458,,,none,recall,Y
3-12-00-2016_0393-1,화성,3-12-00-2016_0393,,,none,분야축,Y
3-12-00-2016_0394-1,화성,3-12-00-2016_0394,,,none,,Y
3-12-00-2016_0395-1,화성,3-12-00-2016_0395,,,none,recall,Y
3-12-00-2016_0396-1,화성,3-12-00-2016_0396,,,none,,Y
3-12-00-2016_0397-1,화성,3-12-00-2016_0397,,,none,,Y
3-12-00-2016_0398-1,화성,3-12-00-2016_0398,,,none,,Y
3-12-00-2016_0399-1,화성,3-12-00-2016_0399,,,none,,Y
3-12-00-2016_0400-1,화성,3-12-00-2016_0400,,,none,,Y
3-12-00-2016_0401-1,화성,3-12-00-2016_0401,,,none,recall,Y
3-12-00-2016_0402-1,화성,3-12-00-2016_0402,,,none,recall,Y
3-12-00-2016_0403-1,화성,3-12-00-2016_0403,,,none,,Y
3-12-00-2016_0404-1,화성,3-12-00-2016_0404,,,none,,Y
3-12-00-2016_0405-1,화성,3-12-00-2016_0405,,,none,,Y
3-12-00-2016_0406-1,화성,3-12-00-2016_0406,,,none,recall,Y
3-12-00-2016_0407-1,화성,3-12-00-2016_0407,,,none,,Y
3-12-00-2016_0408-1,화성,3-12-00-2016_0408,,,none,recall,Y
3-12-00-2016_0409-1,화성,3-12-00-2016_0409,,,none,,Y
3-12-00-2016_0410-1,화성,3-12-00-2016_0410,,,none,,Y
3-12-00-2016_0411-1,화성,3-12-00-2016_0411,,,none,,Y
3-12-00-2016_0412-1,화성,3-12-00-2016_0412,,,none,recall,Y
3-12-00-2016_0413-1,화성,3-12-00-2016_0413,,,none,,Y
3-12-00-2016_0414-1,화성,3-12-00-2016_0414,,,none,,Y
3-12-00-2016_0415-1,화성,3-12-00-2016_0415,,,none,,Y
3-12-00-2016_0416-1,화성,3-12-00-2016_0416,,,none,,Y
3-12-00-2016_0417-1,화성,3-12-00-2016_0417,,,none,,Y
3-12-00-2016_0418-1,화성,3-12-00-2016_0418,,,none,recall,Y
3-12-00-2016_0419-1,화성,3-12-00-2016_0419,,,none,recall,Y
3-12-00-2016_0420-1,화성,3-12-00-2016_0420,,,none,,Y
3-12-00-2016_0421-1,화성,3-12-00-2016_0421,,,none,,Y
3-12-00-2016_0422-1,화성,3-12-00-2016_0422,,,none,,Y
3-12-00-2016_0423-1,화성,3-12-00-2016_0423,,,none,,Y
3-12-00-2016_0424-1,화성,3-12-00-2016_0424,,,none,recall,Y
3-12-00-2016_0425-1,화성,3-12-00-2016_0425,,,none,,Y
3-12-00-2016_0426-1,화성,3-12-00-2016_0426,,,none,,Y
3-12-00-2016_0427-1,화성,3-12-00-2016_0427,,,none,,Y
3-12-00-2016_0428-1,화성,3-12-00-2016_0428,,,none,recall,Y
3-12-00-2016_0429-1,화성,3-12-00-2016_0429,,,none,,Y
3-12-00-2016_0430-1,화성,3-12-00-2016_0430,,,none,,Y
3-12-00-2016_0431-1,화성,3-12-00-2016_0431,,,none,recall,Y
3-12-00-2016_0432-1,화성,3-12-00-2016_0432,,,none,,Y
3-12-00-2016_0433-1,화성,3-12-00-2016_0433,,,none,,Y
3-12-00-2016_0434-1,화성,3-12-00-2016_0434,,,none,,Y
3-12-00-2016_0435-1,화성,3-12-00-2016_0435,,,none,,Y
3-12-00-2016_0436-1,화성,3-12-00-2016_0436,,,none,,Y
3-12-00-2016_0437-1,화성,3-12-00-2016_0437,,,none,분야축,Y
3-01-00-2016_0215-1,화성,3-01-00-2016_0215,,,none,,Y
3-01-00-2016_0216-1,화성,3-01-00-2016_0216,,,none,,Y
3-01-00-2016_0217-1,화성,3-01-00-2016_0217,,,none,,Y
3-01-00-2016_0218-1,화성,3-01-00-2016_0218,,,none,,Y
3-01-00-2016_0219-1,화성,3-01-00-2016_0219,,,none,,Y
3-01-00-2016_0220-1,화성,3-01-00-2016_0220,,,none,,Y
3-01-00-2016_0221-1,화성,3-01-00-2016_0221,,,none,,Y
3-01-00-2016_0390-1,화성,3-01-00-2016_0390,,,none,,Y
3-01-00-2016_0391-1,화성,3-01-00-2016_0391,,,none,,Y
3-01-00-2016_0392-1,화성,3-01-00-2016_0392,,,none,recall,Y
3-10-00-2016_0385-1,화성,3-10-00-2016_0385,,,none,,Y
3-10-00-2016_0386-1,화성,3-10-00-2016_0386,,,none,,Y
3-10-00-2016_0387-1,화성,3-10-00-2016_0387,,,none,,Y
3-10-00-2016_0388-1,화성,3-10-00-2016_0388,,,none,,Y
3-10-00-2016_0389-1,화성,3-10-00-2016_0389,,,none,분야축,Y
3-12-00-2016_0438-1,화성,3-12-00-2016_0438,,,none,,Y
3-12-00-2016_0439-1,화성,3-12-00-2016_0439,,,none,,Y
3-12-00-2016_0440-1,화성,3-12-00-2016_0440,,,none,,Y
3-12-00-2016_0441-1,화성,3-12-00-2016_0441,,,none,,Y
3-12-00-2016_0442-1,화성,3-12-00-2016_0442,,,none,,Y
3-12-00-2016_0443-1,화성,3-12-00-2016_0443,,,none,,Y
3-12-00-2016_0189-1,화성,3-12-00-2016_0189,,,none,,Y
3-12-00-2016_0190-1,화성,3-12-00-2016_0190,,,none,,Y
3-12-00-2016_0191-1,화성,3-12-00-2016_0191,,,none,,Y
3-12-00-2016_0192-1,화성,3-12-00-2016_0192,,,none,,Y
3-12-00-2016_0193-1,화성,3-12-00-2016_0193,,,none,,Y
3-12-00-2016_0194-1,화성,3-12-00-2016_0194,,,none,,Y
3-12-00-2016_0195-1,화성,3-12-00-2016_0195,,,none,,Y
3-12-00-2016_0196-1,화성,3-12-00-2016_0196,,,none,,Y
3-12-00-2016_0197-1,화성,3-12-00-2016_0197,,,none,,Y
3-12-00-2016_0198-1,화성,3-12-00-2016_0198,,,none,,Y
3-12-00-2016_0199-1,화성,3-12-00-2016_0199,,,none,,Y
3-12-00-2016_0200-1,화성,3-12-00-2016_0200,,,none,,Y
3-12-00-2016_0201-1,화성,3-12-00-2016_0201,,,none,분야축,Y
3-12-00-2016_0202-1,화성,3-12-00-2016_0202,,,none,,Y
3-12-00-2016_0203-1,화성,3-12-00-2016_0203,,,none,,Y
3-12-00-2016_0204-1,화성,3-12-00-2016_0204,,,none,,Y
3-12-00-2016_0205-1,화성,3-12-00-2016_0205,,,none,,Y
3-12-00-2016_0206-1,화성,3-12-00-2016_0206,,,none,,Y
3-12-00-2016_0207-1,화성,3-12-00-2016_0207,,,none,,Y
3-12-00-2016_0208-1,화성,3-12-00-2016_0208,,,none,,Y
3-12-00-2016_0209-1,화성,3-12-00-2016_0209,,,none,,Y
3-12-00-2016_0210-1,화성,3-12-00-2016_0210,,,none,,Y
3-12-00-2016_0211-1,화성,3-12-00-2016_0211,,,none,,Y
3-12-00-2016_0212-1,화성,3-12-00-2016_0212,,,none,,Y
3-12-00-2016_0213-1,화성,3-12-00-2016_0213,,,none,분야축,Y
3-12-00-2016_0214-1,화성,3-12-00-2016_0214,,,none,분야축,Y
3-12-00-2016_0222-1,화성,3-12-00-2016_0222,,,none,분야축,Y
3-12-00-2016_0223-1,화성,3-12-00-2016_0223,,,none,,Y
3-12-00-2016_0224-1,화성,3-12-00-2016_0224,,,none,recall,Y
3-12-00-2016_0225-1,화성,3-12-00-2016_0225,,,none,,Y
3-12-00-2016_0226-1,화성,3-12-00-2016_0226,,,none,,Y
3-12-00-2016_0227-1,화성,3-12-00-2016_0227,,,none,,Y
3-12-00-2016_0228-1,화성,3-12-00-2016_0228,,,none,recall,Y
3-12-00-2016_0229-1,화성,3-12-00-2016_0229,,,none,,Y
3-12-00-2016_0230-1,화성,3-12-00-2016_0230,,,none,,Y
3-12-00-2016_0231-1,화성,3-12-00-2016_0231,,,none,,Y
3-12-00-2016_0232-1,화성,3-12-00-2016_0232,,,none,,Y
3-12-00-2016_0233-1,화성,3-12-00-2016_0233,,,none,,Y
3-12-00-2016_0234-1,화성,3-12-00-2016_0234,,,none,분야축,Y
3-01-00-2016-0102-1,화성,3-01-00-2016-0102,,,none,,Y
3-01-00-2016-0103-1,화성,3-01-00-2016-0103,,,none,,Y
3-01-00-2016-0104-1,화성,3-01-00-2016-0104,,,none,,Y
3-02-00-2016-0063-1,화성,3-02-00-2016-0063,,,none,분야축,Y
3-02-00-2016-0064-1,화성,3-02-00-2016-0064,,,none,분야축,Y
3-02-00-2016-0065-1,화성,3-02-00-2016-0065,,,none,분야축,Y
3-02-00-2016-0071-1,화성,3-02-00-2016-0071,,,none,,Y
3-02-00-2016-0073-1,화성,3-02-00-2016-0073,,,none,분야축,Y
3-02-00-2016-0075-1,화성,3-02-00-2016-0075,,,none,분야축,Y
3-02-00-2016-0076-1,화성,3-02-00-2016-0076,,,none,분야축,Y
3-02-00-2016-0081-1,화성,3-02-00-2016-0081,,,none,recall,Y
3-02-00-2016-0082-1,화성,3-02-00-2016-0082,,,none,,Y
3-02-00-2016-0083-1,화성,3-02-00-2016-0083,,,none,,Y
3-02-00-2016-0084-1,화성,3-02-00-2016-0084,,,none,,Y
3-02-00-2016-0088-1,화성,3-02-00-2016-0088,,,none,분야축,Y
3-02-00-2016-0090-1,화성,3-02-00-2016-0090,,,none,분야축,Y
3-02-00-2016-0091-1,화성,3-02-00-2016-0091,,,none,recall,Y
3-02-00-2016-0092-1,화성,3-02-00-2016-0092,,,none,recall,Y
3-02-00-2016-0093-1,화성,3-02-00-2016-0093,,,none,분야축,Y
3-02-00-2016-0094-1,화성,3-02-00-2016-0094,,,none,,Y
3-02-00-2016-0099-1,화성,3-02-00-2016-0099,,,none,recall,Y
3-04-00-2016-0066-1,화성,3-04-00-2016-0066,,,none,,Y
3-04-00-2016-0067-1,화성,3-04-00-2016-0067,,,none,recall,Y
3-04-00-2016-0072-1,화성,3-04-00-2016-0072,,,none,recall,Y
3-04-00-2016-0077-1,화성,3-04-00-2016-0077,,,none,분야축,Y
3-04-00-2016-0078-1,화성,3-04-00-2016-0078,,,none,분야축,Y
3-04-00-2016-0079-1,화성,3-04-00-2016-0079,,,none,분야축,Y
3-04-00-2016-0080-1,화성,3-04-00-2016-0080,,,none,분야축,Y
3-04-00-2016-0085-1,화성,3-04-00-2016-0085,,,none,,Y
3-04-00-2016-0086-1,화성,3-04-00-2016-0086,,,none,,Y
3-04-00-2016-0095-1,화성,3-04-00-2016-0095,,,none,,Y
3-04-00-2016-0096-1,화성,3-04-00-2016-0096,,,none,,Y
3-04-00-2016-0097-1,화성,3-04-00-2016-0097,,,none,,Y
3-04-00-2016-0098-1,화성,3-04-00-2016-0098,,,none,분야축,Y
3-04-00-2016-0100-1,화성,3-04-00-2016-0100,,,none,,Y
3-04-00-2016-0101-1,화성,3-04-00-2016-0101,,,none,,Y
3-05-00-2016-0068-1,화성,3-05-00-2016-0068,,,none,,Y
3-05-00-2016-0069-1,화성,3-05-00-2016-0069,,,none,,Y
3-05-00-2016-0070-1,화성,3-05-00-2016-0070,,,none,,Y
3-05-00-2016-0074-1,화성,3-05-00-2016-0074,,,none,,Y
3-05-00-2016-0087-1,화성,3-05-00-2016-0087,,,none,,Y
3-05-00-2016-0089-1,화성,3-05-00-2016-0089,,,none,,Y
3-01-00-2015_0207-1,화성,3-01-00-2015_0207,,,none,,Y
3-01-00-2015_0216-1,화성,3-01-00-2015_0216,,,none,,Y
3-01-00-2015_0217-1,화성,3-01-00-2015_0217,,,none,분야축,Y
3-01-00-2015_0248-1,화성,3-01-00-2015_0248,,,none,,Y
3-01-00-2015_0249-1,화성,3-01-00-2015_0249,,,none,분야축,Y
3-02-00-2015_0203-1,화성,3-02-00-2015_0203,,,none,,Y
3-02-00-2015_0210-1,화성,3-02-00-2015_0210,,,none,분야축,Y
3-02-00-2015_0211-1,화성,3-02-00-2015_0211,,,none,분야축,Y
3-02-00-2015_0212-1,화성,3-02-00-2015_0212,,,none,분야축,Y
3-02-00-2015_0213-1,화성,3-02-00-2015_0213,,,none,분야축,Y
3-02-00-2015_0219-1,화성,3-02-00-2015_0219,,,none,분야축,Y
3-02-00-2015_0220-1,화성,3-02-00-2015_0220,,,none,분야축,Y
3-02-00-2015_0223-1,화성,3-02-00-2015_0223,,,none,분야축,Y
3-02-00-2015_0225-1,화성,3-02-00-2015_0225,,,none,분야축,Y
3-02-00-2015_0226-1,화성,3-02-00-2015_0226,,,none,,Y
3-02-00-2015_0227-1,화성,3-02-00-2015_0227,,,none,,Y
3-02-00-2015_0230-1,화성,3-02-00-2015_0230,,,none,recall,Y
3-02-00-2015_0231-1,화성,3-02-00-2015_0231,,,none,recall,Y
3-02-00-2015_0233-1,화성,3-02-00-2015_0233,,,none,분야축,Y
3-02-00-2015_0234-1,화성,3-02-00-2015_0234,,,none,recall,Y
3-02-00-2015_0235-1,화성,3-02-00-2015_0235,,,none,,Y
3-02-00-2015_0236-1,화성,3-02-00-2015_0236,,,none,분야축,Y
3-02-00-2015_0237-1,화성,3-02-00-2015_0237,,,none,분야축,Y
3-02-00-2015_0242-1,화성,3-02-00-2015_0242,,,none,분야축,Y
3-02-00-2015_0243-1,화성,3-02-00-2015_0243,,,none,분야축,Y
3-02-00-2015_0244-1,화성,3-02-00-2015_0244,,,none,,Y
3-02-00-2015_0258-1,화성,3-02-00-2015_0258,,,none,recall,Y
3-02-00-2015_0259-1,화성,3-02-00-2015_0259,,,none,,Y
3-02-00-2015_0260-1,화성,3-02-00-2015_0260,,,none,,Y
3-02-00-2015_0261-1,화성,3-02-00-2015_0261,,,none,,Y
3-02-00-2015_0262-1,화성,3-02-00-2015_0262,,,none,분야축,Y
3-02-00-2015_0263-1,화성,3-02-00-2015_0263,,,none,분야축,Y
3-02-00-2015_0264-1,화성,3-02-00-2015_0264,,,none,분야축,Y
3-02-00-2015_0266-1,화성,3-02-00-2015_0266,,,none,분야축,Y
3-02-00-2015_0269-1,화성,3-02-00-2015_0269,,,none,,Y
3-02-00-2015_0270-1,화성,3-02-00-2015_0270,,,none,,Y
3-02-00-2015_0271-1,화성,3-02-00-2015_0271,,,none,,Y
3-02-00-2015_0275-1,화성,3-02-00-2015_0275,,,none,분야축,Y
3-02-00-2015_0281-1,화성,3-02-00-2015_0281,,,none,분야축,Y
3-02-00-2015_0282-1,화성,3-02-00-2015_0282,,,none,분야축,Y
3-02-00-2015_0283-1,화성,3-02-00-2015_0283,,,none,,Y
3-02-00-2015_0284-1,화성,3-02-00-2015_0284,,,none,,Y
3-02-00-2015_0285-1,화성,3-02-00-2015_0285,,,none,분야축,Y
3-02-00-2015_0286-1,화성,3-02-00-2015_0286,,,none,분야축,Y
3-02-00-2015_0289-1,화성,3-02-00-2015_0289,,,none,분야축,Y
3-02-00-2015_0290-1,화성,3-02-00-2015_0290,,,none,분야축,Y
3-02-00-2015_0291-1,화성,3-02-00-2015_0291,,,none,분야축,Y
3-02-00-2015_0292-1,화성,3-02-00-2015_0292,,,none,분야축,Y
3-03-00-2015_0254-1,화성,3-03-00-2015_0254,,,none,recall,Y
3-03-00-2015_0255-1,화성,3-03-00-2015_0255,,,none,분야축,Y
3-03-00-2015_0278-1,화성,3-03-00-2015_0278,,,none,recall,Y
3-03-00-2015_0279-1,화성,3-03-00-2015_0279,,,none,분야축,Y
3-03-00-2015_0287-1,화성,3-03-00-2015_0287,,,none,recall,Y
3-03-00-2015_0288-1,화성,3-03-00-2015_0288,,,none,recall,Y
3-04-00-2015_0204-1,화성,3-04-00-2015_0204,,,none,,Y
3-04-00-2015_0205-1,화성,3-04-00-2015_0205,,,none,,Y
3-04-00-2015_0206-1,화성,3-04-00-2015_0206,,,none,,Y
3-04-00-2015_0214-1,화성,3-04-00-2015_0214,,,none,,Y
3-04-00-2015_0215-1,화성,3-04-00-2015_0215,,,none,,Y
3-04-00-2015_0221-1,화성,3-04-00-2015_0221,,,none,,Y
3-04-00-2015_0222-1,화성,3-04-00-2015_0222,,,none,분야축,Y
3-04-00-2015_0228-1,화성,3-04-00-2015_0228,,,none,분야축,Y
3-04-00-2015_0239-1,화성,3-04-00-2015_0239,,,none,분야축,Y
3-04-00-2015_0240-1,화성,3-04-00-2015_0240,,,none,,Y
3-04-00-2015_0245-1,화성,3-04-00-2015_0245,,,none,,Y
3-04-00-2015_0246-1,화성,3-04-00-2015_0246,,,none,,Y
3-04-00-2015_0247-1,화성,3-04-00-2015_0247,,,none,,Y
3-04-00-2015_0272-1,화성,3-04-00-2015_0272,,,none,분야축,Y
3-04-00-2015_0273-1,화성,3-04-00-2015_0273,,,none,,Y
3-04-00-2015_0274-1,화성,3-04-00-2015_0274,,,none,분야축,Y
3-05-00-2015_0201-1,화성,3-05-00-2015_0201,,,none,,Y
3-05-00-2015_0202-1,화성,3-05-00-2015_0202,,,none,,Y
3-05-00-2015_0208-1,화성,3-05-00-2015_0208,,,none,,Y
3-05-00-2015_0209-1,화성,3-05-00-2015_0209,,,none,,Y
3-05-00-2015_0218-1,화성,3-05-00-2015_0218,,,none,,Y
3-05-00-2015_0224-1,화성,3-05-00-2015_0224,,,none,,Y
3-05-00-2015_0232-1,화성,3-05-00-2015_0232,,,none,,Y
3-05-00-2015_0241-1,화성,3-05-00-2015_0241,,,none,,Y
3-05-00-2015_0256-1,화성,3-05-00-2015_0256,,,none,recall,Y
3-05-00-2015_0257-1,화성,3-05-00-2015_0257,,,none,,Y
3-05-00-2015_0265-1,화성,3-05-00-2015_0265,,,none,recall,Y
3-05-00-2015_0267-1,화성,3-05-00-2015_0267,,,none,,Y
3-05-00-2015_0268-1,화성,3-05-00-2015_0268,,,none,,Y
3-05-00-2015_0280-1,화성,3-05-00-2015_0280,,,none,,Y
3-06-00-2015_0229-1,화성,3-06-00-2015_0229,,,none,recall,Y
3-06-00-2015_0238-1,화성,3-06-00-2015_0238,,,none,,Y
3-06-00-2015_0250-1,화성,3-06-00-2015_0250,,,none,,Y
3-06-00-2015_0251-1,화성,3-06-00-2015_0251,,,none,recall,Y
3-06-00-2015_0252-1,화성,3-06-00-2015_0252,,,none,분야축,Y
3-06-00-2015_0253-1,화성,3-06-00-2015_0253,,,none,분야축,Y
3-06-00-2015_0276-1,화성,3-06-00-2015_0276,,,none,recall,Y
3-06-00-2015_0277-1,화성,3-06-00-2015_0277,,,none,분야축,Y
3-01-00-2015_0167-1,화성,3-01-00-2015_0167,,,none,,Y
3-01-00-2015_0186-1,화성,3-01-00-2015_0186,,,none,,Y
3-01-00-2015_0187-1,화성,3-01-00-2015_0187,,,none,분야축,Y
3-01-00-2015_0191-1,화성,3-01-00-2015_0191,,,none,,Y
3-02-00-2015_0130-1,화성,3-02-00-2015_0130,,,none,,Y
3-02-00-2015_0131-1,화성,3-02-00-2015_0131,,,none,,Y
3-02-00-2015_0137-1,화성,3-02-00-2015_0137,,,none,분야축,Y
3-02-00-2015_0140-1,화성,3-02-00-2015_0140,,,none,분야축,Y
3-02-00-2015_0141-1,화성,3-02-00-2015_0141,,,none,분야축,Y
3-02-00-2015_0142-1,화성,3-02-00-2015_0142,,,none,,Y
3-02-00-2015_0143-1,화성,3-02-00-2015_0143,,,none,,Y
3-02-00-2015_0144-1,화성,3-02-00-2015_0144,,,none,recall,Y
3-02-00-2015_0145-1,화성,3-02-00-2015_0145,,,none,,Y
3-02-00-2015_0147-1,화성,3-02-00-2015_0147,,,none,분야축,Y
3-02-00-2015_0149-1,화성,3-02-00-2015_0149,,,none,분야축,Y
3-02-00-2015_0150-1,화성,3-02-00-2015_0150,,,none,분야축,Y
3-02-00-2015_0151-1,화성,3-02-00-2015_0151,,,none,분야축,Y
3-02-00-2015_0152-1,화성,3-02-00-2015_0152,,,none,분야축,Y
3-02-00-2015_0156-1,화성,3-02-00-2015_0156,,,none,분야축,Y
3-02-00-2015_0158-1,화성,3-02-00-2015_0158,,,none,,Y
3-02-00-2015_0159-1,화성,3-02-00-2015_0159,,,none,,Y
3-02-00-2015_0160-1,화성,3-02-00-2015_0160,,,none,recall,Y
3-02-00-2015_0161-1,화성,3-02-00-2015_0161,,,none,recall,Y
3-02-00-2015_0162-1,화성,3-02-00-2015_0162,,,none,분야축,Y
3-02-00-2015_0169-1,화성,3-02-00-2015_0169,,,none,,Y
3-02-00-2015_0170-1,화성,3-02-00-2015_0170,,,none,,Y
3-02-00-2015_0171-1,화성,3-02-00-2015_0171,,,none,,Y
3-02-00-2015_0172-1,화성,3-02-00-2015_0172,,,none,,Y
3-02-00-2015_0173-1,화성,3-02-00-2015_0173,,,none,분야축,Y
3-02-00-2015_0174-1,화성,3-02-00-2015_0174,,,none,분야축,Y
3-02-00-2015_0175-1,화성,3-02-00-2015_0175,,,none,분야축,Y
3-02-00-2015_0176-1,화성,3-02-00-2015_0176,,,none,분야축,Y
3-02-00-2015_0177-1,화성,3-02-00-2015_0177,,,none,,Y
3-02-00-2015_0179-1,화성,3-02-00-2015_0179,,,none,분야축,Y
3-02-00-2015_0180-1,화성,3-02-00-2015_0180,,,none,분야축,Y
3-02-00-2015_0182-1,화성,3-02-00-2015_0182,,,none,분야축,Y
3-02-00-2015_0183-1,화성,3-02-00-2015_0183,,,none,분야축,Y
3-02-00-2015_0189-1,화성,3-02-00-2015_0189,,,none,,Y
3-02-00-2015_0190-1,화성,3-02-00-2015_0190,,,none,분야축,Y
3-03-00-2015_0184-1,화성,3-03-00-2015_0184,,,none,recall,Y
3-04-00-2015_0164-1,화성,3-04-00-2015_0164,,,none,분야축,Y
3-04-00-2015_0165-1,화성,3-04-00-2015_0165,,,none,분야축,Y
3-04-00-2015_0166-1,화성,3-04-00-2015_0166,,,none,,Y
3-04-00-2015_0168-1,화성,3-04-00-2015_0168,,,none,,Y
3-04-00-2015_0185-1,화성,3-04-00-2015_0185,,,none,,Y
3-05-00-2015_0128-1,화성,3-05-00-2015_0128,,,none,분야축,Y
3-05-00-2015_0129-1,화성,3-05-00-2015_0129,,,none,,Y
3-05-00-2015_0132-1,화성,3-05-00-2015_0132,,,none,,Y
3-05-00-2015_0133-1,화성,3-05-00-2015_0133,,,none,,Y
3-05-00-2015_0134-1,화성,3-05-00-2015_0134,,,none,,Y
3-05-00-2015_0136-1,화성,3-05-00-2015_0136,,,none,,Y
3-05-00-2015_0146-1,화성,3-05-00-2015_0146,,,none,,Y
3-05-00-2015_0148-1,화성,3-05-00-2015_0148,,,none,recall,Y
3-05-00-2015_0153-1,화성,3-05-00-2015_0153,,,none,,Y
3-05-00-2015_0157-1,화성,3-05-00-2015_0157,,,none,,Y
3-05-00-2015_0181-1,화성,3-05-00-2015_0181,,,none,분야축,Y
3-06-00-2015_0163-1,화성,3-06-00-2015_0163,,,none,,Y
3-06-00-2015_0178-1,화성,3-06-00-2015_0178,,,none,분야축,Y
3-06-00-2015_0188-1,화성,3-06-00-2015_0188,,,none,분야축,Y
3-07-00-2015_0135-1,화성,3-07-00-2015_0135,,,none,,Y
3-07-00-2015_0138-1,화성,3-07-00-2015_0138,,,none,,Y
3-07-00-2015_0139-1,화성,3-07-00-2015_0139,,,none,,Y
3-07-00-2015_0154-1,화성,3-07-00-2015_0154,,,none,,Y
3-07-00-2015_0155-1,화성,3-07-00-2015_0155,,,none,,Y
3-01-00-2014_0510-1,화성,3-01-00-2014_0510,,,none,,Y
3-01-00-2014_0511-1,화성,3-01-00-2014_0511,,,none,분야축,Y
3-01-00-2014_0512-1,화성,3-01-00-2014_0512,,,none,,Y
3-01-00-2014_0513-1,화성,3-01-00-2014_0513,,,none,분야축,Y
3-01-00-2014_0522-1,화성,3-01-00-2014_0522,,,none,,Y
3-01-00-2014_0534-1,화성,3-01-00-2014_0534,,,none,,Y
3-01-00-2014_0563-1,화성,3-01-00-2014_0563,,,none,,Y
3-01-00-2014_0564-1,화성,3-01-00-2014_0564,,,none,분야축,Y
3-02-00-2014_0500-1,화성,3-02-00-2014_0500,,,none,분야축,Y
3-02-00-2014_0502-1,화성,3-02-00-2014_0502,,,none,분야축,Y
3-02-00-2014_0503-1,화성,3-02-00-2014_0503,,,none,분야축,Y
3-02-00-2014_0504-1,화성,3-02-00-2014_0504,,,none,분야축,Y
3-02-00-2014_0508-1,화성,3-02-00-2014_0508,,,none,분야축,Y
3-02-00-2014_0514-1,화성,3-02-00-2014_0514,,,none,,Y
3-02-00-2014_0515-1,화성,3-02-00-2014_0515,,,none,분야축,Y
3-02-00-2014_0516-1,화성,3-02-00-2014_0516,,,none,분야축,Y
3-02-00-2014_0517-1,화성,3-02-00-2014_0517,,,none,분야축,Y
3-02-00-2014_0518-1,화성,3-02-00-2014_0518,,,none,,Y
3-02-00-2014_0519-1,화성,3-02-00-2014_0519,,,none,,Y
3-02-00-2014_0521-1,화성,3-02-00-2014_0521,,,none,분야축,Y
3-02-00-2014_0524-1,화성,3-02-00-2014_0524,,,none,분야축,Y
3-02-00-2014_0536-1,화성,3-02-00-2014_0536,,,none,,Y
3-02-00-2014_0537-1,화성,3-02-00-2014_0537,,,none,,Y
3-02-00-2014_0538-1,화성,3-02-00-2014_0538,,,none,,Y
3-02-00-2014_0542-1,화성,3-02-00-2014_0542,,,none,분야축,Y
3-02-00-2014_0546-1,화성,3-02-00-2014_0546,,,none,분야축,Y
3-02-00-2014_0549-1,화성,3-02-00-2014_0549,,,none,분야축,Y
3-02-00-2014_0551-1,화성,3-02-00-2014_0551,,,none,분야축,Y
3-02-00-2014_0553-1,화성,3-02-00-2014_0553,,,none,,Y
3-02-00-2014_0554-1,화성,3-02-00-2014_0554,,,none,분야축,Y
3-02-00-2014_0555-1,화성,3-02-00-2014_0555,,,none,분야축,Y
3-02-00-2014_0556-1,화성,3-02-00-2014_0556,,,none,분야축,Y
3-02-00-2014_0565-1,화성,3-02-00-2014_0565,,,none,분야축,Y
3-02-00-2014_0566-1,화성,3-02-00-2014_0566,,,none,recall,Y
3-02-00-2014_0570-1,화성,3-02-00-2014_0570,,,none,분야축,Y
3-03-00-2014_0505-1,화성,3-03-00-2014_0505,,,none,,Y
3-03-00-2014_0506-1,화성,3-03-00-2014_0506,,,none,,Y
3-03-00-2014_0507-1,화성,3-03-00-2014_0507,,,none,recall,Y
3-03-00-2014_0525-1,화성,3-03-00-2014_0525,,,none,분야축,Y
3-03-00-2014_0526-1,화성,3-03-00-2014_0526,,,none,분야축,Y
3-03-00-2014_0527-1,화성,3-03-00-2014_0527,,,none,,Y
3-03-00-2014_0528-1,화성,3-03-00-2014_0528,,,none,분야축,Y
3-03-00-2014_0529-1,화성,3-03-00-2014_0529,,,none,분야축,Y
3-03-00-2014_0530-1,화성,3-03-00-2014_0530,,,none,,Y
3-03-00-2014_0531-1,화성,3-03-00-2014_0531,,,none,분야축,Y
3-03-00-2014_0532-1,화성,3-03-00-2014_0532,,,none,recall,Y
3-03-00-2014_0533-1,화성,3-03-00-2014_0533,,,none,,Y
3-03-00-2014_0535-1,화성,3-03-00-2014_0535,,,none,분야축,Y
3-03-00-2014_0543-1,화성,3-03-00-2014_0543,,,none,,Y
3-03-00-2014_0544-1,화성,3-03-00-2014_0544,,,none,분야축,Y
3-03-00-2014_0545-1,화성,3-03-00-2014_0545,,,none,recall,Y
3-03-00-2014_0550-1,화성,3-03-00-2014_0550,,,none,분야축,Y
3-03-00-2014_0557-1,화성,3-03-00-2014_0557,,,none,,Y
3-03-00-2014_0558-1,화성,3-03-00-2014_0558,,,none,,Y
3-03-00-2014_0559-1,화성,3-03-00-2014_0559,,,none,recall,Y
3-03-00-2014_0560-1,화성,3-03-00-2014_0560,,,none,분야축,Y
3-03-00-2014_0561-1,화성,3-03-00-2014_0561,,,none,,Y
3-03-00-2014_0571-1,화성,3-03-00-2014_0571,,,none,분야축,Y
3-03-00-2014_0572-1,화성,3-03-00-2014_0572,,,none,분야축,Y
3-03-00-2014_0573-1,화성,3-03-00-2014_0573,,,none,,Y
3-03-00-2014_0574-1,화성,3-03-00-2014_0574,,,none,,Y
3-04-00-2014_0509-1,화성,3-04-00-2014_0509,,,none,분야축,Y
3-04-00-2014_0539-1,화성,3-04-00-2014_0539,,,none,,Y
3-04-00-2014_0540-1,화성,3-04-00-2014_0540,,,none,분야축,Y
3-04-00-2014_0541-1,화성,3-04-00-2014_0541,,,none,,Y
3-04-00-2014_0548-1,화성,3-04-00-2014_0548,,,none,,Y
3-04-00-2014_0562-1,화성,3-04-00-2014_0562,,,none,분야축,Y
3-04-00-2014_0567-1,화성,3-04-00-2014_0567,,,none,분야축,Y
3-05-00-2014_0501-1,화성,3-05-00-2014_0501,,,none,,Y
3-05-00-2014_0520-1,화성,3-05-00-2014_0520,,,none,,Y
3-05-00-2014_0523-1,화성,3-05-00-2014_0523,,,none,,Y
3-05-00-2014_0547-1,화성,3-05-00-2014_0547,,,none,,Y
3-05-00-2014_0552-1,화성,3-05-00-2014_0552,,,none,,Y
3-05-00-2014_0568-1,화성,3-05-00-2014_0568,,,none,,Y
3-05-00-2014_0569-1,화성,3-05-00-2014_0569,,,none,,Y
3-01-00-2014_0401-1,화성,3-01-00-2014_0401,,,none,분야축,Y
3-01-00-2014_0402-1,화성,3-01-00-2014_0402,,,none,,Y
3-01-00-2014_0403-1,화성,3-01-00-2014_0403,,,none,분야축,Y
3-01-00-2014_0422-1,화성,3-01-00-2014_0422,,,none,,Y
3-01-00-2014_0423-1,화성,3-01-00-2014_0423,,,none,분야축,Y
3-02-00-2014_0360-1,화성,3-02-00-2014_0360,,,none,,Y
3-02-00-2014_0361-1,화성,3-02-00-2014_0361,,,none,recall,Y
3-02-00-2014_0362-1,화성,3-02-00-2014_0362,,,none,,Y
3-02-00-2014_0363-1,화성,3-02-00-2014_0363,,,none,,Y
3-02-00-2014_0367-1,화성,3-02-00-2014_0367,,,none,recall,Y
3-02-00-2014_0368-1,화성,3-02-00-2014_0368,,,none,분야축,Y
3-02-00-2014_0369-1,화성,3-02-00-2014_0369,,,none,,Y
3-02-00-2014_0378-1,화성,3-02-00-2014_0378,,,none,분야축,Y
3-02-00-2014_0379-1,화성,3-02-00-2014_0379,,,none,분야축,Y
3-02-00-2014_0382-1,화성,3-02-00-2014_0382,,,none,분야축,Y
3-02-00-2014_0383-1,화성,3-02-00-2014_0383,,,none,분야축,Y
3-02-00-2014_0384-1,화성,3-02-00-2014_0384,,,none,분야축,Y
3-02-00-2014_0385-1,화성,3-02-00-2014_0385,,,none,분야축,Y
3-02-00-2014_0386-1,화성,3-02-00-2014_0386,,,none,recall,Y
3-02-00-2014_0387-1,화성,3-02-00-2014_0387,,,none,분야축,Y
3-02-00-2014_0389-1,화성,3-02-00-2014_0389,,,none,분야축,Y
3-02-00-2014_0390-1,화성,3-02-00-2014_0390,,,none,분야축,Y
3-02-00-2014_0391-1,화성,3-02-00-2014_0391,,,none,,Y
3-02-00-2014_0392-1,화성,3-02-00-2014_0392,,,none,,Y
3-02-00-2014_0393-1,화성,3-02-00-2014_0393,,,none,,Y
3-02-00-2014_0394-1,화성,3-02-00-2014_0394,,,none,분야축,Y
3-02-00-2014_0404-1,화성,3-02-00-2014_0404,,,none,분야축,Y
3-02-00-2014_0405-1,화성,3-02-00-2014_0405,,,none,분야축,Y
3-02-00-2014_0407-1,화성,3-02-00-2014_0407,,,none,분야축,Y
3-02-00-2014_0408-1,화성,3-02-00-2014_0408,,,none,recall,Y
3-02-00-2014_0409-1,화성,3-02-00-2014_0409,,,none,,Y
3-03-00-2014_0380-1,화성,3-03-00-2014_0380,,,none,분야축,Y
3-03-00-2014_0396-1,화성,3-03-00-2014_0396,,,none,,Y
3-03-00-2014_0410-1,화성,3-03-00-2014_0410,,,none,recall,Y
3-03-00-2014_0411-1,화성,3-03-00-2014_0411,,,none,recall,Y
3-03-00-2014_0412-1,화성,3-03-00-2014_0412,,,none,recall,Y
3-03-00-2014_0413-1,화성,3-03-00-2014_0413,,,none,recall,Y
3-03-00-2014_0414-1,화성,3-03-00-2014_0414,,,none,,Y
3-03-00-2014_0415-1,화성,3-03-00-2014_0415,,,none,recall,Y
3-03-00-2014_0419-1,화성,3-03-00-2014_0419,,,none,,Y
3-04-00-2014_0359-1,화성,3-04-00-2014_0359,,,none,분야축,Y
3-04-00-2014_0365-1,화성,3-04-00-2014_0365,,,none,,Y
3-04-00-2014_0366-1,화성,3-04-00-2014_0366,,,none,,Y
3-04-00-2014_0370-1,화성,3-04-00-2014_0370,,,none,,Y
3-04-00-2014_0397-1,화성,3-04-00-2014_0397,,,none,분야축,Y
3-04-00-2014_0398-1,화성,3-04-00-2014_0398,,,none,,Y
3-04-00-2014_0399-1,화성,3-04-00-2014_0399,,,none,,Y
3-04-00-2014_0400-1,화성,3-04-00-2014_0400,,,none,분야축,Y
3-04-00-2014_0420-1,화성,3-04-00-2014_0420,,,none,,Y
3-04-00-2014_0421-1,화성,3-04-00-2014_0421,,,none,분야축,Y
3-05-00-2014_0364-1,화성,3-05-00-2014_0364,,,none,,Y
3-05-00-2014_0424-1,화성,3-05-00-2014_0424,,,none,,Y
3-05-00-2014_0425-1,화성,3-05-00-2014_0425,,,none,,Y
3-05-00-2014_0426-1,화성,3-05-00-2014_0426,,,none,분야축,Y
3-05-00-2014_0427-1,화성,3-05-00-2014_0427,,,none,,Y
3-06-00-2014_0395-1,화성,3-06-00-2014_0395,,,none,recall,Y
3-06-00-2014_0416-1,화성,3-06-00-2014_0416,,,none,분야축,Y
3-06-00-2014_0417-1,화성,3-06-00-2014_0417,,,none,,Y
3-06-00-2014_0418-1,화성,3-06-00-2014_0418,,,none,recall,Y
3-08-00-2014_0371-1,화성,3-08-00-2014_0371,,,none,분야축,Y
3-08-00-2014_0372-1,화성,3-08-00-2014_0372,,,none,분야축,Y
3-08-00-2014_0373-1,화성,3-08-00-2014_0373,,,none,분야축,Y
3-08-00-2014_0374-1,화성,3-08-00-2014_0374,,,none,분야축,Y
3-08-00-2014_0375-1,화성,3-08-00-2014_0375,,,none,분야축,Y
3-08-00-2014_0376-1,화성,3-08-00-2014_0376,,,none,분야축,Y
3-08-00-2014_0377-1,화성,3-08-00-2014_0377,,,none,분야축,Y
3-08-00-2014_0381-1,화성,3-08-00-2014_0381,,,none,분야축,Y
3-08-00-2014_0388-1,화성,3-08-00-2014_0388,,,none,분야축,Y
3-08-00-2014_0406-1,화성,3-08-00-2014_0406,,,none,분야축,Y
3-01-00-2014_0205-1,화성,3-01-00-2014_0205,,,none,분야축,Y
3-01-00-2014_0206-1,화성,3-01-00-2014_0206,,,none,분야축,Y
3-01-00-2014_0236-1,화성,3-01-00-2014_0236,,,none,,Y
3-01-00-2014_0237-1,화성,3-01-00-2014_0237,,,none,분야축,Y
3-01-00-2014_0245-1,화성,3-01-00-2014_0245,,,none,,Y
3-01-00-2014_0246-1,화성,3-01-00-2014_0246,,,none,,Y
3-02-00-2014_0191-1,화성,3-02-00-2014_0191,,,none,분야축,Y
3-02-00-2014_0192-1,화성,3-02-00-2014_0192,,,none,분야축,Y
3-02-00-2014_0193-1,화성,3-02-00-2014_0193,,,none,recall,Y
3-02-00-2014_0194-1,화성,3-02-00-2014_0194,,,none,분야축,Y
3-02-00-2014_0209-1,화성,3-02-00-2014_0209,,,none,,Y
3-02-00-2014_0210-1,화성,3-02-00-2014_0210,,,none,분야축,Y
3-02-00-2014_0211-1,화성,3-02-00-2014_0211,,,none,,Y
3-02-00-2014_0212-1,화성,3-02-00-2014_0212,,,none,분야축,Y
3-02-00-2014_0213-1,화성,3-02-00-2014_0213,,,none,분야축,Y
3-02-00-2014_0214-1,화성,3-02-00-2014_0214,,,none,분야축,Y
3-02-00-2014_0215-1,화성,3-02-00-2014_0215,,,none,분야축,Y
3-02-00-2014_0216-1,화성,3-02-00-2014_0216,,,none,분야축,Y
3-02-00-2014_0217-1,화성,3-02-00-2014_0217,,,none,분야축,Y
3-02-00-2014_0218-1,화성,3-02-00-2014_0218,,,none,분야축,Y
3-02-00-2014_0219-1,화성,3-02-00-2014_0219,,,none,recall,Y
3-02-00-2014_0220-1,화성,3-02-00-2014_0220,,,none,,Y
3-02-00-2014_0221-1,화성,3-02-00-2014_0221,,,none,분야축,Y
3-02-00-2014_0222-1,화성,3-02-00-2014_0222,,,none,recall,Y
3-02-00-2014_0223-1,화성,3-02-00-2014_0223,,,none,분야축,Y
3-02-00-2014_0224-1,화성,3-02-00-2014_0224,,,none,분야축,Y
3-02-00-2014_0225-1,화성,3-02-00-2014_0225,,,none,분야축,Y
3-02-00-2014_0226-1,화성,3-02-00-2014_0226,,,none,,Y
3-02-00-2014_0227-1,화성,3-02-00-2014_0227,,,none,,Y
3-02-00-2014_0228-1,화성,3-02-00-2014_0228,,,none,,Y
3-02-00-2014_0229-1,화성,3-02-00-2014_0229,,,none,,Y
3-02-00-2014_0230-1,화성,3-02-00-2014_0230,,,none,recall,Y
3-02-00-2014_0240-1,화성,3-02-00-2014_0240,,,none,분야축,Y
3-02-00-2014_0241-1,화성,3-02-00-2014_0241,,,none,분야축,Y
3-02-00-2014_0242-1,화성,3-02-00-2014_0242,,,none,recall,Y
3-03-00-2014_0195-1,화성,3-03-00-2014_0195,,,none,분야축,Y
3-03-00-2014_0196-1,화성,3-03-00-2014_0196,,,none,,Y
3-03-00-2014_0197-1,화성,3-03-00-2014_0197,,,none,recall,Y
3-03-00-2014_0198-1,화성,3-03-00-2014_0198,,,none,,Y
3-04-00-2014_0202-1,화성,3-04-00-2014_0202,,,none,,Y
3-04-00-2014_0203-1,화성,3-04-00-2014_0203,,,none,,Y
3-04-00-2014_0204-1,화성,3-04-00-2014_0204,,,none,,Y
3-04-00-2014_0207-1,화성,3-04-00-2014_0207,,,none,분야축,Y
3-04-00-2014_0234-1,화성,3-04-00-2014_0234,,,none,,Y
3-04-00-2014_0235-1,화성,3-04-00-2014_0235,,,none,,Y
3-04-00-2014_0238-1,화성,3-04-00-2014_0238,,,none,분야축,Y
3-04-00-2014_0239-1,화성,3-04-00-2014_0239,,,none,분야축,Y
3-04-00-2014_0244-1,화성,3-04-00-2014_0244,,,none,,Y
3-04-00-2014_0251-1,화성,3-04-00-2014_0251,,,none,recall,Y
3-05-00-2014_0208-1,화성,3-05-00-2014_0208,,,none,,Y
3-05-00-2014_0243-1,화성,3-05-00-2014_0243,,,none,분야축,Y
3-06-00-2014_0199-1,화성,3-06-00-2014_0199,,,none,,Y
3-06-00-2014_0200-1,화성,3-06-00-2014_0200,,,none,,Y
3-06-00-2014_0201-1,화성,3-06-00-2014_0201,,,none,,Y
3-06-00-2014_0231-1,화성,3-06-00-2014_0231,,,none,분야축,Y
3-06-00-2014_0232-1,화성,3-06-00-2014_0232,,,none,분야축,Y
3-06-00-2014_0233-1,화성,3-06-00-2014_0233,,,none,,Y
3-06-00-2014_0248-1,화성,3-06-00-2014_0248,,,none,분야축,Y
3-06-00-2014_0249-1,화성,3-06-00-2014_0249,,,none,분야축,Y
3-06-00-2014_0250-1,화성,3-06-00-2014_0250,,,none,분야축,Y
3-01-00-2014_0005-1,화성,3-01-00-2014_0005,,,none,,Y
3-01-00-2014_0006-1,화성,3-01-00-2014_0006,,,none,분야축,Y
3-01-00-2014_0007-1,화성,3-01-00-2014_0007,,,none,,Y
3-01-00-2014_0008-1,화성,3-01-00-2014_0008,,,none,분야축,Y
3-01-00-2014_0034-1,화성,3-01-00-2014_0034,,,none,,Y
3-01-00-2014_0045-1,화성,3-01-00-2014_0045,,,none,recall,Y
3-01-00-2014_0057-1,화성,3-01-00-2014_0057,,,none,,Y
3-01-00-2014_0058-1,화성,3-01-00-2014_0058,,,none,분야축,Y
3-01-00-2014_0059-1,화성,3-01-00-2014_0059,,,none,,Y
3-01-00-2014_0060-1,화성,3-01-00-2014_0060,,,none,분야축,Y
3-01-00-2014_0065-1,화성,3-01-00-2014_0065,,,none,,Y
3-01-00-2014_0066-1,화성,3-01-00-2014_0066,,,none,분야축,Y
3-01-00-2014_0067-1,화성,3-01-00-2014_0067,,,none,,Y
3-01-00-2014_0068-1,화성,3-01-00-2014_0068,,,none,,Y
3-01-00-2014_0075-1,화성,3-01-00-2014_0075,,,none,,Y
3-01-00-2014_0076-1,화성,3-01-00-2014_0076,,,none,,Y
3-01-00-2014_0084-1,화성,3-01-00-2014_0084,,,none,,Y
3-01-00-2014_0109-1,화성,3-01-00-2014_0109,,,none,,Y
3-01-00-2014_0110-1,화성,3-01-00-2014_0110,,,none,,Y
3-01-00-2014_0111-1,화성,3-01-00-2014_0111,,,none,분야축,Y
3-01-00-2014_0112-1,화성,3-01-00-2014_0112,,,none,분야축,Y
3-01-00-2014_0113-1,화성,3-01-00-2014_0113,,,none,,Y
3-01-00-2014_0114-1,화성,3-01-00-2014_0114,,,none,분야축,Y
3-01-00-2014_0121-1,화성,3-01-00-2014_0121,,,none,분야축,Y
3-01-00-2014_0122-1,화성,3-01-00-2014_0122,,,none,,Y
3-01-00-2014_0123-1,화성,3-01-00-2014_0123,,,none,분야축,Y
3-02-00-2014_0002-1,화성,3-02-00-2014_0002,,,none,분야축,Y
3-02-00-2014_0003-1,화성,3-02-00-2014_0003,,,none,,Y
3-02-00-2014_0010-1,화성,3-02-00-2014_0010,,,none,분야축,Y
3-02-00-2014_0011-1,화성,3-02-00-2014_0011,,,none,분야축,Y
3-02-00-2014_0012-1,화성,3-02-00-2014_0012,,,none,분야축,Y
3-02-00-2014_0014-1,화성,3-02-00-2014_0014,,,none,분야축,Y
3-02-00-2014_0019-1,화성,3-02-00-2014_0019,,,none,분야축,Y
3-02-00-2014_0020-1,화성,3-02-00-2014_0020,,,none,분야축,Y
3-02-00-2014_0021-1,화성,3-02-00-2014_0021,,,none,recall,Y
3-02-00-2014_0023-1,화성,3-02-00-2014_0023,,,none,분야축,Y
3-02-00-2014_0024-1,화성,3-02-00-2014_0024,,,none,분야축,Y
3-02-00-2014_0048-1,화성,3-02-00-2014_0048,,,none,분야축,Y
3-02-00-2014_0049-1,화성,3-02-00-2014_0049,,,none,분야축,Y
3-02-00-2014_0050-1,화성,3-02-00-2014_0050,,,none,분야축,Y
3-02-00-2014_0051-1,화성,3-02-00-2014_0051,,,none,분야축,Y
3-02-00-2014_0052-1,화성,3-02-00-2014_0052,,,none,분야축,Y
3-02-00-2014_0053-1,화성,3-02-00-2014_0053,,,none,recall,Y
3-02-00-2014_0061-1,화성,3-02-00-2014_0061,,,none,분야축,Y
3-02-00-2014_0062-1,화성,3-02-00-2014_0062,,,none,,Y
3-02-00-2014_0063-1,화성,3-02-00-2014_0063,,,none,,Y
3-02-00-2014_0069-1,화성,3-02-00-2014_0069,,,none,분야축,Y
3-02-00-2014_0070-1,화성,3-02-00-2014_0070,,,none,분야축,Y
3-02-00-2014_0071-1,화성,3-02-00-2014_0071,,,none,분야축,Y
3-02-00-2014_0072-1,화성,3-02-00-2014_0072,,,none,분야축,Y
3-02-00-2014_0077-1,화성,3-02-00-2014_0077,,,none,분야축,Y
3-02-00-2014_0080-1,화성,3-02-00-2014_0080,,,none,recall,Y
3-02-00-2014_0083-1,화성,3-02-00-2014_0083,,,none,분야축,Y
3-02-00-2014_0086-1,화성,3-02-00-2014_0086,,,none,,Y
3-02-00-2014_0087-1,화성,3-02-00-2014_0087,,,none,recall,Y
3-02-00-2014_0088-1,화성,3-02-00-2014_0088,,,none,,Y
3-02-00-2014_0090-1,화성,3-02-00-2014_0090,,,none,,Y
3-02-00-2014_0091-1,화성,3-02-00-2014_0091,,,none,분야축,Y
3-02-00-2014_0092-1,화성,3-02-00-2014_0092,,,none,recall,Y
3-02-00-2014_0093-1,화성,3-02-00-2014_0093,,,none,분야축,Y
3-02-00-2014_0103-1,화성,3-02-00-2014_0103,,,none,분야축,Y
3-02-00-2014_0104-1,화성,3-02-00-2014_0104,,,none,분야축,Y
3-02-00-2014_0105-1,화성,3-02-00-2014_0105,,,none,분야축,Y
3-02-00-2014_0115-1,화성,3-02-00-2014_0115,,,none,분야축,Y
3-02-00-2014_0116-1,화성,3-02-00-2014_0116,,,none,recall,Y
3-02-00-2014_0126-1,화성,3-02-00-2014_0126,,,none,분야축,Y
3-03-00-2014_0017-1,화성,3-03-00-2014_0017,,,none,분야축,Y
3-03-00-2014_0022-1,화성,3-03-00-2014_0022,,,none,분야축,Y
3-03-00-2014_0027-1,화성,3-03-00-2014_0027,,,none,,Y
3-03-00-2014_0028-1,화성,3-03-00-2014_0028,,,none,,Y
3-03-00-2014_0029-1,화성,3-03-00-2014_0029,,,none,,Y
3-03-00-2014_0030-1,화성,3-03-00-2014_0030,,,none,,Y
3-03-00-2014_0031-1,화성,3-03-00-2014_0031,,,none,recall,Y
3-03-00-2014_0032-1,화성,3-03-00-2014_0032,,,none,분야축,Y
3-03-00-2014_0033-1,화성,3-03-00-2014_0033,,,none,,Y
3-03-00-2014_0039-1,화성,3-03-00-2014_0039,,,none,,Y
3-03-00-2014_0040-1,화성,3-03-00-2014_0040,,,none,,Y
3-03-00-2014_0041-1,화성,3-03-00-2014_0041,,,none,분야축,Y
3-03-00-2014_0043-1,화성,3-03-00-2014_0043,,,none,,Y
3-03-00-2014_0044-1,화성,3-03-00-2014_0044,,,none,,Y
3-03-00-2014_0046-1,화성,3-03-00-2014_0046,,,none,,Y
3-03-00-2014_0047-1,화성,3-03-00-2014_0047,,,none,recall,Y
3-04-00-2014_0004-1,화성,3-04-00-2014_0004,,,none,분야축,Y
3-04-00-2014_0015-1,화성,3-04-00-2014_0015,,,none,분야축,Y
3-04-00-2014_0016-1,화성,3-04-00-2014_0016,,,none,분야축,Y
3-04-00-2014_0025-1,화성,3-04-00-2014_0025,,,none,,Y
3-04-00-2014_0026-1,화성,3-04-00-2014_0026,,,none,분야축,Y
3-04-00-2014_0035-1,화성,3-04-00-2014_0035,,,none,,Y
3-04-00-2014_0036-1,화성,3-04-00-2014_0036,,,none,,Y
3-04-00-2014_0037-1,화성,3-04-00-2014_0037,,,none,,Y
3-04-00-2014_0038-1,화성,3-04-00-2014_0038,,,none,,Y
3-04-00-2014_0054-1,화성,3-04-00-2014_0054,,,none,,Y
3-04-00-2014_0055-1,화성,3-04-00-2014_0055,,,none,,Y
3-04-00-2014_0056-1,화성,3-04-00-2014_0056,,,none,,Y
3-04-00-2014_0064-1,화성,3-04-00-2014_0064,,,none,분야축,Y
3-04-00-2014_0073-1,화성,3-04-00-2014_0073,,,none,,Y
3-04-00-2014_0074-1,화성,3-04-00-2014_0074,,,none,,Y
3-04-00-2014_0079-1,화성,3-04-00-2014_0079,,,none,,Y
3-04-00-2014_0085-1,화성,3-04-00-2014_0085,,,none,,Y
3-04-00-2014_0094-1,화성,3-04-00-2014_0094,,,none,분야축,Y
3-04-00-2014_0095-1,화성,3-04-00-2014_0095,,,none,,Y
3-04-00-2014_0096-1,화성,3-04-00-2014_0096,,,none,,Y
3-04-00-2014_0097-1,화성,3-04-00-2014_0097,,,none,분야축,Y
3-04-00-2014_0098-1,화성,3-04-00-2014_0098,,,none,,Y
3-04-00-2014_0099-1,화성,3-04-00-2014_0099,,,none,분야축,Y
3-04-00-2014_0100-1,화성,3-04-00-2014_0100,,,none,분야축,Y
3-04-00-2014_0101-1,화성,3-04-00-2014_0101,,,none,분야축,Y
3-04-00-2014_0102-1,화성,3-04-00-2014_0102,,,none,,Y
3-04-00-2014_0106-1,화성,3-04-00-2014_0106,,,none,,Y
3-04-00-2014_0107-1,화성,3-04-00-2014_0107,,,none,,Y
3-04-00-2014_0108-1,화성,3-04-00-2014_0108,,,none,분야축,Y
3-04-00-2014_0117-1,화성,3-04-00-2014_0117,,,none,분야축,Y
3-04-00-2014_0118-1,화성,3-04-00-2014_0118,,,none,,Y
3-04-00-2014_0119-1,화성,3-04-00-2014_0119,,,none,분야축,Y
3-04-00-2014_0120-1,화성,3-04-00-2014_0120,,,none,분야축,Y
3-04-00-2014_0127-1,화성,3-04-00-2014_0127,,,none,분야축,Y
3-04-00-2014_0128-1,화성,3-04-00-2014_0128,,,none,,Y
3-04-00-2014_0133-1,화성,3-04-00-2014_0133,,,none,,Y
3-05-00-2014_0001-1,화성,3-05-00-2014_0001,,,none,분야축,Y
3-05-00-2014_0009-1,화성,3-05-00-2014_0009,,,none,,Y
3-05-00-2014_0013-1,화성,3-05-00-2014_0013,,,none,분야축,Y
3-05-00-2014_0018-1,화성,3-05-00-2014_0018,,,none,,Y
3-05-00-2014_0078-1,화성,3-05-00-2014_0078,,,none,,Y
3-05-00-2014_0081-1,화성,3-05-00-2014_0081,,,none,,Y
3-05-00-2014_0082-1,화성,3-05-00-2014_0082,,,none,분야축,Y
3-05-00-2014_0089-1,화성,3-05-00-2014_0089,,,none,,Y
3-05-00-2014_0125-1,화성,3-05-00-2014_0125,,,none,분야축,Y
3-05-00-2014_0129-1,화성,3-05-00-2014_0129,,,none,,Y
3-05-00-2014_0130-1,화성,3-05-00-2014_0130,,,none,,Y
3-06-00-2014_0042-1,화성,3-06-00-2014_0042,,,none,,Y
3-06-00-2014_0124-1,화성,3-06-00-2014_0124,,,none,분야축,Y
3-07-00-2014_0131-1,화성,3-07-00-2014_0131,,,none,,Y
3-07-00-2014_0132-1,화성,3-07-00-2014_0132,,,none,,Y
3-09-00-2013_0130-1,화성,3-09-00-2013_0130,,,none,,Y
3-09-00-2013_0131-1,화성,3-09-00-2013_0131,,,none,,Y
3-09-00-2013_0132-1,화성,3-09-00-2013_0132,,,none,,Y
3-09-00-2013_0133-1,화성,3-09-00-2013_0133,,,none,,Y
3-09-00-2013_0134-1,화성,3-09-00-2013_0134,,,none,,Y
3-09-00-2013_0135-1,화성,3-09-00-2013_0135,,,none,분야축,Y
3-09-00-2013_0136-1,화성,3-09-00-2013_0136,,,none,분야축,Y
3-09-00-2013_0137-1,화성,3-09-00-2013_0137,,,none,,Y
3-09-00-2013_0138-1,화성,3-09-00-2013_0138,,,none,,Y
3-09-00-2013_0139-1,화성,3-09-00-2013_0139,,,none,,Y
3-09-00-2013_0140-1,화성,3-09-00-2013_0140,,,none,,Y
3-09-00-2013_0141-1,화성,3-09-00-2013_0141,,,none,,Y
3-09-00-2013_0142-1,화성,3-09-00-2013_0142,,,none,,Y
3-09-00-2013_0143-1,화성,3-09-00-2013_0143,,,none,,Y
3-09-00-2013_0144-1,화성,3-09-00-2013_0144,,,none,분야축,Y
3-09-00-2013_0145-1,화성,3-09-00-2013_0145,,,none,분야축,Y
3-09-00-2013_0092-1,화성,3-09-00-2013_0092,,,none,분야축,Y
3-09-00-2013_0093-1,화성,3-09-00-2013_0093,,,none,분야축,Y
3-09-00-2013_0094-1,화성,3-09-00-2013_0094,,,none,분야축,Y
3-09-00-2013_0095-1,화성,3-09-00-2013_0095,,,none,분야축,Y
3-09-00-2013_0096-1,화성,3-09-00-2013_0096,,,none,분야축,Y
3-09-00-2013_0097-1,화성,3-09-00-2013_0097,,,none,,Y
3-09-00-2013_0098-1,화성,3-09-00-2013_0098,,,none,,Y
3-09-00-2013_0099-1,화성,3-09-00-2013_0099,,,none,,Y
3-09-00-2013_0100-1,화성,3-09-00-2013_0100,,,none,,Y
3-09-00-2013_0101-1,화성,3-09-00-2013_0101,,,none,recall,Y
3-09-00-2013_0102-1,화성,3-09-00-2013_0102,,,none,,Y
3-09-00-2013_0103-1,화성,3-09-00-2013_0103,,,none,,Y
3-09-00-2013_0104-1,화성,3-09-00-2013_0104,,,none,,Y
3-09-00-2013_0105-1,화성,3-09-00-2013_0105,,,none,,Y
3-09-00-2013_0106-1,화성,3-09-00-2013_0106,,,none,,Y
3-09-00-2013_0107-1,화성,3-09-00-2013_0107,,,none,,Y
3-09-00-2013_0108-1,화성,3-09-00-2013_0108,,,none,,Y
3-09-00-2013_0109-1,화성,3-09-00-2013_0109,,,none,,Y
3-09-00-2013_0110-1,화성,3-09-00-2013_0110,,,none,,Y
3-09-00-2013_0111-1,화성,3-09-00-2013_0111,,,none,,Y
3-09-00-2013_0112-1,화성,3-09-00-2013_0112,,,none,,Y
3-09-00-2013_0113-1,화성,3-09-00-2013_0113,,,none,recall,Y
3-09-00-2013_0114-1,화성,3-09-00-2013_0114,,,none,recall,Y
3-09-00-2013_0115-1,화성,3-09-00-2013_0115,,,none,,Y
3-09-00-2013_0116-1,화성,3-09-00-2013_0116,,,none,,Y
3-09-00-2013_0117-1,화성,3-09-00-2013_0117,,,none,,Y
3-09-00-2013_0118-1,화성,3-09-00-2013_0118,,,none,,Y
3-09-00-2013_0119-1,화성,3-09-00-2013_0119,,,none,recall,Y
3-09-00-2013_0120-1,화성,3-09-00-2013_0120,,,none,,Y
3-09-00-2013_0121-1,화성,3-09-00-2013_0121,,,none,,Y
3-09-00-2013_0122-1,화성,3-09-00-2013_0122,,,none,,Y
3-09-00-2013_0123-1,화성,3-09-00-2013_0123,,,none,,Y
3-09-00-2013_0124-1,화성,3-09-00-2013_0124,,,none,,Y
3-09-00-2013_0125-1,화성,3-09-00-2013_0125,,,none,,Y
3-09-00-2013_0126-1,화성,3-09-00-2013_0126,,,none,,Y
3-09-00-2013_0127-1,화성,3-09-00-2013_0127,,,none,,Y
3-09-00-2013_0128-1,화성,3-09-00-2013_0128,,,none,,Y
3-09-00-2013_0129-1,화성,3-09-00-2013_0129,,,none,분야축,Y
3-09-00-2013_0001-1,화성,3-09-00-2013_0001,,,none,,Y
3-09-00-2013_0002-1,화성,3-09-00-2013_0002,,,none,,Y
3-09-00-2013_0003-1,화성,3-09-00-2013_0003,,,none,,Y
3-09-00-2013_0004-1,화성,3-09-00-2013_0004,,,none,,Y
3-09-00-2013_0005-1,화성,3-09-00-2013_0005,,,none,,Y
3-09-00-2013_0006-1,화성,3-09-00-2013_0006,,,none,,Y
3-09-00-2013_0007-1,화성,3-09-00-2013_0007,,,none,,Y
3-09-00-2013_0008-1,화성,3-09-00-2013_0008,,,none,,Y
3-09-00-2013_0009-1,화성,3-09-00-2013_0009,,,none,,Y
3-09-00-2013_0010-1,화성,3-09-00-2013_0010,,,none,,Y
3-09-00-2013_0011-1,화성,3-09-00-2013_0011,,,none,,Y
3-09-00-2013_0012-1,화성,3-09-00-2013_0012,,,none,,Y
3-09-00-2013_0013-1,화성,3-09-00-2013_0013,,,none,,Y
3-09-00-2013_0014-1,화성,3-09-00-2013_0014,,,none,,Y
3-09-00-2013_0015-1,화성,3-09-00-2013_0015,,,none,,Y
3-09-00-2013_0016-1,화성,3-09-00-2013_0016,,,none,,Y
3-09-00-2013_0017-1,화성,3-09-00-2013_0017,,,none,,Y
3-09-00-2013_0018-1,화성,3-09-00-2013_0018,,,none,,Y
3-09-00-2013_0019-1,화성,3-09-00-2013_0019,,,none,,Y
3-09-00-2013_0020-1,화성,3-09-00-2013_0020,,,none,,Y
3-09-00-2013_0021-1,화성,3-09-00-2013_0021,,,none,,Y
3-09-00-2013_0022-1,화성,3-09-00-2013_0022,,,none,,Y
3-09-00-2013_0023-1,화성,3-09-00-2013_0023,,,none,,Y
3-09-00-2013_0024-1,화성,3-09-00-2013_0024,,,none,,Y
3-09-00-2013_0025-1,화성,3-09-00-2013_0025,,,none,,Y
3-09-00-2013_0026-1,화성,3-09-00-2013_0026,,,none,,Y
3-09-00-2013_0027-1,화성,3-09-00-2013_0027,,,none,,Y
3-09-00-2013_0028-1,화성,3-09-00-2013_0028,,,none,,Y
3-09-00-2013_0029-1,화성,3-09-00-2013_0029,,,none,,Y
3-09-00-2013_0030-1,화성,3-09-00-2013_0030,,,none,,Y
3-09-00-2013_0031-1,화성,3-09-00-2013_0031,,,none,,Y
3-09-00-2013_0032-1,화성,3-09-00-2013_0032,,,none,,Y
3-09-00-2013_0033-1,화성,3-09-00-2013_0033,,,none,,Y
3-09-00-2013_0034-1,화성,3-09-00-2013_0034,,,none,,Y
3-09-00-2013_0035-1,화성,3-09-00-2013_0035,,,none,,Y
3-09-00-2013_0036-1,화성,3-09-00-2013_0036,,,none,,Y
3-09-00-2013_0037-1,화성,3-09-00-2013_0037,,,none,,Y
3-09-00-2013_0038-1,화성,3-09-00-2013_0038,,,none,,Y
3-09-00-2013_0039-1,화성,3-09-00-2013_0039,,,none,,Y
3-09-00-2013_0040-1,화성,3-09-00-2013_0040,,,none,,Y
3-09-00-2013_0041-1,화성,3-09-00-2013_0041,,,none,,Y
3-09-00-2013_0042-1,화성,3-09-00-2013_0042,,,none,,Y
3-09-00-2013_0043-1,화성,3-09-00-2013_0043,,,none,,Y
3-09-00-2013_0044-1,화성,3-09-00-2013_0044,,,none,,Y
3-09-00-2013_0045-1,화성,3-09-00-2013_0045,,,none,,Y
3-09-00-2013_0046-1,화성,3-09-00-2013_0046,,,none,,Y
3-09-00-2013_0047-1,화성,3-09-00-2013_0047,,,none,,Y
3-09-00-2013_0048-1,화성,3-09-00-2013_0048,,,none,,Y
3-09-00-2013_0049-1,화성,3-09-00-2013_0049,,,none,,Y
3-09-00-2013_0050-1,화성,3-09-00-2013_0050,,,none,,Y
3-09-00-2013_0051-1,화성,3-09-00-2013_0051,,,none,,Y
3-09-00-2013_0052-1,화성,3-09-00-2013_0052,,,none,,Y
3-09-00-2013_0053-1,화성,3-09-00-2013_0053,,,none,,Y
3-09-00-2013_0054-1,화성,3-09-00-2013_0054,,,none,,Y
3-09-00-2013_0055-1,화성,3-09-00-2013_0055,,,none,,Y
3-09-00-2013_0056-1,화성,3-09-00-2013_0056,,,none,,Y
3-09-00-2013_0057-1,화성,3-09-00-2013_0057,,,none,,Y
3-09-00-2013_0058-1,화성,3-09-00-2013_0058,,,none,,Y
3-09-00-2013_0059-1,화성,3-09-00-2013_0059,,,none,,Y
3-09-00-2013_0060-1,화성,3-09-00-2013_0060,,,none,,Y
3-09-00-2013_0061-1,화성,3-09-00-2013_0061,,,none,,Y
3-09-00-2013_0062-1,화성,3-09-00-2013_0062,,,none,,Y
3-09-00-2013_0063-1,화성,3-09-00-2013_0063,,,none,,Y
3-09-00-2013_0064-1,화성,3-09-00-2013_0064,,,none,,Y
3-09-00-2013_0065-1,화성,3-09-00-2013_0065,,,none,,Y
3-09-00-2013_0066-1,화성,3-09-00-2013_0066,,,none,,Y
3-09-00-2013_0067-1,화성,3-09-00-2013_0067,,,none,,Y
3-09-00-2013_0068-1,화성,3-09-00-2013_0068,,,none,,Y
3-09-00-2013_0069-1,화성,3-09-00-2013_0069,,,none,,Y
3-09-00-2013_0070-1,화성,3-09-00-2013_0070,,,none,,Y
3-09-00-2013_0071-1,화성,3-09-00-2013_0071,,,none,,Y
3-09-00-2013_0072-1,화성,3-09-00-2013_0072,,,none,,Y
3-09-00-2013_0073-1,화성,3-09-00-2013_0073,,,none,,Y
3-09-00-2013_0074-1,화성,3-09-00-2013_0074,,,none,,Y
3-09-00-2013_0075-1,화성,3-09-00-2013_0075,,,none,,Y
3-09-00-2013_0076-1,화성,3-09-00-2013_0076,,,none,,Y
3-09-00-2013_0077-1,화성,3-09-00-2013_0077,,,none,,Y
3-09-00-2013_0078-1,화성,3-09-00-2013_0078,,,none,,Y
3-09-00-2013_0079-1,화성,3-09-00-2013_0079,,,none,,Y
3-09-00-2013_0080-1,화성,3-09-00-2013_0080,,,none,,Y
3-09-00-2013_0081-1,화성,3-09-00-2013_0081,,,none,,Y
3-09-00-2013_0082-1,화성,3-09-00-2013_0082,,,none,,Y
3-09-00-2013_0083-1,화성,3-09-00-2013_0083,,,none,,Y
3-09-00-2013_0084-1,화성,3-09-00-2013_0084,,,none,,Y
3-09-00-2013_0085-1,화성,3-09-00-2013_0085,,,none,,Y
3-09-00-2013_0086-1,화성,3-09-00-2013_0086,,,none,,Y
3-09-00-2013_0087-1,화성,3-09-00-2013_0087,,,none,,Y
3-09-00-2013_0088-1,화성,3-09-00-2013_0088,,,none,,Y
3-09-00-2013_0089-1,화성,3-09-00-2013_0089,,,none,,Y
3-09-00-2013_0090-1,화성,3-09-00-2013_0090,,,none,,Y
3-09-00-2013_0091-1,화성,3-09-00-2013_0091,,,none,,Y
3-01-00-2013_010-1,화성,3-01-00-2013_010,,,none,,Y
3-01-00-2013_011-1,화성,3-01-00-2013_011,,,none,분야축,Y
3-01-00-2013_012-1,화성,3-01-00-2013_012,,,none,분야축,Y
3-01-00-2013_013-1,화성,3-01-00-2013_013,,,none,,Y
3-01-00-2013_027-1,화성,3-01-00-2013_027,,,none,분야축,Y
3-01-00-2013_030-1,화성,3-01-00-2013_030,,,none,,Y
3-01-00-2013_039-1,화성,3-01-00-2013_039,,,none,,Y
3-01-00-2013_040-1,화성,3-01-00-2013_040,,,none,분야축,Y
3-01-00-2013_041-1,화성,3-01-00-2013_041,,,none,,Y
3-01-00-2013_048-1,화성,3-01-00-2013_048,,,none,,Y
3-01-00-2013_049-1,화성,3-01-00-2013_049,,,none,,Y
3-01-00-2013_050-1,화성,3-01-00-2013_050,,,none,분야축,Y
3-01-00-2013_051-1,화성,3-01-00-2013_051,,,none,,Y
3-01-00-2013_052-1,화성,3-01-00-2013_052,,,none,recall,Y
3-01-00-2013_065-1,화성,3-01-00-2013_065,,,none,,Y
3-01-00-2013_066-1,화성,3-01-00-2013_066,,,none,분야축,Y
3-01-00-2013_067-1,화성,3-01-00-2013_067,,,none,,Y
3-01-00-2013_068-1,화성,3-01-00-2013_068,,,none,분야축,Y
3-01-00-2013_069-1,화성,3-01-00-2013_069,,,none,분야축,Y
3-01-00-2013_074-1,화성,3-01-00-2013_074,,,none,,Y
3-01-00-2013_075-1,화성,3-01-00-2013_075,,,none,,Y
3-01-00-2013_076-1,화성,3-01-00-2013_076,,,none,,Y
3-01-00-2013_077-1,화성,3-01-00-2013_077,,,none,분야축,Y
3-01-00-2013_078-1,화성,3-01-00-2013_078,,,none,분야축,Y
3-01-00-2013_079-1,화성,3-01-00-2013_079,,,none,분야축,Y
3-02-00-2013_002-1,화성,3-02-00-2013_002,,,none,,Y
3-02-00-2013_003-1,화성,3-02-00-2013_003,,,none,,Y
3-02-00-2013_004-1,화성,3-02-00-2013_004,,,none,,Y
3-02-00-2013_005-1,화성,3-02-00-2013_005,,,none,분야축,Y
3-02-00-2013_015-1,화성,3-02-00-2013_015,,,none,분야축,Y
3-02-00-2013_016-1,화성,3-02-00-2013_016,,,none,분야축,Y
3-02-00-2013_017-1,화성,3-02-00-2013_017,,,none,,Y
3-02-00-2013_018-1,화성,3-02-00-2013_018,,,none,분야축,Y
3-02-00-2013_029-1,화성,3-02-00-2013_029,,,none,분야축,Y
3-02-00-2013_031-1,화성,3-02-00-2013_031,,,none,,Y
3-02-00-2013_042-1,화성,3-02-00-2013_042,,,none,recall,Y
3-02-00-2013_043-1,화성,3-02-00-2013_043,,,none,분야축,Y
3-02-00-2013_053-1,화성,3-02-00-2013_053,,,none,분야축,Y
3-02-00-2013_054-1,화성,3-02-00-2013_054,,,none,,Y
3-02-00-2013_055-1,화성,3-02-00-2013_055,,,none,recall,Y
3-02-00-2013_070-1,화성,3-02-00-2013_070,,,none,,Y
3-02-00-2013_071-1,화성,3-02-00-2013_071,,,none,분야축,Y
3-02-00-2013_089-1,화성,3-02-00-2013_089,,,none,분야축,Y
3-02-00-2013_091-1,화성,3-02-00-2013_091,,,none,분야축,Y
3-02-00-2013_092-1,화성,3-02-00-2013_092,,,none,분야축,Y
3-02-00-2013_093-1,화성,3-02-00-2013_093,,,none,,Y
3-02-00-2013_095-1,화성,3-02-00-2013_095,,,none,recall,Y
3-02-00-2013_096-1,화성,3-02-00-2013_096,,,none,,Y
3-02-00-2013_097-1,화성,3-02-00-2013_097,,,none,,Y
3-02-00-2013_098-1,화성,3-02-00-2013_098,,,none,,Y
3-02-00-2013_099-1,화성,3-02-00-2013_099,,,none,,Y
3-02-00-2013_100-1,화성,3-02-00-2013_100,,,none,,Y
3-02-00-2013_101-1,화성,3-02-00-2013_101,,,none,분야축,Y
3-02-00-2013_102-1,화성,3-02-00-2013_102,,,none,분야축,Y
3-02-00-2013_105-1,화성,3-02-00-2013_105,,,none,,Y
3-02-00-2013_108-1,화성,3-02-00-2013_108,,,none,분야축,Y
3-02-00-2013_109-1,화성,3-02-00-2013_109,,,none,분야축,Y
3-02-00-2013_110-1,화성,3-02-00-2013_110,,,none,분야축,Y
3-02-00-2013_111-1,화성,3-02-00-2013_111,,,none,분야축,Y
3-02-00-2013_112-1,화성,3-02-00-2013_112,,,none,분야축,Y
3-02-00-2013_113-1,화성,3-02-00-2013_113,,,none,분야축,Y
3-02-00-2013_114-1,화성,3-02-00-2013_114,,,none,분야축,Y
3-02-00-2013_115-1,화성,3-02-00-2013_115,,,none,분야축,Y
3-02-00-2013_116-1,화성,3-02-00-2013_116,,,none,분야축,Y
3-02-00-2013_117-1,화성,3-02-00-2013_117,,,none,분야축,Y
3-02-00-2013_118-1,화성,3-02-00-2013_118,,,none,분야축,Y
3-02-00-2013_119-1,화성,3-02-00-2013_119,,,none,분야축,Y
3-03-00-2013_006-1,화성,3-03-00-2013_006,,,none,recall,Y
3-03-00-2013_007-1,화성,3-03-00-2013_007,,,none,,Y
3-03-00-2013_019-1,화성,3-03-00-2013_019,,,none,,Y
3-03-00-2013_020-1,화성,3-03-00-2013_020,,,none,recall,Y
3-03-00-2013_021-1,화성,3-03-00-2013_021,,,none,recall,Y
3-03-00-2013_028-1,화성,3-03-00-2013_028,,,none,분야축,Y
3-03-00-2013_032-1,화성,3-03-00-2013_032,,,none,recall,Y
3-03-00-2013_033-1,화성,3-03-00-2013_033,,,none,분야축,Y
3-03-00-2013_034-1,화성,3-03-00-2013_034,,,none,,Y
3-03-00-2013_035-1,화성,3-03-00-2013_035,,,none,,Y
3-03-00-2013_056-1,화성,3-03-00-2013_056,,,none,recall,Y
3-03-00-2013_057-1,화성,3-03-00-2013_057,,,none,recall,Y
3-03-00-2013_058-1,화성,3-03-00-2013_058,,,none,분야축,Y
3-03-00-2013_080-1,화성,3-03-00-2013_080,,,none,,Y
3-03-00-2013_081-1,화성,3-03-00-2013_081,,,none,,Y
3-03-00-2013_082-1,화성,3-03-00-2013_082,,,none,,Y
3-03-00-2013_083-1,화성,3-03-00-2013_083,,,none,recall,Y
3-03-00-2013_103-1,화성,3-03-00-2013_103,,,none,분야축,Y
3-03-00-2013_104-1,화성,3-03-00-2013_104,,,none,,Y
3-03-00-2013_106-1,화성,3-03-00-2013_106,,,none,,Y
3-03-00-2013_107-1,화성,3-03-00-2013_107,,,none,,Y
3-04-00-2013_008-1,화성,3-04-00-2013_008,,,none,분야축,Y
3-04-00-2013_009-1,화성,3-04-00-2013_009,,,none,분야축,Y
3-04-00-2013_023-1,화성,3-04-00-2013_023,,,none,,Y
3-04-00-2013_024-1,화성,3-04-00-2013_024,,,none,분야축,Y
3-04-00-2013_025-1,화성,3-04-00-2013_025,,,none,분야축,Y
3-04-00-2013_026-1,화성,3-04-00-2013_026,,,none,,Y
3-04-00-2013_037-1,화성,3-04-00-2013_037,,,none,분야축,Y
3-04-00-2013_038-1,화성,3-04-00-2013_038,,,none,분야축,Y
3-04-00-2013_045-1,화성,3-04-00-2013_045,,,none,분야축,Y
3-04-00-2013_046-1,화성,3-04-00-2013_046,,,none,분야축,Y
3-04-00-2013_047-1,화성,3-04-00-2013_047,,,none,분야축,Y
3-04-00-2013_061-1,화성,3-04-00-2013_061,,,none,분야축,Y
3-04-00-2013_062-1,화성,3-04-00-2013_062,,,none,,Y
3-04-00-2013_063-1,화성,3-04-00-2013_063,,,none,분야축,Y
3-04-00-2013_064-1,화성,3-04-00-2013_064,,,none,분야축,Y
3-04-00-2013_072-1,화성,3-04-00-2013_072,,,none,,Y
3-04-00-2013_073-1,화성,3-04-00-2013_073,,,none,분야축,Y
3-04-00-2013_087-1,화성,3-04-00-2013_087,,,none,,Y
3-04-00-2013_088-1,화성,3-04-00-2013_088,,,none,분야축,Y
3-04-00-2013_120-1,화성,3-04-00-2013_120,,,none,,Y
3-06-00-2013_001-1,화성,3-06-00-2013_001,,,none,,Y
3-06-00-2013_014-1,화성,3-06-00-2013_014,,,none,분야축,Y
3-06-00-2013_022-1,화성,3-06-00-2013_022,,,none,분야축,Y
3-06-00-2013_036-1,화성,3-06-00-2013_036,,,none,recall,Y
3-06-00-2013_044-1,화성,3-06-00-2013_044,,,none,,Y
3-06-00-2013_059-1,화성,3-06-00-2013_059,,,none,분야축,Y
3-06-00-2013_060-1,화성,3-06-00-2013_060,,,none,분야축,Y
3-06-00-2013_084-1,화성,3-06-00-2013_084,,,none,분야축,Y
3-06-00-2013_085-1,화성,3-06-00-2013_085,,,none,분야축,Y
3-06-00-2013_086-1,화성,3-06-00-2013_086,,,none,,Y
3-06-00-2013_090-1,화성,3-06-00-2013_090,,,none,분야축,Y
3-06-00-2013_094-1,화성,3-06-00-2013_094,,,none,,Y
3-01-00-2012_022-1,화성,3-01-00-2012_022,,,none,,Y
3-01-00-2012_023-1,화성,3-01-00-2012_023,,,none,,Y
3-01-00-2012_024-1,화성,3-01-00-2012_024,,,none,,Y
3-01-00-2012_025-1,화성,3-01-00-2012_025,,,none,,Y
3-01-00-2012_026-1,화성,3-01-00-2012_026,,,none,,Y
3-01-00-2012_027-1,화성,3-01-00-2012_027,,,none,,Y
3-01-00-2012_028-1,화성,3-01-00-2012_028,,,none,,Y
3-01-00-2012_029-1,화성,3-01-00-2012_029,,,none,,Y
3-01-00-2012_030-1,화성,3-01-00-2012_030,,,none,recall,Y
3-02-00-2012_046-1,화성,3-02-00-2012_046,,,none,,Y
3-02-00-2012_047-1,화성,3-02-00-2012_047,,,none,,Y
3-02-00-2012_048-1,화성,3-02-00-2012_048,,,none,분야축,Y
3-02-00-2012_049-1,화성,3-02-00-2012_049,,,none,분야축,Y
3-02-00-2012_050-1,화성,3-02-00-2012_050,,,none,분야축,Y
3-02-00-2012_051-1,화성,3-02-00-2012_051,,,none,,Y
3-02-00-2012_052-1,화성,3-02-00-2012_052,,,none,분야축,Y
3-02-00-2012_053-1,화성,3-02-00-2012_053,,,none,,Y
3-02-00-2012_054-1,화성,3-02-00-2012_054,,,none,,Y
3-02-00-2012_055-1,화성,3-02-00-2012_055,,,none,분야축,Y
3-02-00-2012_056-1,화성,3-02-00-2012_056,,,none,분야축,Y
3-02-00-2012_057-1,화성,3-02-00-2012_057,,,none,분야축,Y
3-02-00-2012_058-1,화성,3-02-00-2012_058,,,none,분야축,Y
3-03-00-2012_020-1,화성,3-03-00-2012_020,,,none,,Y
3-03-00-2012_021-1,화성,3-03-00-2012_021,,,none,,Y
3-03-00-2012_022-1,화성,3-03-00-2012_022,,,none,분야축,Y
3-04-00-2012_049-1,화성,3-04-00-2012_049,,,none,,Y
3-04-00-2012_050-1,화성,3-04-00-2012_050,,,none,분야축,Y
3-04-00-2012_051-1,화성,3-04-00-2012_051,,,none,,Y
3-04-00-2012_052-1,화성,3-04-00-2012_052,,,none,,Y
3-04-00-2012_053-1,화성,3-04-00-2012_053,,,none,,Y
3-04-00-2012_054-1,화성,3-04-00-2012_054,,,none,분야축,Y
3-04-00-2012_055-1,화성,3-04-00-2012_055,,,none,,Y
3-05-00-2012_010-1,화성,3-05-00-2012_010,,,none,,Y
3-05-00-2012_011-1,화성,3-05-00-2012_011,,,none,recall,Y
3-05-00-2012_012-1,화성,3-05-00-2012_012,,,none,,Y
3-05-00-2012_013-1,화성,3-05-00-2012_013,,,none,recall,Y
3-05-00-2012_014-1,화성,3-05-00-2012_014,,,none,,Y
3-05-00-2012_015-1,화성,3-05-00-2012_015,,,none,,Y
3-06-00-2012_018-1,화성,3-06-00-2012_018,,,none,,Y
3-06-00-2012_019-1,화성,3-06-00-2012_019,,,none,,Y
3-07-00-2012_005-1,화성,3-07-00-2012_005,,,none,분야축,Y
3-07-00-2012_006-1,화성,3-07-00-2012_006,,,none,분야축,Y
3-07-00-2012_007-1,화성,3-07-00-2012_007,,,none,분야축,Y
3-07-00-2012_008-1,화성,3-07-00-2012_008,,,none,,Y
3-07-00-2012_009-1,화성,3-07-00-2012_009,,,none,,Y
3-08-00-2012_010-1,화성,3-08-00-2012_010,,,none,,Y
3-01-00-2012_001-1,화성,3-01-00-2012_001,,,none,,Y
3-01-00-2012_002-1,화성,3-01-00-2012_002,,,none,,Y
3-01-00-2012_003-1,화성,3-01-00-2012_003,,,none,분야축,Y
3-01-00-2012_004-1,화성,3-01-00-2012_004,,,none,분야축,Y
3-01-00-2012_005-1,화성,3-01-00-2012_005,,,none,,Y
3-01-00-2012_006-1,화성,3-01-00-2012_006,,,none,분야축,Y
3-01-00-2012_007-1,화성,3-01-00-2012_007,,,none,분야축,Y
3-01-00-2012_008-1,화성,3-01-00-2012_008,,,none,,Y
3-01-00-2012_009-1,화성,3-01-00-2012_009,,,none,,Y
3-01-00-2012_010-1,화성,3-01-00-2012_010,,,none,recall,Y
3-01-00-2012_011-1,화성,3-01-00-2012_011,,,none,분야축,Y
3-01-00-2012_012-1,화성,3-01-00-2012_012,,,none,,Y
3-01-00-2012_013-1,화성,3-01-00-2012_013,,,none,,Y
3-01-00-2012_014-1,화성,3-01-00-2012_014,,,none,,Y
3-01-00-2012_015-1,화성,3-01-00-2012_015,,,none,,Y
3-01-00-2012_016-1,화성,3-01-00-2012_016,,,none,분야축,Y
3-01-00-2012_017-1,화성,3-01-00-2012_017,,,none,분야축,Y
3-01-00-2012_018-1,화성,3-01-00-2012_018,,,none,,Y
3-01-00-2012_019-1,화성,3-01-00-2012_019,,,none,,Y
3-01-00-2012_020-1,화성,3-01-00-2012_020,,,none,,Y
3-01-00-2012_021-1,화성,3-01-00-2012_021,,,none,,Y
3-02-00-2012_017-1,화성,3-02-00-2012_017,,,none,분야축,Y
3-02-00-2012_018-1,화성,3-02-00-2012_018,,,none,분야축,Y
3-02-00-2012_019-1,화성,3-02-00-2012_019,,,none,분야축,Y
3-02-00-2012_020-1,화성,3-02-00-2012_020,,,none,,Y
3-02-00-2012_021-1,화성,3-02-00-2012_021,,,none,,Y
3-02-00-2012_022-1,화성,3-02-00-2012_022,,,none,분야축,Y
3-02-00-2012_023-1,화성,3-02-00-2012_023,,,none,분야축,Y
3-02-00-2012_024-1,화성,3-02-00-2012_024,,,none,,Y
3-02-00-2012_025-1,화성,3-02-00-2012_025,,,none,분야축,Y
3-02-00-2012_026-1,화성,3-02-00-2012_026,,,none,분야축,Y
3-02-00-2012_027-1,화성,3-02-00-2012_027,,,none,,Y
3-02-00-2012_028-1,화성,3-02-00-2012_028,,,none,분야축,Y
3-02-00-2012_029-1,화성,3-02-00-2012_029,,,none,분야축,Y
3-02-00-2012_030-1,화성,3-02-00-2012_030,,,none,,Y
3-02-00-2012_031-1,화성,3-02-00-2012_031,,,none,분야축,Y
3-02-00-2012_032-1,화성,3-02-00-2012_032,,,none,분야축,Y
3-02-00-2012_033-1,화성,3-02-00-2012_033,,,none,분야축,Y
3-02-00-2012_034-1,화성,3-02-00-2012_034,,,none,분야축,Y
3-02-00-2012_035-1,화성,3-02-00-2012_035,,,none,분야축,Y
3-02-00-2012_036-1,화성,3-02-00-2012_036,,,none,분야축,Y
3-02-00-2012_037-1,화성,3-02-00-2012_037,,,none,분야축,Y
3-02-00-2012_038-1,화성,3-02-00-2012_038,,,none,분야축,Y
3-02-00-2012_039-1,화성,3-02-00-2012_039,,,none,분야축,Y
3-02-00-2012_040-1,화성,3-02-00-2012_040,,,none,분야축,Y
3-02-00-2012_041-1,화성,3-02-00-2012_041,,,none,분야축,Y
3-02-00-2012_045-1,화성,3-02-00-2012_045,,,none,분야축,Y
3-02-00-2012_042-1,화성,3-02-00-2012_042,,,none,분야축,Y
3-02-00-2012_043-1,화성,3-02-00-2012_043,,,none,분야축,Y
3-02-00-2012_044-1,화성,3-02-00-2012_044,,,none,분야축,Y
3-03-00-2012_008-1,화성,3-03-00-2012_008,,,none,recall,Y
3-03-00-2012_009-1,화성,3-03-00-2012_009,,,none,분야축,Y
3-03-00-2012_010-1,화성,3-03-00-2012_010,,,none,,Y
3-03-00-2012_011-1,화성,3-03-00-2012_011,,,none,분야축,Y
3-03-00-2012_012-1,화성,3-03-00-2012_012,,,none,분야축,Y
3-03-00-2012_013-1,화성,3-03-00-2012_013,,,none,분야축,Y
3-03-00-2012_014-1,화성,3-03-00-2012_014,,,none,,Y
3-03-00-2012_019-1,화성,3-03-00-2012_019,,,none,,Y
3-03-00-2012_016-1,화성,3-03-00-2012_016,,,none,,Y
3-03-00-2012_017-1,화성,3-03-00-2012_017,,,none,분야축,Y
3-03-00-2012_018-1,화성,3-03-00-2012_018,,,none,,Y
3-03-00-2012_006-1,화성,3-03-00-2012_006,,,none,recall,Y
3-04-00-2012_011-1,화성,3-04-00-2012_011,,,none,,Y
3-04-00-2012_012-1,화성,3-04-00-2012_012,,,none,,Y
3-04-00-2012_013-1,화성,3-04-00-2012_013,,,none,,Y
3-04-00-2012_014-1,화성,3-04-00-2012_014,,,none,분야축,Y
3-04-00-2012_027-1,화성,3-04-00-2012_027,,,none,recall,Y
3-04-00-2012_028-1,화성,3-04-00-2012_028,,,none,,Y
3-04-00-2012_029-1,화성,3-04-00-2012_029,,,none,,Y
3-04-00-2012_030-1,화성,3-04-00-2012_030,,,none,,Y
3-04-00-2012_031-1,화성,3-04-00-2012_031,,,none,,Y
3-04-00-2012_032-1,화성,3-04-00-2012_032,,,none,,Y
3-04-00-2012_033-1,화성,3-04-00-2012_033,,,none,,Y
3-04-00-2012_034-1,화성,3-04-00-2012_034,,,none,,Y
3-04-00-2012_035-1,화성,3-04-00-2012_035,,,none,,Y
3-04-00-2012_036-1,화성,3-04-00-2012_036,,,none,,Y
3-04-00-2012_037-1,화성,3-04-00-2012_037,,,none,,Y
3-04-00-2012_038-1,화성,3-04-00-2012_038,,,none,,Y
3-04-00-2012_039-1,화성,3-04-00-2012_039,,,none,,Y
3-04-00-2012_040-1,화성,3-04-00-2012_040,,,none,,Y
3-04-00-2012_015-1,화성,3-04-00-2012_015,,,none,분야축,Y
3-04-00-2012_016-1,화성,3-04-00-2012_016,,,none,분야축,Y
3-04-00-2012_017-1,화성,3-04-00-2012_017,,,none,recall,Y
3-04-00-2012_018-1,화성,3-04-00-2012_018,,,none,,Y
3-04-00-2012_019-1,화성,3-04-00-2012_019,,,none,,Y
3-04-00-2012_020-1,화성,3-04-00-2012_020,,,none,,Y
3-04-00-2012_021-1,화성,3-04-00-2012_021,,,none,,Y
3-04-00-2012_022-1,화성,3-04-00-2012_022,,,none,,Y
3-04-00-2012_023-1,화성,3-04-00-2012_023,,,none,,Y
3-04-00-2012_024-1,화성,3-04-00-2012_024,,,none,분야축,Y
3-04-00-2012_025-1,화성,3-04-00-2012_025,,,none,,Y
3-04-00-2012_026-1,화성,3-04-00-2012_026,,,none,분야축,Y
3-04-00-2012_041-1,화성,3-04-00-2012_041,,,none,분야축,Y
3-04-00-2012_042-1,화성,3-04-00-2012_042,,,none,,Y
3-04-00-2012_043-1,화성,3-04-00-2012_043,,,none,,Y
3-04-00-2012_044-1,화성,3-04-00-2012_044,,,none,,Y
3-04-00-2012_045-1,화성,3-04-00-2012_045,,,none,,Y
3-04-00-2012_046-1,화성,3-04-00-2012_046,,,none,,Y
3-04-00-2012_047-1,화성,3-04-00-2012_047,,,none,,Y
3-04-00-2012_048-1,화성,3-04-00-2012_048,,,none,,Y
3-05-00-2012_007-1,화성,3-05-00-2012_007,,,none,,Y
3-05-00-2012_008-1,화성,3-05-00-2012_008,,,none,분야축,Y
3-05-00-2012_009-1,화성,3-05-00-2012_009,,,none,,Y
3-06-00-2012_017-1,화성,3-06-00-2012_017,,,none,,Y
3-06-00-2012_003-1,화성,3-06-00-2012_003,,,none,,Y
3-06-00-2012_004-1,화성,3-06-00-2012_004,,,none,,Y
3-06-00-2012_005-1,화성,3-06-00-2012_005,,,none,,Y
3-06-00-2012_006-1,화성,3-06-00-2012_006,,,none,,Y
3-06-00-2012_007-1,화성,3-06-00-2012_007,,,none,,Y
3-06-00-2012_008-1,화성,3-06-00-2012_008,,,none,분야축,Y
3-06-00-2012_009-1,화성,3-06-00-2012_009,,,none,,Y
3-06-00-2012_010-1,화성,3-06-00-2012_010,,,none,분야축,Y
3-06-00-2012_011-1,화성,3-06-00-2012_011,,,none,분야축,Y
3-06-00-2012_012-1,화성,3-06-00-2012_012,,,none,분야축,Y
3-06-00-2012_013-1,화성,3-06-00-2012_013,,,none,,Y
3-06-00-2012_014-1,화성,3-06-00-2012_014,,,none,분야축,Y
3-06-00-2012_015-1,화성,3-06-00-2012_015,,,none,분야축,Y
3-06-00-2012_016-1,화성,3-06-00-2012_016,,,none,분야축,Y
3-07-00-2012_001-1,화성,3-07-00-2012_001,,,none,,Y
3-07-00-2012_002-1,화성,3-07-00-2012_002,,,none,,Y
3-07-00-2012_003-1,화성,3-07-00-2012_003,,,none,,Y
3-07-00-2012_004-1,화성,3-07-00-2012_004,,,none,,Y
3-02-00-2012_001-1,화성,3-02-00-2012_001,,,none,recall,Y
3-02-00-2012_002-1,화성,3-02-00-2012_002,,,none,분야축,Y
3-02-00-2012_003-1,화성,3-02-00-2012_003,,,none,분야축,Y
3-02-00-2012_004-1,화성,3-02-00-2012_004,,,none,분야축,Y
3-02-00-2012_005-1,화성,3-02-00-2012_005,,,none,분야축,Y
3-02-00-2012_006-1,화성,3-02-00-2012_006,,,none,분야축,Y
3-02-00-2012_007-1,화성,3-02-00-2012_007,,,none,분야축,Y
3-02-00-2012_008-1,화성,3-02-00-2012_008,,,none,분야축,Y
3-02-00-2012_009-1,화성,3-02-00-2012_009,,,none,분야축,Y
3-02-00-2012_010-1,화성,3-02-00-2012_010,,,none,분야축,Y
3-02-00-2012_011-1,화성,3-02-00-2012_011,,,none,분야축,Y
3-02-00-2012_012-1,화성,3-02-00-2012_012,,,none,,Y
3-02-00-2012_013-1,화성,3-02-00-2012_013,,,none,분야축,Y
3-02-00-2012_014-1,화성,3-02-00-2012_014,,,none,분야축,Y
3-02-00-2012_015-1,화성,3-02-00-2012_015,,,none,,Y
3-02-00-2012_016-1,화성,3-02-00-2012_016,,,none,분야축,Y
3-03-00-2012_001-1,화성,3-03-00-2012_001,,,none,recall,Y
3-03-00-2012_002-1,화성,3-03-00-2012_002,,,none,recall,Y
3-03-00-2012_003-1,화성,3-03-00-2012_003,,,none,분야축,Y
3-03-00-2012_004-1,화성,3-03-00-2012_004,,,none,,Y
3-03-00-2012_005-1,화성,3-03-00-2012_005,,,none,분야축,Y
3-04-00-2012_006-1,화성,3-04-00-2012_006,,,none,분야축,Y
3-04-00-2012_007-1,화성,3-04-00-2012_007,,,none,분야축,Y
3-04-00-2012_008-1,화성,3-04-00-2012_008,,,none,,Y
3-04-00-2012_009-1,화성,3-04-00-2012_009,,,none,,Y
3-04-00-2012_010-1,화성,3-04-00-2012_010,,,none,분야축,Y
3-05-00-2012_001-1,화성,3-05-00-2012_001,,,none,,Y
3-05-00-2012_002-1,화성,3-05-00-2012_002,,,none,,Y
3-05-00-2012_003-1,화성,3-05-00-2012_003,,,none,분야축,Y
3-05-00-2012_004-1,화성,3-05-00-2012_004,,,none,,Y
3-05-00-2012_005-1,화성,3-05-00-2012_005,,,none,,Y
3-05-00-2012_006-1,화성,3-05-00-2012_006,,,none,,Y
3-06-00-2012_001-1,화성,3-06-00-2012_001,,,none,,Y
3-06-00-2012_002-1,화성,3-06-00-2012_002,,,none,,Y
chae-2020-001,화성,chae-2020-001,,,none,,Y
chae-2020-002,화성,chae-2020-002,,,none,,Y
chae-2020-003,화성,chae-2020-003,,,none,,Y
chae-2020-004,화성,chae-2020-004,,,none,,Y
chae-2020-005,화성,chae-2020-005,,,none,,Y
chae-2020-006,화성,chae-2020-006,,,none,,Y
chae-2020-007,화성,chae-2020-007,,,none,,Y
chae-2020-008,화성,chae-2020-008,,,none,,Y
chae-2020-009,화성,chae-2020-009,,,none,,Y
chae-2020-010,화성,chae-2020-010,,,none,,Y
chae-2020-011,화성,chae-2020-011,,,none,,Y
chae-2020-012,화성,chae-2020-012,,,none,,Y
chae-2020-013,화성,chae-2020-013,,,none,,Y
chae-2020-014,화성,chae-2020-014,,,none,,Y
chae-2020-015,화성,chae-2020-015,,,none,,Y
chae-2020-016,화성,chae-2020-016,,,none,,Y
chae-2020-017,화성,chae-2020-017,,,none,,Y
chae-2020-018,화성,chae-2020-018,,,none,,Y
chae-2020-019,화성,chae-2020-019,,,none,,Y
chae-2020-020,화성,chae-2020-020,,,none,,Y
chae-2020-021,화성,chae-2020-021,,,none,,Y
chae-2020-022,화성,chae-2020-022,,,none,,Y
chae-2020-023,화성,chae-2020-023,,,none,,Y
chae-2020-024,화성,chae-2020-024,,,none,,Y
chae-2020-025,화성,chae-2020-025,,,none,,Y
chae-2020-026,화성,chae-2020-026,,,none,,Y
chae-2022-027,화성,chae-2022-027,,,none,,Y
chae-2022-028,화성,chae-2022-028,,,none,,Y
chae-2022-029,화성,chae-2022-029,,,none,,Y
chae-2022-030,화성,chae-2022-030,,,none,,Y
chae-2022-031,화성,chae-2022-031,,,none,,Y
chae-2022-032,화성,chae-2022-032,,,none,,Y
chae-2022-033,화성,chae-2022-033,,,none,,Y
chae-2022-034,화성,chae-2022-034,,,none,,Y
chae-2022-035,화성,chae-2022-035,,,none,,Y
chae-2022-036,화성,chae-2022-036,,,none,,Y
chae-2022-037,화성,chae-2022-037,,,none,recall,Y
chae-2022-038,화성,chae-2022-038,,,none,,Y
chae-2022-039,화성,chae-2022-039,,,none,,Y
chae-2022-040,화성,chae-2022-040,,,none,,Y
chae-2022-041,화성,chae-2022-041,,,none,,Y
chae-2022-042,화성,chae-2022-042,,,none,,Y
chae-2022-043,화성,chae-2022-043,,,none,,Y
chae-2022-044,화성,chae-2022-044,,,none,,Y
chae-2022-045,화성,chae-2022-045,,,none,,Y
chae-2022-046,화성,chae-2022-046,,,none,,Y
chae-2022-047,화성,chae-2022-047,,,none,,Y
chae-2022-048,화성,chae-2022-048,,,none,,Y
chae-2022-049,화성,chae-2022-049,,,none,,Y
chae-2022-050,화성,chae-2022-050,,,none,,Y
chae-2022-051,화성,chae-2022-051,,,none,분야축,Y
chae-2022-052,화성,chae-2022-052,,,none,,Y
chae-2022-053,화성,chae-2022-053,,,none,,Y
chae-2022-054,화성,chae-2022-054,,,none,,Y
chae-2022-055,화성,chae-2022-055,,,none,,Y
chae-2022-056,화성,chae-2022-056,,,none,,Y
chae-2022-057,화성,chae-2022-057,,,none,,Y
chae-2023-058,화성,chae-2023-058,,,none,,Y
chae-2023-059,화성,chae-2023-059,,,none,,Y
chae-2023-060,화성,chae-2023-060,,,none,,Y
chae-2023-061,화성,chae-2023-061,,,none,,Y
chae-2023-062,화성,chae-2023-062,,,none,,Y
chae-2023-063,화성,chae-2023-063,,,none,,Y
chae-2023-064,화성,chae-2023-064,,,none,,Y
chae-2023-065,화성,chae-2023-065,,,none,,Y
chae-2023-066,화성,chae-2023-066,,,none,,Y
chae-2023-067,화성,chae-2023-067,,,none,,Y
chae-2023-068,화성,chae-2023-068,,,none,,Y
chae-2023-069,화성,chae-2023-069,,,none,,Y
chae-2023-070,화성,chae-2023-070,,,none,,Y
chae-2023-071,화성,chae-2023-071,,,none,,Y
chae-2023-072,화성,chae-2023-072,,,none,,Y
chae-2023-073,화성,chae-2023-073,,,none,,Y
chae-2023-074,화성,chae-2023-074,,,none,,Y
chae-2023-075,화성,chae-2023-075,,,none,,Y
chae-2024-076,화성,chae-2024-076,,,none,,Y
chae-2024-077,화성,chae-2024-077,,,none,,Y
chae-2024-078,화성,chae-2024-078,,,none,,Y
chae-2024-079,화성,chae-2024-079,,,none,,Y
chae-2024-080,화성,chae-2024-080,,,none,,Y
chae-2024-081,화성,chae-2024-081,,,none,,Y
chae-2024-082,화성,chae-2024-082,,,none,,Y
chae-2024-083,화성,chae-2024-083,,,none,,Y
chae-2024-084,화성,chae-2024-084,,,none,,Y
chae-2025-085,화성,chae-2025-085,,,none,,Y
chae-2025-086,화성,chae-2025-086,,,none,,Y
chae-2025-087,화성,chae-2025-087,,,none,,Y
chae-2025-088,화성,chae-2025-088,,,none,,Y
chae-2025-089,화성,chae-2025-089,,,none,,Y
chae-2025-090,화성,chae-2025-090,,,none,,Y
chae-2025-091,화성,chae-2025-091,,,none,,Y
chae-2025-092,화성,chae-2025-092,,,none,,Y
chae-2025-093,화성,chae-2025-093,,,none,,Y
chae-2025-094,화성,chae-2025-094,,,none,,Y
chae-2025-095,화성,chae-2025-095,,,none,,Y
chae-2025-096,화성,chae-2025-096,,,none,,Y
chae-2025-097,화성,chae-2025-097,,,none,분야축,Y
chae-2025-098,화성,chae-2025-098,,,none,,Y
chae-2025-099,화성,chae-2025-099,,,none,,Y
chae-2025-100,화성,chae-2025-100,,,none,,Y
chae-2025-101,화성,chae-2025-101,,,none,,Y
chae-2025-102,화성,chae-2025-102,,,none,,Y
3324-1,감사원,3324,,,none,분야축,Y
3324-2,감사원,3324,,,none,분야축,Y
3324-3,감사원,3324,,,none,,Y
3324-4,감사원,3324,,,none,,Y
3324-5,감사원,3324,,,none,분야축,Y
3324-6,감사원,3324,,,none,,Y
3324-7,감사원,3324,,,none,,Y
3324-8,감사원,3324,,,none,,Y
3324-9,감사원,3324,,,none,분야축,Y
3324-10,감사원,3324,,,none,분야축,Y
3324-11,감사원,3324,,,none,,Y
3324-12,감사원,3324,,,none,분야축,Y
3324-13,감사원,3324,,,none,분야축,Y
3324-14,감사원,3324,,,none,,Y
3325-1,감사원,3325,,,none,,Y
3325-2,감사원,3325,,,none,recall,Y
3325-3,감사원,3325,,,none,,Y
3325-4,감사원,3325,,,none,,Y
3325-5,감사원,3325,,,none,,Y
3325-6,감사원,3325,,,none,분야축,Y
3325-7,감사원,3325,,,none,,Y
3325-8,감사원,3325,,,none,분야축,Y
3325-9,감사원,3325,,,none,분야축,Y
3325-10,감사원,3325,,,none,분야축,Y
3325-11,감사원,3325,,,none,,Y
10450001208230-1,감사원,10450001208230,,,none,분야축,Y
10450001208230-2,감사원,10450001208230,,,none,분야축,Y
10450001208230-3,감사원,10450001208230,,,none,분야축,Y
10450001208230-4,감사원,10450001208230,,,none,,Y
10450001208230-5,감사원,10450001208230,,,none,분야축,Y
10450001208230-6,감사원,10450001208230,,,none,분야축,Y
10450001208230-7,감사원,10450001208230,,,none,분야축,Y
10450001208230-8,감사원,10450001208230,,,none,분야축,Y
10450001208230-9,감사원,10450001208230,,,none,,Y
10450001208244-1,감사원,10450001208244,,,none,분야축,Y
10450001208245-1,감사원,10450001208245,,,none,분야축,Y
10450001208246-1,감사원,10450001208246,,,none,분야축,Y
10450001208247-1,감사원,10450001208247,,,none,,Y
10450001208247-2,감사원,10450001208247,,,none,,Y
10450001208249-1,감사원,10450001208249,,,none,,Y
10450001208251-1,감사원,10450001208251,,,none,recall,Y
10450001208251-2,감사원,10450001208251,,,none,recall,Y
10450001208252-1,감사원,10450001208252,,,none,,Y
10450001208252-2,감사원,10450001208252,,,none,분야축,Y
10450001208253-1,감사원,10450001208253,,,none,,Y
10450001208257-1,감사원,10450001208257,,,none,분야축,Y
10450001208258-1,감사원,10450001208258,,,none,,Y
10450001208259-1,감사원,10450001208259,,,none,,Y
10450001208260-1,감사원,10450001208260,,,none,,Y
10450001208260-2,감사원,10450001208260,,,none,,Y
10450001208260-3,감사원,10450001208260,,,none,,Y
10450001208260-4,감사원,10450001208260,,,none,recall,Y
10450001208261-1,감사원,10450001208261,,,none,분야축,Y
10450001208262-1,감사원,10450001208262,,,none,분야축,Y
10450001208262-2,감사원,10450001208262,,,none,분야축,Y
10450001208262-3,감사원,10450001208262,,,none,분야축,Y
10450001208262-4,감사원,10450001208262,,,none,분야축,Y
10450001208262-5,감사원,10450001208262,,,none,분야축,Y
10450001208262-6,감사원,10450001208262,,,none,분야축,Y
10450001208262-7,감사원,10450001208262,,,none,분야축,Y
10450001208263-1,감사원,10450001208263,,,none,,Y
10450001213599-1,감사원,10450001213599,,,none,분야축,Y
10450001213599-2,감사원,10450001213599,,,none,분야축,Y
10450001213599-3,감사원,10450001213599,,,none,분야축,Y
10450001213601-1,감사원,10450001213601,,,none,분야축,Y
10450001213604-1,감사원,10450001213604,,,none,,Y
10450001213608-1,감사원,10450001213608,,,none,분야축,Y
10450001213612-1,감사원,10450001213612,,,none,분야축,Y
10450001213614-1,감사원,10450001213614,,,none,분야축,Y
10450001213614-2,감사원,10450001213614,,,none,분야축,Y
10450001213616-1,감사원,10450001213616,,,none,분야축,Y
10450001213616-2,감사원,10450001213616,,,none,분야축,Y
10450001213616-3,감사원,10450001213616,,,none,분야축,Y
10450001213617-1,감사원,10450001213617,,,none,,Y
10450001213617-2,감사원,10450001213617,,,none,recall,Y
10450001219595-1,감사원,10450001219595,,,none,분야축,Y
104510000005497-1,감사원,104510000005497,,,none,분야축,Y
104510000005497-2,감사원,104510000005497,,,none,분야축,Y
104510000005526-1,감사원,104510000005526,,,none,,Y
104510000005532-1,감사원,104510000005532,,,none,,Y
104510000005532-2,감사원,104510000005532,,,none,,Y
104510000005532-3,감사원,104510000005532,,,none,분야축,Y
104510000005535-1,감사원,104510000005535,,,none,분야축,Y
104510000005535-2,감사원,104510000005535,,,none,분야축,Y
104510000005535-3,감사원,104510000005535,,,none,분야축,Y
104510000005544-1,감사원,104510000005544,,,none,분야축,Y
104510000005544-2,감사원,104510000005544,,,none,분야축,Y
104510000005544-3,감사원,104510000005544,,,none,분야축,Y
104510000005544-4,감사원,104510000005544,,,none,분야축,Y
104510000005544-5,감사원,104510000005544,,,none,분야축,Y
104510000005544-6,감사원,104510000005544,,,none,분야축,Y
104510000005544-7,감사원,104510000005544,,,none,분야축,Y
104510000005559-1,감사원,104510000005559,,,none,,Y
104510000005559-2,감사원,104510000005559,,,none,,Y
104510000005559-3,감사원,104510000005559,,,none,,Y
104510000005559-4,감사원,104510000005559,,,none,,Y
104510000005559-5,감사원,104510000005559,,,none,분야축,Y
104510000005559-6,감사원,104510000005559,,,none,,Y
104510000005559-7,감사원,104510000005559,,,none,,Y
104510000005559-8,감사원,104510000005559,,,none,,Y
104510000005831-1,감사원,104510000005831,,,none,분야축,Y
104510000005860-1,감사원,104510000005860,,,none,분야축,Y
104510000005860-2,감사원,104510000005860,,,none,분야축,Y
104510000005860-3,감사원,104510000005860,,,none,분야축,Y
104510000005860-4,감사원,104510000005860,,,none,분야축,Y
104510000005860-5,감사원,104510000005860,,,none,분야축,Y
104510000005860-6,감사원,104510000005860,,,none,,Y
104510000005860-7,감사원,104510000005860,,,none,,Y
104510000005860-8,감사원,104510000005860,,,none,분야축,Y
104510000005860-9,감사원,104510000005860,,,none,분야축,Y
104510000032267-1,감사원,104510000032267,,,none,,Y
104510000032267-2,감사원,104510000032267,,,none,,Y
104510000032267-3,감사원,104510000032267,,,none,,Y
104510000032267-4,감사원,104510000032267,,,none,,Y
104510000032267-5,감사원,104510000032267,,,none,,Y
104510000032267-6,감사원,104510000032267,,,none,,Y
104510000032267-7,감사원,104510000032267,,,none,,Y
104510000032267-8,감사원,104510000032267,,,none,,Y
104510000032267-9,감사원,104510000032267,,,none,,Y
104510000032267-10,감사원,104510000032267,,,none,,Y
104510000032267-11,감사원,104510000032267,,,none,,Y
104510000032267-12,감사원,104510000032267,,,none,,Y
104510000032267-13,감사원,104510000032267,,,none,,Y
104510000032267-14,감사원,104510000032267,,,none,,Y
104510000032267-15,감사원,104510000032267,,,none,,Y
104510000032267-16,감사원,104510000032267,,,none,,Y
104510000032267-17,감사원,104510000032267,,,none,,Y
104510000032267-18,감사원,104510000032267,,,none,,Y
104510000032267-19,감사원,104510000032267,,,none,,Y
104510000032267-20,감사원,104510000032267,,,none,,Y
104510000032267-21,감사원,104510000032267,,,none,,Y
104510000032267-22,감사원,104510000032267,,,none,,Y
104510000036611-1,감사원,104510000036611,,,none,분야축,Y
104510000036611-2,감사원,104510000036611,,,none,분야축,Y
104510000036611-3,감사원,104510000036611,,,none,분야축,Y
104510000043725-1,감사원,104510000043725,,,none,,Y
104510000061795-1,감사원,104510000061795,,,none,recall,Y
104510000061795-2,감사원,104510000061795,,,none,recall,Y
104510000061795-3,감사원,104510000061795,,,none,recall,Y
104510000061795-4,감사원,104510000061795,,,none,recall,Y
104510000061795-5,감사원,104510000061795,,,none,recall,Y
104510000061795-6,감사원,104510000061795,,,none,recall,Y
20181019090349456-1,감사원,20181019090349456,,,none,분야축,Y
20181019090349456-2,감사원,20181019090349456,,,none,분야축,Y
20181019090349456-3,감사원,20181019090349456,,,none,분야축,Y
20181019090349456-4,감사원,20181019090349456,,,none,recall,Y
20181019090349456-5,감사원,20181019090349456,,,none,,Y
20181019090349456-6,감사원,20181019090349456,,,none,,Y
20181019090349456-7,감사원,20181019090349456,,,none,,Y
20181019090349456-8,감사원,20181019090349456,,,none,,Y
20181019090349456-9,감사원,20181019090349456,,,none,,Y
20181019090349456-10,감사원,20181019090349456,,,none,,Y
20181019090349456-11,감사원,20181019090349456,,,none,,Y
20181019090349456-12,감사원,20181019090349456,,,none,,Y
20181019090349456-13,감사원,20181019090349456,,,none,분야축,Y
20181019090349456-14,감사원,20181019090349456,,,none,,Y
20181019090349456-15,감사원,20181019090349456,,,none,,Y
20181019090349456-16,감사원,20181019090349456,,,none,분야축,Y
20181019090349456-17,감사원,20181019090349456,,,none,recall,Y
20181019090349456-18,감사원,20181019090349456,,,none,,Y
20181019090349456-19,감사원,20181019090349456,,,none,,Y
20181019090349456-20,감사원,20181019090349456,,,none,,Y
20181019090349456-21,감사원,20181019090349456,,,none,,Y
20181019090349456-22,감사원,20181019090349456,,,none,분야축,Y
20181019090349456-23,감사원,20181019090349456,,,none,분야축,Y
20181019090349456-24,감사원,20181019090349456,,,none,분야축,Y
20190328150555390-1,감사원,20190328150555390,,,none,,Y
20190328150555390-2,감사원,20190328150555390,,,none,,Y
20190328150555390-3,감사원,20190328150555390,,,none,,Y
20190328150555390-4,감사원,20190328150555390,,,none,,Y
20190328150555390-5,감사원,20190328150555390,,,none,,Y
20190328150555390-6,감사원,20190328150555390,,,none,,Y
20190328150555390-7,감사원,20190328150555390,,,none,,Y
20190328150555390-8,감사원,20190328150555390,,,none,,Y
20190328150555390-9,감사원,20190328150555390,,,none,,Y
20190328150555390-10,감사원,20190328150555390,,,none,,Y
20191001134116622-1,감사원,20191001134116622,,,none,분야축,Y
20191001134116622-2,감사원,20191001134116622,,,none,분야축,Y
20191001134116622-3,감사원,20191001134116622,,,none,분야축,Y
20191001134116622-4,감사원,20191001134116622,,,none,분야축,Y
20191001134116622-5,감사원,20191001134116622,,,none,분야축,Y
20191001134116622-6,감사원,20191001134116622,,,none,분야축,Y
20191001134116622-7,감사원,20191001134116622,,,none,분야축,Y
20191001134116622-8,감사원,20191001134116622,,,none,분야축,Y
20191001134116622-9,감사원,20191001134116622,,,none,분야축,Y
20191001134116622-10,감사원,20191001134116622,,,none,분야축,Y
20191001134116622-11,감사원,20191001134116622,,,none,분야축,Y
20191001134116622-12,감사원,20191001134116622,,,none,recall,Y
20191001134116622-13,감사원,20191001134116622,,,none,분야축,Y
20191001134116622-14,감사원,20191001134116622,,,none,분야축,Y
20191001134116622-15,감사원,20191001134116622,,,none,분야축,Y
20191001134116622-16,감사원,20191001134116622,,,none,분야축,Y
20191001134116622-17,감사원,20191001134116622,,,none,,Y
20191001134116622-18,감사원,20191001134116622,,,none,분야축,Y
20191001134116622-19,감사원,20191001134116622,,,none,분야축,Y
20191001134116622-20,감사원,20191001134116622,,,none,,Y
20191001134116622-21,감사원,20191001134116622,,,none,분야축,Y
20191001134116622-22,감사원,20191001134116622,,,none,분야축,Y
20200108163528967-1,감사원,20200108163528967,,,none,분야축,Y
20200108163528967-2,감사원,20200108163528967,,,none,분야축,Y
20200108163528967-3,감사원,20200108163528967,,,none,분야축,Y
20200108163528967-4,감사원,20200108163528967,,,none,분야축,Y
20200108163528967-5,감사원,20200108163528967,,,none,,Y
20200108163528967-6,감사원,20200108163528967,,,none,,Y
20200108163528967-7,감사원,20200108163528967,,,none,,Y
20200108163528967-8,감사원,20200108163528967,,,none,분야축,Y
20200525173315193-1,감사원,20200525173315193,,,none,,Y
20200525173315193-2,감사원,20200525173315193,,,none,,Y
20200525173315193-3,감사원,20200525173315193,,,none,,Y
20200525173315193-4,감사원,20200525173315193,,,none,,Y
20200525173315193-5,감사원,20200525173315193,,,none,,Y
20200525173315193-6,감사원,20200525173315193,,,none,,Y
20200525173315193-7,감사원,20200525173315193,,,none,,Y
20200525173315193-8,감사원,20200525173315193,,,none,,Y
20200525173315193-9,감사원,20200525173315193,,,none,,Y
20200525173315193-10,감사원,20200525173315193,,,none,,Y
20200525173315193-11,감사원,20200525173315193,,,none,,Y
20200525173315193-12,감사원,20200525173315193,,,none,,Y
20200525173315193-13,감사원,20200525173315193,,,none,,Y
20200525173315193-14,감사원,20200525173315193,,,none,,Y
20200525173315193-15,감사원,20200525173315193,,,none,,Y
20200525173315193-16,감사원,20200525173315193,,,none,,Y
20200525173315193-17,감사원,20200525173315193,,,none,,Y
20201207112456434-1,감사원,20201207112456434,,,none,분야축,Y
20201207112456434-2,감사원,20201207112456434,,,none,분야축,Y
20201207112456434-3,감사원,20201207112456434,,,none,분야축,Y
20201207112456434-4,감사원,20201207112456434,,,none,분야축,Y
20201207112456434-5,감사원,20201207112456434,,,none,분야축,Y
20201207112456434-6,감사원,20201207112456434,,,none,,Y
20201207112456434-7,감사원,20201207112456434,,,none,,Y
20201207112456434-8,감사원,20201207112456434,,,none,recall,Y
20201207112456434-9,감사원,20201207112456434,,,none,분야축,Y
20201207112456434-10,감사원,20201207112456434,,,none,분야축,Y
20201207112456434-11,감사원,20201207112456434,,,none,분야축,Y
20201207112456434-12,감사원,20201207112456434,,,none,분야축,Y
20201207112456434-13,감사원,20201207112456434,,,none,분야축,Y
20201207112456434-14,감사원,20201207112456434,,,none,분야축,Y
20201207112456434-15,감사원,20201207112456434,,,none,분야축,Y
20230629163513520-1,감사원,20230629163513520,,,none,분야축,Y
20230629163513520-2,감사원,20230629163513520,,,none,분야축,Y
20230629163513520-3,감사원,20230629163513520,,,none,분야축,Y
20230629163513520-4,감사원,20230629163513520,,,none,분야축,Y
20230629163513520-5,감사원,20230629163513520,,,none,분야축,Y
20230629163513520-6,감사원,20230629163513520,,,none,분야축,Y
20230629163513520-7,감사원,20230629163513520,,,none,분야축,Y
20230629163513520-8,감사원,20230629163513520,,,none,분야축,Y
20230629163513520-9,감사원,20230629163513520,,,none,분야축,Y
20230629163513520-10,감사원,20230629163513520,,,none,분야축,Y
20230629163513520-11,감사원,20230629163513520,,,none,분야축,Y
20230629163513520-12,감사원,20230629163513520,,,none,분야축,Y
20251215173754727-1,감사원,20251215173754727,,,none,,Y
20251215173754727-2,감사원,20251215173754727,,,none,,Y
20251215173754727-3,감사원,20251215173754727,,,none,,Y
20251215173754727-4,감사원,20251215173754727,,,none,,Y
20251215173754727-5,감사원,20251215173754727,,,none,,Y
20251215173754727-6,감사원,20251215173754727,,,none,,Y
20251215173754727-7,감사원,20251215173754727,,,none,,Y
20251215173754727-8,감사원,20251215173754727,,,none,,Y
20251215173754727-9,감사원,20251215173754727,,,none,,Y
20251215173754727-10,감사원,20251215173754727,,,none,,Y
20251215173754727-11,감사원,20251215173754727,,,none,,Y
20260529132212910-1,감사원,20260529132212910,,,none,,Y
20260529132212910-2,감사원,20260529132212910,,,none,,Y
20260529132212910-3,감사원,20260529132212910,,,none,분야축,Y
20260529132212910-4,감사원,20260529132212910,,,none,,Y
20260529132212910-5,감사원,20260529132212910,,,none,recall,Y
20260529132212910-6,감사원,20260529132212910,,,none,,Y
20260529132212910-7,감사원,20260529132212910,,,none,,Y
20260529132212910-8,감사원,20260529132212910,,,none,,Y
1641-1,감사원,1641,S03477,srno,pdf_conv,분야축,
1641-2,감사원,1641,S03477,srno,pdf_conv,분야축,
1641-3,감사원,1641,S03477,srno,pdf_conv,분야축,
1641-4,감사원,1641,S03477,srno,pdf_conv,recall,
1641-5,감사원,1641,S03477,srno,pdf_conv,분야축,
1641-6,감사원,1641,S03477,srno,pdf_conv,분야축,
1641-7,감사원,1641,S03477,srno,pdf_conv,,
1641-8,감사원,1641,S03477,srno,pdf_conv,분야축,
1641-9,감사원,1641,S03477,srno,pdf_conv,recall,
1641-10,감사원,1641,S03477,srno,pdf_conv,분야축,
1641-11,감사원,1641,S03477,srno,pdf_conv,recall,
1641-12,감사원,1641,S03477,srno,pdf_conv,분야축,
1641-13,감사원,1641,S03477,srno,pdf_conv,분야축,
1641-14,감사원,1641,S03477,srno,pdf_conv,분야축,
1641-15,감사원,1641,S03477,srno,pdf_conv,분야축,
1641-16,감사원,1641,S03477,srno,pdf_conv,,
1641-17,감사원,1641,S03477,srno,pdf_conv,,
1642-1,감사원,1642,S03476,srno,pdf_conv,분야축,
1642-2,감사원,1642,S03476,srno,pdf_conv,분야축,
1642-3,감사원,1642,S03476,srno,pdf_conv,,
1642-4,감사원,1642,S03476,srno,pdf_conv,분야축,
1642-5,감사원,1642,S03476,srno,pdf_conv,분야축,
1642-6,감사원,1642,S03476,srno,pdf_conv,분야축,
1642-7,감사원,1642,S03476,srno,pdf_conv,분야축,
1642-8,감사원,1642,S03476,srno,pdf_conv,분야축,
1642-9,감사원,1642,S03476,srno,pdf_conv,분야축,
1642-10,감사원,1642,S03476,srno,pdf_conv,recall,
1642-11,감사원,1642,S03476,srno,pdf_conv,recall,
1642-12,감사원,1642,S03476,srno,pdf_conv,분야축,
1642-13,감사원,1642,S03476,srno,pdf_conv,,
1642-14,감사원,1642,S03476,srno,pdf_conv,,
1642-15,감사원,1642,S03476,srno,pdf_conv,,
1642-16,감사원,1642,S03476,srno,pdf_conv,분야축,
1642-17,감사원,1642,S03476,srno,pdf_conv,recall,
1642-18,감사원,1642,S03476,srno,pdf_conv,,
1642-19,감사원,1642,S03476,srno,pdf_conv,,
1642-20,감사원,1642,S03476,srno,pdf_conv,recall,
1642-21,감사원,1642,S03476,srno,pdf_conv,recall,
1642-22,감사원,1642,S03476,srno,pdf_conv,recall,
1642-23,감사원,1642,S03476,srno,pdf_conv,분야축,
1642-24,감사원,1642,S03476,srno,pdf_conv,,
1642-25,감사원,1642,S03476,srno,pdf_conv,,
1642-26,감사원,1642,S03476,srno,pdf_conv,recall,
1642-27,감사원,1642,S03476,srno,pdf_conv,,
1643-1,감사원,1643,S03478,srno,pdf_conv,recall,
1643-2,감사원,1643,S03478,srno,pdf_conv,,
1643-3,감사원,1643,S03478,srno,pdf_conv,recall,
1643-4,감사원,1643,S03478,srno,pdf_conv,,
1643-5,감사원,1643,S03478,srno,pdf_conv,recall,
1643-6,감사원,1643,S03478,srno,pdf_conv,recall,
1643-7,감사원,1643,S03478,srno,pdf_conv,,
1643-8,감사원,1643,S03478,srno,pdf_conv,recall,
1643-9,감사원,1643,S03478,srno,pdf_conv,recall,
1643-10,감사원,1643,S03478,srno,pdf_conv,분야축,
1643-11,감사원,1643,S03478,srno,pdf_conv,분야축,
1644-1,감사원,1644,S03479,srno,pdf_conv,분야축,
1645-1,감사원,1645,S01550,srno,hwp,,
1646-1,감사원,1646,S03480,srno,pdf_conv,recall,
1646-2,감사원,1646,S03480,srno,pdf_conv,recall,
1646-3,감사원,1646,S03480,srno,pdf_conv,분야축,
1646-4,감사원,1646,S03480,srno,pdf_conv,recall,
1646-5,감사원,1646,S03480,srno,pdf_conv,recall,
1646-6,감사원,1646,S03480,srno,pdf_conv,recall,
1646-7,감사원,1646,S03480,srno,pdf_conv,recall,
1646-8,감사원,1646,S03480,srno,pdf_conv,recall,
1646-9,감사원,1646,S03480,srno,pdf_conv,recall,
1646-10,감사원,1646,S03480,srno,pdf_conv,recall,
1646-11,감사원,1646,S03480,srno,pdf_conv,recall,
1646-12,감사원,1646,S03480,srno,pdf_conv,recall,
1646-13,감사원,1646,S03480,srno,pdf_conv,recall,
1646-14,감사원,1646,S03480,srno,pdf_conv,recall,
1646-15,감사원,1646,S03480,srno,pdf_conv,recall,
1646-16,감사원,1646,S03480,srno,pdf_conv,recall,
1646-17,감사원,1646,S03480,srno,pdf_conv,분야축,
1646-18,감사원,1646,S03480,srno,pdf_conv,recall,
1646-19,감사원,1646,S03480,srno,pdf_conv,,
1646-20,감사원,1646,S03480,srno,pdf_conv,,
1646-21,감사원,1646,S03480,srno,pdf_conv,recall,
1646-22,감사원,1646,S03480,srno,pdf_conv,,
1646-23,감사원,1646,S03480,srno,pdf_conv,,
1647-1,감사원,1647,S03481,srno,pdf_conv,recall,
1647-2,감사원,1647,S03481,srno,pdf_conv,recall,
1647-3,감사원,1647,S03481,srno,pdf_conv,recall,
1647-4,감사원,1647,S03481,srno,pdf_conv,분야축,
1647-5,감사원,1647,S03481,srno,pdf_conv,,
1647-6,감사원,1647,S03481,srno,pdf_conv,분야축,
1647-7,감사원,1647,S03481,srno,pdf_conv,분야축,
1647-8,감사원,1647,S03481,srno,pdf_conv,분야축,
1647-9,감사원,1647,S03481,srno,pdf_conv,분야축,
1647-10,감사원,1647,S03481,srno,pdf_conv,recall,
1647-11,감사원,1647,S03481,srno,pdf_conv,분야축,
1647-12,감사원,1647,S03481,srno,pdf_conv,분야축,
1647-13,감사원,1647,S03481,srno,pdf_conv,recall,
1647-14,감사원,1647,S03481,srno,pdf_conv,분야축,
1647-15,감사원,1647,S03481,srno,pdf_conv,recall,
1647-16,감사원,1647,S03481,srno,pdf_conv,recall,
1647-17,감사원,1647,S03481,srno,pdf_conv,분야축,
1647-18,감사원,1647,S03481,srno,pdf_conv,,
1647-19,감사원,1647,S03481,srno,pdf_conv,recall,
1647-20,감사원,1647,S03481,srno,pdf_conv,분야축,
1647-21,감사원,1647,S03481,srno,pdf_conv,분야축,
1647-22,감사원,1647,S03481,srno,pdf_conv,분야축,
1647-23,감사원,1647,S03481,srno,pdf_conv,분야축,
1647-24,감사원,1647,S03481,srno,pdf_conv,분야축,
1647-25,감사원,1647,S03481,srno,pdf_conv,분야축,
1647-26,감사원,1647,S03481,srno,pdf_conv,,
1647-27,감사원,1647,S03481,srno,pdf_conv,,
1647-28,감사원,1647,S03481,srno,pdf_conv,recall,
1647-29,감사원,1647,S03481,srno,pdf_conv,recall,
1647-30,감사원,1647,S03481,srno,pdf_conv,recall,
1647-31,감사원,1647,S03481,srno,pdf_conv,recall,
1647-32,감사원,1647,S03481,srno,pdf_conv,분야축,
1647-33,감사원,1647,S03481,srno,pdf_conv,,
1647-34,감사원,1647,S03481,srno,pdf_conv,recall,
1647-35,감사원,1647,S03481,srno,pdf_conv,,
1647-36,감사원,1647,S03481,srno,pdf_conv,,
1647-37,감사원,1647,S03481,srno,pdf_conv,,
1647-38,감사원,1647,S03481,srno,pdf_conv,분야축,
1647-39,감사원,1647,S03481,srno,pdf_conv,분야축,
1648-1,감사원,1648,S03482,srno,pdf_conv,분야축,
1648-2,감사원,1648,S03482,srno,pdf_conv,분야축,
1648-3,감사원,1648,S03482,srno,pdf_conv,분야축,
1648-4,감사원,1648,S03482,srno,pdf_conv,분야축,
1648-5,감사원,1648,S03482,srno,pdf_conv,recall,
1648-6,감사원,1648,S03482,srno,pdf_conv,,
1648-7,감사원,1648,S03482,srno,pdf_conv,,
1648-8,감사원,1648,S03482,srno,pdf_conv,,
1648-9,감사원,1648,S03482,srno,pdf_conv,,
1648-10,감사원,1648,S03482,srno,pdf_conv,분야축,
1648-11,감사원,1648,S03482,srno,pdf_conv,분야축,
1648-12,감사원,1648,S03482,srno,pdf_conv,recall,
1648-13,감사원,1648,S03482,srno,pdf_conv,,
1648-14,감사원,1648,S03482,srno,pdf_conv,recall,
1648-15,감사원,1648,S03482,srno,pdf_conv,,
1648-16,감사원,1648,S03482,srno,pdf_conv,recall,
1648-17,감사원,1648,S03482,srno,pdf_conv,분야축,
1648-18,감사원,1648,S03482,srno,pdf_conv,recall,
1648-19,감사원,1648,S03482,srno,pdf_conv,,
1648-20,감사원,1648,S03482,srno,pdf_conv,분야축,
1648-21,감사원,1648,S03482,srno,pdf_conv,recall,
1648-22,감사원,1648,S03482,srno,pdf_conv,분야축,
1648-23,감사원,1648,S03482,srno,pdf_conv,recall,
1648-24,감사원,1648,S03482,srno,pdf_conv,분야축,
1648-25,감사원,1648,S03482,srno,pdf_conv,분야축,
1648-26,감사원,1648,S03482,srno,pdf_conv,분야축,
1648-27,감사원,1648,S03482,srno,pdf_conv,recall,
1648-28,감사원,1648,S03482,srno,pdf_conv,분야축,
1648-29,감사원,1648,S03482,srno,pdf_conv,분야축,
1649-1,감사원,1649,S03483,srno,pdf_conv,,
1649-2,감사원,1649,S03483,srno,pdf_conv,,
1649-3,감사원,1649,S03483,srno,pdf_conv,분야축,
1649-4,감사원,1649,S03483,srno,pdf_conv,분야축,
1649-5,감사원,1649,S03483,srno,pdf_conv,분야축,
1649-6,감사원,1649,S03483,srno,pdf_conv,,
1649-7,감사원,1649,S03483,srno,pdf_conv,분야축,
1649-8,감사원,1649,S03483,srno,pdf_conv,,
1649-9,감사원,1649,S03483,srno,pdf_conv,,
1649-10,감사원,1649,S03483,srno,pdf_conv,,
1649-11,감사원,1649,S03483,srno,pdf_conv,,
1649-12,감사원,1649,S03483,srno,pdf_conv,,
1649-13,감사원,1649,S03483,srno,pdf_conv,recall,
1649-14,감사원,1649,S03483,srno,pdf_conv,recall,
1649-15,감사원,1649,S03483,srno,pdf_conv,recall,
1649-16,감사원,1649,S03483,srno,pdf_conv,분야축,
1649-17,감사원,1649,S03483,srno,pdf_conv,,
1649-18,감사원,1649,S03483,srno,pdf_conv,분야축,
1649-19,감사원,1649,S03483,srno,pdf_conv,분야축,
1649-20,감사원,1649,S03483,srno,pdf_conv,recall,
1649-21,감사원,1649,S03483,srno,pdf_conv,,
1649-22,감사원,1649,S03483,srno,pdf_conv,분야축,
1649-23,감사원,1649,S03483,srno,pdf_conv,,
1649-24,감사원,1649,S03483,srno,pdf_conv,recall,
1649-25,감사원,1649,S03483,srno,pdf_conv,,
1649-26,감사원,1649,S03483,srno,pdf_conv,분야축,
1649-27,감사원,1649,S03483,srno,pdf_conv,분야축,
1649-28,감사원,1649,S03483,srno,pdf_conv,분야축,
1649-29,감사원,1649,S03483,srno,pdf_conv,분야축,
1649-30,감사원,1649,S03483,srno,pdf_conv,,
1649-31,감사원,1649,S03483,srno,pdf_conv,recall,
1649-32,감사원,1649,S03483,srno,pdf_conv,recall,
1649-33,감사원,1649,S03483,srno,pdf_conv,recall,
1649-34,감사원,1649,S03483,srno,pdf_conv,,
1650-1,감사원,1650,S03484,srno,pdf_conv,분야축,
1650-2,감사원,1650,S03484,srno,pdf_conv,분야축,
1650-3,감사원,1650,S03484,srno,pdf_conv,분야축,
1650-4,감사원,1650,S03484,srno,pdf_conv,분야축,
1650-5,감사원,1650,S03484,srno,pdf_conv,분야축,
1650-6,감사원,1650,S03484,srno,pdf_conv,분야축,
1650-7,감사원,1650,S03484,srno,pdf_conv,분야축,
1651-1,감사원,1651,S03485,srno,pdf_conv,,
1651-2,감사원,1651,S03485,srno,pdf_conv,,
1651-3,감사원,1651,S03485,srno,pdf_conv,recall,
1651-4,감사원,1651,S03485,srno,pdf_conv,recall,
1651-5,감사원,1651,S03485,srno,pdf_conv,,
1651-6,감사원,1651,S03485,srno,pdf_conv,recall,
1651-7,감사원,1651,S03485,srno,pdf_conv,,
1651-8,감사원,1651,S03485,srno,pdf_conv,recall,
1652-1,감사원,1652,S03486,srno,pdf_conv,분야축,
1652-2,감사원,1652,S03486,srno,pdf_conv,분야축,
1652-3,감사원,1652,S03486,srno,pdf_conv,,
1652-4,감사원,1652,S03486,srno,pdf_conv,분야축,
1652-5,감사원,1652,S03486,srno,pdf_conv,분야축,
1652-6,감사원,1652,S03486,srno,pdf_conv,분야축,
1652-7,감사원,1652,S03486,srno,pdf_conv,분야축,
1652-8,감사원,1652,S03486,srno,pdf_conv,분야축,
1652-9,감사원,1652,S03486,srno,pdf_conv,분야축,
1652-10,감사원,1652,S03486,srno,pdf_conv,분야축,
1652-11,감사원,1652,S03486,srno,pdf_conv,분야축,
1652-12,감사원,1652,S03486,srno,pdf_conv,분야축,
1652-13,감사원,1652,S03486,srno,pdf_conv,,
1652-14,감사원,1652,S03486,srno,pdf_conv,분야축,
1652-15,감사원,1652,S03486,srno,pdf_conv,분야축,
1653-1,감사원,1653,S03487,srno,pdf_conv,분야축,
1653-2,감사원,1653,S03487,srno,pdf_conv,,
1653-3,감사원,1653,S03487,srno,pdf_conv,분야축,
1653-4,감사원,1653,S03487,srno,pdf_conv,,
1653-5,감사원,1653,S03487,srno,pdf_conv,분야축,
1653-6,감사원,1653,S03487,srno,pdf_conv,분야축,
1653-7,감사원,1653,S03487,srno,pdf_conv,분야축,
1653-8,감사원,1653,S03487,srno,pdf_conv,분야축,
1653-9,감사원,1653,S03487,srno,pdf_conv,,
1653-10,감사원,1653,S03487,srno,pdf_conv,,
1653-11,감사원,1653,S03487,srno,pdf_conv,recall,
1653-12,감사원,1653,S03487,srno,pdf_conv,recall,
1654-1,감사원,1654,S03488,srno,pdf_conv,,
1654-2,감사원,1654,S03488,srno,pdf_conv,,
1654-3,감사원,1654,S03488,srno,pdf_conv,분야축,
1654-4,감사원,1654,S03488,srno,pdf_conv,분야축,
1654-5,감사원,1654,S03488,srno,pdf_conv,분야축,
1654-6,감사원,1654,S03488,srno,pdf_conv,분야축,
1654-7,감사원,1654,S03488,srno,pdf_conv,,
1654-8,감사원,1654,S03488,srno,pdf_conv,,
1654-9,감사원,1654,S03488,srno,pdf_conv,,
1654-10,감사원,1654,S03488,srno,pdf_conv,분야축,
1654-11,감사원,1654,S03488,srno,pdf_conv,,
1654-12,감사원,1654,S03488,srno,pdf_conv,분야축,
1654-13,감사원,1654,S03488,srno,pdf_conv,분야축,
1654-14,감사원,1654,S03488,srno,pdf_conv,분야축,
1654-15,감사원,1654,S03488,srno,pdf_conv,,
1654-16,감사원,1654,S03488,srno,pdf_conv,,
1654-17,감사원,1654,S03488,srno,pdf_conv,recall,
1654-18,감사원,1654,S03488,srno,pdf_conv,recall,
1654-19,감사원,1654,S03488,srno,pdf_conv,,
1655-1,감사원,1655,S03489,srno,pdf_conv,,
1655-2,감사원,1655,S03489,srno,pdf_conv,,
1655-3,감사원,1655,S03489,srno,pdf_conv,,
1655-4,감사원,1655,S03489,srno,pdf_conv,recall,
1655-5,감사원,1655,S03489,srno,pdf_conv,,
1655-6,감사원,1655,S03489,srno,pdf_conv,분야축,
1655-7,감사원,1655,S03489,srno,pdf_conv,분야축,
1655-8,감사원,1655,S03489,srno,pdf_conv,recall,
1655-9,감사원,1655,S03489,srno,pdf_conv,recall,
1655-10,감사원,1655,S03489,srno,pdf_conv,분야축,
1655-11,감사원,1655,S03489,srno,pdf_conv,분야축,
1655-12,감사원,1655,S03489,srno,pdf_conv,분야축,
1655-13,감사원,1655,S03489,srno,pdf_conv,recall,
1655-14,감사원,1655,S03489,srno,pdf_conv,분야축,
1655-15,감사원,1655,S03489,srno,pdf_conv,,
1655-16,감사원,1655,S03489,srno,pdf_conv,,
1655-17,감사원,1655,S03489,srno,pdf_conv,,
1655-18,감사원,1655,S03489,srno,pdf_conv,,
1655-19,감사원,1655,S03489,srno,pdf_conv,,
1655-20,감사원,1655,S03489,srno,pdf_conv,,
1656-1,감사원,1656,S01562,srno,hwp,,
1657-1,감사원,1657,S03490,srno,pdf_conv,recall,
1657-2,감사원,1657,S03490,srno,pdf_conv,recall,
1657-3,감사원,1657,S03490,srno,pdf_conv,,
1657-4,감사원,1657,S03490,srno,pdf_conv,recall,
1658-1,감사원,1658,S03491,srno,pdf_conv,분야축,
1660-1,감사원,1660,S01565,srno,hwp,,
1660-2,감사원,1660,S01565,srno,hwp,,
1660-3,감사원,1660,S01565,srno,hwp,,
1660-4,감사원,1660,S01565,srno,hwp,,
1661-1,감사원,1661,S03493,srno,pdf_conv,분야축,
1662-1,감사원,1662,S03492,srno,pdf_conv,분야축,
1663-1,감사원,1663,S03494,srno,pdf_conv,,
1663-2,감사원,1663,S03494,srno,pdf_conv,,
1663-3,감사원,1663,S03494,srno,pdf_conv,,
1663-4,감사원,1663,S03494,srno,pdf_conv,,
1663-5,감사원,1663,S03494,srno,pdf_conv,,
1663-6,감사원,1663,S03494,srno,pdf_conv,recall,
1663-7,감사원,1663,S03494,srno,pdf_conv,recall,
1663-8,감사원,1663,S03494,srno,pdf_conv,recall,
1664-1,감사원,1664,S03495,srno,pdf_conv,recall,
1664-2,감사원,1664,S03495,srno,pdf_conv,,
1664-3,감사원,1664,S03495,srno,pdf_conv,분야축,
1664-4,감사원,1664,S03495,srno,pdf_conv,분야축,
1664-5,감사원,1664,S03495,srno,pdf_conv,분야축,
1664-6,감사원,1664,S03495,srno,pdf_conv,분야축,
1665-1,감사원,1665,S03496,srno,pdf_conv,분야축,
1665-2,감사원,1665,S03496,srno,pdf_conv,recall,
1665-3,감사원,1665,S03496,srno,pdf_conv,분야축,
1665-4,감사원,1665,S03496,srno,pdf_conv,,
1665-5,감사원,1665,S03496,srno,pdf_conv,recall,
1665-6,감사원,1665,S03496,srno,pdf_conv,recall,
1666-1,감사원,1666,S01571,srno,hwp,,
1666-2,감사원,1666,S01571,srno,hwp,,
1666-3,감사원,1666,S01571,srno,hwp,,
1667-1,감사원,1667,S03497,srno,pdf_conv,recall,
1667-2,감사원,1667,S03497,srno,pdf_conv,,
1667-3,감사원,1667,S03497,srno,pdf_conv,,
1667-4,감사원,1667,S03497,srno,pdf_conv,분야축,
1667-5,감사원,1667,S03497,srno,pdf_conv,,
1667-6,감사원,1667,S03497,srno,pdf_conv,분야축,
1667-7,감사원,1667,S03497,srno,pdf_conv,recall,
1667-8,감사원,1667,S03497,srno,pdf_conv,분야축,
1667-9,감사원,1667,S03497,srno,pdf_conv,분야축,
1667-10,감사원,1667,S03497,srno,pdf_conv,,
1667-11,감사원,1667,S03497,srno,pdf_conv,,
1667-12,감사원,1667,S03497,srno,pdf_conv,,
1667-13,감사원,1667,S03497,srno,pdf_conv,분야축,
1667-14,감사원,1667,S03497,srno,pdf_conv,분야축,
1667-15,감사원,1667,S03497,srno,pdf_conv,recall,
1667-16,감사원,1667,S03497,srno,pdf_conv,분야축,
1667-17,감사원,1667,S03497,srno,pdf_conv,,
1667-18,감사원,1667,S03497,srno,pdf_conv,,
1667-19,감사원,1667,S03497,srno,pdf_conv,recall,
1667-20,감사원,1667,S03497,srno,pdf_conv,recall,
1667-21,감사원,1667,S03497,srno,pdf_conv,분야축,
1667-22,감사원,1667,S03497,srno,pdf_conv,분야축,
1667-23,감사원,1667,S03497,srno,pdf_conv,,
1667-24,감사원,1667,S03497,srno,pdf_conv,,
1667-25,감사원,1667,S03497,srno,pdf_conv,분야축,
1668-1,감사원,1668,S03498,srno,pdf_conv,분야축,
1669-1,감사원,1669,S01573,srno,hwp,,
1670-1,감사원,1670,S03500,srno,pdf_conv,recall,
1671-1,감사원,1671,S03499,srno,pdf_conv,,
1671-2,감사원,1671,S03499,srno,pdf_conv,,
1671-3,감사원,1671,S03499,srno,pdf_conv,분야축,
1672-1,감사원,1672,S01578,srno,hwp,,
1673-1,감사원,1673,S03501,srno,pdf_conv,recall,
1673-2,감사원,1673,S03501,srno,pdf_conv,,
1673-3,감사원,1673,S03501,srno,pdf_conv,recall,
1673-4,감사원,1673,S03501,srno,pdf_conv,분야축,
1673-5,감사원,1673,S03501,srno,pdf_conv,recall,
1673-6,감사원,1673,S03501,srno,pdf_conv,recall,
1673-7,감사원,1673,S03501,srno,pdf_conv,분야축,
1673-8,감사원,1673,S03501,srno,pdf_conv,recall,
1673-9,감사원,1673,S03501,srno,pdf_conv,분야축,
1674-1,감사원,1674,S03502,srno,pdf_conv,,
1674-2,감사원,1674,S03502,srno,pdf_conv,recall,
1674-3,감사원,1674,S03502,srno,pdf_conv,,
1674-4,감사원,1674,S03502,srno,pdf_conv,recall,
1674-5,감사원,1674,S03502,srno,pdf_conv,분야축,
1674-6,감사원,1674,S03502,srno,pdf_conv,,
1674-7,감사원,1674,S03502,srno,pdf_conv,,
1674-8,감사원,1674,S03502,srno,pdf_conv,,
1674-9,감사원,1674,S03502,srno,pdf_conv,,
1674-10,감사원,1674,S03502,srno,pdf_conv,,
1674-11,감사원,1674,S03502,srno,pdf_conv,,
1674-12,감사원,1674,S03502,srno,pdf_conv,,
1674-13,감사원,1674,S03502,srno,pdf_conv,,
1674-14,감사원,1674,S03502,srno,pdf_conv,,
1674-15,감사원,1674,S03502,srno,pdf_conv,recall,
1674-16,감사원,1674,S03502,srno,pdf_conv,,
1674-17,감사원,1674,S03502,srno,pdf_conv,recall,
1674-18,감사원,1674,S03502,srno,pdf_conv,,
1674-19,감사원,1674,S03502,srno,pdf_conv,,
1674-20,감사원,1674,S03502,srno,pdf_conv,,
1674-21,감사원,1674,S03502,srno,pdf_conv,,
1674-22,감사원,1674,S03502,srno,pdf_conv,,
1674-23,감사원,1674,S03502,srno,pdf_conv,recall,
1674-24,감사원,1674,S03502,srno,pdf_conv,,
1674-25,감사원,1674,S03502,srno,pdf_conv,,
1674-26,감사원,1674,S03502,srno,pdf_conv,,
1674-27,감사원,1674,S03502,srno,pdf_conv,recall,
1674-28,감사원,1674,S03502,srno,pdf_conv,,
1674-29,감사원,1674,S03502,srno,pdf_conv,,
1674-30,감사원,1674,S03502,srno,pdf_conv,,
1674-31,감사원,1674,S03502,srno,pdf_conv,분야축,
1674-32,감사원,1674,S03502,srno,pdf_conv,분야축,
1674-33,감사원,1674,S03502,srno,pdf_conv,recall,
1674-34,감사원,1674,S03502,srno,pdf_conv,분야축,
1674-35,감사원,1674,S03502,srno,pdf_conv,,
1674-36,감사원,1674,S03502,srno,pdf_conv,,
1674-37,감사원,1674,S03502,srno,pdf_conv,recall,
1674-38,감사원,1674,S03502,srno,pdf_conv,recall,
1674-39,감사원,1674,S03502,srno,pdf_conv,recall,
1675-1,감사원,1675,S01580,srno,hwp,,
1675-2,감사원,1675,S01580,srno,hwp,,
1675-3,감사원,1675,S01580,srno,hwp,,
1675-4,감사원,1675,S01580,srno,hwp,,
1675-5,감사원,1675,S01580,srno,hwp,,
1675-6,감사원,1675,S01580,srno,hwp,,
1675-7,감사원,1675,S01580,srno,hwp,,
1675-8,감사원,1675,S01580,srno,hwp,,
1675-9,감사원,1675,S01580,srno,hwp,,
1675-10,감사원,1675,S01580,srno,hwp,,
1675-11,감사원,1675,S01580,srno,hwp,,
1675-12,감사원,1675,S01580,srno,hwp,,
1675-13,감사원,1675,S01580,srno,hwp,,
1675-14,감사원,1675,S01580,srno,hwp,,
1676-1,감사원,1676,S03503,srno,pdf_conv,분야축,
1676-2,감사원,1676,S03503,srno,pdf_conv,분야축,
1676-3,감사원,1676,S03503,srno,pdf_conv,분야축,
1676-4,감사원,1676,S03503,srno,pdf_conv,분야축,
1676-5,감사원,1676,S03503,srno,pdf_conv,분야축,
1677-1,감사원,1677,S03505,srno,pdf_conv,,
1677-2,감사원,1677,S03505,srno,pdf_conv,분야축,
1677-3,감사원,1677,S03505,srno,pdf_conv,,
1677-4,감사원,1677,S03505,srno,pdf_conv,,
1677-5,감사원,1677,S03505,srno,pdf_conv,,
1677-6,감사원,1677,S03505,srno,pdf_conv,,
1677-7,감사원,1677,S03505,srno,pdf_conv,분야축,
1677-8,감사원,1677,S03505,srno,pdf_conv,,
1677-9,감사원,1677,S03505,srno,pdf_conv,,
1678-1,감사원,1678,S03504,srno,pdf_conv,분야축,
1679-1,감사원,1679,S03507,srno,pdf_conv,분야축,
1679-2,감사원,1679,S03507,srno,pdf_conv,분야축,
1679-3,감사원,1679,S03507,srno,pdf_conv,분야축,
1679-4,감사원,1679,S03507,srno,pdf_conv,,
1679-5,감사원,1679,S03507,srno,pdf_conv,,
1679-6,감사원,1679,S03507,srno,pdf_conv,,
1679-7,감사원,1679,S03507,srno,pdf_conv,,
1679-8,감사원,1679,S03507,srno,pdf_conv,분야축,
1679-9,감사원,1679,S03507,srno,pdf_conv,,
1679-10,감사원,1679,S03507,srno,pdf_conv,분야축,
1679-11,감사원,1679,S03507,srno,pdf_conv,분야축,
1679-12,감사원,1679,S03507,srno,pdf_conv,분야축,
1679-13,감사원,1679,S03507,srno,pdf_conv,분야축,
1679-14,감사원,1679,S03507,srno,pdf_conv,recall,
1679-15,감사원,1679,S03507,srno,pdf_conv,,
1679-16,감사원,1679,S03507,srno,pdf_conv,분야축,
1679-17,감사원,1679,S03507,srno,pdf_conv,recall,
1679-18,감사원,1679,S03507,srno,pdf_conv,recall,
1679-19,감사원,1679,S03507,srno,pdf_conv,분야축,
1679-20,감사원,1679,S03507,srno,pdf_conv,분야축,
1679-21,감사원,1679,S03507,srno,pdf_conv,분야축,
1680-1,감사원,1680,S03506,srno,pdf_conv,,
1680-2,감사원,1680,S03506,srno,pdf_conv,,
1680-3,감사원,1680,S03506,srno,pdf_conv,,
1680-4,감사원,1680,S03506,srno,pdf_conv,분야축,
1680-5,감사원,1680,S03506,srno,pdf_conv,recall,
1680-6,감사원,1680,S03506,srno,pdf_conv,recall,
1680-7,감사원,1680,S03506,srno,pdf_conv,분야축,
1680-8,감사원,1680,S03506,srno,pdf_conv,,
1680-9,감사원,1680,S03506,srno,pdf_conv,,
1680-10,감사원,1680,S03506,srno,pdf_conv,recall,
1680-11,감사원,1680,S03506,srno,pdf_conv,분야축,
1680-12,감사원,1680,S03506,srno,pdf_conv,recall,
1680-13,감사원,1680,S03506,srno,pdf_conv,,
1680-14,감사원,1680,S03506,srno,pdf_conv,분야축,
1680-15,감사원,1680,S03506,srno,pdf_conv,분야축,
1680-16,감사원,1680,S03506,srno,pdf_conv,,
1680-17,감사원,1680,S03506,srno,pdf_conv,,
1680-18,감사원,1680,S03506,srno,pdf_conv,분야축,
1680-19,감사원,1680,S03506,srno,pdf_conv,,
1681-1,감사원,1681,S03508,srno,pdf_conv,recall,
1681-2,감사원,1681,S03508,srno,pdf_conv,recall,
1681-3,감사원,1681,S03508,srno,pdf_conv,recall,
1681-4,감사원,1681,S03508,srno,pdf_conv,recall,
1681-5,감사원,1681,S03508,srno,pdf_conv,recall,
1681-6,감사원,1681,S03508,srno,pdf_conv,recall,
1681-7,감사원,1681,S03508,srno,pdf_conv,recall,
1681-8,감사원,1681,S03508,srno,pdf_conv,recall,
1681-9,감사원,1681,S03508,srno,pdf_conv,recall,
1681-10,감사원,1681,S03508,srno,pdf_conv,recall,
1681-11,감사원,1681,S03508,srno,pdf_conv,recall,
1681-12,감사원,1681,S03508,srno,pdf_conv,recall,
1681-13,감사원,1681,S03508,srno,pdf_conv,recall,
1681-14,감사원,1681,S03508,srno,pdf_conv,recall,
1681-15,감사원,1681,S03508,srno,pdf_conv,recall,
1681-16,감사원,1681,S03508,srno,pdf_conv,recall,
1681-17,감사원,1681,S03508,srno,pdf_conv,분야축,
1681-18,감사원,1681,S03508,srno,pdf_conv,분야축,
1681-19,감사원,1681,S03508,srno,pdf_conv,recall,
1681-20,감사원,1681,S03508,srno,pdf_conv,recall,
1681-21,감사원,1681,S03508,srno,pdf_conv,recall,
1682-1,감사원,1682,S03509,srno,pdf_conv,,
1682-2,감사원,1682,S03509,srno,pdf_conv,,
1682-3,감사원,1682,S03509,srno,pdf_conv,,
1682-4,감사원,1682,S03509,srno,pdf_conv,,
1682-5,감사원,1682,S03509,srno,pdf_conv,,
1682-6,감사원,1682,S03509,srno,pdf_conv,,
1682-7,감사원,1682,S03509,srno,pdf_conv,분야축,
1683-1,감사원,1683,S03511,srno,pdf_conv,분야축,
1683-2,감사원,1683,S03511,srno,pdf_conv,recall,
1683-3,감사원,1683,S03511,srno,pdf_conv,recall,
1683-4,감사원,1683,S03511,srno,pdf_conv,분야축,
1683-5,감사원,1683,S03511,srno,pdf_conv,,
1683-6,감사원,1683,S03511,srno,pdf_conv,,
1683-7,감사원,1683,S03511,srno,pdf_conv,분야축,
1683-8,감사원,1683,S03511,srno,pdf_conv,분야축,
1683-9,감사원,1683,S03511,srno,pdf_conv,분야축,
1683-10,감사원,1683,S03511,srno,pdf_conv,recall,
1683-11,감사원,1683,S03511,srno,pdf_conv,,
1683-12,감사원,1683,S03511,srno,pdf_conv,recall,
1683-13,감사원,1683,S03511,srno,pdf_conv,,
1683-14,감사원,1683,S03511,srno,pdf_conv,recall,
1683-15,감사원,1683,S03511,srno,pdf_conv,,
1683-16,감사원,1683,S03511,srno,pdf_conv,recall,
1683-17,감사원,1683,S03511,srno,pdf_conv,recall,
1683-18,감사원,1683,S03511,srno,pdf_conv,recall,
1683-19,감사원,1683,S03511,srno,pdf_conv,분야축,
1684-1,감사원,1684,S03510,srno,pdf_conv,,
1684-2,감사원,1684,S03510,srno,pdf_conv,,
1684-3,감사원,1684,S03510,srno,pdf_conv,,
1684-4,감사원,1684,S03510,srno,pdf_conv,분야축,
1684-5,감사원,1684,S03510,srno,pdf_conv,,
1684-6,감사원,1684,S03510,srno,pdf_conv,,
1684-7,감사원,1684,S03510,srno,pdf_conv,,
1684-8,감사원,1684,S03510,srno,pdf_conv,,
1684-9,감사원,1684,S03510,srno,pdf_conv,,
1684-10,감사원,1684,S03510,srno,pdf_conv,,
1684-11,감사원,1684,S03510,srno,pdf_conv,recall,
1685-1,감사원,1685,S01590,srno,hwp,,
1685-2,감사원,1685,S01590,srno,hwp,,
1685-3,감사원,1685,S01590,srno,hwp,분야축,
1685-4,감사원,1685,S01590,srno,hwp,분야축,
1685-5,감사원,1685,S01590,srno,hwp,recall,
1685-6,감사원,1685,S01590,srno,hwp,분야축,
1685-7,감사원,1685,S01590,srno,hwp,분야축,
1685-8,감사원,1685,S01590,srno,hwp,분야축,
1686-1,감사원,1686,S03512,srno,pdf_conv,분야축,
1686-2,감사원,1686,S03512,srno,pdf_conv,분야축,
1686-3,감사원,1686,S03512,srno,pdf_conv,분야축,
1686-4,감사원,1686,S03512,srno,pdf_conv,분야축,
1686-5,감사원,1686,S03512,srno,pdf_conv,,
1686-6,감사원,1686,S03512,srno,pdf_conv,recall,
1686-7,감사원,1686,S03512,srno,pdf_conv,분야축,
1687-1,감사원,1687,S03513,srno,pdf_conv,,
1687-2,감사원,1687,S03513,srno,pdf_conv,,
1687-3,감사원,1687,S03513,srno,pdf_conv,분야축,
1687-4,감사원,1687,S03513,srno,pdf_conv,분야축,
1687-5,감사원,1687,S03513,srno,pdf_conv,분야축,
1687-6,감사원,1687,S03513,srno,pdf_conv,recall,
1687-7,감사원,1687,S03513,srno,pdf_conv,recall,
1687-8,감사원,1687,S03513,srno,pdf_conv,recall,
1687-9,감사원,1687,S03513,srno,pdf_conv,recall,
1687-10,감사원,1687,S03513,srno,pdf_conv,recall,
1688-1,감사원,1688,S03514,srno,pdf_conv,,
1688-2,감사원,1688,S03514,srno,pdf_conv,recall,
1688-3,감사원,1688,S03514,srno,pdf_conv,분야축,
1688-4,감사원,1688,S03514,srno,pdf_conv,분야축,
1688-5,감사원,1688,S03514,srno,pdf_conv,분야축,
1688-6,감사원,1688,S03514,srno,pdf_conv,,
1688-7,감사원,1688,S03514,srno,pdf_conv,분야축,
1688-8,감사원,1688,S03514,srno,pdf_conv,recall,
1688-9,감사원,1688,S03514,srno,pdf_conv,,
1688-10,감사원,1688,S03514,srno,pdf_conv,분야축,
1688-11,감사원,1688,S03514,srno,pdf_conv,분야축,
1688-12,감사원,1688,S03514,srno,pdf_conv,,
1688-13,감사원,1688,S03514,srno,pdf_conv,,
1688-14,감사원,1688,S03514,srno,pdf_conv,,
1688-15,감사원,1688,S03514,srno,pdf_conv,분야축,
1688-16,감사원,1688,S03514,srno,pdf_conv,분야축,
1689-1,감사원,1689,S01594,srno,hwp,,
1689-2,감사원,1689,S01594,srno,hwp,,
1689-3,감사원,1689,S01594,srno,hwp,,
1689-4,감사원,1689,S01594,srno,hwp,,
1689-5,감사원,1689,S01594,srno,hwp,,
1689-6,감사원,1689,S01594,srno,hwp,,
1689-7,감사원,1689,S01594,srno,hwp,,
1689-8,감사원,1689,S01594,srno,hwp,,
1689-9,감사원,1689,S01594,srno,hwp,,
1689-10,감사원,1689,S01594,srno,hwp,,
1689-11,감사원,1689,S01594,srno,hwp,,
1689-12,감사원,1689,S01594,srno,hwp,,
1689-13,감사원,1689,S01594,srno,hwp,,
1689-14,감사원,1689,S01594,srno,hwp,,
1689-15,감사원,1689,S01594,srno,hwp,,
1689-16,감사원,1689,S01594,srno,hwp,,
1689-17,감사원,1689,S01594,srno,hwp,,
1689-18,감사원,1689,S01594,srno,hwp,,
1689-19,감사원,1689,S01594,srno,hwp,,
1689-20,감사원,1689,S01594,srno,hwp,,
1689-21,감사원,1689,S01594,srno,hwp,,
1689-22,감사원,1689,S01594,srno,hwp,,
1690-1,감사원,1690,S03515,srno,pdf_conv,,
1690-2,감사원,1690,S03515,srno,pdf_conv,,
1690-3,감사원,1690,S03515,srno,pdf_conv,,
1690-4,감사원,1690,S03515,srno,pdf_conv,,
1690-5,감사원,1690,S03515,srno,pdf_conv,,
1690-6,감사원,1690,S03515,srno,pdf_conv,,
1690-7,감사원,1690,S03515,srno,pdf_conv,,
1690-8,감사원,1690,S03515,srno,pdf_conv,분야축,
1690-9,감사원,1690,S03515,srno,pdf_conv,,
1690-10,감사원,1690,S03515,srno,pdf_conv,,
1690-11,감사원,1690,S03515,srno,pdf_conv,,
1690-12,감사원,1690,S03515,srno,pdf_conv,,
1690-13,감사원,1690,S03515,srno,pdf_conv,분야축,
1690-14,감사원,1690,S03515,srno,pdf_conv,분야축,
1691-1,감사원,1691,S03516,srno,pdf_conv,분야축,
1691-2,감사원,1691,S03516,srno,pdf_conv,분야축,
1691-3,감사원,1691,S03516,srno,pdf_conv,분야축,
1691-4,감사원,1691,S03516,srno,pdf_conv,분야축,
1691-5,감사원,1691,S03516,srno,pdf_conv,분야축,
1691-6,감사원,1691,S03516,srno,pdf_conv,분야축,
1691-7,감사원,1691,S03516,srno,pdf_conv,분야축,
1691-8,감사원,1691,S03516,srno,pdf_conv,분야축,
1691-9,감사원,1691,S03516,srno,pdf_conv,분야축,
1692-1,감사원,1692,S03517,srno,pdf_conv,,
1692-2,감사원,1692,S03517,srno,pdf_conv,,
1692-3,감사원,1692,S03517,srno,pdf_conv,,
1692-4,감사원,1692,S03517,srno,pdf_conv,,
1692-5,감사원,1692,S03517,srno,pdf_conv,,
1692-6,감사원,1692,S03517,srno,pdf_conv,,
1692-7,감사원,1692,S03517,srno,pdf_conv,,
1692-8,감사원,1692,S03517,srno,pdf_conv,,
1692-9,감사원,1692,S03517,srno,pdf_conv,,
1692-10,감사원,1692,S03517,srno,pdf_conv,,
1692-11,감사원,1692,S03517,srno,pdf_conv,,
1692-12,감사원,1692,S03517,srno,pdf_conv,,
1692-13,감사원,1692,S03517,srno,pdf_conv,,
1692-14,감사원,1692,S03517,srno,pdf_conv,,
1692-15,감사원,1692,S03517,srno,pdf_conv,recall,
1693-1,감사원,1693,S03518,srno,pdf_conv,,
1693-2,감사원,1693,S03518,srno,pdf_conv,recall,
1693-3,감사원,1693,S03518,srno,pdf_conv,분야축,
1693-4,감사원,1693,S03518,srno,pdf_conv,recall,
1693-5,감사원,1693,S03518,srno,pdf_conv,recall,
1693-6,감사원,1693,S03518,srno,pdf_conv,,
1694-1,감사원,1694,S03519,srno,pdf_conv,분야축,
1694-2,감사원,1694,S03519,srno,pdf_conv,,
1694-3,감사원,1694,S03519,srno,pdf_conv,,
1694-4,감사원,1694,S03519,srno,pdf_conv,,
1694-5,감사원,1694,S03519,srno,pdf_conv,,
1694-6,감사원,1694,S03519,srno,pdf_conv,,
1694-7,감사원,1694,S03519,srno,pdf_conv,분야축,
1694-8,감사원,1694,S03519,srno,pdf_conv,,
1694-9,감사원,1694,S03519,srno,pdf_conv,,
1694-10,감사원,1694,S03519,srno,pdf_conv,recall,
1694-11,감사원,1694,S03519,srno,pdf_conv,recall,
1694-12,감사원,1694,S03519,srno,pdf_conv,분야축,
1694-13,감사원,1694,S03519,srno,pdf_conv,,
1695-1,감사원,1695,S03520,srno,pdf_conv,,
1695-2,감사원,1695,S03520,srno,pdf_conv,분야축,
1695-3,감사원,1695,S03520,srno,pdf_conv,,
1695-4,감사원,1695,S03520,srno,pdf_conv,,
1695-5,감사원,1695,S03520,srno,pdf_conv,분야축,
1695-6,감사원,1695,S03520,srno,pdf_conv,분야축,
1696-1,감사원,1696,S03521,srno,pdf_conv,,
1696-2,감사원,1696,S03521,srno,pdf_conv,,
1696-3,감사원,1696,S03521,srno,pdf_conv,recall,
1696-4,감사원,1696,S03521,srno,pdf_conv,,
1696-5,감사원,1696,S03521,srno,pdf_conv,,
1697-1,감사원,1697,S03522,srno,pdf_conv,,
1697-2,감사원,1697,S03522,srno,pdf_conv,,
1697-3,감사원,1697,S03522,srno,pdf_conv,,
1697-4,감사원,1697,S03522,srno,pdf_conv,recall,
1697-5,감사원,1697,S03522,srno,pdf_conv,,
1697-6,감사원,1697,S03522,srno,pdf_conv,,
1697-7,감사원,1697,S03522,srno,pdf_conv,,
1697-8,감사원,1697,S03522,srno,pdf_conv,recall,
1697-9,감사원,1697,S03522,srno,pdf_conv,,
1697-10,감사원,1697,S03522,srno,pdf_conv,recall,
1697-11,감사원,1697,S03522,srno,pdf_conv,recall,
1697-12,감사원,1697,S03522,srno,pdf_conv,,
1697-13,감사원,1697,S03522,srno,pdf_conv,,
1697-14,감사원,1697,S03522,srno,pdf_conv,recall,
1697-15,감사원,1697,S03522,srno,pdf_conv,,
1697-16,감사원,1697,S03522,srno,pdf_conv,,
1697-17,감사원,1697,S03522,srno,pdf_conv,,
1698-1,감사원,1698,S03523,srno,pdf_conv,recall,
1698-2,감사원,1698,S03523,srno,pdf_conv,,
1698-3,감사원,1698,S03523,srno,pdf_conv,,
1698-4,감사원,1698,S03523,srno,pdf_conv,,
1698-5,감사원,1698,S03523,srno,pdf_conv,분야축,
1698-6,감사원,1698,S03523,srno,pdf_conv,,
1698-7,감사원,1698,S03523,srno,pdf_conv,recall,
1698-8,감사원,1698,S03523,srno,pdf_conv,,
1698-9,감사원,1698,S03523,srno,pdf_conv,recall,
1698-10,감사원,1698,S03523,srno,pdf_conv,recall,
1698-11,감사원,1698,S03523,srno,pdf_conv,recall,
1698-12,감사원,1698,S03523,srno,pdf_conv,recall,
1698-13,감사원,1698,S03523,srno,pdf_conv,,
1698-14,감사원,1698,S03523,srno,pdf_conv,recall,
1699-1,감사원,1699,S03525,srno,pdf_conv,,
1699-2,감사원,1699,S03525,srno,pdf_conv,recall,
1699-3,감사원,1699,S03525,srno,pdf_conv,,
1699-4,감사원,1699,S03525,srno,pdf_conv,recall,
1699-5,감사원,1699,S03525,srno,pdf_conv,recall,
1699-6,감사원,1699,S03525,srno,pdf_conv,,
1699-7,감사원,1699,S03525,srno,pdf_conv,,
1699-8,감사원,1699,S03525,srno,pdf_conv,,
1699-9,감사원,1699,S03525,srno,pdf_conv,,
1699-10,감사원,1699,S03525,srno,pdf_conv,,
1699-11,감사원,1699,S03525,srno,pdf_conv,,
1699-12,감사원,1699,S03525,srno,pdf_conv,,
1699-13,감사원,1699,S03525,srno,pdf_conv,,
1699-14,감사원,1699,S03525,srno,pdf_conv,분야축,
1699-15,감사원,1699,S03525,srno,pdf_conv,,
1699-16,감사원,1699,S03525,srno,pdf_conv,,
1700-1,감사원,1700,S03524,srno,pdf_conv,분야축,
1701-1,감사원,1701,S03526,srno,pdf_conv,,
1701-2,감사원,1701,S03526,srno,pdf_conv,,
1701-3,감사원,1701,S03526,srno,pdf_conv,recall,
1701-4,감사원,1701,S03526,srno,pdf_conv,,
1701-5,감사원,1701,S03526,srno,pdf_conv,,
1701-6,감사원,1701,S03526,srno,pdf_conv,,
1701-7,감사원,1701,S03526,srno,pdf_conv,,
1701-8,감사원,1701,S03526,srno,pdf_conv,,
1701-9,감사원,1701,S03526,srno,pdf_conv,,
1701-10,감사원,1701,S03526,srno,pdf_conv,recall,
1701-11,감사원,1701,S03526,srno,pdf_conv,,
1703-1,감사원,1703,S03527,srno,pdf_conv,,
1703-2,감사원,1703,S03527,srno,pdf_conv,,
1703-3,감사원,1703,S03527,srno,pdf_conv,,
1703-4,감사원,1703,S03527,srno,pdf_conv,,
1703-5,감사원,1703,S03527,srno,pdf_conv,,
1703-6,감사원,1703,S03527,srno,pdf_conv,recall,
1703-7,감사원,1703,S03527,srno,pdf_conv,,
1703-8,감사원,1703,S03527,srno,pdf_conv,recall,
1703-9,감사원,1703,S03527,srno,pdf_conv,분야축,
1703-10,감사원,1703,S03527,srno,pdf_conv,,
1703-11,감사원,1703,S03527,srno,pdf_conv,,
1703-12,감사원,1703,S03527,srno,pdf_conv,,
1704-1,감사원,1704,S01609,srno,hwp,,
1705-1,감사원,1705,S03528,srno,pdf_conv,recall,
1706-1,감사원,1706,S03530,srno,pdf_conv,,
1706-2,감사원,1706,S03530,srno,pdf_conv,,
1706-3,감사원,1706,S03530,srno,pdf_conv,,
1706-4,감사원,1706,S03530,srno,pdf_conv,,
1706-5,감사원,1706,S03530,srno,pdf_conv,,
1706-6,감사원,1706,S03530,srno,pdf_conv,recall,
1706-7,감사원,1706,S03530,srno,pdf_conv,,
1706-8,감사원,1706,S03530,srno,pdf_conv,,
1706-9,감사원,1706,S03530,srno,pdf_conv,,
1706-10,감사원,1706,S03530,srno,pdf_conv,recall,
1706-11,감사원,1706,S03530,srno,pdf_conv,,
1706-12,감사원,1706,S03530,srno,pdf_conv,recall,
1706-13,감사원,1706,S03530,srno,pdf_conv,recall,
1706-14,감사원,1706,S03530,srno,pdf_conv,recall,
1706-15,감사원,1706,S03530,srno,pdf_conv,recall,
1706-16,감사원,1706,S03530,srno,pdf_conv,,
1706-17,감사원,1706,S03530,srno,pdf_conv,recall,
1706-18,감사원,1706,S03530,srno,pdf_conv,,
1706-19,감사원,1706,S03530,srno,pdf_conv,,
1706-20,감사원,1706,S03530,srno,pdf_conv,,
1706-21,감사원,1706,S03530,srno,pdf_conv,분야축,
1707-1,감사원,1707,S03529,srno,pdf_conv,분야축,
1707-2,감사원,1707,S03529,srno,pdf_conv,분야축,
1707-3,감사원,1707,S03529,srno,pdf_conv,분야축,
1707-4,감사원,1707,S03529,srno,pdf_conv,분야축,
1708-1,감사원,1708,S03531,srno,pdf_conv,,
1708-2,감사원,1708,S03531,srno,pdf_conv,분야축,
1708-3,감사원,1708,S03531,srno,pdf_conv,분야축,
1708-4,감사원,1708,S03531,srno,pdf_conv,,
1708-5,감사원,1708,S03531,srno,pdf_conv,분야축,
1708-6,감사원,1708,S03531,srno,pdf_conv,분야축,
1708-7,감사원,1708,S03531,srno,pdf_conv,분야축,
1708-8,감사원,1708,S03531,srno,pdf_conv,,
1708-9,감사원,1708,S03531,srno,pdf_conv,,
1708-10,감사원,1708,S03531,srno,pdf_conv,분야축,
1709-1,감사원,1709,S03532,srno,pdf_conv,,
1709-2,감사원,1709,S03532,srno,pdf_conv,recall,
1709-3,감사원,1709,S03532,srno,pdf_conv,,
1709-4,감사원,1709,S03532,srno,pdf_conv,분야축,
1709-5,감사원,1709,S03532,srno,pdf_conv,,
1709-6,감사원,1709,S03532,srno,pdf_conv,recall,
1709-7,감사원,1709,S03532,srno,pdf_conv,분야축,
1709-8,감사원,1709,S03532,srno,pdf_conv,,
1709-9,감사원,1709,S03532,srno,pdf_conv,,
1709-10,감사원,1709,S03532,srno,pdf_conv,,
1709-11,감사원,1709,S03532,srno,pdf_conv,,
1709-12,감사원,1709,S03532,srno,pdf_conv,,
1709-13,감사원,1709,S03532,srno,pdf_conv,,
1709-14,감사원,1709,S03532,srno,pdf_conv,분야축,
1709-15,감사원,1709,S03532,srno,pdf_conv,분야축,
1709-16,감사원,1709,S03532,srno,pdf_conv,분야축,
1709-17,감사원,1709,S03532,srno,pdf_conv,분야축,
1709-18,감사원,1709,S03532,srno,pdf_conv,분야축,
1709-19,감사원,1709,S03532,srno,pdf_conv,분야축,
1709-20,감사원,1709,S03532,srno,pdf_conv,분야축,
1709-21,감사원,1709,S03532,srno,pdf_conv,분야축,
1709-22,감사원,1709,S03532,srno,pdf_conv,,
1709-23,감사원,1709,S03532,srno,pdf_conv,,
1709-24,감사원,1709,S03532,srno,pdf_conv,recall,
1709-25,감사원,1709,S03532,srno,pdf_conv,분야축,
1709-26,감사원,1709,S03532,srno,pdf_conv,recall,
1710-1,감사원,1710,S03533,srno,pdf_conv,분야축,
1710-2,감사원,1710,S03533,srno,pdf_conv,recall,
1710-3,감사원,1710,S03533,srno,pdf_conv,,
1710-4,감사원,1710,S03533,srno,pdf_conv,,
1710-5,감사원,1710,S03533,srno,pdf_conv,,
1710-6,감사원,1710,S03533,srno,pdf_conv,,
1710-7,감사원,1710,S03533,srno,pdf_conv,,
1710-8,감사원,1710,S03533,srno,pdf_conv,,
1710-9,감사원,1710,S03533,srno,pdf_conv,,
1710-10,감사원,1710,S03533,srno,pdf_conv,recall,
1710-11,감사원,1710,S03533,srno,pdf_conv,,
1711-1,감사원,1711,S03534,srno,pdf_conv,,
1711-2,감사원,1711,S03534,srno,pdf_conv,,
1711-3,감사원,1711,S03534,srno,pdf_conv,recall,
1711-4,감사원,1711,S03534,srno,pdf_conv,recall,
1711-5,감사원,1711,S03534,srno,pdf_conv,recall,
1711-6,감사원,1711,S03534,srno,pdf_conv,recall,
1711-7,감사원,1711,S03534,srno,pdf_conv,recall,
1711-8,감사원,1711,S03534,srno,pdf_conv,recall,
1711-9,감사원,1711,S03534,srno,pdf_conv,recall,
1711-10,감사원,1711,S03534,srno,pdf_conv,recall,
1711-11,감사원,1711,S03534,srno,pdf_conv,recall,
1711-12,감사원,1711,S03534,srno,pdf_conv,recall,
1711-13,감사원,1711,S03534,srno,pdf_conv,recall,
1711-14,감사원,1711,S03534,srno,pdf_conv,recall,
1711-15,감사원,1711,S03534,srno,pdf_conv,,
1711-16,감사원,1711,S03534,srno,pdf_conv,recall,
1711-17,감사원,1711,S03534,srno,pdf_conv,recall,
1711-18,감사원,1711,S03534,srno,pdf_conv,,
1711-19,감사원,1711,S03534,srno,pdf_conv,recall,
1711-20,감사원,1711,S03534,srno,pdf_conv,recall,
1711-21,감사원,1711,S03534,srno,pdf_conv,recall,
1711-22,감사원,1711,S03534,srno,pdf_conv,,
1711-23,감사원,1711,S03534,srno,pdf_conv,,
1711-24,감사원,1711,S03534,srno,pdf_conv,,
1711-25,감사원,1711,S03534,srno,pdf_conv,,
1711-26,감사원,1711,S03534,srno,pdf_conv,,
1711-27,감사원,1711,S03534,srno,pdf_conv,,
1712-1,감사원,1712,S03535,srno,pdf_conv,,
1712-2,감사원,1712,S03535,srno,pdf_conv,분야축,
1712-3,감사원,1712,S03535,srno,pdf_conv,분야축,
1712-4,감사원,1712,S03535,srno,pdf_conv,recall,
1712-5,감사원,1712,S03535,srno,pdf_conv,분야축,
1712-6,감사원,1712,S03535,srno,pdf_conv,분야축,
1712-7,감사원,1712,S03535,srno,pdf_conv,분야축,
1712-8,감사원,1712,S03535,srno,pdf_conv,분야축,
1712-9,감사원,1712,S03535,srno,pdf_conv,분야축,
1712-10,감사원,1712,S03535,srno,pdf_conv,,
1712-11,감사원,1712,S03535,srno,pdf_conv,recall,
1712-12,감사원,1712,S03535,srno,pdf_conv,분야축,
1712-13,감사원,1712,S03535,srno,pdf_conv,분야축,
1712-14,감사원,1712,S03535,srno,pdf_conv,recall,
1712-15,감사원,1712,S03535,srno,pdf_conv,분야축,
1712-16,감사원,1712,S03535,srno,pdf_conv,,
1712-17,감사원,1712,S03535,srno,pdf_conv,분야축,
1712-18,감사원,1712,S03535,srno,pdf_conv,분야축,
1712-19,감사원,1712,S03535,srno,pdf_conv,recall,
1712-20,감사원,1712,S03535,srno,pdf_conv,,
1712-21,감사원,1712,S03535,srno,pdf_conv,분야축,
1712-22,감사원,1712,S03535,srno,pdf_conv,분야축,
1712-23,감사원,1712,S03535,srno,pdf_conv,분야축,
1712-24,감사원,1712,S03535,srno,pdf_conv,recall,
1712-25,감사원,1712,S03535,srno,pdf_conv,분야축,
1714-1,감사원,1714,S01618,srno,hwp,,
1715-1,감사원,1715,S03536,srno,pdf_conv,,
1715-2,감사원,1715,S03536,srno,pdf_conv,,
1715-3,감사원,1715,S03536,srno,pdf_conv,,
1715-4,감사원,1715,S03536,srno,pdf_conv,,
1715-5,감사원,1715,S03536,srno,pdf_conv,,
1715-6,감사원,1715,S03536,srno,pdf_conv,,
1715-7,감사원,1715,S03536,srno,pdf_conv,분야축,
1715-8,감사원,1715,S03536,srno,pdf_conv,,
1715-9,감사원,1715,S03536,srno,pdf_conv,,
1715-10,감사원,1715,S03536,srno,pdf_conv,,
1715-11,감사원,1715,S03536,srno,pdf_conv,recall,
1716-1,감사원,1716,S03537,srno,pdf_conv,recall,
1716-2,감사원,1716,S03537,srno,pdf_conv,분야축,
1716-3,감사원,1716,S03537,srno,pdf_conv,분야축,
1716-4,감사원,1716,S03537,srno,pdf_conv,,
1716-5,감사원,1716,S03537,srno,pdf_conv,recall,
1716-6,감사원,1716,S03537,srno,pdf_conv,,
1716-7,감사원,1716,S03537,srno,pdf_conv,,
1716-8,감사원,1716,S03537,srno,pdf_conv,,
1716-9,감사원,1716,S03537,srno,pdf_conv,,
1716-10,감사원,1716,S03537,srno,pdf_conv,recall,
1716-11,감사원,1716,S03537,srno,pdf_conv,분야축,
1716-12,감사원,1716,S03537,srno,pdf_conv,분야축,
1716-13,감사원,1716,S03537,srno,pdf_conv,recall,
1716-14,감사원,1716,S03537,srno,pdf_conv,,
1716-15,감사원,1716,S03537,srno,pdf_conv,recall,
1716-16,감사원,1716,S03537,srno,pdf_conv,,
1716-17,감사원,1716,S03537,srno,pdf_conv,,
1716-18,감사원,1716,S03537,srno,pdf_conv,분야축,
1717-1,감사원,1717,S01621,srno,hwp,,
1717-2,감사원,1717,S01621,srno,hwp,,
1717-3,감사원,1717,S01621,srno,hwp,,
1717-4,감사원,1717,S01621,srno,hwp,,
1719-1,감사원,1719,S03538,srno,pdf_conv,,
1719-2,감사원,1719,S03538,srno,pdf_conv,분야축,
1719-3,감사원,1719,S03538,srno,pdf_conv,,
1719-4,감사원,1719,S03538,srno,pdf_conv,분야축,
1719-5,감사원,1719,S03538,srno,pdf_conv,,
1719-6,감사원,1719,S03538,srno,pdf_conv,,
1719-7,감사원,1719,S03538,srno,pdf_conv,,
1719-8,감사원,1719,S03538,srno,pdf_conv,,
1719-9,감사원,1719,S03538,srno,pdf_conv,,
1719-10,감사원,1719,S03538,srno,pdf_conv,,
1720-1,감사원,1720,S03539,srno,pdf_conv,recall,
1720-2,감사원,1720,S03539,srno,pdf_conv,,
1720-3,감사원,1720,S03539,srno,pdf_conv,,
1720-4,감사원,1720,S03539,srno,pdf_conv,분야축,
1720-5,감사원,1720,S03539,srno,pdf_conv,분야축,
1720-6,감사원,1720,S03539,srno,pdf_conv,recall,
1721-1,감사원,1721,S03540,srno,pdf_conv,분야축,
1721-2,감사원,1721,S03540,srno,pdf_conv,분야축,
1721-3,감사원,1721,S03540,srno,pdf_conv,분야축,
1721-4,감사원,1721,S03540,srno,pdf_conv,분야축,
1721-5,감사원,1721,S03540,srno,pdf_conv,분야축,
1721-6,감사원,1721,S03540,srno,pdf_conv,분야축,
1721-7,감사원,1721,S03540,srno,pdf_conv,분야축,
1721-8,감사원,1721,S03540,srno,pdf_conv,분야축,
1721-9,감사원,1721,S03540,srno,pdf_conv,분야축,
1721-10,감사원,1721,S03540,srno,pdf_conv,분야축,
1721-11,감사원,1721,S03540,srno,pdf_conv,분야축,
1721-12,감사원,1721,S03540,srno,pdf_conv,분야축,
1721-13,감사원,1721,S03540,srno,pdf_conv,분야축,
1721-14,감사원,1721,S03540,srno,pdf_conv,분야축,
1721-15,감사원,1721,S03540,srno,pdf_conv,분야축,
1721-16,감사원,1721,S03540,srno,pdf_conv,분야축,
1721-17,감사원,1721,S03540,srno,pdf_conv,분야축,
1721-18,감사원,1721,S03540,srno,pdf_conv,분야축,
1721-19,감사원,1721,S03540,srno,pdf_conv,분야축,
1721-20,감사원,1721,S03540,srno,pdf_conv,분야축,
1721-21,감사원,1721,S03540,srno,pdf_conv,분야축,
1721-22,감사원,1721,S03540,srno,pdf_conv,recall,
1721-23,감사원,1721,S03540,srno,pdf_conv,recall,
1722-1,감사원,1722,S03542,srno,pdf_conv,분야축,
1722-2,감사원,1722,S03542,srno,pdf_conv,분야축,
1722-3,감사원,1722,S03542,srno,pdf_conv,분야축,
1722-4,감사원,1722,S03542,srno,pdf_conv,분야축,
1722-5,감사원,1722,S03542,srno,pdf_conv,분야축,
1722-6,감사원,1722,S03542,srno,pdf_conv,분야축,
1722-7,감사원,1722,S03542,srno,pdf_conv,분야축,
1722-8,감사원,1722,S03542,srno,pdf_conv,분야축,
1722-9,감사원,1722,S03542,srno,pdf_conv,분야축,
1722-10,감사원,1722,S03542,srno,pdf_conv,분야축,
1722-11,감사원,1722,S03542,srno,pdf_conv,분야축,
1722-12,감사원,1722,S03542,srno,pdf_conv,분야축,
1722-13,감사원,1722,S03542,srno,pdf_conv,분야축,
1722-14,감사원,1722,S03542,srno,pdf_conv,분야축,
1722-15,감사원,1722,S03542,srno,pdf_conv,분야축,
1723-1,감사원,1723,S03551,srno,pdf_conv,recall,
1723-2,감사원,1723,S03551,srno,pdf_conv,recall,
1723-3,감사원,1723,S03551,srno,pdf_conv,recall,
1724-1,감사원,1724,S03555,srno,pdf_conv,recall,
1724-2,감사원,1724,S03555,srno,pdf_conv,recall,
1724-3,감사원,1724,S03555,srno,pdf_conv,recall,
1724-4,감사원,1724,S03555,srno,pdf_conv,recall,
1725-1,감사원,1725,S03548,srno,pdf_conv,분야축,
1726-1,감사원,1726,S03557,srno,pdf_conv,recall,
1726-2,감사원,1726,S03557,srno,pdf_conv,,
1726-3,감사원,1726,S03557,srno,pdf_conv,분야축,
1726-4,감사원,1726,S03557,srno,pdf_conv,분야축,
1726-5,감사원,1726,S03557,srno,pdf_conv,recall,
1726-6,감사원,1726,S03557,srno,pdf_conv,recall,
1726-7,감사원,1726,S03557,srno,pdf_conv,recall,
1726-8,감사원,1726,S03557,srno,pdf_conv,recall,
1727-1,감사원,1727,S03552,srno,pdf_conv,분야축,
1727-2,감사원,1727,S03552,srno,pdf_conv,분야축,
1727-3,감사원,1727,S03552,srno,pdf_conv,recall,
1727-4,감사원,1727,S03552,srno,pdf_conv,recall,
1728-1,감사원,1728,S03550,srno,pdf_conv,,
1728-2,감사원,1728,S03550,srno,pdf_conv,,
1728-3,감사원,1728,S03550,srno,pdf_conv,recall,
1729-1,감사원,1729,S03560,srno,pdf_conv,,
1729-2,감사원,1729,S03560,srno,pdf_conv,recall,
1729-3,감사원,1729,S03560,srno,pdf_conv,recall,
1729-4,감사원,1729,S03560,srno,pdf_conv,recall,
1730-1,감사원,1730,S03561,srno,pdf_conv,recall,
1730-2,감사원,1730,S03561,srno,pdf_conv,recall,
1730-3,감사원,1730,S03561,srno,pdf_conv,recall,
1730-4,감사원,1730,S03561,srno,pdf_conv,분야축,
1731-1,감사원,1731,S03556,srno,pdf_conv,분야축,
1731-2,감사원,1731,S03556,srno,pdf_conv,분야축,
1731-3,감사원,1731,S03556,srno,pdf_conv,recall,
1732-1,감사원,1732,S03545,srno,pdf_conv,,
1732-2,감사원,1732,S03545,srno,pdf_conv,recall,
1732-3,감사원,1732,S03545,srno,pdf_conv,recall,
1732-4,감사원,1732,S03545,srno,pdf_conv,분야축,
1732-5,감사원,1732,S03545,srno,pdf_conv,분야축,
1732-6,감사원,1732,S03545,srno,pdf_conv,,
1732-7,감사원,1732,S03545,srno,pdf_conv,,
1732-8,감사원,1732,S03545,srno,pdf_conv,,
1733-1,감사원,1733,S03558,srno,pdf_conv,recall,
1734-1,감사원,1734,S03546,srno,pdf_conv,recall,
1734-2,감사원,1734,S03546,srno,pdf_conv,분야축,
1734-3,감사원,1734,S03546,srno,pdf_conv,분야축,
1734-4,감사원,1734,S03546,srno,pdf_conv,,
1734-5,감사원,1734,S03546,srno,pdf_conv,recall,
1735-1,감사원,1735,S03553,srno,pdf_conv,분야축,
1735-2,감사원,1735,S03553,srno,pdf_conv,분야축,
1735-3,감사원,1735,S03553,srno,pdf_conv,분야축,
1735-4,감사원,1735,S03553,srno,pdf_conv,분야축,
1735-5,감사원,1735,S03553,srno,pdf_conv,,
1735-6,감사원,1735,S03553,srno,pdf_conv,분야축,
1735-7,감사원,1735,S03553,srno,pdf_conv,,
1735-8,감사원,1735,S03553,srno,pdf_conv,분야축,
1735-9,감사원,1735,S03553,srno,pdf_conv,분야축,
1735-10,감사원,1735,S03553,srno,pdf_conv,분야축,
1735-11,감사원,1735,S03553,srno,pdf_conv,,
1735-12,감사원,1735,S03553,srno,pdf_conv,,
1735-13,감사원,1735,S03553,srno,pdf_conv,,
1735-14,감사원,1735,S03553,srno,pdf_conv,,
1735-15,감사원,1735,S03553,srno,pdf_conv,,
1736-1,감사원,1736,S03549,srno,pdf_conv,분야축,
1736-2,감사원,1736,S03549,srno,pdf_conv,recall,
1736-3,감사원,1736,S03549,srno,pdf_conv,분야축,
1736-4,감사원,1736,S03549,srno,pdf_conv,recall,
1736-5,감사원,1736,S03549,srno,pdf_conv,recall,
1736-6,감사원,1736,S03549,srno,pdf_conv,recall,
1736-7,감사원,1736,S03549,srno,pdf_conv,recall,
1736-8,감사원,1736,S03549,srno,pdf_conv,recall,
1736-9,감사원,1736,S03549,srno,pdf_conv,recall,
1737-1,감사원,1737,S03559,srno,pdf_conv,recall,
1737-2,감사원,1737,S03559,srno,pdf_conv,분야축,
1737-3,감사원,1737,S03559,srno,pdf_conv,,
1737-4,감사원,1737,S03559,srno,pdf_conv,recall,
1737-5,감사원,1737,S03559,srno,pdf_conv,,
1737-6,감사원,1737,S03559,srno,pdf_conv,,
1737-7,감사원,1737,S03559,srno,pdf_conv,,
1738-1,감사원,1738,S03554,srno,pdf_conv,분야축,
1738-2,감사원,1738,S03554,srno,pdf_conv,,
1738-3,감사원,1738,S03554,srno,pdf_conv,recall,
1738-4,감사원,1738,S03554,srno,pdf_conv,recall,
1738-5,감사원,1738,S03554,srno,pdf_conv,,
1738-6,감사원,1738,S03554,srno,pdf_conv,recall,
1739-1,감사원,1739,S03547,srno,pdf_conv,recall,
1739-2,감사원,1739,S03547,srno,pdf_conv,recall,
1739-3,감사원,1739,S03547,srno,pdf_conv,recall,
1740-1,감사원,1740,S03544,srno,pdf_conv,,
1740-2,감사원,1740,S03544,srno,pdf_conv,분야축,
1741-1,감사원,1741,S03543,srno,pdf_conv,recall,
1742-1,감사원,1742,S03562,srno,pdf_conv,,
1742-2,감사원,1742,S03562,srno,pdf_conv,recall,
1742-3,감사원,1742,S03562,srno,pdf_conv,recall,
1742-4,감사원,1742,S03562,srno,pdf_conv,,
1742-5,감사원,1742,S03562,srno,pdf_conv,recall,
1742-6,감사원,1742,S03562,srno,pdf_conv,,
1742-7,감사원,1742,S03562,srno,pdf_conv,,
1742-8,감사원,1742,S03562,srno,pdf_conv,,
1742-9,감사원,1742,S03562,srno,pdf_conv,recall,
1742-10,감사원,1742,S03562,srno,pdf_conv,recall,
1742-11,감사원,1742,S03562,srno,pdf_conv,recall,
1742-12,감사원,1742,S03562,srno,pdf_conv,recall,
1742-13,감사원,1742,S03562,srno,pdf_conv,,
1742-14,감사원,1742,S03562,srno,pdf_conv,recall,
1742-15,감사원,1742,S03562,srno,pdf_conv,,
1743-1,감사원,1743,S03563,srno,pdf_conv,recall,
1743-2,감사원,1743,S03563,srno,pdf_conv,recall,
1743-3,감사원,1743,S03563,srno,pdf_conv,,
1743-4,감사원,1743,S03563,srno,pdf_conv,,
1743-5,감사원,1743,S03563,srno,pdf_conv,recall,
1743-6,감사원,1743,S03563,srno,pdf_conv,분야축,
1743-7,감사원,1743,S03563,srno,pdf_conv,분야축,
1743-8,감사원,1743,S03563,srno,pdf_conv,분야축,
1743-9,감사원,1743,S03563,srno,pdf_conv,recall,
1743-10,감사원,1743,S03563,srno,pdf_conv,recall,
1743-11,감사원,1743,S03563,srno,pdf_conv,recall,
1743-12,감사원,1743,S03563,srno,pdf_conv,recall,
1743-13,감사원,1743,S03563,srno,pdf_conv,,
1743-14,감사원,1743,S03563,srno,pdf_conv,recall,
1743-15,감사원,1743,S03563,srno,pdf_conv,recall,
1743-16,감사원,1743,S03563,srno,pdf_conv,분야축,
1743-17,감사원,1743,S03563,srno,pdf_conv,,
1743-18,감사원,1743,S03563,srno,pdf_conv,,
1743-19,감사원,1743,S03563,srno,pdf_conv,,
1743-20,감사원,1743,S03563,srno,pdf_conv,분야축,
1745-1,감사원,1745,S03564,srno,pdf_conv,,
1745-2,감사원,1745,S03564,srno,pdf_conv,,
1745-3,감사원,1745,S03564,srno,pdf_conv,,
1745-4,감사원,1745,S03564,srno,pdf_conv,,
1745-5,감사원,1745,S03564,srno,pdf_conv,recall,
1745-6,감사원,1745,S03564,srno,pdf_conv,,
1745-7,감사원,1745,S03564,srno,pdf_conv,,
1745-8,감사원,1745,S03564,srno,pdf_conv,,
1745-9,감사원,1745,S03564,srno,pdf_conv,,
1745-10,감사원,1745,S03564,srno,pdf_conv,분야축,
1745-11,감사원,1745,S03564,srno,pdf_conv,recall,
1745-12,감사원,1745,S03564,srno,pdf_conv,recall,
1745-13,감사원,1745,S03564,srno,pdf_conv,recall,
1746-1,감사원,1746,S03565,srno,pdf_conv,,
1746-2,감사원,1746,S03565,srno,pdf_conv,,
1746-3,감사원,1746,S03565,srno,pdf_conv,,
1746-4,감사원,1746,S03565,srno,pdf_conv,recall,
1746-5,감사원,1746,S03565,srno,pdf_conv,,
1746-6,감사원,1746,S03565,srno,pdf_conv,분야축,
1746-7,감사원,1746,S03565,srno,pdf_conv,분야축,
1747-1,감사원,1747,S01654,srno,hwp,,
1748-1,감사원,1748,S03566,srno,pdf_conv,,
1748-2,감사원,1748,S03566,srno,pdf_conv,,
1748-3,감사원,1748,S03566,srno,pdf_conv,,
1748-4,감사원,1748,S03566,srno,pdf_conv,recall,
1748-5,감사원,1748,S03566,srno,pdf_conv,,
1748-6,감사원,1748,S03566,srno,pdf_conv,,
1748-7,감사원,1748,S03566,srno,pdf_conv,,
1748-8,감사원,1748,S03566,srno,pdf_conv,분야축,
1749-1,감사원,1749,S03567,srno,pdf_conv,,
1749-2,감사원,1749,S03567,srno,pdf_conv,recall,
1749-3,감사원,1749,S03567,srno,pdf_conv,,
1749-4,감사원,1749,S03567,srno,pdf_conv,,
1749-5,감사원,1749,S03567,srno,pdf_conv,,
1749-6,감사원,1749,S03567,srno,pdf_conv,,
1749-7,감사원,1749,S03567,srno,pdf_conv,,
1749-8,감사원,1749,S03567,srno,pdf_conv,,
1749-9,감사원,1749,S03567,srno,pdf_conv,,
1751-1,감사원,1751,S03568,srno,pdf_conv,,
1751-2,감사원,1751,S03568,srno,pdf_conv,recall,
1751-3,감사원,1751,S03568,srno,pdf_conv,분야축,
1751-4,감사원,1751,S03568,srno,pdf_conv,분야축,
1751-5,감사원,1751,S03568,srno,pdf_conv,,
1751-6,감사원,1751,S03568,srno,pdf_conv,,
1751-7,감사원,1751,S03568,srno,pdf_conv,분야축,
1751-8,감사원,1751,S03568,srno,pdf_conv,recall,
1751-9,감사원,1751,S03568,srno,pdf_conv,,
1751-10,감사원,1751,S03568,srno,pdf_conv,분야축,
1751-11,감사원,1751,S03568,srno,pdf_conv,,
1751-12,감사원,1751,S03568,srno,pdf_conv,분야축,
1751-13,감사원,1751,S03568,srno,pdf_conv,,
1751-14,감사원,1751,S03568,srno,pdf_conv,,
1751-15,감사원,1751,S03568,srno,pdf_conv,,
1751-16,감사원,1751,S03568,srno,pdf_conv,,
1751-17,감사원,1751,S03568,srno,pdf_conv,,
1751-18,감사원,1751,S03568,srno,pdf_conv,,
1751-19,감사원,1751,S03568,srno,pdf_conv,분야축,
1751-20,감사원,1751,S03568,srno,pdf_conv,recall,
1751-21,감사원,1751,S03568,srno,pdf_conv,분야축,
1751-22,감사원,1751,S03568,srno,pdf_conv,recall,
1752-1,감사원,1752,S03569,srno,pdf_conv,,
1752-2,감사원,1752,S03569,srno,pdf_conv,recall,
1752-3,감사원,1752,S03569,srno,pdf_conv,분야축,
1752-4,감사원,1752,S03569,srno,pdf_conv,,
1752-5,감사원,1752,S03569,srno,pdf_conv,,
1752-6,감사원,1752,S03569,srno,pdf_conv,분야축,
1752-7,감사원,1752,S03569,srno,pdf_conv,분야축,
1752-8,감사원,1752,S03569,srno,pdf_conv,분야축,
1752-9,감사원,1752,S03569,srno,pdf_conv,,
1752-10,감사원,1752,S03569,srno,pdf_conv,,
1752-11,감사원,1752,S03569,srno,pdf_conv,recall,
1752-12,감사원,1752,S03569,srno,pdf_conv,분야축,
1752-13,감사원,1752,S03569,srno,pdf_conv,분야축,
1753-1,감사원,1753,S03570,srno,pdf_conv,,
1753-2,감사원,1753,S03570,srno,pdf_conv,,
1753-3,감사원,1753,S03570,srno,pdf_conv,,
1753-4,감사원,1753,S03570,srno,pdf_conv,,
1753-5,감사원,1753,S03570,srno,pdf_conv,,
1753-6,감사원,1753,S03570,srno,pdf_conv,분야축,
1753-7,감사원,1753,S03570,srno,pdf_conv,,
1753-8,감사원,1753,S03570,srno,pdf_conv,,
1753-9,감사원,1753,S03570,srno,pdf_conv,,
1753-10,감사원,1753,S03570,srno,pdf_conv,분야축,
1753-11,감사원,1753,S03570,srno,pdf_conv,recall,
1753-12,감사원,1753,S03570,srno,pdf_conv,,
1753-13,감사원,1753,S03570,srno,pdf_conv,,
1753-14,감사원,1753,S03570,srno,pdf_conv,분야축,
1754-1,감사원,1754,S01660,srno,hwp,,
1754-2,감사원,1754,S01660,srno,hwp,,
1754-3,감사원,1754,S01660,srno,hwp,,
1754-4,감사원,1754,S01660,srno,hwp,,
1754-5,감사원,1754,S01660,srno,hwp,,
1754-6,감사원,1754,S01660,srno,hwp,,
1754-7,감사원,1754,S01660,srno,hwp,,
1754-8,감사원,1754,S01660,srno,hwp,,
1754-9,감사원,1754,S01660,srno,hwp,,
1754-10,감사원,1754,S01660,srno,hwp,,
1754-11,감사원,1754,S01660,srno,hwp,,
1754-12,감사원,1754,S01660,srno,hwp,,
1754-13,감사원,1754,S01660,srno,hwp,,
1755-1,감사원,1755,S03571,srno,pdf_conv,분야축,
1755-2,감사원,1755,S03571,srno,pdf_conv,분야축,
1755-3,감사원,1755,S03571,srno,pdf_conv,분야축,
1755-4,감사원,1755,S03571,srno,pdf_conv,분야축,
1755-5,감사원,1755,S03571,srno,pdf_conv,분야축,
1755-6,감사원,1755,S03571,srno,pdf_conv,분야축,
1756-1,감사원,1756,S03573,srno,pdf_conv,recall,
1756-2,감사원,1756,S03573,srno,pdf_conv,recall,
1756-3,감사원,1756,S03573,srno,pdf_conv,분야축,
1756-4,감사원,1756,S03573,srno,pdf_conv,,
1756-5,감사원,1756,S03573,srno,pdf_conv,,
1756-6,감사원,1756,S03573,srno,pdf_conv,,
1756-7,감사원,1756,S03573,srno,pdf_conv,,
1756-8,감사원,1756,S03573,srno,pdf_conv,,
1756-9,감사원,1756,S03573,srno,pdf_conv,,
1756-10,감사원,1756,S03573,srno,pdf_conv,,
1756-11,감사원,1756,S03573,srno,pdf_conv,recall,
1756-12,감사원,1756,S03573,srno,pdf_conv,,
1757-1,감사원,1757,S03572,srno,pdf_conv,분야축,
1759-1,감사원,1759,S03575,srno,pdf_conv,recall,
1759-2,감사원,1759,S03575,srno,pdf_conv,recall,
1759-3,감사원,1759,S03575,srno,pdf_conv,,
1759-4,감사원,1759,S03575,srno,pdf_conv,분야축,
1759-5,감사원,1759,S03575,srno,pdf_conv,,
1759-6,감사원,1759,S03575,srno,pdf_conv,recall,
1759-7,감사원,1759,S03575,srno,pdf_conv,,
1759-8,감사원,1759,S03575,srno,pdf_conv,분야축,
1759-9,감사원,1759,S03575,srno,pdf_conv,recall,
1759-10,감사원,1759,S03575,srno,pdf_conv,분야축,
1759-11,감사원,1759,S03575,srno,pdf_conv,,
1759-12,감사원,1759,S03575,srno,pdf_conv,,
1759-13,감사원,1759,S03575,srno,pdf_conv,recall,
1759-14,감사원,1759,S03575,srno,pdf_conv,,
1759-15,감사원,1759,S03575,srno,pdf_conv,분야축,
1760-1,감사원,1760,S03577,srno,pdf_conv,recall,
1761-1,감사원,1761,S03576,srno,pdf_conv,,
1761-2,감사원,1761,S03576,srno,pdf_conv,분야축,
1762-1,감사원,1762,S03579,srno,pdf_conv,recall,
1762-2,감사원,1762,S03579,srno,pdf_conv,recall,
1762-3,감사원,1762,S03579,srno,pdf_conv,recall,
1762-4,감사원,1762,S03579,srno,pdf_conv,recall,
1762-5,감사원,1762,S03579,srno,pdf_conv,recall,
1762-6,감사원,1762,S03579,srno,pdf_conv,recall,
1762-7,감사원,1762,S03579,srno,pdf_conv,recall,
1762-8,감사원,1762,S03579,srno,pdf_conv,recall,
1762-9,감사원,1762,S03579,srno,pdf_conv,recall,
1762-10,감사원,1762,S03579,srno,pdf_conv,recall,
1762-11,감사원,1762,S03579,srno,pdf_conv,recall,
1762-12,감사원,1762,S03579,srno,pdf_conv,,
1762-13,감사원,1762,S03579,srno,pdf_conv,,
1762-14,감사원,1762,S03579,srno,pdf_conv,recall,
1762-15,감사원,1762,S03579,srno,pdf_conv,,
1762-16,감사원,1762,S03579,srno,pdf_conv,recall,
1762-17,감사원,1762,S03579,srno,pdf_conv,recall,
1762-18,감사원,1762,S03579,srno,pdf_conv,분야축,
1762-19,감사원,1762,S03579,srno,pdf_conv,recall,
1764-1,감사원,1764,S03578,srno,pdf_conv,분야축,
1764-2,감사원,1764,S03578,srno,pdf_conv,분야축,
1764-3,감사원,1764,S03578,srno,pdf_conv,분야축,
1764-4,감사원,1764,S03578,srno,pdf_conv,분야축,
1764-5,감사원,1764,S03578,srno,pdf_conv,분야축,
1764-6,감사원,1764,S03578,srno,pdf_conv,분야축,
1764-7,감사원,1764,S03578,srno,pdf_conv,분야축,
1764-8,감사원,1764,S03578,srno,pdf_conv,분야축,
1765-1,감사원,1765,S03580,srno,pdf_conv,분야축,
1765-2,감사원,1765,S03580,srno,pdf_conv,분야축,
1765-3,감사원,1765,S03580,srno,pdf_conv,분야축,
1765-4,감사원,1765,S03580,srno,pdf_conv,분야축,
1765-5,감사원,1765,S03580,srno,pdf_conv,분야축,
1765-6,감사원,1765,S03580,srno,pdf_conv,분야축,
1766-1,감사원,1766,S01672,srno,hwp,,
1766-2,감사원,1766,S01672,srno,hwp,,
1766-3,감사원,1766,S01672,srno,hwp,,
1766-4,감사원,1766,S01672,srno,hwp,,
1767-1,감사원,1767,S03581,srno,pdf_conv,recall,
1767-2,감사원,1767,S03581,srno,pdf_conv,recall,
1767-3,감사원,1767,S03581,srno,pdf_conv,분야축,
1767-4,감사원,1767,S03581,srno,pdf_conv,분야축,
1767-5,감사원,1767,S03581,srno,pdf_conv,분야축,
1767-6,감사원,1767,S03581,srno,pdf_conv,분야축,
1767-7,감사원,1767,S03581,srno,pdf_conv,분야축,
1768-1,감사원,1768,S03582,srno,pdf_conv,,
1768-2,감사원,1768,S03582,srno,pdf_conv,,
1768-3,감사원,1768,S03582,srno,pdf_conv,,
1768-4,감사원,1768,S03582,srno,pdf_conv,,
1768-5,감사원,1768,S03582,srno,pdf_conv,,
1768-6,감사원,1768,S03582,srno,pdf_conv,분야축,
1768-7,감사원,1768,S03582,srno,pdf_conv,,
1768-8,감사원,1768,S03582,srno,pdf_conv,분야축,
1768-9,감사원,1768,S03582,srno,pdf_conv,분야축,
1769-1,감사원,1769,S03583,srno,pdf_conv,,
1769-2,감사원,1769,S03583,srno,pdf_conv,,
1769-3,감사원,1769,S03583,srno,pdf_conv,,
1769-4,감사원,1769,S03583,srno,pdf_conv,,
1769-5,감사원,1769,S03583,srno,pdf_conv,,
1769-6,감사원,1769,S03583,srno,pdf_conv,,
1769-7,감사원,1769,S03583,srno,pdf_conv,,
1769-8,감사원,1769,S03583,srno,pdf_conv,,
1769-9,감사원,1769,S03583,srno,pdf_conv,,
1769-10,감사원,1769,S03583,srno,pdf_conv,,
1769-11,감사원,1769,S03583,srno,pdf_conv,,
1769-12,감사원,1769,S03583,srno,pdf_conv,recall,
1769-13,감사원,1769,S03583,srno,pdf_conv,,
1769-14,감사원,1769,S03583,srno,pdf_conv,recall,
1769-15,감사원,1769,S03583,srno,pdf_conv,,
1769-16,감사원,1769,S03583,srno,pdf_conv,,
1769-17,감사원,1769,S03583,srno,pdf_conv,,
1769-18,감사원,1769,S03583,srno,pdf_conv,,
1769-19,감사원,1769,S03583,srno,pdf_conv,,
1769-20,감사원,1769,S03583,srno,pdf_conv,,
1769-21,감사원,1769,S03583,srno,pdf_conv,,
1769-22,감사원,1769,S03583,srno,pdf_conv,,
1769-23,감사원,1769,S03583,srno,pdf_conv,,
1769-24,감사원,1769,S03583,srno,pdf_conv,,
1769-25,감사원,1769,S03583,srno,pdf_conv,,
1769-26,감사원,1769,S03583,srno,pdf_conv,,
1769-27,감사원,1769,S03583,srno,pdf_conv,,
1769-28,감사원,1769,S03583,srno,pdf_conv,,
1770-1,감사원,1770,S03584,srno,pdf_conv,recall,
1770-2,감사원,1770,S03584,srno,pdf_conv,recall,
1770-3,감사원,1770,S03584,srno,pdf_conv,,
1771-1,감사원,1771,S03585,srno,pdf_conv,recall,
1771-2,감사원,1771,S03585,srno,pdf_conv,분야축,
1771-3,감사원,1771,S03585,srno,pdf_conv,recall,
1771-4,감사원,1771,S03585,srno,pdf_conv,분야축,
1771-5,감사원,1771,S03585,srno,pdf_conv,분야축,
1772-1,감사원,1772,S03586,srno,pdf_conv,분야축,
1772-2,감사원,1772,S03586,srno,pdf_conv,분야축,
1772-3,감사원,1772,S03586,srno,pdf_conv,분야축,
1772-4,감사원,1772,S03586,srno,pdf_conv,분야축,
1772-5,감사원,1772,S03586,srno,pdf_conv,분야축,
1772-6,감사원,1772,S03586,srno,pdf_conv,분야축,
1772-7,감사원,1772,S03586,srno,pdf_conv,분야축,
1772-8,감사원,1772,S03586,srno,pdf_conv,분야축,
1772-9,감사원,1772,S03586,srno,pdf_conv,분야축,
1772-10,감사원,1772,S03586,srno,pdf_conv,분야축,
1772-11,감사원,1772,S03586,srno,pdf_conv,분야축,
1772-12,감사원,1772,S03586,srno,pdf_conv,분야축,
1772-13,감사원,1772,S03586,srno,pdf_conv,분야축,
1772-14,감사원,1772,S03586,srno,pdf_conv,분야축,
1772-15,감사원,1772,S03586,srno,pdf_conv,분야축,
1772-16,감사원,1772,S03586,srno,pdf_conv,분야축,
1773-1,감사원,1773,S03587,srno,pdf_conv,recall,
1773-2,감사원,1773,S03587,srno,pdf_conv,,
1773-3,감사원,1773,S03587,srno,pdf_conv,,
1773-4,감사원,1773,S03587,srno,pdf_conv,recall,
1773-5,감사원,1773,S03587,srno,pdf_conv,,
1773-6,감사원,1773,S03587,srno,pdf_conv,,
1773-7,감사원,1773,S03587,srno,pdf_conv,recall,
1773-8,감사원,1773,S03587,srno,pdf_conv,recall,
1773-9,감사원,1773,S03587,srno,pdf_conv,recall,
1774-1,감사원,1774,S03589,srno,pdf_conv,분야축,
1774-2,감사원,1774,S03589,srno,pdf_conv,,
1774-3,감사원,1774,S03589,srno,pdf_conv,,
1774-4,감사원,1774,S03589,srno,pdf_conv,,
1774-5,감사원,1774,S03589,srno,pdf_conv,,
1774-6,감사원,1774,S03589,srno,pdf_conv,recall,
1774-7,감사원,1774,S03589,srno,pdf_conv,recall,
1774-8,감사원,1774,S03589,srno,pdf_conv,분야축,
1775-1,감사원,1775,S03588,srno,pdf_conv,recall,
1775-2,감사원,1775,S03588,srno,pdf_conv,recall,
1775-3,감사원,1775,S03588,srno,pdf_conv,recall,
1775-4,감사원,1775,S03588,srno,pdf_conv,recall,
1775-5,감사원,1775,S03588,srno,pdf_conv,recall,
1775-6,감사원,1775,S03588,srno,pdf_conv,recall,
1775-7,감사원,1775,S03588,srno,pdf_conv,recall,
1775-8,감사원,1775,S03588,srno,pdf_conv,분야축,
1775-9,감사원,1775,S03588,srno,pdf_conv,recall,
1775-10,감사원,1775,S03588,srno,pdf_conv,,
1775-11,감사원,1775,S03588,srno,pdf_conv,recall,
1775-12,감사원,1775,S03588,srno,pdf_conv,recall,
1775-13,감사원,1775,S03588,srno,pdf_conv,,
1775-14,감사원,1775,S03588,srno,pdf_conv,,
1777-1,감사원,1777,S01683,srno,hwp,,
1778-1,감사원,1778,S03590,srno,pdf_conv,,
1778-2,감사원,1778,S03590,srno,pdf_conv,,
1778-3,감사원,1778,S03590,srno,pdf_conv,,
1778-4,감사원,1778,S03590,srno,pdf_conv,recall,
1778-5,감사원,1778,S03590,srno,pdf_conv,,
1778-6,감사원,1778,S03590,srno,pdf_conv,recall,
1778-7,감사원,1778,S03590,srno,pdf_conv,recall,
1778-8,감사원,1778,S03590,srno,pdf_conv,,
1778-9,감사원,1778,S03590,srno,pdf_conv,,
1778-10,감사원,1778,S03590,srno,pdf_conv,,
1778-11,감사원,1778,S03590,srno,pdf_conv,분야축,
1778-12,감사원,1778,S03590,srno,pdf_conv,recall,
1778-13,감사원,1778,S03590,srno,pdf_conv,분야축,
1778-14,감사원,1778,S03590,srno,pdf_conv,recall,
1778-15,감사원,1778,S03590,srno,pdf_conv,,
1778-16,감사원,1778,S03590,srno,pdf_conv,,
1778-17,감사원,1778,S03590,srno,pdf_conv,,
1778-18,감사원,1778,S03590,srno,pdf_conv,,
1778-19,감사원,1778,S03590,srno,pdf_conv,,
1778-20,감사원,1778,S03590,srno,pdf_conv,,
1778-21,감사원,1778,S03590,srno,pdf_conv,분야축,
1779-1,감사원,1779,S03591,srno,pdf_conv,,
1779-2,감사원,1779,S03591,srno,pdf_conv,recall,
1779-3,감사원,1779,S03591,srno,pdf_conv,,
1779-4,감사원,1779,S03591,srno,pdf_conv,,
1779-5,감사원,1779,S03591,srno,pdf_conv,,
1779-6,감사원,1779,S03591,srno,pdf_conv,recall,
1779-7,감사원,1779,S03591,srno,pdf_conv,recall,
1779-8,감사원,1779,S03591,srno,pdf_conv,recall,
1779-9,감사원,1779,S03591,srno,pdf_conv,recall,
1779-10,감사원,1779,S03591,srno,pdf_conv,,
1779-11,감사원,1779,S03591,srno,pdf_conv,,
1779-12,감사원,1779,S03591,srno,pdf_conv,분야축,
1779-13,감사원,1779,S03591,srno,pdf_conv,분야축,
1779-14,감사원,1779,S03591,srno,pdf_conv,,
1779-15,감사원,1779,S03591,srno,pdf_conv,,
1779-16,감사원,1779,S03591,srno,pdf_conv,,
1779-17,감사원,1779,S03591,srno,pdf_conv,,
1779-18,감사원,1779,S03591,srno,pdf_conv,분야축,
1779-19,감사원,1779,S03591,srno,pdf_conv,분야축,
1779-20,감사원,1779,S03591,srno,pdf_conv,분야축,
1779-21,감사원,1779,S03591,srno,pdf_conv,분야축,
1779-22,감사원,1779,S03591,srno,pdf_conv,분야축,
1780-1,감사원,1780,S03592,srno,pdf_conv,,
1780-2,감사원,1780,S03592,srno,pdf_conv,,
1780-3,감사원,1780,S03592,srno,pdf_conv,,
1780-4,감사원,1780,S03592,srno,pdf_conv,recall,
1780-5,감사원,1780,S03592,srno,pdf_conv,,
1780-6,감사원,1780,S03592,srno,pdf_conv,,
1780-7,감사원,1780,S03592,srno,pdf_conv,recall,
1780-8,감사원,1780,S03592,srno,pdf_conv,,
1780-9,감사원,1780,S03592,srno,pdf_conv,,
1780-10,감사원,1780,S03592,srno,pdf_conv,,
1780-11,감사원,1780,S03592,srno,pdf_conv,recall,
1780-12,감사원,1780,S03592,srno,pdf_conv,recall,
1780-13,감사원,1780,S03592,srno,pdf_conv,,
1780-14,감사원,1780,S03592,srno,pdf_conv,,
1780-15,감사원,1780,S03592,srno,pdf_conv,,
1780-16,감사원,1780,S03592,srno,pdf_conv,,
1780-17,감사원,1780,S03592,srno,pdf_conv,recall,
1780-18,감사원,1780,S03592,srno,pdf_conv,recall,
1780-19,감사원,1780,S03592,srno,pdf_conv,,
1780-20,감사원,1780,S03592,srno,pdf_conv,recall,
1780-21,감사원,1780,S03592,srno,pdf_conv,,
1780-22,감사원,1780,S03592,srno,pdf_conv,,
1780-23,감사원,1780,S03592,srno,pdf_conv,,
1780-24,감사원,1780,S03592,srno,pdf_conv,,
1780-25,감사원,1780,S03592,srno,pdf_conv,recall,
1780-26,감사원,1780,S03592,srno,pdf_conv,,
1780-27,감사원,1780,S03592,srno,pdf_conv,,
1780-28,감사원,1780,S03592,srno,pdf_conv,,
1780-29,감사원,1780,S03592,srno,pdf_conv,,
1780-30,감사원,1780,S03592,srno,pdf_conv,recall,
1780-31,감사원,1780,S03592,srno,pdf_conv,,
1780-32,감사원,1780,S03592,srno,pdf_conv,recall,
1781-1,감사원,1781,S03593,srno,pdf_conv,분야축,
1781-2,감사원,1781,S03593,srno,pdf_conv,recall,
1781-3,감사원,1781,S03593,srno,pdf_conv,recall,
1781-4,감사원,1781,S03593,srno,pdf_conv,분야축,
1781-5,감사원,1781,S03593,srno,pdf_conv,분야축,
1781-6,감사원,1781,S03593,srno,pdf_conv,recall,
1781-7,감사원,1781,S03593,srno,pdf_conv,,
1781-8,감사원,1781,S03593,srno,pdf_conv,,
1781-9,감사원,1781,S03593,srno,pdf_conv,recall,
1781-10,감사원,1781,S03593,srno,pdf_conv,recall,
1783-1,감사원,1783,S03594,srno,pdf_conv,,
1783-2,감사원,1783,S03594,srno,pdf_conv,recall,
1783-3,감사원,1783,S03594,srno,pdf_conv,,
1783-4,감사원,1783,S03594,srno,pdf_conv,,
1783-5,감사원,1783,S03594,srno,pdf_conv,,
1783-6,감사원,1783,S03594,srno,pdf_conv,,
1783-7,감사원,1783,S03594,srno,pdf_conv,,
1783-8,감사원,1783,S03594,srno,pdf_conv,,
1783-9,감사원,1783,S03594,srno,pdf_conv,,
1783-10,감사원,1783,S03594,srno,pdf_conv,,
1783-11,감사원,1783,S03594,srno,pdf_conv,,
1783-12,감사원,1783,S03594,srno,pdf_conv,,
1783-13,감사원,1783,S03594,srno,pdf_conv,,
1783-14,감사원,1783,S03594,srno,pdf_conv,,
1783-15,감사원,1783,S03594,srno,pdf_conv,recall,
1783-16,감사원,1783,S03594,srno,pdf_conv,recall,
1783-17,감사원,1783,S03594,srno,pdf_conv,,
1783-18,감사원,1783,S03594,srno,pdf_conv,recall,
1783-19,감사원,1783,S03594,srno,pdf_conv,분야축,
1783-20,감사원,1783,S03594,srno,pdf_conv,,
1783-21,감사원,1783,S03594,srno,pdf_conv,recall,
1783-22,감사원,1783,S03594,srno,pdf_conv,recall,
1783-23,감사원,1783,S03594,srno,pdf_conv,,
1784-1,감사원,1784,S03596,srno,pdf_conv,,
1784-2,감사원,1784,S03596,srno,pdf_conv,,
1784-3,감사원,1784,S03596,srno,pdf_conv,,
1784-4,감사원,1784,S03596,srno,pdf_conv,,
1784-5,감사원,1784,S03596,srno,pdf_conv,,
1784-6,감사원,1784,S03596,srno,pdf_conv,,
1784-7,감사원,1784,S03596,srno,pdf_conv,,
1784-8,감사원,1784,S03596,srno,pdf_conv,,
1784-9,감사원,1784,S03596,srno,pdf_conv,,
1784-10,감사원,1784,S03596,srno,pdf_conv,recall,
1784-11,감사원,1784,S03596,srno,pdf_conv,,
1784-12,감사원,1784,S03596,srno,pdf_conv,,
1785-1,감사원,1785,S03595,srno,pdf_conv,분야축,
1786-1,감사원,1786,S01691,srno,hwp,,
1786-2,감사원,1786,S01691,srno,hwp,,
1787-1,감사원,1787,S01692,srno,hwp,,
1787-2,감사원,1787,S01692,srno,hwp,,
1787-3,감사원,1787,S01692,srno,hwp,,
1787-4,감사원,1787,S01692,srno,hwp,,
1787-5,감사원,1787,S01692,srno,hwp,,
1790-1,감사원,1790,S03597,srno,pdf_conv,,
1790-2,감사원,1790,S03597,srno,pdf_conv,recall,
1790-3,감사원,1790,S03597,srno,pdf_conv,,
1790-4,감사원,1790,S03597,srno,pdf_conv,recall,
1790-5,감사원,1790,S03597,srno,pdf_conv,recall,
1791-1,감사원,1791,S03598,srno,pdf_conv,분야축,
1793-1,감사원,1793,S03599,srno,pdf_conv,분야축,
1793-2,감사원,1793,S03599,srno,pdf_conv,,
1794-1,감사원,1794,S03600,srno,pdf_conv,분야축,
1795-1,감사원,1795,S03601,srno,pdf_conv,분야축,
1796-1,감사원,1796,S03602,srno,pdf_conv,분야축,
1797-1,감사원,1797,S03603,srno,pdf_conv,분야축,
1797-2,감사원,1797,S03603,srno,pdf_conv,분야축,
1798-1,감사원,1798,S03605,srno,pdf_conv,recall,
1798-2,감사원,1798,S03605,srno,pdf_conv,recall,
1798-3,감사원,1798,S03605,srno,pdf_conv,recall,
1798-4,감사원,1798,S03605,srno,pdf_conv,recall,
1798-5,감사원,1798,S03605,srno,pdf_conv,,
1798-6,감사원,1798,S03605,srno,pdf_conv,,
1798-7,감사원,1798,S03605,srno,pdf_conv,recall,
1799-1,감사원,1799,S03604,srno,pdf_conv,recall,
1799-2,감사원,1799,S03604,srno,pdf_conv,recall,
1799-3,감사원,1799,S03604,srno,pdf_conv,recall,
1799-4,감사원,1799,S03604,srno,pdf_conv,recall,
1799-5,감사원,1799,S03604,srno,pdf_conv,recall,
1799-6,감사원,1799,S03604,srno,pdf_conv,recall,
1799-7,감사원,1799,S03604,srno,pdf_conv,recall,
1801-1,감사원,1801,S03606,srno,pdf_conv,,
1801-2,감사원,1801,S03606,srno,pdf_conv,,
1801-3,감사원,1801,S03606,srno,pdf_conv,recall,
1801-4,감사원,1801,S03606,srno,pdf_conv,,
1801-5,감사원,1801,S03606,srno,pdf_conv,,
1801-6,감사원,1801,S03606,srno,pdf_conv,,
1801-7,감사원,1801,S03606,srno,pdf_conv,,
1801-8,감사원,1801,S03606,srno,pdf_conv,,
1802-1,감사원,1802,S03607,srno,pdf_conv,,
1802-2,감사원,1802,S03607,srno,pdf_conv,recall,
1802-3,감사원,1802,S03607,srno,pdf_conv,recall,
1802-4,감사원,1802,S03607,srno,pdf_conv,분야축,
1802-5,감사원,1802,S03607,srno,pdf_conv,recall,
1802-6,감사원,1802,S03607,srno,pdf_conv,recall,
1802-7,감사원,1802,S03607,srno,pdf_conv,recall,
1802-8,감사원,1802,S03607,srno,pdf_conv,recall,
1802-9,감사원,1802,S03607,srno,pdf_conv,recall,
1802-10,감사원,1802,S03607,srno,pdf_conv,recall,
1802-11,감사원,1802,S03607,srno,pdf_conv,recall,
1802-12,감사원,1802,S03607,srno,pdf_conv,recall,
1802-13,감사원,1802,S03607,srno,pdf_conv,recall,
1802-14,감사원,1802,S03607,srno,pdf_conv,recall,
1802-15,감사원,1802,S03607,srno,pdf_conv,recall,
1802-16,감사원,1802,S03607,srno,pdf_conv,recall,
1802-17,감사원,1802,S03607,srno,pdf_conv,recall,
1802-18,감사원,1802,S03607,srno,pdf_conv,recall,
1802-19,감사원,1802,S03607,srno,pdf_conv,recall,
1802-20,감사원,1802,S03607,srno,pdf_conv,recall,
1802-21,감사원,1802,S03607,srno,pdf_conv,recall,
1802-22,감사원,1802,S03607,srno,pdf_conv,recall,
1802-23,감사원,1802,S03607,srno,pdf_conv,recall,
1802-24,감사원,1802,S03607,srno,pdf_conv,recall,
1802-25,감사원,1802,S03607,srno,pdf_conv,recall,
1803-1,감사원,1803,S03608,srno,pdf_conv,recall,
1804-1,감사원,1804,S03609,srno,pdf_conv,분야축,
1804-2,감사원,1804,S03609,srno,pdf_conv,분야축,
1804-3,감사원,1804,S03609,srno,pdf_conv,,
1804-4,감사원,1804,S03609,srno,pdf_conv,,
1804-5,감사원,1804,S03609,srno,pdf_conv,,
1804-6,감사원,1804,S03609,srno,pdf_conv,,
1804-7,감사원,1804,S03609,srno,pdf_conv,분야축,
1804-8,감사원,1804,S03609,srno,pdf_conv,recall,
1804-9,감사원,1804,S03609,srno,pdf_conv,,
1804-10,감사원,1804,S03609,srno,pdf_conv,,
1805-1,감사원,1805,S03610,srno,pdf_conv,분야축,
1805-2,감사원,1805,S03610,srno,pdf_conv,분야축,
1805-3,감사원,1805,S03610,srno,pdf_conv,분야축,
1805-4,감사원,1805,S03610,srno,pdf_conv,분야축,
1805-5,감사원,1805,S03610,srno,pdf_conv,,
1805-6,감사원,1805,S03610,srno,pdf_conv,분야축,
1805-7,감사원,1805,S03610,srno,pdf_conv,분야축,
1805-8,감사원,1805,S03610,srno,pdf_conv,분야축,
1805-9,감사원,1805,S03610,srno,pdf_conv,분야축,
1805-10,감사원,1805,S03610,srno,pdf_conv,분야축,
1805-11,감사원,1805,S03610,srno,pdf_conv,분야축,
1805-12,감사원,1805,S03610,srno,pdf_conv,분야축,
1805-13,감사원,1805,S03610,srno,pdf_conv,분야축,
1805-14,감사원,1805,S03610,srno,pdf_conv,분야축,
1805-15,감사원,1805,S03610,srno,pdf_conv,분야축,
1805-16,감사원,1805,S03610,srno,pdf_conv,분야축,
1805-17,감사원,1805,S03610,srno,pdf_conv,분야축,
1805-18,감사원,1805,S03610,srno,pdf_conv,,
1805-19,감사원,1805,S03610,srno,pdf_conv,분야축,
1805-20,감사원,1805,S03610,srno,pdf_conv,분야축,
1805-21,감사원,1805,S03610,srno,pdf_conv,분야축,
1805-22,감사원,1805,S03610,srno,pdf_conv,분야축,
1805-23,감사원,1805,S03610,srno,pdf_conv,분야축,
1806-1,감사원,1806,S01708,srno,hwp,recall,
1806-2,감사원,1806,S01708,srno,hwp,recall,
1806-3,감사원,1806,S01708,srno,hwp,recall,
1806-4,감사원,1806,S01708,srno,hwp,recall,
1806-5,감사원,1806,S01708,srno,hwp,,
1806-6,감사원,1806,S01708,srno,hwp,recall,
1806-7,감사원,1806,S01708,srno,hwp,,
1806-8,감사원,1806,S01708,srno,hwp,,
1806-9,감사원,1806,S01708,srno,hwp,recall,
1806-10,감사원,1806,S01708,srno,hwp,recall,
1806-11,감사원,1806,S01708,srno,hwp,,
1807-1,감사원,1807,S03611,srno,pdf_conv,분야축,
1807-2,감사원,1807,S03611,srno,pdf_conv,분야축,
1807-3,감사원,1807,S03611,srno,pdf_conv,,
1807-4,감사원,1807,S03611,srno,pdf_conv,,
1807-5,감사원,1807,S03611,srno,pdf_conv,recall,
1807-6,감사원,1807,S03611,srno,pdf_conv,,
1807-7,감사원,1807,S03611,srno,pdf_conv,,
1807-8,감사원,1807,S03611,srno,pdf_conv,,
1807-9,감사원,1807,S03611,srno,pdf_conv,분야축,
1807-10,감사원,1807,S03611,srno,pdf_conv,분야축,
1808-1,감사원,1808,S03613,srno,pdf_conv,분야축,
1808-2,감사원,1808,S03613,srno,pdf_conv,recall,
1808-3,감사원,1808,S03613,srno,pdf_conv,recall,
1809-1,감사원,1809,S03612,srno,pdf_conv,분야축,
1809-2,감사원,1809,S03612,srno,pdf_conv,분야축,
1809-3,감사원,1809,S03612,srno,pdf_conv,recall,
1809-4,감사원,1809,S03612,srno,pdf_conv,분야축,
1809-5,감사원,1809,S03612,srno,pdf_conv,분야축,
1809-6,감사원,1809,S03612,srno,pdf_conv,분야축,
1809-7,감사원,1809,S03612,srno,pdf_conv,분야축,
1809-8,감사원,1809,S03612,srno,pdf_conv,분야축,
1809-9,감사원,1809,S03612,srno,pdf_conv,분야축,
1810-1,감사원,1810,S03614,srno,pdf_conv,,
1810-2,감사원,1810,S03614,srno,pdf_conv,recall,
1810-3,감사원,1810,S03614,srno,pdf_conv,recall,
1810-4,감사원,1810,S03614,srno,pdf_conv,recall,
1810-5,감사원,1810,S03614,srno,pdf_conv,,
1810-6,감사원,1810,S03614,srno,pdf_conv,recall,
1810-7,감사원,1810,S03614,srno,pdf_conv,,
1810-8,감사원,1810,S03614,srno,pdf_conv,,
1810-9,감사원,1810,S03614,srno,pdf_conv,,
1810-10,감사원,1810,S03614,srno,pdf_conv,recall,
1810-11,감사원,1810,S03614,srno,pdf_conv,,
1810-12,감사원,1810,S03614,srno,pdf_conv,,
1811-1,감사원,1811,S03615,srno,pdf_conv,분야축,
1811-2,감사원,1811,S03615,srno,pdf_conv,분야축,
1811-3,감사원,1811,S03615,srno,pdf_conv,분야축,
1811-4,감사원,1811,S03615,srno,pdf_conv,분야축,
1811-5,감사원,1811,S03615,srno,pdf_conv,분야축,
1811-6,감사원,1811,S03615,srno,pdf_conv,,
1811-7,감사원,1811,S03615,srno,pdf_conv,분야축,
1811-8,감사원,1811,S03615,srno,pdf_conv,분야축,
1811-9,감사원,1811,S03615,srno,pdf_conv,,
1811-10,감사원,1811,S03615,srno,pdf_conv,분야축,
1811-11,감사원,1811,S03615,srno,pdf_conv,분야축,
1811-12,감사원,1811,S03615,srno,pdf_conv,분야축,
1811-13,감사원,1811,S03615,srno,pdf_conv,recall,
1811-14,감사원,1811,S03615,srno,pdf_conv,recall,
1811-15,감사원,1811,S03615,srno,pdf_conv,분야축,
1811-16,감사원,1811,S03615,srno,pdf_conv,,
1811-17,감사원,1811,S03615,srno,pdf_conv,분야축,
1811-18,감사원,1811,S03615,srno,pdf_conv,,
1811-19,감사원,1811,S03615,srno,pdf_conv,분야축,
1813-1,감사원,1813,S03616,srno,pdf_conv,,
1813-2,감사원,1813,S03616,srno,pdf_conv,,
1813-3,감사원,1813,S03616,srno,pdf_conv,recall,
1813-4,감사원,1813,S03616,srno,pdf_conv,,
1813-5,감사원,1813,S03616,srno,pdf_conv,recall,
1813-6,감사원,1813,S03616,srno,pdf_conv,recall,
1813-7,감사원,1813,S03616,srno,pdf_conv,recall,
1813-8,감사원,1813,S03616,srno,pdf_conv,recall,
1813-9,감사원,1813,S03616,srno,pdf_conv,recall,
1813-10,감사원,1813,S03616,srno,pdf_conv,recall,
1813-11,감사원,1813,S03616,srno,pdf_conv,,
1813-12,감사원,1813,S03616,srno,pdf_conv,recall,
1813-13,감사원,1813,S03616,srno,pdf_conv,,
1813-14,감사원,1813,S03616,srno,pdf_conv,recall,
1813-15,감사원,1813,S03616,srno,pdf_conv,recall,
1813-16,감사원,1813,S03616,srno,pdf_conv,,
1813-17,감사원,1813,S03616,srno,pdf_conv,,
1813-18,감사원,1813,S03616,srno,pdf_conv,,
1813-19,감사원,1813,S03616,srno,pdf_conv,recall,
1813-20,감사원,1813,S03616,srno,pdf_conv,,
1813-21,감사원,1813,S03616,srno,pdf_conv,,
1813-22,감사원,1813,S03616,srno,pdf_conv,,
1814-1,감사원,1814,S03617,srno,pdf_conv,recall,
1814-2,감사원,1814,S03617,srno,pdf_conv,,
1814-3,감사원,1814,S03617,srno,pdf_conv,분야축,
1814-4,감사원,1814,S03617,srno,pdf_conv,,
1814-5,감사원,1814,S03617,srno,pdf_conv,,
1814-6,감사원,1814,S03617,srno,pdf_conv,분야축,
1814-7,감사원,1814,S03617,srno,pdf_conv,분야축,
1814-8,감사원,1814,S03617,srno,pdf_conv,,
1815-1,감사원,1815,S03618,srno,pdf_conv,recall,
1815-2,감사원,1815,S03618,srno,pdf_conv,recall,
1815-3,감사원,1815,S03618,srno,pdf_conv,recall,
1815-4,감사원,1815,S03618,srno,pdf_conv,분야축,
1816-1,감사원,1816,S03619,srno,pdf_conv,,
1816-2,감사원,1816,S03619,srno,pdf_conv,recall,
1816-3,감사원,1816,S03619,srno,pdf_conv,recall,
1816-4,감사원,1816,S03619,srno,pdf_conv,,
1816-5,감사원,1816,S03619,srno,pdf_conv,recall,
1816-6,감사원,1816,S03619,srno,pdf_conv,,
1816-7,감사원,1816,S03619,srno,pdf_conv,recall,
1816-8,감사원,1816,S03619,srno,pdf_conv,,
1816-9,감사원,1816,S03619,srno,pdf_conv,분야축,
1816-10,감사원,1816,S03619,srno,pdf_conv,,
1816-11,감사원,1816,S03619,srno,pdf_conv,recall,
1816-12,감사원,1816,S03619,srno,pdf_conv,분야축,
1816-13,감사원,1816,S03619,srno,pdf_conv,recall,
1817-1,감사원,1817,S03620,srno,pdf_conv,,
1817-2,감사원,1817,S03620,srno,pdf_conv,,
1817-3,감사원,1817,S03620,srno,pdf_conv,,
1817-4,감사원,1817,S03620,srno,pdf_conv,,
1817-5,감사원,1817,S03620,srno,pdf_conv,,
1817-6,감사원,1817,S03620,srno,pdf_conv,,
1817-7,감사원,1817,S03620,srno,pdf_conv,분야축,
1817-8,감사원,1817,S03620,srno,pdf_conv,,
1817-9,감사원,1817,S03620,srno,pdf_conv,분야축,
1817-10,감사원,1817,S03620,srno,pdf_conv,,
1817-11,감사원,1817,S03620,srno,pdf_conv,recall,
1827-1,감사원,1827,S03621,srno,pdf_conv,,
1827-2,감사원,1827,S03621,srno,pdf_conv,,
1827-3,감사원,1827,S03621,srno,pdf_conv,recall,
1827-4,감사원,1827,S03621,srno,pdf_conv,recall,
1827-5,감사원,1827,S03621,srno,pdf_conv,recall,
1827-6,감사원,1827,S03621,srno,pdf_conv,,
1827-7,감사원,1827,S03621,srno,pdf_conv,recall,
1827-8,감사원,1827,S03621,srno,pdf_conv,,
1827-9,감사원,1827,S03621,srno,pdf_conv,,
1827-10,감사원,1827,S03621,srno,pdf_conv,recall,
1827-11,감사원,1827,S03621,srno,pdf_conv,분야축,
1827-12,감사원,1827,S03621,srno,pdf_conv,recall,
1827-13,감사원,1827,S03621,srno,pdf_conv,,
1827-14,감사원,1827,S03621,srno,pdf_conv,,
1827-15,감사원,1827,S03621,srno,pdf_conv,,
1827-16,감사원,1827,S03621,srno,pdf_conv,,
1827-17,감사원,1827,S03621,srno,pdf_conv,,
1827-18,감사원,1827,S03621,srno,pdf_conv,,
1827-19,감사원,1827,S03621,srno,pdf_conv,recall,
1827-20,감사원,1827,S03621,srno,pdf_conv,recall,
1827-21,감사원,1827,S03621,srno,pdf_conv,recall,
1827-22,감사원,1827,S03621,srno,pdf_conv,,
1827-23,감사원,1827,S03621,srno,pdf_conv,,
1827-24,감사원,1827,S03621,srno,pdf_conv,,
1828-1,감사원,1828,S03622,srno,pdf_conv,,
1828-2,감사원,1828,S03622,srno,pdf_conv,,
1828-3,감사원,1828,S03622,srno,pdf_conv,,
1828-4,감사원,1828,S03622,srno,pdf_conv,,
1828-5,감사원,1828,S03622,srno,pdf_conv,,
1828-6,감사원,1828,S03622,srno,pdf_conv,분야축,
1828-7,감사원,1828,S03622,srno,pdf_conv,분야축,
1828-8,감사원,1828,S03622,srno,pdf_conv,,
1828-9,감사원,1828,S03622,srno,pdf_conv,recall,
1828-10,감사원,1828,S03622,srno,pdf_conv,recall,
1828-11,감사원,1828,S03622,srno,pdf_conv,분야축,
1828-12,감사원,1828,S03622,srno,pdf_conv,,
1828-13,감사원,1828,S03622,srno,pdf_conv,분야축,
1829-1,감사원,1829,S03623,srno,pdf_conv,분야축,
1829-2,감사원,1829,S03623,srno,pdf_conv,분야축,
1829-3,감사원,1829,S03623,srno,pdf_conv,분야축,
1829-4,감사원,1829,S03623,srno,pdf_conv,분야축,
1829-5,감사원,1829,S03623,srno,pdf_conv,분야축,
1829-6,감사원,1829,S03623,srno,pdf_conv,분야축,
1829-7,감사원,1829,S03623,srno,pdf_conv,분야축,
1829-8,감사원,1829,S03623,srno,pdf_conv,분야축,
1829-9,감사원,1829,S03623,srno,pdf_conv,분야축,
1829-10,감사원,1829,S03623,srno,pdf_conv,분야축,
1829-11,감사원,1829,S03623,srno,pdf_conv,분야축,
1829-12,감사원,1829,S03623,srno,pdf_conv,분야축,
1829-13,감사원,1829,S03623,srno,pdf_conv,분야축,
1829-14,감사원,1829,S03623,srno,pdf_conv,분야축,
1829-15,감사원,1829,S03623,srno,pdf_conv,분야축,
1829-16,감사원,1829,S03623,srno,pdf_conv,분야축,
1829-17,감사원,1829,S03623,srno,pdf_conv,분야축,
1829-18,감사원,1829,S03623,srno,pdf_conv,분야축,
1829-19,감사원,1829,S03623,srno,pdf_conv,분야축,
1830-1,감사원,1830,S03624,srno,pdf_conv,분야축,
1830-2,감사원,1830,S03624,srno,pdf_conv,분야축,
1830-3,감사원,1830,S03624,srno,pdf_conv,,
1830-4,감사원,1830,S03624,srno,pdf_conv,분야축,
1830-5,감사원,1830,S03624,srno,pdf_conv,분야축,
1830-6,감사원,1830,S03624,srno,pdf_conv,분야축,
1830-7,감사원,1830,S03624,srno,pdf_conv,분야축,
1830-8,감사원,1830,S03624,srno,pdf_conv,분야축,
1830-9,감사원,1830,S03624,srno,pdf_conv,분야축,
1830-10,감사원,1830,S03624,srno,pdf_conv,,
1830-11,감사원,1830,S03624,srno,pdf_conv,분야축,
1830-12,감사원,1830,S03624,srno,pdf_conv,분야축,
1830-13,감사원,1830,S03624,srno,pdf_conv,,
1830-14,감사원,1830,S03624,srno,pdf_conv,,
1831-1,감사원,1831,S03625,srno,pdf_conv,,
1831-2,감사원,1831,S03625,srno,pdf_conv,recall,
1831-3,감사원,1831,S03625,srno,pdf_conv,,
1831-4,감사원,1831,S03625,srno,pdf_conv,recall,
1831-5,감사원,1831,S03625,srno,pdf_conv,분야축,
1831-6,감사원,1831,S03625,srno,pdf_conv,recall,
1831-7,감사원,1831,S03625,srno,pdf_conv,분야축,
1831-8,감사원,1831,S03625,srno,pdf_conv,recall,
1831-9,감사원,1831,S03625,srno,pdf_conv,recall,
1831-10,감사원,1831,S03625,srno,pdf_conv,분야축,
1831-11,감사원,1831,S03625,srno,pdf_conv,recall,
1832-1,감사원,1832,S03626,srno,pdf_conv,recall,
1832-2,감사원,1832,S03626,srno,pdf_conv,recall,
1832-3,감사원,1832,S03626,srno,pdf_conv,recall,
1832-4,감사원,1832,S03626,srno,pdf_conv,recall,
1832-5,감사원,1832,S03626,srno,pdf_conv,분야축,
1832-6,감사원,1832,S03626,srno,pdf_conv,분야축,
1832-7,감사원,1832,S03626,srno,pdf_conv,recall,
1832-8,감사원,1832,S03626,srno,pdf_conv,분야축,
1832-9,감사원,1832,S03626,srno,pdf_conv,recall,
1832-10,감사원,1832,S03626,srno,pdf_conv,recall,
1832-11,감사원,1832,S03626,srno,pdf_conv,분야축,
1832-12,감사원,1832,S03626,srno,pdf_conv,분야축,
1832-13,감사원,1832,S03626,srno,pdf_conv,recall,
1832-14,감사원,1832,S03626,srno,pdf_conv,분야축,
1832-15,감사원,1832,S03626,srno,pdf_conv,,
1833-1,감사원,1833,S03627,srno,pdf_conv,분야축,
1833-2,감사원,1833,S03627,srno,pdf_conv,,
1833-3,감사원,1833,S03627,srno,pdf_conv,recall,
1833-4,감사원,1833,S03627,srno,pdf_conv,recall,
1833-5,감사원,1833,S03627,srno,pdf_conv,분야축,
1833-6,감사원,1833,S03627,srno,pdf_conv,,
1833-7,감사원,1833,S03627,srno,pdf_conv,recall,
1833-8,감사원,1833,S03627,srno,pdf_conv,분야축,
1833-9,감사원,1833,S03627,srno,pdf_conv,분야축,
1833-10,감사원,1833,S03627,srno,pdf_conv,recall,
1833-11,감사원,1833,S03627,srno,pdf_conv,분야축,
1834-1,감사원,1834,S03628,srno,pdf_conv,,
1834-2,감사원,1834,S03628,srno,pdf_conv,,
1834-3,감사원,1834,S03628,srno,pdf_conv,,
1834-4,감사원,1834,S03628,srno,pdf_conv,,
1834-5,감사원,1834,S03628,srno,pdf_conv,recall,
1834-6,감사원,1834,S03628,srno,pdf_conv,recall,
1834-7,감사원,1834,S03628,srno,pdf_conv,recall,
1834-8,감사원,1834,S03628,srno,pdf_conv,,
1834-9,감사원,1834,S03628,srno,pdf_conv,recall,
1834-10,감사원,1834,S03628,srno,pdf_conv,,
1834-11,감사원,1834,S03628,srno,pdf_conv,,
1834-12,감사원,1834,S03628,srno,pdf_conv,분야축,
1834-13,감사원,1834,S03628,srno,pdf_conv,분야축,
1834-14,감사원,1834,S03628,srno,pdf_conv,분야축,
1834-15,감사원,1834,S03628,srno,pdf_conv,분야축,
1834-16,감사원,1834,S03628,srno,pdf_conv,분야축,
1834-17,감사원,1834,S03628,srno,pdf_conv,분야축,
1834-18,감사원,1834,S03628,srno,pdf_conv,recall,
1834-19,감사원,1834,S03628,srno,pdf_conv,recall,
1835-1,감사원,1835,S03629,srno,pdf_conv,recall,
1835-2,감사원,1835,S03629,srno,pdf_conv,,
1835-3,감사원,1835,S03629,srno,pdf_conv,recall,
1835-4,감사원,1835,S03629,srno,pdf_conv,,
1835-5,감사원,1835,S03629,srno,pdf_conv,recall,
1835-6,감사원,1835,S03629,srno,pdf_conv,recall,
1835-7,감사원,1835,S03629,srno,pdf_conv,recall,
1835-8,감사원,1835,S03629,srno,pdf_conv,분야축,
1835-9,감사원,1835,S03629,srno,pdf_conv,recall,
1835-10,감사원,1835,S03629,srno,pdf_conv,recall,
1835-11,감사원,1835,S03629,srno,pdf_conv,recall,
1836-1,감사원,1836,S03630,srno,pdf_conv,분야축,
1836-2,감사원,1836,S03630,srno,pdf_conv,분야축,
1836-3,감사원,1836,S03630,srno,pdf_conv,분야축,
1836-4,감사원,1836,S03630,srno,pdf_conv,분야축,
1836-5,감사원,1836,S03630,srno,pdf_conv,분야축,
1836-6,감사원,1836,S03630,srno,pdf_conv,분야축,
1836-7,감사원,1836,S03630,srno,pdf_conv,분야축,
1836-8,감사원,1836,S03630,srno,pdf_conv,분야축,
1836-9,감사원,1836,S03630,srno,pdf_conv,분야축,
1836-10,감사원,1836,S03630,srno,pdf_conv,분야축,
1836-11,감사원,1836,S03630,srno,pdf_conv,분야축,
1836-12,감사원,1836,S03630,srno,pdf_conv,분야축,
1836-13,감사원,1836,S03630,srno,pdf_conv,분야축,
1836-14,감사원,1836,S03630,srno,pdf_conv,분야축,
1837-1,감사원,1837,S03631,srno,pdf_conv,,
1837-2,감사원,1837,S03631,srno,pdf_conv,,
1837-3,감사원,1837,S03631,srno,pdf_conv,,
1837-4,감사원,1837,S03631,srno,pdf_conv,,
1837-5,감사원,1837,S03631,srno,pdf_conv,,
1837-6,감사원,1837,S03631,srno,pdf_conv,,
1837-7,감사원,1837,S03631,srno,pdf_conv,,
1837-8,감사원,1837,S03631,srno,pdf_conv,분야축,
1837-9,감사원,1837,S03631,srno,pdf_conv,,
1837-10,감사원,1837,S03631,srno,pdf_conv,,
1837-11,감사원,1837,S03631,srno,pdf_conv,,
1837-12,감사원,1837,S03631,srno,pdf_conv,,
1837-13,감사원,1837,S03631,srno,pdf_conv,,
1837-14,감사원,1837,S03631,srno,pdf_conv,분야축,
1837-15,감사원,1837,S03631,srno,pdf_conv,분야축,
1837-16,감사원,1837,S03631,srno,pdf_conv,,
1837-17,감사원,1837,S03631,srno,pdf_conv,,
1839-1,감사원,1839,S01730,srno,hwp,,
1840-1,감사원,1840,S03632,srno,pdf_conv,분야축,
1840-2,감사원,1840,S03632,srno,pdf_conv,분야축,
1840-3,감사원,1840,S03632,srno,pdf_conv,분야축,
1840-4,감사원,1840,S03632,srno,pdf_conv,분야축,
1840-5,감사원,1840,S03632,srno,pdf_conv,,
1840-6,감사원,1840,S03632,srno,pdf_conv,분야축,
1840-7,감사원,1840,S03632,srno,pdf_conv,recall,
1840-8,감사원,1840,S03632,srno,pdf_conv,분야축,
1840-9,감사원,1840,S03632,srno,pdf_conv,분야축,
1840-10,감사원,1840,S03632,srno,pdf_conv,분야축,
1840-11,감사원,1840,S03632,srno,pdf_conv,분야축,
1840-12,감사원,1840,S03632,srno,pdf_conv,,
1840-13,감사원,1840,S03632,srno,pdf_conv,분야축,
1840-14,감사원,1840,S03632,srno,pdf_conv,분야축,
1840-15,감사원,1840,S03632,srno,pdf_conv,분야축,
1840-16,감사원,1840,S03632,srno,pdf_conv,분야축,
1840-17,감사원,1840,S03632,srno,pdf_conv,recall,
1840-18,감사원,1840,S03632,srno,pdf_conv,recall,
1840-19,감사원,1840,S03632,srno,pdf_conv,recall,
1840-20,감사원,1840,S03632,srno,pdf_conv,분야축,
1840-21,감사원,1840,S03632,srno,pdf_conv,분야축,
1840-22,감사원,1840,S03632,srno,pdf_conv,분야축,
1840-23,감사원,1840,S03632,srno,pdf_conv,분야축,
1840-24,감사원,1840,S03632,srno,pdf_conv,분야축,
1840-25,감사원,1840,S03632,srno,pdf_conv,분야축,
1840-26,감사원,1840,S03632,srno,pdf_conv,분야축,
1841-1,감사원,1841,S03633,srno,pdf_conv,분야축,
1841-2,감사원,1841,S03633,srno,pdf_conv,분야축,
1841-3,감사원,1841,S03633,srno,pdf_conv,분야축,
1841-4,감사원,1841,S03633,srno,pdf_conv,분야축,
1841-5,감사원,1841,S03633,srno,pdf_conv,,
1841-6,감사원,1841,S03633,srno,pdf_conv,,
1841-7,감사원,1841,S03633,srno,pdf_conv,분야축,
1841-8,감사원,1841,S03633,srno,pdf_conv,분야축,
1841-9,감사원,1841,S03633,srno,pdf_conv,분야축,
1842-1,감사원,1842,S03634,srno,pdf_conv,분야축,
1842-2,감사원,1842,S03634,srno,pdf_conv,분야축,
1844-1,감사원,1844,S03635,srno,pdf_conv,recall,
1844-2,감사원,1844,S03635,srno,pdf_conv,recall,
1844-3,감사원,1844,S03635,srno,pdf_conv,,
1844-4,감사원,1844,S03635,srno,pdf_conv,,
1844-5,감사원,1844,S03635,srno,pdf_conv,,
1844-6,감사원,1844,S03635,srno,pdf_conv,,
1844-7,감사원,1844,S03635,srno,pdf_conv,분야축,
1845-1,감사원,1845,S03636,srno,pdf_conv,,
1845-2,감사원,1845,S03636,srno,pdf_conv,,
1845-3,감사원,1845,S03636,srno,pdf_conv,recall,
1845-4,감사원,1845,S03636,srno,pdf_conv,,
1845-5,감사원,1845,S03636,srno,pdf_conv,분야축,
1845-6,감사원,1845,S03636,srno,pdf_conv,recall,
1845-7,감사원,1845,S03636,srno,pdf_conv,,
1845-8,감사원,1845,S03636,srno,pdf_conv,,
1845-9,감사원,1845,S03636,srno,pdf_conv,,
1845-10,감사원,1845,S03636,srno,pdf_conv,,
1845-11,감사원,1845,S03636,srno,pdf_conv,,
1845-12,감사원,1845,S03636,srno,pdf_conv,분야축,
1845-13,감사원,1845,S03636,srno,pdf_conv,,
1845-14,감사원,1845,S03636,srno,pdf_conv,recall,
1845-15,감사원,1845,S03636,srno,pdf_conv,분야축,
1845-16,감사원,1845,S03636,srno,pdf_conv,recall,
1846-1,감사원,1846,S03637,srno,pdf_conv,분야축,
1846-2,감사원,1846,S03637,srno,pdf_conv,분야축,
1846-3,감사원,1846,S03637,srno,pdf_conv,분야축,
1846-4,감사원,1846,S03637,srno,pdf_conv,분야축,
1846-5,감사원,1846,S03637,srno,pdf_conv,분야축,
1846-6,감사원,1846,S03637,srno,pdf_conv,분야축,
1846-7,감사원,1846,S03637,srno,pdf_conv,분야축,
1847-1,감사원,1847,S03638,srno,pdf_conv,,
1847-2,감사원,1847,S03638,srno,pdf_conv,,
1847-3,감사원,1847,S03638,srno,pdf_conv,분야축,
1847-4,감사원,1847,S03638,srno,pdf_conv,분야축,
1847-5,감사원,1847,S03638,srno,pdf_conv,분야축,
1847-6,감사원,1847,S03638,srno,pdf_conv,,
1847-7,감사원,1847,S03638,srno,pdf_conv,,
1847-8,감사원,1847,S03638,srno,pdf_conv,,
1847-9,감사원,1847,S03638,srno,pdf_conv,,
1847-10,감사원,1847,S03638,srno,pdf_conv,,
1847-11,감사원,1847,S03638,srno,pdf_conv,recall,
1847-12,감사원,1847,S03638,srno,pdf_conv,,
1847-13,감사원,1847,S03638,srno,pdf_conv,recall,
1847-14,감사원,1847,S03638,srno,pdf_conv,recall,
1847-15,감사원,1847,S03638,srno,pdf_conv,recall,
1848-1,감사원,1848,S01742,srno,hwp,,
2100-1,감사원,2100,S03541,srno,pdf_conv,,
2100-2,감사원,2100,S03541,srno,pdf_conv,recall,
2100-3,감사원,2100,S03541,srno,pdf_conv,,
2100-4,감사원,2100,S03541,srno,pdf_conv,,
2100-5,감사원,2100,S03541,srno,pdf_conv,recall,
2100-6,감사원,2100,S03541,srno,pdf_conv,분야축,
2100-7,감사원,2100,S03541,srno,pdf_conv,recall,
2100-8,감사원,2100,S03541,srno,pdf_conv,recall,
2100-9,감사원,2100,S03541,srno,pdf_conv,,
2100-10,감사원,2100,S03541,srno,pdf_conv,recall,
2100-11,감사원,2100,S03541,srno,pdf_conv,분야축,
2100-12,감사원,2100,S03541,srno,pdf_conv,분야축,
2100-13,감사원,2100,S03541,srno,pdf_conv,recall,
2100-14,감사원,2100,S03541,srno,pdf_conv,,
2100-15,감사원,2100,S03541,srno,pdf_conv,,
2100-16,감사원,2100,S03541,srno,pdf_conv,분야축,
2100-17,감사원,2100,S03541,srno,pdf_conv,,
2100-18,감사원,2100,S03541,srno,pdf_conv,recall,
2100-19,감사원,2100,S03541,srno,pdf_conv,recall,
2100-20,감사원,2100,S03541,srno,pdf_conv,,
2100-21,감사원,2100,S03541,srno,pdf_conv,,
2100-22,감사원,2100,S03541,srno,pdf_conv,,
2100-23,감사원,2100,S03541,srno,pdf_conv,,
2100-24,감사원,2100,S03541,srno,pdf_conv,,
2100-25,감사원,2100,S03541,srno,pdf_conv,recall,
2100-26,감사원,2100,S03541,srno,pdf_conv,분야축,
2100-27,감사원,2100,S03541,srno,pdf_conv,,
2100-28,감사원,2100,S03541,srno,pdf_conv,,
2100-29,감사원,2100,S03541,srno,pdf_conv,,
1383-1,감사원,1383,S01227,srno,hwp,,
1384-1,감사원,1384,S01226,srno,hwp,,
1385-1,감사원,1385,S03303,srno,pdf_conv,분야축,
1385-2,감사원,1385,S03303,srno,pdf_conv,,
1385-3,감사원,1385,S03303,srno,pdf_conv,분야축,
1385-4,감사원,1385,S03303,srno,pdf_conv,,
1385-5,감사원,1385,S03303,srno,pdf_conv,분야축,
1385-6,감사원,1385,S03303,srno,pdf_conv,,
1385-7,감사원,1385,S03303,srno,pdf_conv,recall,
1385-8,감사원,1385,S03303,srno,pdf_conv,,
1385-9,감사원,1385,S03303,srno,pdf_conv,,
1385-10,감사원,1385,S03303,srno,pdf_conv,,
1385-11,감사원,1385,S03303,srno,pdf_conv,,
1385-12,감사원,1385,S03303,srno,pdf_conv,,
1385-13,감사원,1385,S03303,srno,pdf_conv,,
1385-14,감사원,1385,S03303,srno,pdf_conv,,
1385-15,감사원,1385,S03303,srno,pdf_conv,,
1385-16,감사원,1385,S03303,srno,pdf_conv,,
1385-17,감사원,1385,S03303,srno,pdf_conv,,
1385-18,감사원,1385,S03303,srno,pdf_conv,,
1385-19,감사원,1385,S03303,srno,pdf_conv,,
1385-20,감사원,1385,S03303,srno,pdf_conv,,
1385-21,감사원,1385,S03303,srno,pdf_conv,,
1385-22,감사원,1385,S03303,srno,pdf_conv,분야축,
1385-23,감사원,1385,S03303,srno,pdf_conv,,
1385-24,감사원,1385,S03303,srno,pdf_conv,,
1385-25,감사원,1385,S03303,srno,pdf_conv,,
1385-26,감사원,1385,S03303,srno,pdf_conv,,
1385-27,감사원,1385,S03303,srno,pdf_conv,분야축,
1385-28,감사원,1385,S03303,srno,pdf_conv,분야축,
1385-29,감사원,1385,S03303,srno,pdf_conv,,
1385-30,감사원,1385,S03303,srno,pdf_conv,,
1385-31,감사원,1385,S03303,srno,pdf_conv,,
1388-1,감사원,1388,S03304,srno,pdf_conv,분야축,
1388-2,감사원,1388,S03304,srno,pdf_conv,분야축,
1388-3,감사원,1388,S03304,srno,pdf_conv,,
1388-4,감사원,1388,S03304,srno,pdf_conv,분야축,
1388-5,감사원,1388,S03304,srno,pdf_conv,,
1388-6,감사원,1388,S03304,srno,pdf_conv,recall,
1388-7,감사원,1388,S03304,srno,pdf_conv,분야축,
1388-8,감사원,1388,S03304,srno,pdf_conv,분야축,
1388-9,감사원,1388,S03304,srno,pdf_conv,분야축,
1388-10,감사원,1388,S03304,srno,pdf_conv,분야축,
1388-11,감사원,1388,S03304,srno,pdf_conv,분야축,
1388-12,감사원,1388,S03304,srno,pdf_conv,분야축,
1388-13,감사원,1388,S03304,srno,pdf_conv,분야축,
1388-14,감사원,1388,S03304,srno,pdf_conv,분야축,
1388-15,감사원,1388,S03304,srno,pdf_conv,분야축,
1388-16,감사원,1388,S03304,srno,pdf_conv,분야축,
1388-17,감사원,1388,S03304,srno,pdf_conv,분야축,
1388-18,감사원,1388,S03304,srno,pdf_conv,분야축,
1388-19,감사원,1388,S03304,srno,pdf_conv,분야축,
1388-20,감사원,1388,S03304,srno,pdf_conv,분야축,
1389-1,감사원,1389,S03305,srno,pdf_conv,분야축,
1390-1,감사원,1390,S03306,srno,pdf_conv,,
1390-2,감사원,1390,S03306,srno,pdf_conv,,
1390-3,감사원,1390,S03306,srno,pdf_conv,,
1390-4,감사원,1390,S03306,srno,pdf_conv,recall,
1390-5,감사원,1390,S03306,srno,pdf_conv,,
1390-6,감사원,1390,S03306,srno,pdf_conv,,
1390-7,감사원,1390,S03306,srno,pdf_conv,분야축,
1390-8,감사원,1390,S03306,srno,pdf_conv,분야축,
1390-9,감사원,1390,S03306,srno,pdf_conv,,
1390-10,감사원,1390,S03306,srno,pdf_conv,,
1390-11,감사원,1390,S03306,srno,pdf_conv,분야축,
1390-12,감사원,1390,S03306,srno,pdf_conv,,
1390-13,감사원,1390,S03306,srno,pdf_conv,,
1390-14,감사원,1390,S03306,srno,pdf_conv,,
1390-15,감사원,1390,S03306,srno,pdf_conv,,
1390-16,감사원,1390,S03306,srno,pdf_conv,,
1390-17,감사원,1390,S03306,srno,pdf_conv,,
1390-18,감사원,1390,S03306,srno,pdf_conv,분야축,
1390-19,감사원,1390,S03306,srno,pdf_conv,,
1390-20,감사원,1390,S03306,srno,pdf_conv,,
1390-21,감사원,1390,S03306,srno,pdf_conv,,
1390-22,감사원,1390,S03306,srno,pdf_conv,,
1390-23,감사원,1390,S03306,srno,pdf_conv,,
1392-1,감사원,1392,S03307,srno,pdf_conv,분야축,
1393-1,감사원,1393,S03308,srno,pdf_conv,분야축,
1393-2,감사원,1393,S03308,srno,pdf_conv,분야축,
1394-1,감사원,1394,S03309,srno,pdf_conv,,
1394-2,감사원,1394,S03309,srno,pdf_conv,,
1394-3,감사원,1394,S03309,srno,pdf_conv,,
1394-4,감사원,1394,S03309,srno,pdf_conv,,
1394-5,감사원,1394,S03309,srno,pdf_conv,,
1394-6,감사원,1394,S03309,srno,pdf_conv,,
1394-7,감사원,1394,S03309,srno,pdf_conv,분야축,
1394-8,감사원,1394,S03309,srno,pdf_conv,,
1394-9,감사원,1394,S03309,srno,pdf_conv,,
1395-1,감사원,1395,S03310,srno,pdf_conv,분야축,
1396-1,감사원,1396,S03311,srno,pdf_conv,분야축,
1396-2,감사원,1396,S03311,srno,pdf_conv,,
1396-3,감사원,1396,S03311,srno,pdf_conv,분야축,
1396-4,감사원,1396,S03311,srno,pdf_conv,분야축,
1396-5,감사원,1396,S03311,srno,pdf_conv,,
1396-6,감사원,1396,S03311,srno,pdf_conv,,
1396-7,감사원,1396,S03311,srno,pdf_conv,,
1396-8,감사원,1396,S03311,srno,pdf_conv,분야축,
1396-9,감사원,1396,S03311,srno,pdf_conv,분야축,
1396-10,감사원,1396,S03311,srno,pdf_conv,분야축,
1396-11,감사원,1396,S03311,srno,pdf_conv,분야축,
1396-12,감사원,1396,S03311,srno,pdf_conv,,
1397-1,감사원,1397,S03312,srno,pdf_conv,분야축,
1397-2,감사원,1397,S03312,srno,pdf_conv,분야축,
1397-3,감사원,1397,S03312,srno,pdf_conv,분야축,
1397-4,감사원,1397,S03312,srno,pdf_conv,분야축,
1397-5,감사원,1397,S03312,srno,pdf_conv,분야축,
1397-6,감사원,1397,S03312,srno,pdf_conv,분야축,
1397-7,감사원,1397,S03312,srno,pdf_conv,,
1397-8,감사원,1397,S03312,srno,pdf_conv,recall,
1397-9,감사원,1397,S03312,srno,pdf_conv,,
1398-1,감사원,1398,S03314,srno,pdf_conv,분야축,
1398-2,감사원,1398,S03314,srno,pdf_conv,분야축,
1398-3,감사원,1398,S03314,srno,pdf_conv,분야축,
1398-4,감사원,1398,S03314,srno,pdf_conv,분야축,
1398-5,감사원,1398,S03314,srno,pdf_conv,분야축,
1398-6,감사원,1398,S03314,srno,pdf_conv,,
1398-7,감사원,1398,S03314,srno,pdf_conv,분야축,
1398-8,감사원,1398,S03314,srno,pdf_conv,분야축,
1398-9,감사원,1398,S03314,srno,pdf_conv,분야축,
1398-10,감사원,1398,S03314,srno,pdf_conv,분야축,
1398-11,감사원,1398,S03314,srno,pdf_conv,분야축,
1398-12,감사원,1398,S03314,srno,pdf_conv,분야축,
1398-13,감사원,1398,S03314,srno,pdf_conv,,
1399-1,감사원,1399,S03313,srno,pdf_conv,분야축,
1399-2,감사원,1399,S03313,srno,pdf_conv,분야축,
1400-1,감사원,1400,S03315,srno,pdf_conv,,
1400-2,감사원,1400,S03315,srno,pdf_conv,,
1400-3,감사원,1400,S03315,srno,pdf_conv,,
1400-4,감사원,1400,S03315,srno,pdf_conv,분야축,
1400-5,감사원,1400,S03315,srno,pdf_conv,,
1400-6,감사원,1400,S03315,srno,pdf_conv,분야축,
1400-7,감사원,1400,S03315,srno,pdf_conv,,
1400-8,감사원,1400,S03315,srno,pdf_conv,,
1400-9,감사원,1400,S03315,srno,pdf_conv,분야축,
1400-10,감사원,1400,S03315,srno,pdf_conv,분야축,
1400-11,감사원,1400,S03315,srno,pdf_conv,분야축,
1400-12,감사원,1400,S03315,srno,pdf_conv,,
1400-13,감사원,1400,S03315,srno,pdf_conv,,
1400-14,감사원,1400,S03315,srno,pdf_conv,,
1400-15,감사원,1400,S03315,srno,pdf_conv,분야축,
1400-16,감사원,1400,S03315,srno,pdf_conv,분야축,
1400-17,감사원,1400,S03315,srno,pdf_conv,,
1400-18,감사원,1400,S03315,srno,pdf_conv,분야축,
1403-1,감사원,1403,S03316,srno,pdf_conv,,
1403-2,감사원,1403,S03316,srno,pdf_conv,,
1403-3,감사원,1403,S03316,srno,pdf_conv,분야축,
1403-4,감사원,1403,S03316,srno,pdf_conv,분야축,
1403-5,감사원,1403,S03316,srno,pdf_conv,분야축,
1403-6,감사원,1403,S03316,srno,pdf_conv,분야축,
1403-7,감사원,1403,S03316,srno,pdf_conv,분야축,
1404-1,감사원,1404,S03317,srno,pdf_conv,,
1404-2,감사원,1404,S03317,srno,pdf_conv,,
1404-3,감사원,1404,S03317,srno,pdf_conv,,
1404-4,감사원,1404,S03317,srno,pdf_conv,,
1404-5,감사원,1404,S03317,srno,pdf_conv,,
1404-6,감사원,1404,S03317,srno,pdf_conv,,
1404-7,감사원,1404,S03317,srno,pdf_conv,,
1404-8,감사원,1404,S03317,srno,pdf_conv,,
1404-9,감사원,1404,S03317,srno,pdf_conv,recall,
1404-10,감사원,1404,S03317,srno,pdf_conv,,
1404-11,감사원,1404,S03317,srno,pdf_conv,,
1404-12,감사원,1404,S03317,srno,pdf_conv,recall,
1404-13,감사원,1404,S03317,srno,pdf_conv,분야축,
1405-1,감사원,1405,S03318,srno,pdf_conv,분야축,
1406-1,감사원,1406,S03319,srno,pdf_conv,,
1406-2,감사원,1406,S03319,srno,pdf_conv,,
1406-3,감사원,1406,S03319,srno,pdf_conv,,
1406-4,감사원,1406,S03319,srno,pdf_conv,,
1406-5,감사원,1406,S03319,srno,pdf_conv,,
1406-6,감사원,1406,S03319,srno,pdf_conv,,
1406-7,감사원,1406,S03319,srno,pdf_conv,분야축,
1406-8,감사원,1406,S03319,srno,pdf_conv,,
1406-9,감사원,1406,S03319,srno,pdf_conv,,
1406-10,감사원,1406,S03319,srno,pdf_conv,,
1406-11,감사원,1406,S03319,srno,pdf_conv,,
1406-12,감사원,1406,S03319,srno,pdf_conv,,
1406-13,감사원,1406,S03319,srno,pdf_conv,,
1408-1,감사원,1408,S03320,srno,pdf_conv,분야축,
1408-2,감사원,1408,S03320,srno,pdf_conv,분야축,
1408-3,감사원,1408,S03320,srno,pdf_conv,,
1408-4,감사원,1408,S03320,srno,pdf_conv,,
1408-5,감사원,1408,S03320,srno,pdf_conv,,
1408-6,감사원,1408,S03320,srno,pdf_conv,,
1408-7,감사원,1408,S03320,srno,pdf_conv,,
1408-8,감사원,1408,S03320,srno,pdf_conv,,
1408-9,감사원,1408,S03320,srno,pdf_conv,분야축,
1408-10,감사원,1408,S03320,srno,pdf_conv,분야축,
1408-11,감사원,1408,S03320,srno,pdf_conv,분야축,
1408-12,감사원,1408,S03320,srno,pdf_conv,분야축,
1408-13,감사원,1408,S03320,srno,pdf_conv,recall,
1408-14,감사원,1408,S03320,srno,pdf_conv,recall,
1408-15,감사원,1408,S03320,srno,pdf_conv,분야축,
1408-16,감사원,1408,S03320,srno,pdf_conv,분야축,
1408-17,감사원,1408,S03320,srno,pdf_conv,분야축,
1408-18,감사원,1408,S03320,srno,pdf_conv,분야축,
1408-19,감사원,1408,S03320,srno,pdf_conv,,
1408-20,감사원,1408,S03320,srno,pdf_conv,,
1408-21,감사원,1408,S03320,srno,pdf_conv,,
1408-22,감사원,1408,S03320,srno,pdf_conv,,
1408-23,감사원,1408,S03320,srno,pdf_conv,,
1408-24,감사원,1408,S03320,srno,pdf_conv,,
1408-25,감사원,1408,S03320,srno,pdf_conv,,
1408-26,감사원,1408,S03320,srno,pdf_conv,,
1408-27,감사원,1408,S03320,srno,pdf_conv,분야축,
1408-28,감사원,1408,S03320,srno,pdf_conv,recall,
1408-29,감사원,1408,S03320,srno,pdf_conv,,
1409-1,감사원,1409,S03321,srno,pdf_conv,,
1409-2,감사원,1409,S03321,srno,pdf_conv,분야축,
1409-3,감사원,1409,S03321,srno,pdf_conv,분야축,
1409-4,감사원,1409,S03321,srno,pdf_conv,분야축,
1409-5,감사원,1409,S03321,srno,pdf_conv,분야축,
1409-6,감사원,1409,S03321,srno,pdf_conv,분야축,
1409-7,감사원,1409,S03321,srno,pdf_conv,,
1409-8,감사원,1409,S03321,srno,pdf_conv,분야축,
1409-9,감사원,1409,S03321,srno,pdf_conv,,
1409-10,감사원,1409,S03321,srno,pdf_conv,,
1409-11,감사원,1409,S03321,srno,pdf_conv,,
1409-12,감사원,1409,S03321,srno,pdf_conv,,
1409-13,감사원,1409,S03321,srno,pdf_conv,,
1409-14,감사원,1409,S03321,srno,pdf_conv,,
1409-15,감사원,1409,S03321,srno,pdf_conv,,
1412-1,감사원,1412,S03322,srno,pdf_conv,분야축,
1412-2,감사원,1412,S03322,srno,pdf_conv,분야축,
1412-3,감사원,1412,S03322,srno,pdf_conv,분야축,
1412-4,감사원,1412,S03322,srno,pdf_conv,분야축,
1412-5,감사원,1412,S03322,srno,pdf_conv,분야축,
1412-6,감사원,1412,S03322,srno,pdf_conv,분야축,
1412-7,감사원,1412,S03322,srno,pdf_conv,분야축,
1412-8,감사원,1412,S03322,srno,pdf_conv,분야축,
1412-9,감사원,1412,S03322,srno,pdf_conv,분야축,
1412-10,감사원,1412,S03322,srno,pdf_conv,분야축,
1412-11,감사원,1412,S03322,srno,pdf_conv,분야축,
1412-12,감사원,1412,S03322,srno,pdf_conv,분야축,
1412-13,감사원,1412,S03322,srno,pdf_conv,,
1412-14,감사원,1412,S03322,srno,pdf_conv,분야축,
1412-15,감사원,1412,S03322,srno,pdf_conv,분야축,
1412-16,감사원,1412,S03322,srno,pdf_conv,분야축,
1412-17,감사원,1412,S03322,srno,pdf_conv,분야축,
1412-18,감사원,1412,S03322,srno,pdf_conv,분야축,
1412-19,감사원,1412,S03322,srno,pdf_conv,분야축,
1412-20,감사원,1412,S03322,srno,pdf_conv,분야축,
1412-21,감사원,1412,S03322,srno,pdf_conv,분야축,
1412-22,감사원,1412,S03322,srno,pdf_conv,분야축,
1412-23,감사원,1412,S03322,srno,pdf_conv,분야축,
1412-24,감사원,1412,S03322,srno,pdf_conv,분야축,
1412-25,감사원,1412,S03322,srno,pdf_conv,분야축,
1412-26,감사원,1412,S03322,srno,pdf_conv,분야축,
1412-27,감사원,1412,S03322,srno,pdf_conv,분야축,
1412-28,감사원,1412,S03322,srno,pdf_conv,분야축,
1412-29,감사원,1412,S03322,srno,pdf_conv,분야축,
1412-30,감사원,1412,S03322,srno,pdf_conv,분야축,
1412-31,감사원,1412,S03322,srno,pdf_conv,분야축,
1412-32,감사원,1412,S03322,srno,pdf_conv,분야축,
1412-33,감사원,1412,S03322,srno,pdf_conv,분야축,
1412-34,감사원,1412,S03322,srno,pdf_conv,분야축,
1412-35,감사원,1412,S03322,srno,pdf_conv,분야축,
1412-36,감사원,1412,S03322,srno,pdf_conv,분야축,
1412-37,감사원,1412,S03322,srno,pdf_conv,분야축,
1412-38,감사원,1412,S03322,srno,pdf_conv,분야축,
1412-39,감사원,1412,S03322,srno,pdf_conv,분야축,
1412-40,감사원,1412,S03322,srno,pdf_conv,분야축,
1412-41,감사원,1412,S03322,srno,pdf_conv,,
1412-42,감사원,1412,S03322,srno,pdf_conv,분야축,
1412-43,감사원,1412,S03322,srno,pdf_conv,분야축,
1412-44,감사원,1412,S03322,srno,pdf_conv,분야축,
1413-1,감사원,1413,S03323,srno,pdf_conv,분야축,
1413-2,감사원,1413,S03323,srno,pdf_conv,분야축,
1413-3,감사원,1413,S03323,srno,pdf_conv,분야축,
1413-4,감사원,1413,S03323,srno,pdf_conv,분야축,
1413-5,감사원,1413,S03323,srno,pdf_conv,분야축,
1413-6,감사원,1413,S03323,srno,pdf_conv,분야축,
1413-7,감사원,1413,S03323,srno,pdf_conv,분야축,
1413-8,감사원,1413,S03323,srno,pdf_conv,분야축,
1413-9,감사원,1413,S03323,srno,pdf_conv,분야축,
1413-10,감사원,1413,S03323,srno,pdf_conv,분야축,
1413-11,감사원,1413,S03323,srno,pdf_conv,분야축,
1414-1,감사원,1414,S03324,srno,pdf_conv,,
1414-2,감사원,1414,S03324,srno,pdf_conv,분야축,
1414-3,감사원,1414,S03324,srno,pdf_conv,분야축,
1414-4,감사원,1414,S03324,srno,pdf_conv,분야축,
1414-5,감사원,1414,S03324,srno,pdf_conv,분야축,
1414-6,감사원,1414,S03324,srno,pdf_conv,,
1414-7,감사원,1414,S03324,srno,pdf_conv,,
1414-8,감사원,1414,S03324,srno,pdf_conv,,
1414-9,감사원,1414,S03324,srno,pdf_conv,,
1414-10,감사원,1414,S03324,srno,pdf_conv,분야축,
1414-11,감사원,1414,S03324,srno,pdf_conv,분야축,
1414-12,감사원,1414,S03324,srno,pdf_conv,,
1414-13,감사원,1414,S03324,srno,pdf_conv,,
1414-14,감사원,1414,S03324,srno,pdf_conv,,
1414-15,감사원,1414,S03324,srno,pdf_conv,,
1414-16,감사원,1414,S03324,srno,pdf_conv,,
1414-17,감사원,1414,S03324,srno,pdf_conv,,
1414-18,감사원,1414,S03324,srno,pdf_conv,,
1414-19,감사원,1414,S03324,srno,pdf_conv,,
1414-20,감사원,1414,S03324,srno,pdf_conv,,
1414-21,감사원,1414,S03324,srno,pdf_conv,,
1414-22,감사원,1414,S03324,srno,pdf_conv,,
1414-23,감사원,1414,S03324,srno,pdf_conv,recall,
1414-24,감사원,1414,S03324,srno,pdf_conv,,
1414-25,감사원,1414,S03324,srno,pdf_conv,,
1414-26,감사원,1414,S03324,srno,pdf_conv,,
1414-27,감사원,1414,S03324,srno,pdf_conv,,
1414-28,감사원,1414,S03324,srno,pdf_conv,,
1414-29,감사원,1414,S03324,srno,pdf_conv,,
1414-30,감사원,1414,S03324,srno,pdf_conv,,
1414-31,감사원,1414,S03324,srno,pdf_conv,,
1415-1,감사원,1415,S03325,srno,pdf_conv,분야축,
1416-1,감사원,1416,S03326,srno,pdf_conv,분야축,
1417-1,감사원,1417,S03327,srno,pdf_conv,분야축,
1417-2,감사원,1417,S03327,srno,pdf_conv,분야축,
1417-3,감사원,1417,S03327,srno,pdf_conv,분야축,
1417-4,감사원,1417,S03327,srno,pdf_conv,recall,
1417-5,감사원,1417,S03327,srno,pdf_conv,,
1417-6,감사원,1417,S03327,srno,pdf_conv,,
1417-7,감사원,1417,S03327,srno,pdf_conv,분야축,
1417-8,감사원,1417,S03327,srno,pdf_conv,분야축,
1417-9,감사원,1417,S03327,srno,pdf_conv,,
1417-10,감사원,1417,S03327,srno,pdf_conv,recall,
1417-11,감사원,1417,S03327,srno,pdf_conv,,
1417-12,감사원,1417,S03327,srno,pdf_conv,recall,
1417-13,감사원,1417,S03327,srno,pdf_conv,,
1417-14,감사원,1417,S03327,srno,pdf_conv,,
1417-15,감사원,1417,S03327,srno,pdf_conv,,
1421-1,감사원,1421,S03328,srno,pdf_conv,분야축,
1421-2,감사원,1421,S03328,srno,pdf_conv,분야축,
1421-3,감사원,1421,S03328,srno,pdf_conv,분야축,
1421-4,감사원,1421,S03328,srno,pdf_conv,분야축,
1421-5,감사원,1421,S03328,srno,pdf_conv,recall,
1421-6,감사원,1421,S03328,srno,pdf_conv,,
1421-7,감사원,1421,S03328,srno,pdf_conv,,
1421-8,감사원,1421,S03328,srno,pdf_conv,분야축,
1421-9,감사원,1421,S03328,srno,pdf_conv,분야축,
1421-10,감사원,1421,S03328,srno,pdf_conv,,
1421-11,감사원,1421,S03328,srno,pdf_conv,recall,
1421-12,감사원,1421,S03328,srno,pdf_conv,,
1422-1,감사원,1422,S03329,srno,pdf_conv,,
1422-2,감사원,1422,S03329,srno,pdf_conv,분야축,
1422-3,감사원,1422,S03329,srno,pdf_conv,recall,
1422-4,감사원,1422,S03329,srno,pdf_conv,분야축,
1422-5,감사원,1422,S03329,srno,pdf_conv,분야축,
1422-6,감사원,1422,S03329,srno,pdf_conv,분야축,
1422-7,감사원,1422,S03329,srno,pdf_conv,분야축,
1422-8,감사원,1422,S03329,srno,pdf_conv,,
1422-9,감사원,1422,S03329,srno,pdf_conv,분야축,
1422-10,감사원,1422,S03329,srno,pdf_conv,,
1422-11,감사원,1422,S03329,srno,pdf_conv,,
1422-12,감사원,1422,S03329,srno,pdf_conv,,
1422-13,감사원,1422,S03329,srno,pdf_conv,,
1422-14,감사원,1422,S03329,srno,pdf_conv,,
1422-15,감사원,1422,S03329,srno,pdf_conv,,
1422-16,감사원,1422,S03329,srno,pdf_conv,recall,
1422-17,감사원,1422,S03329,srno,pdf_conv,,
1422-18,감사원,1422,S03329,srno,pdf_conv,분야축,
1422-19,감사원,1422,S03329,srno,pdf_conv,,
1423-1,감사원,1423,S01274,srno,hwp,,
1423-2,감사원,1423,S01274,srno,hwp,,
1423-3,감사원,1423,S01274,srno,hwp,,
1423-4,감사원,1423,S01274,srno,hwp,분야축,
1423-5,감사원,1423,S01274,srno,hwp,분야축,
1423-6,감사원,1423,S01274,srno,hwp,,
1423-7,감사원,1423,S01274,srno,hwp,분야축,
1423-8,감사원,1423,S01274,srno,hwp,분야축,
1423-9,감사원,1423,S01274,srno,hwp,분야축,
1423-10,감사원,1423,S01274,srno,hwp,,
1423-11,감사원,1423,S01274,srno,hwp,,
1423-12,감사원,1423,S01274,srno,hwp,,
1423-13,감사원,1423,S01274,srno,hwp,,
1423-14,감사원,1423,S01274,srno,hwp,분야축,
1423-15,감사원,1423,S01274,srno,hwp,분야축,
1423-16,감사원,1423,S01274,srno,hwp,분야축,
1423-17,감사원,1423,S01274,srno,hwp,분야축,
1423-18,감사원,1423,S01274,srno,hwp,분야축,
1423-19,감사원,1423,S01274,srno,hwp,분야축,
1423-20,감사원,1423,S01274,srno,hwp,,
1423-21,감사원,1423,S01274,srno,hwp,분야축,
1423-22,감사원,1423,S01274,srno,hwp,분야축,
1423-23,감사원,1423,S01274,srno,hwp,분야축,
1423-24,감사원,1423,S01274,srno,hwp,,
1423-25,감사원,1423,S01274,srno,hwp,분야축,
1423-26,감사원,1423,S01274,srno,hwp,분야축,
1423-27,감사원,1423,S01274,srno,hwp,분야축,
1423-28,감사원,1423,S01274,srno,hwp,분야축,
1423-29,감사원,1423,S01274,srno,hwp,분야축,
1423-30,감사원,1423,S01274,srno,hwp,분야축,
1423-31,감사원,1423,S01274,srno,hwp,분야축,
1423-32,감사원,1423,S01274,srno,hwp,분야축,
1425-1,감사원,1425,S03330,srno,pdf_conv,분야축,
1425-2,감사원,1425,S03330,srno,pdf_conv,분야축,
1426-1,감사원,1426,S03331,srno,pdf_conv,분야축,
1426-2,감사원,1426,S03331,srno,pdf_conv,분야축,
1426-3,감사원,1426,S03331,srno,pdf_conv,분야축,
1426-4,감사원,1426,S03331,srno,pdf_conv,,
1426-5,감사원,1426,S03331,srno,pdf_conv,분야축,
1426-6,감사원,1426,S03331,srno,pdf_conv,분야축,
1426-7,감사원,1426,S03331,srno,pdf_conv,분야축,
1426-8,감사원,1426,S03331,srno,pdf_conv,분야축,
1426-9,감사원,1426,S03331,srno,pdf_conv,분야축,
1426-10,감사원,1426,S03331,srno,pdf_conv,분야축,
1426-11,감사원,1426,S03331,srno,pdf_conv,분야축,
1426-12,감사원,1426,S03331,srno,pdf_conv,분야축,
1426-13,감사원,1426,S03331,srno,pdf_conv,분야축,
1426-14,감사원,1426,S03331,srno,pdf_conv,분야축,
1426-15,감사원,1426,S03331,srno,pdf_conv,분야축,
1426-16,감사원,1426,S03331,srno,pdf_conv,,
1426-17,감사원,1426,S03331,srno,pdf_conv,,
1426-18,감사원,1426,S03331,srno,pdf_conv,분야축,
1427-1,감사원,1427,S03332,srno,pdf_conv,분야축,
1427-2,감사원,1427,S03332,srno,pdf_conv,분야축,
1427-3,감사원,1427,S03332,srno,pdf_conv,분야축,
1427-4,감사원,1427,S03332,srno,pdf_conv,,
1427-5,감사원,1427,S03332,srno,pdf_conv,분야축,
1427-6,감사원,1427,S03332,srno,pdf_conv,,
1427-7,감사원,1427,S03332,srno,pdf_conv,,
1427-8,감사원,1427,S03332,srno,pdf_conv,,
1427-9,감사원,1427,S03332,srno,pdf_conv,분야축,
1427-10,감사원,1427,S03332,srno,pdf_conv,분야축,
1427-11,감사원,1427,S03332,srno,pdf_conv,분야축,
1427-12,감사원,1427,S03332,srno,pdf_conv,,
1427-13,감사원,1427,S03332,srno,pdf_conv,분야축,
1427-14,감사원,1427,S03332,srno,pdf_conv,분야축,
1427-15,감사원,1427,S03332,srno,pdf_conv,분야축,
1428-1,감사원,1428,S01279,srno,hwp,,
1431-1,감사원,1431,S03333,srno,pdf_conv,분야축,
1431-2,감사원,1431,S03333,srno,pdf_conv,분야축,
1431-3,감사원,1431,S03333,srno,pdf_conv,분야축,
1431-4,감사원,1431,S03333,srno,pdf_conv,,
1431-5,감사원,1431,S03333,srno,pdf_conv,분야축,
1431-6,감사원,1431,S03333,srno,pdf_conv,,
1431-7,감사원,1431,S03333,srno,pdf_conv,,
1431-8,감사원,1431,S03333,srno,pdf_conv,,
1431-9,감사원,1431,S03333,srno,pdf_conv,,
1431-10,감사원,1431,S03333,srno,pdf_conv,분야축,
1431-11,감사원,1431,S03333,srno,pdf_conv,분야축,
1431-12,감사원,1431,S03333,srno,pdf_conv,분야축,
1431-13,감사원,1431,S03333,srno,pdf_conv,분야축,
1431-14,감사원,1431,S03333,srno,pdf_conv,,
1431-15,감사원,1431,S03333,srno,pdf_conv,,
1431-16,감사원,1431,S03333,srno,pdf_conv,,
1431-17,감사원,1431,S03333,srno,pdf_conv,,
1431-18,감사원,1431,S03333,srno,pdf_conv,,
1432-1,감사원,1432,S01284,srno,hwp,,
1434-1,감사원,1434,S01285,srno,hwp,,
1434-2,감사원,1434,S01285,srno,hwp,,
1435-1,감사원,1435,S03334,srno,pdf_conv,,
1435-2,감사원,1435,S03334,srno,pdf_conv,,
1435-3,감사원,1435,S03334,srno,pdf_conv,분야축,
1435-4,감사원,1435,S03334,srno,pdf_conv,분야축,
1435-5,감사원,1435,S03334,srno,pdf_conv,분야축,
1435-6,감사원,1435,S03334,srno,pdf_conv,분야축,
1435-7,감사원,1435,S03334,srno,pdf_conv,분야축,
1435-8,감사원,1435,S03334,srno,pdf_conv,분야축,
1435-9,감사원,1435,S03334,srno,pdf_conv,,
1435-10,감사원,1435,S03334,srno,pdf_conv,,
1435-11,감사원,1435,S03334,srno,pdf_conv,분야축,
1435-12,감사원,1435,S03334,srno,pdf_conv,,
1435-13,감사원,1435,S03334,srno,pdf_conv,,
1435-14,감사원,1435,S03334,srno,pdf_conv,분야축,
1435-15,감사원,1435,S03334,srno,pdf_conv,분야축,
1435-16,감사원,1435,S03334,srno,pdf_conv,분야축,
1435-17,감사원,1435,S03334,srno,pdf_conv,분야축,
1435-18,감사원,1435,S03334,srno,pdf_conv,분야축,
1435-19,감사원,1435,S03334,srno,pdf_conv,분야축,
1435-20,감사원,1435,S03334,srno,pdf_conv,분야축,
1435-21,감사원,1435,S03334,srno,pdf_conv,,
1435-22,감사원,1435,S03334,srno,pdf_conv,,
1435-23,감사원,1435,S03334,srno,pdf_conv,분야축,
1435-24,감사원,1435,S03334,srno,pdf_conv,분야축,
1435-25,감사원,1435,S03334,srno,pdf_conv,분야축,
1435-26,감사원,1435,S03334,srno,pdf_conv,분야축,
1435-27,감사원,1435,S03334,srno,pdf_conv,분야축,
1435-28,감사원,1435,S03334,srno,pdf_conv,분야축,
1435-29,감사원,1435,S03334,srno,pdf_conv,분야축,
1435-30,감사원,1435,S03334,srno,pdf_conv,,
1435-31,감사원,1435,S03334,srno,pdf_conv,,
1435-32,감사원,1435,S03334,srno,pdf_conv,분야축,
1435-33,감사원,1435,S03334,srno,pdf_conv,분야축,
1435-34,감사원,1435,S03334,srno,pdf_conv,,
1435-35,감사원,1435,S03334,srno,pdf_conv,분야축,
1435-36,감사원,1435,S03334,srno,pdf_conv,,
1435-37,감사원,1435,S03334,srno,pdf_conv,분야축,
1435-38,감사원,1435,S03334,srno,pdf_conv,,
1435-39,감사원,1435,S03334,srno,pdf_conv,분야축,
1438-1,감사원,1438,S03335,srno,pdf_conv,,
1438-2,감사원,1438,S03335,srno,pdf_conv,,
1438-3,감사원,1438,S03335,srno,pdf_conv,,
1438-4,감사원,1438,S03335,srno,pdf_conv,분야축,
1438-5,감사원,1438,S03335,srno,pdf_conv,,
1438-6,감사원,1438,S03335,srno,pdf_conv,,
1438-7,감사원,1438,S03335,srno,pdf_conv,분야축,
1438-8,감사원,1438,S03335,srno,pdf_conv,,
1438-9,감사원,1438,S03335,srno,pdf_conv,,
1438-10,감사원,1438,S03335,srno,pdf_conv,,
1438-11,감사원,1438,S03335,srno,pdf_conv,,
1438-12,감사원,1438,S03335,srno,pdf_conv,분야축,
1438-13,감사원,1438,S03335,srno,pdf_conv,,
1438-14,감사원,1438,S03335,srno,pdf_conv,,
1439-1,감사원,1439,S03336,srno,pdf_conv,,
1439-2,감사원,1439,S03336,srno,pdf_conv,분야축,
1439-3,감사원,1439,S03336,srno,pdf_conv,,
1439-4,감사원,1439,S03336,srno,pdf_conv,,
1439-5,감사원,1439,S03336,srno,pdf_conv,recall,
1439-6,감사원,1439,S03336,srno,pdf_conv,분야축,
1439-7,감사원,1439,S03336,srno,pdf_conv,분야축,
1439-8,감사원,1439,S03336,srno,pdf_conv,분야축,
1439-9,감사원,1439,S03336,srno,pdf_conv,recall,
1439-10,감사원,1439,S03336,srno,pdf_conv,분야축,
1439-11,감사원,1439,S03336,srno,pdf_conv,,
1439-12,감사원,1439,S03336,srno,pdf_conv,분야축,
1439-13,감사원,1439,S03336,srno,pdf_conv,분야축,
1439-14,감사원,1439,S03336,srno,pdf_conv,분야축,
1439-15,감사원,1439,S03336,srno,pdf_conv,분야축,
1439-16,감사원,1439,S03336,srno,pdf_conv,분야축,
1439-17,감사원,1439,S03336,srno,pdf_conv,,
1440-1,감사원,1440,S03337,srno,pdf_conv,,
1440-2,감사원,1440,S03337,srno,pdf_conv,,
1440-3,감사원,1440,S03337,srno,pdf_conv,,
1440-4,감사원,1440,S03337,srno,pdf_conv,,
1440-5,감사원,1440,S03337,srno,pdf_conv,,
1440-6,감사원,1440,S03337,srno,pdf_conv,분야축,
1440-7,감사원,1440,S03337,srno,pdf_conv,분야축,
1440-8,감사원,1440,S03337,srno,pdf_conv,분야축,
1440-9,감사원,1440,S03337,srno,pdf_conv,분야축,
1440-10,감사원,1440,S03337,srno,pdf_conv,,
1440-11,감사원,1440,S03337,srno,pdf_conv,,
1440-12,감사원,1440,S03337,srno,pdf_conv,,
1440-13,감사원,1440,S03337,srno,pdf_conv,,
1440-14,감사원,1440,S03337,srno,pdf_conv,,
1441-1,감사원,1441,S03338,srno,pdf_conv,,
1441-2,감사원,1441,S03338,srno,pdf_conv,,
1441-3,감사원,1441,S03338,srno,pdf_conv,,
1441-4,감사원,1441,S03338,srno,pdf_conv,,
1441-5,감사원,1441,S03338,srno,pdf_conv,,
1441-6,감사원,1441,S03338,srno,pdf_conv,분야축,
1441-7,감사원,1441,S03338,srno,pdf_conv,recall,
1441-8,감사원,1441,S03338,srno,pdf_conv,,
1441-9,감사원,1441,S03338,srno,pdf_conv,,
1441-10,감사원,1441,S03338,srno,pdf_conv,분야축,
1442-1,감사원,1442,S03339,srno,pdf_conv,분야축,
1442-2,감사원,1442,S03339,srno,pdf_conv,,
1442-3,감사원,1442,S03339,srno,pdf_conv,분야축,
1442-4,감사원,1442,S03339,srno,pdf_conv,분야축,
1442-5,감사원,1442,S03339,srno,pdf_conv,분야축,
1442-6,감사원,1442,S03339,srno,pdf_conv,recall,
1442-7,감사원,1442,S03339,srno,pdf_conv,분야축,
1442-8,감사원,1442,S03339,srno,pdf_conv,분야축,
1442-9,감사원,1442,S03339,srno,pdf_conv,분야축,
1442-10,감사원,1442,S03339,srno,pdf_conv,분야축,
1442-11,감사원,1442,S03339,srno,pdf_conv,분야축,
1442-12,감사원,1442,S03339,srno,pdf_conv,분야축,
1442-13,감사원,1442,S03339,srno,pdf_conv,,
1442-14,감사원,1442,S03339,srno,pdf_conv,분야축,
1443-1,감사원,1443,S03340,srno,pdf_conv,분야축,
1443-2,감사원,1443,S03340,srno,pdf_conv,분야축,
1443-3,감사원,1443,S03340,srno,pdf_conv,분야축,
1443-4,감사원,1443,S03340,srno,pdf_conv,분야축,
1443-5,감사원,1443,S03340,srno,pdf_conv,분야축,
1443-6,감사원,1443,S03340,srno,pdf_conv,분야축,
1443-7,감사원,1443,S03340,srno,pdf_conv,분야축,
1443-8,감사원,1443,S03340,srno,pdf_conv,분야축,
1443-9,감사원,1443,S03340,srno,pdf_conv,분야축,
1443-10,감사원,1443,S03340,srno,pdf_conv,분야축,
1443-11,감사원,1443,S03340,srno,pdf_conv,,
1443-12,감사원,1443,S03340,srno,pdf_conv,,
1443-13,감사원,1443,S03340,srno,pdf_conv,,
1443-14,감사원,1443,S03340,srno,pdf_conv,분야축,
1443-15,감사원,1443,S03340,srno,pdf_conv,,
1444-1,감사원,1444,S01297,srno,hwp,분야축,
1444-2,감사원,1444,S01297,srno,hwp,분야축,
1444-3,감사원,1444,S01297,srno,hwp,분야축,
1444-4,감사원,1444,S01297,srno,hwp,분야축,
1444-5,감사원,1444,S01297,srno,hwp,분야축,
1444-6,감사원,1444,S01297,srno,hwp,,
1444-7,감사원,1444,S01297,srno,hwp,분야축,
1444-8,감사원,1444,S01297,srno,hwp,분야축,
1444-9,감사원,1444,S01297,srno,hwp,분야축,
1444-10,감사원,1444,S01297,srno,hwp,분야축,
1444-11,감사원,1444,S01297,srno,hwp,분야축,
1444-12,감사원,1444,S01297,srno,hwp,분야축,
1444-13,감사원,1444,S01297,srno,hwp,분야축,
1444-14,감사원,1444,S01297,srno,hwp,분야축,
1444-15,감사원,1444,S01297,srno,hwp,분야축,
1444-16,감사원,1444,S01297,srno,hwp,분야축,
1445-1,감사원,1445,S03341,srno,pdf_conv,분야축,
1446-1,감사원,1446,S03342,srno,pdf_conv,분야축,
1446-2,감사원,1446,S03342,srno,pdf_conv,분야축,
1446-3,감사원,1446,S03342,srno,pdf_conv,,
1446-4,감사원,1446,S03342,srno,pdf_conv,분야축,
1446-5,감사원,1446,S03342,srno,pdf_conv,분야축,
1446-6,감사원,1446,S03342,srno,pdf_conv,분야축,
1446-7,감사원,1446,S03342,srno,pdf_conv,분야축,
1446-8,감사원,1446,S03342,srno,pdf_conv,분야축,
1446-9,감사원,1446,S03342,srno,pdf_conv,,
1446-10,감사원,1446,S03342,srno,pdf_conv,,
1446-11,감사원,1446,S03342,srno,pdf_conv,분야축,
1447-1,감사원,1447,S03343,srno,pdf_conv,분야축,
1447-2,감사원,1447,S03343,srno,pdf_conv,분야축,
1447-3,감사원,1447,S03343,srno,pdf_conv,분야축,
1447-4,감사원,1447,S03343,srno,pdf_conv,분야축,
1447-5,감사원,1447,S03343,srno,pdf_conv,분야축,
1447-6,감사원,1447,S03343,srno,pdf_conv,분야축,
1447-7,감사원,1447,S03343,srno,pdf_conv,분야축,
1447-8,감사원,1447,S03343,srno,pdf_conv,분야축,
1452-1,감사원,1452,S03344,srno,pdf_conv,recall,
1452-2,감사원,1452,S03344,srno,pdf_conv,,
1452-3,감사원,1452,S03344,srno,pdf_conv,,
1452-4,감사원,1452,S03344,srno,pdf_conv,,
1452-5,감사원,1452,S03344,srno,pdf_conv,,
1452-6,감사원,1452,S03344,srno,pdf_conv,,
1452-7,감사원,1452,S03344,srno,pdf_conv,recall,
1452-8,감사원,1452,S03344,srno,pdf_conv,,
1452-9,감사원,1452,S03344,srno,pdf_conv,,
1452-10,감사원,1452,S03344,srno,pdf_conv,,
1452-11,감사원,1452,S03344,srno,pdf_conv,,
1452-12,감사원,1452,S03344,srno,pdf_conv,recall,
1452-13,감사원,1452,S03344,srno,pdf_conv,,
1452-14,감사원,1452,S03344,srno,pdf_conv,,
1452-15,감사원,1452,S03344,srno,pdf_conv,분야축,
1452-16,감사원,1452,S03344,srno,pdf_conv,분야축,
1452-17,감사원,1452,S03344,srno,pdf_conv,분야축,
1452-18,감사원,1452,S03344,srno,pdf_conv,분야축,
1452-19,감사원,1452,S03344,srno,pdf_conv,분야축,
1452-20,감사원,1452,S03344,srno,pdf_conv,recall,
1452-21,감사원,1452,S03344,srno,pdf_conv,,
1452-22,감사원,1452,S03344,srno,pdf_conv,,
1452-23,감사원,1452,S03344,srno,pdf_conv,분야축,
1452-24,감사원,1452,S03344,srno,pdf_conv,분야축,
1452-25,감사원,1452,S03344,srno,pdf_conv,,
1452-26,감사원,1452,S03344,srno,pdf_conv,분야축,
1452-27,감사원,1452,S03344,srno,pdf_conv,분야축,
1452-28,감사원,1452,S03344,srno,pdf_conv,분야축,
1452-29,감사원,1452,S03344,srno,pdf_conv,,
1452-30,감사원,1452,S03344,srno,pdf_conv,,
1452-31,감사원,1452,S03344,srno,pdf_conv,,
1452-32,감사원,1452,S03344,srno,pdf_conv,,
1452-33,감사원,1452,S03344,srno,pdf_conv,,
1452-34,감사원,1452,S03344,srno,pdf_conv,분야축,
1452-35,감사원,1452,S03344,srno,pdf_conv,,
1452-36,감사원,1452,S03344,srno,pdf_conv,,
1452-37,감사원,1452,S03344,srno,pdf_conv,,
1452-38,감사원,1452,S03344,srno,pdf_conv,,
1452-39,감사원,1452,S03344,srno,pdf_conv,,
1452-40,감사원,1452,S03344,srno,pdf_conv,,
1452-41,감사원,1452,S03344,srno,pdf_conv,,
1452-42,감사원,1452,S03344,srno,pdf_conv,,
1452-43,감사원,1452,S03344,srno,pdf_conv,분야축,
1453-1,감사원,1453,S03345,srno,pdf_conv,분야축,
1453-2,감사원,1453,S03345,srno,pdf_conv,분야축,
1453-3,감사원,1453,S03345,srno,pdf_conv,분야축,
1453-4,감사원,1453,S03345,srno,pdf_conv,분야축,
1453-5,감사원,1453,S03345,srno,pdf_conv,분야축,
1453-6,감사원,1453,S03345,srno,pdf_conv,분야축,
1453-7,감사원,1453,S03345,srno,pdf_conv,분야축,
1453-8,감사원,1453,S03345,srno,pdf_conv,분야축,
1453-9,감사원,1453,S03345,srno,pdf_conv,분야축,
1453-10,감사원,1453,S03345,srno,pdf_conv,분야축,
1453-11,감사원,1453,S03345,srno,pdf_conv,분야축,
1453-12,감사원,1453,S03345,srno,pdf_conv,,
1453-13,감사원,1453,S03345,srno,pdf_conv,분야축,
1453-14,감사원,1453,S03345,srno,pdf_conv,,
1453-15,감사원,1453,S03345,srno,pdf_conv,분야축,
1453-16,감사원,1453,S03345,srno,pdf_conv,분야축,
1453-17,감사원,1453,S03345,srno,pdf_conv,분야축,
1453-18,감사원,1453,S03345,srno,pdf_conv,분야축,
1453-19,감사원,1453,S03345,srno,pdf_conv,분야축,
1453-20,감사원,1453,S03345,srno,pdf_conv,분야축,
1453-21,감사원,1453,S03345,srno,pdf_conv,,
1453-22,감사원,1453,S03345,srno,pdf_conv,분야축,
1453-23,감사원,1453,S03345,srno,pdf_conv,분야축,
1453-24,감사원,1453,S03345,srno,pdf_conv,recall,
1453-25,감사원,1453,S03345,srno,pdf_conv,recall,
1453-26,감사원,1453,S03345,srno,pdf_conv,,
1453-27,감사원,1453,S03345,srno,pdf_conv,분야축,
1453-28,감사원,1453,S03345,srno,pdf_conv,분야축,
1453-29,감사원,1453,S03345,srno,pdf_conv,분야축,
1453-30,감사원,1453,S03345,srno,pdf_conv,분야축,
1453-31,감사원,1453,S03345,srno,pdf_conv,분야축,
1453-32,감사원,1453,S03345,srno,pdf_conv,분야축,
1453-33,감사원,1453,S03345,srno,pdf_conv,분야축,
1453-34,감사원,1453,S03345,srno,pdf_conv,분야축,
1453-35,감사원,1453,S03345,srno,pdf_conv,recall,
1453-36,감사원,1453,S03345,srno,pdf_conv,분야축,
1453-37,감사원,1453,S03345,srno,pdf_conv,,
1453-38,감사원,1453,S03345,srno,pdf_conv,,
1453-39,감사원,1453,S03345,srno,pdf_conv,분야축,
1453-40,감사원,1453,S03345,srno,pdf_conv,분야축,
1453-41,감사원,1453,S03345,srno,pdf_conv,분야축,
1453-42,감사원,1453,S03345,srno,pdf_conv,분야축,
1453-43,감사원,1453,S03345,srno,pdf_conv,분야축,
1453-44,감사원,1453,S03345,srno,pdf_conv,분야축,
1453-45,감사원,1453,S03345,srno,pdf_conv,,
1454-1,감사원,1454,S01328,srno,hwp,,
1455-1,감사원,1455,S03346,srno,pdf_conv,분야축,
1458-1,감사원,1458,S03347,srno,pdf_conv,분야축,
1458-2,감사원,1458,S03347,srno,pdf_conv,,
1458-3,감사원,1458,S03347,srno,pdf_conv,,
1459-1,감사원,1459,S01331,srno,hwp,,
1460-1,감사원,1460,S03348,srno,pdf_conv,분야축,
1460-2,감사원,1460,S03348,srno,pdf_conv,분야축,
1460-3,감사원,1460,S03348,srno,pdf_conv,분야축,
1460-4,감사원,1460,S03348,srno,pdf_conv,분야축,
1460-5,감사원,1460,S03348,srno,pdf_conv,분야축,
1460-6,감사원,1460,S03348,srno,pdf_conv,분야축,
1460-7,감사원,1460,S03348,srno,pdf_conv,분야축,
1460-8,감사원,1460,S03348,srno,pdf_conv,분야축,
1460-9,감사원,1460,S03348,srno,pdf_conv,분야축,
1460-10,감사원,1460,S03348,srno,pdf_conv,분야축,
1461-1,감사원,1461,S03349,srno,pdf_conv,recall,
1461-2,감사원,1461,S03349,srno,pdf_conv,recall,
1461-3,감사원,1461,S03349,srno,pdf_conv,분야축,
1461-4,감사원,1461,S03349,srno,pdf_conv,recall,
1461-5,감사원,1461,S03349,srno,pdf_conv,분야축,
1461-6,감사원,1461,S03349,srno,pdf_conv,recall,
1461-7,감사원,1461,S03349,srno,pdf_conv,분야축,
1461-8,감사원,1461,S03349,srno,pdf_conv,분야축,
1461-9,감사원,1461,S03349,srno,pdf_conv,분야축,
1461-10,감사원,1461,S03349,srno,pdf_conv,분야축,
1461-11,감사원,1461,S03349,srno,pdf_conv,,
1461-12,감사원,1461,S03349,srno,pdf_conv,,
1461-13,감사원,1461,S03349,srno,pdf_conv,분야축,
1461-14,감사원,1461,S03349,srno,pdf_conv,분야축,
1461-15,감사원,1461,S03349,srno,pdf_conv,분야축,
1461-16,감사원,1461,S03349,srno,pdf_conv,분야축,
1461-17,감사원,1461,S03349,srno,pdf_conv,분야축,
1461-18,감사원,1461,S03349,srno,pdf_conv,분야축,
1461-19,감사원,1461,S03349,srno,pdf_conv,분야축,
1461-20,감사원,1461,S03349,srno,pdf_conv,분야축,
1461-21,감사원,1461,S03349,srno,pdf_conv,분야축,
1461-22,감사원,1461,S03349,srno,pdf_conv,분야축,
1461-23,감사원,1461,S03349,srno,pdf_conv,,
1461-24,감사원,1461,S03349,srno,pdf_conv,분야축,
1461-25,감사원,1461,S03349,srno,pdf_conv,분야축,
1461-26,감사원,1461,S03349,srno,pdf_conv,분야축,
1461-27,감사원,1461,S03349,srno,pdf_conv,,
1461-28,감사원,1461,S03349,srno,pdf_conv,분야축,
1461-29,감사원,1461,S03349,srno,pdf_conv,,
1461-30,감사원,1461,S03349,srno,pdf_conv,,
1462-1,감사원,1462,S01335,srno,hwp,,
1462-2,감사원,1462,S01335,srno,hwp,,
1462-3,감사원,1462,S01335,srno,hwp,,
1462-4,감사원,1462,S01335,srno,hwp,,
1462-5,감사원,1462,S01335,srno,hwp,,
1464-1,감사원,1464,S03350,srno,pdf_conv,분야축,
1464-2,감사원,1464,S03350,srno,pdf_conv,분야축,
1464-3,감사원,1464,S03350,srno,pdf_conv,분야축,
1464-4,감사원,1464,S03350,srno,pdf_conv,분야축,
1464-5,감사원,1464,S03350,srno,pdf_conv,분야축,
1464-6,감사원,1464,S03350,srno,pdf_conv,분야축,
1464-7,감사원,1464,S03350,srno,pdf_conv,분야축,
1466-1,감사원,1466,S03352,srno,pdf_conv,,
1466-2,감사원,1466,S03352,srno,pdf_conv,분야축,
1466-3,감사원,1466,S03352,srno,pdf_conv,,
1467-1,감사원,1467,S03351,srno,pdf_conv,분야축,
1467-2,감사원,1467,S03351,srno,pdf_conv,분야축,
1469-1,감사원,1469,S03353,srno,pdf_conv,,
1469-2,감사원,1469,S03353,srno,pdf_conv,분야축,
1469-3,감사원,1469,S03353,srno,pdf_conv,분야축,
1469-4,감사원,1469,S03353,srno,pdf_conv,분야축,
1469-5,감사원,1469,S03353,srno,pdf_conv,분야축,
1469-6,감사원,1469,S03353,srno,pdf_conv,분야축,
1469-7,감사원,1469,S03353,srno,pdf_conv,분야축,
1469-8,감사원,1469,S03353,srno,pdf_conv,분야축,
1469-9,감사원,1469,S03353,srno,pdf_conv,분야축,
1469-10,감사원,1469,S03353,srno,pdf_conv,분야축,
1469-11,감사원,1469,S03353,srno,pdf_conv,분야축,
1469-12,감사원,1469,S03353,srno,pdf_conv,분야축,
1469-13,감사원,1469,S03353,srno,pdf_conv,분야축,
1469-14,감사원,1469,S03353,srno,pdf_conv,분야축,
1469-15,감사원,1469,S03353,srno,pdf_conv,분야축,
1469-16,감사원,1469,S03353,srno,pdf_conv,분야축,
1469-17,감사원,1469,S03353,srno,pdf_conv,분야축,
1469-18,감사원,1469,S03353,srno,pdf_conv,분야축,
1469-19,감사원,1469,S03353,srno,pdf_conv,분야축,
1469-20,감사원,1469,S03353,srno,pdf_conv,분야축,
1469-21,감사원,1469,S03353,srno,pdf_conv,분야축,
1469-22,감사원,1469,S03353,srno,pdf_conv,분야축,
1469-23,감사원,1469,S03353,srno,pdf_conv,분야축,
1469-24,감사원,1469,S03353,srno,pdf_conv,,
1469-25,감사원,1469,S03353,srno,pdf_conv,,
1469-26,감사원,1469,S03353,srno,pdf_conv,,
1469-27,감사원,1469,S03353,srno,pdf_conv,,
1469-28,감사원,1469,S03353,srno,pdf_conv,분야축,
1469-29,감사원,1469,S03353,srno,pdf_conv,분야축,
1469-30,감사원,1469,S03353,srno,pdf_conv,,
1469-31,감사원,1469,S03353,srno,pdf_conv,,
1470-1,감사원,1470,S03354,srno,pdf_conv,분야축,
1470-2,감사원,1470,S03354,srno,pdf_conv,분야축,
1471-1,감사원,1471,S01345,srno,hwp,,
1471-2,감사원,1471,S01345,srno,hwp,,
1471-3,감사원,1471,S01345,srno,hwp,,
1471-4,감사원,1471,S01345,srno,hwp,,
1471-5,감사원,1471,S01345,srno,hwp,,
1471-6,감사원,1471,S01345,srno,hwp,,
1471-7,감사원,1471,S01345,srno,hwp,,
1471-8,감사원,1471,S01345,srno,hwp,,
1472-1,감사원,1472,S03355,srno,pdf_conv,recall,
1472-2,감사원,1472,S03355,srno,pdf_conv,분야축,
1472-3,감사원,1472,S03355,srno,pdf_conv,분야축,
1472-4,감사원,1472,S03355,srno,pdf_conv,분야축,
1472-5,감사원,1472,S03355,srno,pdf_conv,분야축,
1472-6,감사원,1472,S03355,srno,pdf_conv,분야축,
1472-7,감사원,1472,S03355,srno,pdf_conv,분야축,
1472-8,감사원,1472,S03355,srno,pdf_conv,분야축,
1472-9,감사원,1472,S03355,srno,pdf_conv,분야축,
1472-10,감사원,1472,S03355,srno,pdf_conv,분야축,
1472-11,감사원,1472,S03355,srno,pdf_conv,분야축,
1474-1,감사원,1474,S03357,srno,pdf_conv,분야축,
1475-1,감사원,1475,S03356,srno,pdf_conv,분야축,
1475-2,감사원,1475,S03356,srno,pdf_conv,recall,
1476-1,감사원,1476,S03358,srno,pdf_conv,,
1476-2,감사원,1476,S03358,srno,pdf_conv,,
1476-3,감사원,1476,S03358,srno,pdf_conv,분야축,
1476-4,감사원,1476,S03358,srno,pdf_conv,,
1476-5,감사원,1476,S03358,srno,pdf_conv,,
1476-6,감사원,1476,S03358,srno,pdf_conv,,
1476-7,감사원,1476,S03358,srno,pdf_conv,recall,
1476-8,감사원,1476,S03358,srno,pdf_conv,,
1476-9,감사원,1476,S03358,srno,pdf_conv,,
1476-10,감사원,1476,S03358,srno,pdf_conv,,
1476-11,감사원,1476,S03358,srno,pdf_conv,recall,
1476-12,감사원,1476,S03358,srno,pdf_conv,분야축,
1476-13,감사원,1476,S03358,srno,pdf_conv,분야축,
1476-14,감사원,1476,S03358,srno,pdf_conv,recall,
1476-15,감사원,1476,S03358,srno,pdf_conv,recall,
1476-16,감사원,1476,S03358,srno,pdf_conv,,
1476-17,감사원,1476,S03358,srno,pdf_conv,,
1476-18,감사원,1476,S03358,srno,pdf_conv,,
1476-19,감사원,1476,S03358,srno,pdf_conv,,
1476-20,감사원,1476,S03358,srno,pdf_conv,,
1476-21,감사원,1476,S03358,srno,pdf_conv,,
1476-22,감사원,1476,S03358,srno,pdf_conv,,
1476-23,감사원,1476,S03358,srno,pdf_conv,,
1476-24,감사원,1476,S03358,srno,pdf_conv,,
1476-25,감사원,1476,S03358,srno,pdf_conv,분야축,
1476-26,감사원,1476,S03358,srno,pdf_conv,,
1476-27,감사원,1476,S03358,srno,pdf_conv,recall,
1476-28,감사원,1476,S03358,srno,pdf_conv,,
1476-29,감사원,1476,S03358,srno,pdf_conv,,
1476-30,감사원,1476,S03358,srno,pdf_conv,,
1476-31,감사원,1476,S03358,srno,pdf_conv,분야축,
1476-32,감사원,1476,S03358,srno,pdf_conv,,
1476-33,감사원,1476,S03358,srno,pdf_conv,분야축,
1476-34,감사원,1476,S03358,srno,pdf_conv,,
1476-35,감사원,1476,S03358,srno,pdf_conv,,
1476-36,감사원,1476,S03358,srno,pdf_conv,,
1477-1,감사원,1477,S03359,srno,pdf_conv,,
1477-2,감사원,1477,S03359,srno,pdf_conv,분야축,
1477-3,감사원,1477,S03359,srno,pdf_conv,분야축,
1477-4,감사원,1477,S03359,srno,pdf_conv,,
1478-1,감사원,1478,S03360,srno,pdf_conv,분야축,
1478-2,감사원,1478,S03360,srno,pdf_conv,분야축,
1478-3,감사원,1478,S03360,srno,pdf_conv,분야축,
1478-4,감사원,1478,S03360,srno,pdf_conv,분야축,
1478-5,감사원,1478,S03360,srno,pdf_conv,분야축,
1478-6,감사원,1478,S03360,srno,pdf_conv,분야축,
1478-7,감사원,1478,S03360,srno,pdf_conv,분야축,
1478-8,감사원,1478,S03360,srno,pdf_conv,분야축,
1478-9,감사원,1478,S03360,srno,pdf_conv,분야축,
1478-10,감사원,1478,S03360,srno,pdf_conv,분야축,
1478-11,감사원,1478,S03360,srno,pdf_conv,분야축,
1478-12,감사원,1478,S03360,srno,pdf_conv,분야축,
1478-13,감사원,1478,S03360,srno,pdf_conv,분야축,
1478-14,감사원,1478,S03360,srno,pdf_conv,분야축,
1478-15,감사원,1478,S03360,srno,pdf_conv,분야축,
1478-16,감사원,1478,S03360,srno,pdf_conv,분야축,
1478-17,감사원,1478,S03360,srno,pdf_conv,,
1478-18,감사원,1478,S03360,srno,pdf_conv,,
1478-19,감사원,1478,S03360,srno,pdf_conv,,
1478-20,감사원,1478,S03360,srno,pdf_conv,,
1478-21,감사원,1478,S03360,srno,pdf_conv,분야축,
1478-22,감사원,1478,S03360,srno,pdf_conv,,
1478-23,감사원,1478,S03360,srno,pdf_conv,,
1478-24,감사원,1478,S03360,srno,pdf_conv,,
1479-1,감사원,1479,S01354,srno,hwp,,
1480-1,감사원,1480,S03361,srno,pdf_conv,recall,
1480-2,감사원,1480,S03361,srno,pdf_conv,,
1480-3,감사원,1480,S03361,srno,pdf_conv,,
1480-4,감사원,1480,S03361,srno,pdf_conv,recall,
1480-5,감사원,1480,S03361,srno,pdf_conv,분야축,
1480-6,감사원,1480,S03361,srno,pdf_conv,,
1480-7,감사원,1480,S03361,srno,pdf_conv,,
1480-8,감사원,1480,S03361,srno,pdf_conv,,
1480-9,감사원,1480,S03361,srno,pdf_conv,,
1480-10,감사원,1480,S03361,srno,pdf_conv,,
1480-11,감사원,1480,S03361,srno,pdf_conv,분야축,
1480-12,감사원,1480,S03361,srno,pdf_conv,,
1480-13,감사원,1480,S03361,srno,pdf_conv,,
1480-14,감사원,1480,S03361,srno,pdf_conv,,
1480-15,감사원,1480,S03361,srno,pdf_conv,분야축,
1480-16,감사원,1480,S03361,srno,pdf_conv,,
1480-17,감사원,1480,S03361,srno,pdf_conv,,
1481-1,감사원,1481,S03362,srno,pdf_conv,분야축,
1481-2,감사원,1481,S03362,srno,pdf_conv,분야축,
1481-3,감사원,1481,S03362,srno,pdf_conv,분야축,
1481-4,감사원,1481,S03362,srno,pdf_conv,분야축,
1481-5,감사원,1481,S03362,srno,pdf_conv,분야축,
1481-6,감사원,1481,S03362,srno,pdf_conv,,
1481-7,감사원,1481,S03362,srno,pdf_conv,분야축,
1481-8,감사원,1481,S03362,srno,pdf_conv,,
1481-9,감사원,1481,S03362,srno,pdf_conv,,
1481-10,감사원,1481,S03362,srno,pdf_conv,,
1481-11,감사원,1481,S03362,srno,pdf_conv,,
1481-12,감사원,1481,S03362,srno,pdf_conv,recall,
1481-13,감사원,1481,S03362,srno,pdf_conv,recall,
1481-14,감사원,1481,S03362,srno,pdf_conv,분야축,
1481-15,감사원,1481,S03362,srno,pdf_conv,분야축,
1481-16,감사원,1481,S03362,srno,pdf_conv,,
1481-17,감사원,1481,S03362,srno,pdf_conv,,
1481-18,감사원,1481,S03362,srno,pdf_conv,,
1481-19,감사원,1481,S03362,srno,pdf_conv,,
1481-20,감사원,1481,S03362,srno,pdf_conv,recall,
1481-21,감사원,1481,S03362,srno,pdf_conv,분야축,
1481-22,감사원,1481,S03362,srno,pdf_conv,recall,
1481-23,감사원,1481,S03362,srno,pdf_conv,,
1481-24,감사원,1481,S03362,srno,pdf_conv,,
1481-25,감사원,1481,S03362,srno,pdf_conv,,
1481-26,감사원,1481,S03362,srno,pdf_conv,,
1481-27,감사원,1481,S03362,srno,pdf_conv,,
1481-28,감사원,1481,S03362,srno,pdf_conv,,
1481-29,감사원,1481,S03362,srno,pdf_conv,,
1481-30,감사원,1481,S03362,srno,pdf_conv,,
1481-31,감사원,1481,S03362,srno,pdf_conv,,
1481-32,감사원,1481,S03362,srno,pdf_conv,,
1481-33,감사원,1481,S03362,srno,pdf_conv,,
1481-34,감사원,1481,S03362,srno,pdf_conv,,
1481-35,감사원,1481,S03362,srno,pdf_conv,,
1481-36,감사원,1481,S03362,srno,pdf_conv,분야축,
1481-37,감사원,1481,S03362,srno,pdf_conv,,
1481-38,감사원,1481,S03362,srno,pdf_conv,,
1481-39,감사원,1481,S03362,srno,pdf_conv,,
1481-40,감사원,1481,S03362,srno,pdf_conv,,
1481-41,감사원,1481,S03362,srno,pdf_conv,,
1481-42,감사원,1481,S03362,srno,pdf_conv,,
1481-43,감사원,1481,S03362,srno,pdf_conv,분야축,
1481-44,감사원,1481,S03362,srno,pdf_conv,분야축,
1481-45,감사원,1481,S03362,srno,pdf_conv,recall,
1481-46,감사원,1481,S03362,srno,pdf_conv,,
1481-47,감사원,1481,S03362,srno,pdf_conv,분야축,
1481-48,감사원,1481,S03362,srno,pdf_conv,분야축,
1481-49,감사원,1481,S03362,srno,pdf_conv,,
1481-50,감사원,1481,S03362,srno,pdf_conv,분야축,
1481-51,감사원,1481,S03362,srno,pdf_conv,분야축,
1481-52,감사원,1481,S03362,srno,pdf_conv,recall,
1481-53,감사원,1481,S03362,srno,pdf_conv,recall,
1482-1,감사원,1482,S03363,srno,pdf_conv,분야축,
1483-1,감사원,1483,S03364,srno,pdf_conv,recall,
1483-2,감사원,1483,S03364,srno,pdf_conv,recall,
1483-3,감사원,1483,S03364,srno,pdf_conv,recall,
1483-4,감사원,1483,S03364,srno,pdf_conv,recall,
1483-5,감사원,1483,S03364,srno,pdf_conv,recall,
1483-6,감사원,1483,S03364,srno,pdf_conv,recall,
1483-7,감사원,1483,S03364,srno,pdf_conv,recall,
1483-8,감사원,1483,S03364,srno,pdf_conv,,
1483-9,감사원,1483,S03364,srno,pdf_conv,,
1483-10,감사원,1483,S03364,srno,pdf_conv,recall,
1483-11,감사원,1483,S03364,srno,pdf_conv,,
1483-12,감사원,1483,S03364,srno,pdf_conv,,
1483-13,감사원,1483,S03364,srno,pdf_conv,recall,
1483-14,감사원,1483,S03364,srno,pdf_conv,recall,
1485-1,감사원,1485,S03365,srno,pdf_conv,,
1485-2,감사원,1485,S03365,srno,pdf_conv,,
1485-3,감사원,1485,S03365,srno,pdf_conv,,
1485-4,감사원,1485,S03365,srno,pdf_conv,분야축,
1485-5,감사원,1485,S03365,srno,pdf_conv,분야축,
1485-6,감사원,1485,S03365,srno,pdf_conv,,
1485-7,감사원,1485,S03365,srno,pdf_conv,,
1485-8,감사원,1485,S03365,srno,pdf_conv,분야축,
1486-1,감사원,1486,S01362,srno,hwp,,
1488-1,감사원,1488,S03366,srno,pdf_conv,분야축,
1488-2,감사원,1488,S03366,srno,pdf_conv,분야축,
1488-3,감사원,1488,S03366,srno,pdf_conv,분야축,
1488-4,감사원,1488,S03366,srno,pdf_conv,분야축,
1488-5,감사원,1488,S03366,srno,pdf_conv,분야축,
1488-6,감사원,1488,S03366,srno,pdf_conv,분야축,
1488-7,감사원,1488,S03366,srno,pdf_conv,분야축,
1488-8,감사원,1488,S03366,srno,pdf_conv,분야축,
1488-9,감사원,1488,S03366,srno,pdf_conv,분야축,
1488-10,감사원,1488,S03366,srno,pdf_conv,분야축,
1488-11,감사원,1488,S03366,srno,pdf_conv,분야축,
1488-12,감사원,1488,S03366,srno,pdf_conv,분야축,
1488-13,감사원,1488,S03366,srno,pdf_conv,,
1488-14,감사원,1488,S03366,srno,pdf_conv,recall,
1488-15,감사원,1488,S03366,srno,pdf_conv,분야축,
1488-16,감사원,1488,S03366,srno,pdf_conv,분야축,
1488-17,감사원,1488,S03366,srno,pdf_conv,분야축,
1488-18,감사원,1488,S03366,srno,pdf_conv,분야축,
1488-19,감사원,1488,S03366,srno,pdf_conv,분야축,
1488-20,감사원,1488,S03366,srno,pdf_conv,분야축,
1488-21,감사원,1488,S03366,srno,pdf_conv,분야축,
1488-22,감사원,1488,S03366,srno,pdf_conv,분야축,
1488-23,감사원,1488,S03366,srno,pdf_conv,분야축,
1488-24,감사원,1488,S03366,srno,pdf_conv,,
1488-25,감사원,1488,S03366,srno,pdf_conv,분야축,
1488-26,감사원,1488,S03366,srno,pdf_conv,분야축,
1488-27,감사원,1488,S03366,srno,pdf_conv,분야축,
1488-28,감사원,1488,S03366,srno,pdf_conv,분야축,
1488-29,감사원,1488,S03366,srno,pdf_conv,분야축,
1488-30,감사원,1488,S03366,srno,pdf_conv,분야축,
1488-31,감사원,1488,S03366,srno,pdf_conv,분야축,
1488-32,감사원,1488,S03366,srno,pdf_conv,분야축,
1488-33,감사원,1488,S03366,srno,pdf_conv,,
1488-34,감사원,1488,S03366,srno,pdf_conv,,
1488-35,감사원,1488,S03366,srno,pdf_conv,recall,
1488-36,감사원,1488,S03366,srno,pdf_conv,분야축,
1488-37,감사원,1488,S03366,srno,pdf_conv,분야축,
1488-38,감사원,1488,S03366,srno,pdf_conv,,
1488-39,감사원,1488,S03366,srno,pdf_conv,분야축,
1488-40,감사원,1488,S03366,srno,pdf_conv,분야축,
1488-41,감사원,1488,S03366,srno,pdf_conv,분야축,
1488-42,감사원,1488,S03366,srno,pdf_conv,분야축,
1488-43,감사원,1488,S03366,srno,pdf_conv,분야축,
1488-44,감사원,1488,S03366,srno,pdf_conv,분야축,
1488-45,감사원,1488,S03366,srno,pdf_conv,분야축,
1488-46,감사원,1488,S03366,srno,pdf_conv,분야축,
1488-47,감사원,1488,S03366,srno,pdf_conv,분야축,
1488-48,감사원,1488,S03366,srno,pdf_conv,분야축,
1488-49,감사원,1488,S03366,srno,pdf_conv,분야축,
1488-50,감사원,1488,S03366,srno,pdf_conv,분야축,
1488-51,감사원,1488,S03366,srno,pdf_conv,분야축,
1488-52,감사원,1488,S03366,srno,pdf_conv,분야축,
1491-1,감사원,1491,S03367,srno,pdf_conv,,
1491-2,감사원,1491,S03367,srno,pdf_conv,분야축,
1492-1,감사원,1492,S01371,srno,hwp,,
1492-2,감사원,1492,S01371,srno,hwp,,
1492-3,감사원,1492,S01371,srno,hwp,,
1493-1,감사원,1493,S03368,srno,pdf_conv,분야축,
1494-1,감사원,1494,S01373,srno,hwp,분야축,
1494-2,감사원,1494,S01373,srno,hwp,분야축,
1494-3,감사원,1494,S01373,srno,hwp,분야축,
1494-4,감사원,1494,S01373,srno,hwp,분야축,
1494-5,감사원,1494,S01373,srno,hwp,분야축,
1494-6,감사원,1494,S01373,srno,hwp,분야축,
1494-7,감사원,1494,S01373,srno,hwp,분야축,
1495-1,감사원,1495,S01374,srno,hwp,,
1496-1,감사원,1496,S03369,srno,pdf_conv,,
1496-2,감사원,1496,S03369,srno,pdf_conv,분야축,
1496-3,감사원,1496,S03369,srno,pdf_conv,분야축,
1496-4,감사원,1496,S03369,srno,pdf_conv,,
1496-5,감사원,1496,S03369,srno,pdf_conv,,
1496-6,감사원,1496,S03369,srno,pdf_conv,,
1496-7,감사원,1496,S03369,srno,pdf_conv,,
1496-8,감사원,1496,S03369,srno,pdf_conv,분야축,
1496-9,감사원,1496,S03369,srno,pdf_conv,분야축,
1496-10,감사원,1496,S03369,srno,pdf_conv,,
1496-11,감사원,1496,S03369,srno,pdf_conv,분야축,
1496-12,감사원,1496,S03369,srno,pdf_conv,,
1496-13,감사원,1496,S03369,srno,pdf_conv,분야축,
1496-14,감사원,1496,S03369,srno,pdf_conv,분야축,
1496-15,감사원,1496,S03369,srno,pdf_conv,분야축,
1496-16,감사원,1496,S03369,srno,pdf_conv,,
1500-1,감사원,1500,S03370,srno,pdf_conv,분야축,
1500-2,감사원,1500,S03370,srno,pdf_conv,분야축,
1500-3,감사원,1500,S03370,srno,pdf_conv,분야축,
1500-4,감사원,1500,S03370,srno,pdf_conv,분야축,
1500-5,감사원,1500,S03370,srno,pdf_conv,분야축,
1500-6,감사원,1500,S03370,srno,pdf_conv,분야축,
1500-7,감사원,1500,S03370,srno,pdf_conv,,
1500-8,감사원,1500,S03370,srno,pdf_conv,분야축,
1501-1,감사원,1501,S01382,srno,hwp,,
1502-1,감사원,1502,S03371,srno,pdf_conv,,
1502-2,감사원,1502,S03371,srno,pdf_conv,recall,
1502-3,감사원,1502,S03371,srno,pdf_conv,,
1502-4,감사원,1502,S03371,srno,pdf_conv,,
1502-5,감사원,1502,S03371,srno,pdf_conv,,
1502-6,감사원,1502,S03371,srno,pdf_conv,,
1502-7,감사원,1502,S03371,srno,pdf_conv,,
1502-8,감사원,1502,S03371,srno,pdf_conv,,
1502-9,감사원,1502,S03371,srno,pdf_conv,,
1502-10,감사원,1502,S03371,srno,pdf_conv,,
1502-11,감사원,1502,S03371,srno,pdf_conv,recall,
1502-12,감사원,1502,S03371,srno,pdf_conv,recall,
1503-1,감사원,1503,S03372,srno,pdf_conv,recall,
1504-1,감사원,1504,S01385,srno,hwp,,
1505-1,감사원,1505,S03373,srno,pdf_conv,,
1505-2,감사원,1505,S03373,srno,pdf_conv,,
1505-3,감사원,1505,S03373,srno,pdf_conv,분야축,
1505-4,감사원,1505,S03373,srno,pdf_conv,,
1505-5,감사원,1505,S03373,srno,pdf_conv,분야축,
1505-6,감사원,1505,S03373,srno,pdf_conv,,
1505-7,감사원,1505,S03373,srno,pdf_conv,분야축,
1505-8,감사원,1505,S03373,srno,pdf_conv,분야축,
1505-9,감사원,1505,S03373,srno,pdf_conv,분야축,
1505-10,감사원,1505,S03373,srno,pdf_conv,,
1505-11,감사원,1505,S03373,srno,pdf_conv,분야축,
1505-12,감사원,1505,S03373,srno,pdf_conv,,
1505-13,감사원,1505,S03373,srno,pdf_conv,,
1506-1,감사원,1506,S03374,srno,pdf_conv,분야축,
1506-2,감사원,1506,S03374,srno,pdf_conv,분야축,
1506-3,감사원,1506,S03374,srno,pdf_conv,분야축,
1506-4,감사원,1506,S03374,srno,pdf_conv,분야축,
1506-5,감사원,1506,S03374,srno,pdf_conv,분야축,
1506-6,감사원,1506,S03374,srno,pdf_conv,분야축,
1506-7,감사원,1506,S03374,srno,pdf_conv,분야축,
1506-8,감사원,1506,S03374,srno,pdf_conv,분야축,
1506-9,감사원,1506,S03374,srno,pdf_conv,분야축,
1506-10,감사원,1506,S03374,srno,pdf_conv,분야축,
1506-11,감사원,1506,S03374,srno,pdf_conv,분야축,
1506-12,감사원,1506,S03374,srno,pdf_conv,분야축,
1506-13,감사원,1506,S03374,srno,pdf_conv,분야축,
1506-14,감사원,1506,S03374,srno,pdf_conv,분야축,
1506-15,감사원,1506,S03374,srno,pdf_conv,분야축,
1507-1,감사원,1507,S03375,srno,pdf_conv,분야축,
1507-2,감사원,1507,S03375,srno,pdf_conv,분야축,
1507-3,감사원,1507,S03375,srno,pdf_conv,분야축,
1507-4,감사원,1507,S03375,srno,pdf_conv,분야축,
1507-5,감사원,1507,S03375,srno,pdf_conv,분야축,
1507-6,감사원,1507,S03375,srno,pdf_conv,분야축,
1507-7,감사원,1507,S03375,srno,pdf_conv,분야축,
1507-8,감사원,1507,S03375,srno,pdf_conv,분야축,
1507-9,감사원,1507,S03375,srno,pdf_conv,분야축,
1507-10,감사원,1507,S03375,srno,pdf_conv,분야축,
1507-11,감사원,1507,S03375,srno,pdf_conv,분야축,
1507-12,감사원,1507,S03375,srno,pdf_conv,,
1507-13,감사원,1507,S03375,srno,pdf_conv,,
1507-14,감사원,1507,S03375,srno,pdf_conv,,
1507-15,감사원,1507,S03375,srno,pdf_conv,분야축,
1507-16,감사원,1507,S03375,srno,pdf_conv,분야축,
1507-17,감사원,1507,S03375,srno,pdf_conv,,
1507-18,감사원,1507,S03375,srno,pdf_conv,분야축,
1507-19,감사원,1507,S03375,srno,pdf_conv,recall,
1507-20,감사원,1507,S03375,srno,pdf_conv,분야축,
1507-21,감사원,1507,S03375,srno,pdf_conv,분야축,
1507-22,감사원,1507,S03375,srno,pdf_conv,분야축,
1507-23,감사원,1507,S03375,srno,pdf_conv,,
1507-24,감사원,1507,S03375,srno,pdf_conv,분야축,
1507-25,감사원,1507,S03375,srno,pdf_conv,,
1507-26,감사원,1507,S03375,srno,pdf_conv,분야축,
1507-27,감사원,1507,S03375,srno,pdf_conv,분야축,
1507-28,감사원,1507,S03375,srno,pdf_conv,분야축,
1507-29,감사원,1507,S03375,srno,pdf_conv,분야축,
1507-30,감사원,1507,S03375,srno,pdf_conv,,
1507-31,감사원,1507,S03375,srno,pdf_conv,,
1508-1,감사원,1508,S03376,srno,pdf_conv,,
1508-2,감사원,1508,S03376,srno,pdf_conv,,
1508-3,감사원,1508,S03376,srno,pdf_conv,,
1508-4,감사원,1508,S03376,srno,pdf_conv,,
1508-5,감사원,1508,S03376,srno,pdf_conv,분야축,
1508-6,감사원,1508,S03376,srno,pdf_conv,분야축,
1508-7,감사원,1508,S03376,srno,pdf_conv,,
1508-8,감사원,1508,S03376,srno,pdf_conv,,
1508-9,감사원,1508,S03376,srno,pdf_conv,recall,
1508-10,감사원,1508,S03376,srno,pdf_conv,,
1508-11,감사원,1508,S03376,srno,pdf_conv,,
1508-12,감사원,1508,S03376,srno,pdf_conv,,
1508-13,감사원,1508,S03376,srno,pdf_conv,분야축,
1508-14,감사원,1508,S03376,srno,pdf_conv,분야축,
1508-15,감사원,1508,S03376,srno,pdf_conv,,
1508-16,감사원,1508,S03376,srno,pdf_conv,,
1508-17,감사원,1508,S03376,srno,pdf_conv,,
1508-18,감사원,1508,S03376,srno,pdf_conv,,
1508-19,감사원,1508,S03376,srno,pdf_conv,,
1508-20,감사원,1508,S03376,srno,pdf_conv,,
1508-21,감사원,1508,S03376,srno,pdf_conv,,
1508-22,감사원,1508,S03376,srno,pdf_conv,,
1508-23,감사원,1508,S03376,srno,pdf_conv,분야축,
1509-1,감사원,1509,S03377,srno,pdf_conv,분야축,
1511-1,감사원,1511,S03378,srno,pdf_conv,,
1511-2,감사원,1511,S03378,srno,pdf_conv,,
1511-3,감사원,1511,S03378,srno,pdf_conv,,
1511-4,감사원,1511,S03378,srno,pdf_conv,,
1511-5,감사원,1511,S03378,srno,pdf_conv,,
1511-6,감사원,1511,S03378,srno,pdf_conv,,
1511-7,감사원,1511,S03378,srno,pdf_conv,,
1511-8,감사원,1511,S03378,srno,pdf_conv,,
1511-9,감사원,1511,S03378,srno,pdf_conv,,
1511-10,감사원,1511,S03378,srno,pdf_conv,recall,
1513-1,감사원,1513,S03379,srno,pdf_conv,분야축,
1513-2,감사원,1513,S03379,srno,pdf_conv,분야축,
1513-3,감사원,1513,S03379,srno,pdf_conv,분야축,
1515-1,감사원,1515,S01395,srno,hwp,,
1515-2,감사원,1515,S01395,srno,hwp,,
1516-1,감사원,1516,S03380,srno,pdf_conv,,
1516-2,감사원,1516,S03380,srno,pdf_conv,분야축,
1516-3,감사원,1516,S03380,srno,pdf_conv,분야축,
1516-4,감사원,1516,S03380,srno,pdf_conv,,
1517-1,감사원,1517,S03381,srno,pdf_conv,분야축,
1517-2,감사원,1517,S03381,srno,pdf_conv,,
1517-3,감사원,1517,S03381,srno,pdf_conv,,
1517-4,감사원,1517,S03381,srno,pdf_conv,,
1517-5,감사원,1517,S03381,srno,pdf_conv,,
1517-6,감사원,1517,S03381,srno,pdf_conv,,
1517-7,감사원,1517,S03381,srno,pdf_conv,,
1517-8,감사원,1517,S03381,srno,pdf_conv,,
1517-9,감사원,1517,S03381,srno,pdf_conv,,
1517-10,감사원,1517,S03381,srno,pdf_conv,분야축,
1517-11,감사원,1517,S03381,srno,pdf_conv,분야축,
1517-12,감사원,1517,S03381,srno,pdf_conv,분야축,
1517-13,감사원,1517,S03381,srno,pdf_conv,,
1517-14,감사원,1517,S03381,srno,pdf_conv,,
1517-15,감사원,1517,S03381,srno,pdf_conv,,
1517-16,감사원,1517,S03381,srno,pdf_conv,recall,
1517-17,감사원,1517,S03381,srno,pdf_conv,,
1517-18,감사원,1517,S03381,srno,pdf_conv,,
1517-19,감사원,1517,S03381,srno,pdf_conv,recall,
1517-20,감사원,1517,S03381,srno,pdf_conv,,
1518-1,감사원,1518,S03382,srno,pdf_conv,분야축,
1518-2,감사원,1518,S03382,srno,pdf_conv,분야축,
1519-1,감사원,1519,S03383,srno,pdf_conv,분야축,
1519-2,감사원,1519,S03383,srno,pdf_conv,분야축,
1519-3,감사원,1519,S03383,srno,pdf_conv,분야축,
1519-4,감사원,1519,S03383,srno,pdf_conv,분야축,
1519-5,감사원,1519,S03383,srno,pdf_conv,분야축,
1519-6,감사원,1519,S03383,srno,pdf_conv,분야축,
1519-7,감사원,1519,S03383,srno,pdf_conv,분야축,
1519-8,감사원,1519,S03383,srno,pdf_conv,분야축,
1519-9,감사원,1519,S03383,srno,pdf_conv,분야축,
1519-10,감사원,1519,S03383,srno,pdf_conv,,
1519-11,감사원,1519,S03383,srno,pdf_conv,분야축,
1519-12,감사원,1519,S03383,srno,pdf_conv,분야축,
1519-13,감사원,1519,S03383,srno,pdf_conv,,
1519-14,감사원,1519,S03383,srno,pdf_conv,,
1519-15,감사원,1519,S03383,srno,pdf_conv,,
1519-16,감사원,1519,S03383,srno,pdf_conv,,
1519-17,감사원,1519,S03383,srno,pdf_conv,분야축,
1519-18,감사원,1519,S03383,srno,pdf_conv,,
1519-19,감사원,1519,S03383,srno,pdf_conv,,
1519-20,감사원,1519,S03383,srno,pdf_conv,분야축,
1520-1,감사원,1520,S03384,srno,pdf_conv,분야축,
1520-2,감사원,1520,S03384,srno,pdf_conv,,
1520-3,감사원,1520,S03384,srno,pdf_conv,,
1520-4,감사원,1520,S03384,srno,pdf_conv,recall,
1520-5,감사원,1520,S03384,srno,pdf_conv,recall,
1520-6,감사원,1520,S03384,srno,pdf_conv,분야축,
1520-7,감사원,1520,S03384,srno,pdf_conv,recall,
1520-8,감사원,1520,S03384,srno,pdf_conv,,
1520-9,감사원,1520,S03384,srno,pdf_conv,분야축,
1521-1,감사원,1521,S03385,srno,pdf_conv,분야축,
1521-2,감사원,1521,S03385,srno,pdf_conv,분야축,
1521-3,감사원,1521,S03385,srno,pdf_conv,분야축,
1521-4,감사원,1521,S03385,srno,pdf_conv,분야축,
1521-5,감사원,1521,S03385,srno,pdf_conv,분야축,
1521-6,감사원,1521,S03385,srno,pdf_conv,분야축,
1521-7,감사원,1521,S03385,srno,pdf_conv,분야축,
1521-8,감사원,1521,S03385,srno,pdf_conv,분야축,
1521-9,감사원,1521,S03385,srno,pdf_conv,recall,
1521-10,감사원,1521,S03385,srno,pdf_conv,분야축,
1521-11,감사원,1521,S03385,srno,pdf_conv,분야축,
1521-12,감사원,1521,S03385,srno,pdf_conv,분야축,
1521-13,감사원,1521,S03385,srno,pdf_conv,분야축,
1521-14,감사원,1521,S03385,srno,pdf_conv,recall,
1521-15,감사원,1521,S03385,srno,pdf_conv,분야축,
1521-16,감사원,1521,S03385,srno,pdf_conv,분야축,
1521-17,감사원,1521,S03385,srno,pdf_conv,분야축,
1521-18,감사원,1521,S03385,srno,pdf_conv,분야축,
1521-19,감사원,1521,S03385,srno,pdf_conv,분야축,
1521-20,감사원,1521,S03385,srno,pdf_conv,분야축,
1521-21,감사원,1521,S03385,srno,pdf_conv,분야축,
1521-22,감사원,1521,S03385,srno,pdf_conv,분야축,
1521-23,감사원,1521,S03385,srno,pdf_conv,분야축,
1521-24,감사원,1521,S03385,srno,pdf_conv,분야축,
1521-25,감사원,1521,S03385,srno,pdf_conv,분야축,
1521-26,감사원,1521,S03385,srno,pdf_conv,분야축,
1521-27,감사원,1521,S03385,srno,pdf_conv,분야축,
1521-28,감사원,1521,S03385,srno,pdf_conv,분야축,
1521-29,감사원,1521,S03385,srno,pdf_conv,분야축,
1521-30,감사원,1521,S03385,srno,pdf_conv,분야축,
1521-31,감사원,1521,S03385,srno,pdf_conv,분야축,
1521-32,감사원,1521,S03385,srno,pdf_conv,분야축,
1521-33,감사원,1521,S03385,srno,pdf_conv,분야축,
1521-34,감사원,1521,S03385,srno,pdf_conv,분야축,
1521-35,감사원,1521,S03385,srno,pdf_conv,분야축,
1522-1,감사원,1522,S03386,srno,pdf_conv,분야축,
1523-1,감사원,1523,S03387,srno,pdf_conv,분야축,
1524-1,감사원,1524,S03388,srno,pdf_conv,분야축,
1524-2,감사원,1524,S03388,srno,pdf_conv,분야축,
1524-3,감사원,1524,S03388,srno,pdf_conv,분야축,
1524-4,감사원,1524,S03388,srno,pdf_conv,,
1524-5,감사원,1524,S03388,srno,pdf_conv,분야축,
1524-6,감사원,1524,S03388,srno,pdf_conv,분야축,
1524-7,감사원,1524,S03388,srno,pdf_conv,,
1524-8,감사원,1524,S03388,srno,pdf_conv,,
1524-9,감사원,1524,S03388,srno,pdf_conv,,
1524-10,감사원,1524,S03388,srno,pdf_conv,,
1524-11,감사원,1524,S03388,srno,pdf_conv,분야축,
1525-1,감사원,1525,S03389,srno,pdf_conv,분야축,
1525-2,감사원,1525,S03389,srno,pdf_conv,분야축,
1525-3,감사원,1525,S03389,srno,pdf_conv,분야축,
1525-4,감사원,1525,S03389,srno,pdf_conv,,
1525-5,감사원,1525,S03389,srno,pdf_conv,분야축,
1525-6,감사원,1525,S03389,srno,pdf_conv,,
1525-7,감사원,1525,S03389,srno,pdf_conv,분야축,
1525-8,감사원,1525,S03389,srno,pdf_conv,분야축,
1525-9,감사원,1525,S03389,srno,pdf_conv,,
1525-10,감사원,1525,S03389,srno,pdf_conv,,
1525-11,감사원,1525,S03389,srno,pdf_conv,,
1525-12,감사원,1525,S03389,srno,pdf_conv,,
1525-13,감사원,1525,S03389,srno,pdf_conv,분야축,
1525-14,감사원,1525,S03389,srno,pdf_conv,recall,
1525-15,감사원,1525,S03389,srno,pdf_conv,,
1525-16,감사원,1525,S03389,srno,pdf_conv,,
1525-17,감사원,1525,S03389,srno,pdf_conv,분야축,
1526-1,감사원,1526,S03390,srno,pdf_conv,분야축,
1526-2,감사원,1526,S03390,srno,pdf_conv,분야축,
1526-3,감사원,1526,S03390,srno,pdf_conv,분야축,
1526-4,감사원,1526,S03390,srno,pdf_conv,분야축,
1526-5,감사원,1526,S03390,srno,pdf_conv,분야축,
1526-6,감사원,1526,S03390,srno,pdf_conv,분야축,
1526-7,감사원,1526,S03390,srno,pdf_conv,분야축,
1526-8,감사원,1526,S03390,srno,pdf_conv,분야축,
1526-9,감사원,1526,S03390,srno,pdf_conv,분야축,
1526-10,감사원,1526,S03390,srno,pdf_conv,,
1526-11,감사원,1526,S03390,srno,pdf_conv,분야축,
1526-12,감사원,1526,S03390,srno,pdf_conv,분야축,
1526-13,감사원,1526,S03390,srno,pdf_conv,분야축,
1526-14,감사원,1526,S03390,srno,pdf_conv,분야축,
1526-15,감사원,1526,S03390,srno,pdf_conv,분야축,
1526-16,감사원,1526,S03390,srno,pdf_conv,분야축,
1526-17,감사원,1526,S03390,srno,pdf_conv,분야축,
1526-18,감사원,1526,S03390,srno,pdf_conv,분야축,
1526-19,감사원,1526,S03390,srno,pdf_conv,분야축,
1526-20,감사원,1526,S03390,srno,pdf_conv,분야축,
1526-21,감사원,1526,S03390,srno,pdf_conv,분야축,
1526-22,감사원,1526,S03390,srno,pdf_conv,분야축,
1526-23,감사원,1526,S03390,srno,pdf_conv,분야축,
1526-24,감사원,1526,S03390,srno,pdf_conv,분야축,
1526-25,감사원,1526,S03390,srno,pdf_conv,분야축,
1527-1,감사원,1527,S03391,srno,pdf_conv,recall,
1527-2,감사원,1527,S03391,srno,pdf_conv,recall,
1527-3,감사원,1527,S03391,srno,pdf_conv,분야축,
1527-4,감사원,1527,S03391,srno,pdf_conv,,
1527-5,감사원,1527,S03391,srno,pdf_conv,분야축,
1527-6,감사원,1527,S03391,srno,pdf_conv,,
1527-7,감사원,1527,S03391,srno,pdf_conv,recall,
1527-8,감사원,1527,S03391,srno,pdf_conv,,
1527-9,감사원,1527,S03391,srno,pdf_conv,분야축,
1527-10,감사원,1527,S03391,srno,pdf_conv,분야축,
1528-1,감사원,1528,S03392,srno,pdf_conv,,
1528-2,감사원,1528,S03392,srno,pdf_conv,,
1528-3,감사원,1528,S03392,srno,pdf_conv,,
1528-4,감사원,1528,S03392,srno,pdf_conv,,
1528-5,감사원,1528,S03392,srno,pdf_conv,,
1528-6,감사원,1528,S03392,srno,pdf_conv,,
1528-7,감사원,1528,S03392,srno,pdf_conv,,
1528-8,감사원,1528,S03392,srno,pdf_conv,,
1528-9,감사원,1528,S03392,srno,pdf_conv,,
1528-10,감사원,1528,S03392,srno,pdf_conv,recall,
1528-11,감사원,1528,S03392,srno,pdf_conv,,
1529-1,감사원,1529,S03393,srno,pdf_conv,분야축,
1530-1,감사원,1530,S03394,srno,pdf_conv,,
1530-2,감사원,1530,S03394,srno,pdf_conv,,
1530-3,감사원,1530,S03394,srno,pdf_conv,,
1530-4,감사원,1530,S03394,srno,pdf_conv,분야축,
1530-5,감사원,1530,S03394,srno,pdf_conv,,
1530-6,감사원,1530,S03394,srno,pdf_conv,recall,
1530-7,감사원,1530,S03394,srno,pdf_conv,,
1530-8,감사원,1530,S03394,srno,pdf_conv,,
1530-9,감사원,1530,S03394,srno,pdf_conv,,
1530-10,감사원,1530,S03394,srno,pdf_conv,분야축,
1530-11,감사원,1530,S03394,srno,pdf_conv,,
1530-12,감사원,1530,S03394,srno,pdf_conv,,
1530-13,감사원,1530,S03394,srno,pdf_conv,,
1531-1,감사원,1531,S03395,srno,pdf_conv,분야축,
1532-1,감사원,1532,S01412,srno,hwp,,
1532-2,감사원,1532,S01412,srno,hwp,,
1532-3,감사원,1532,S01412,srno,hwp,,
1532-4,감사원,1532,S01412,srno,hwp,,
1532-5,감사원,1532,S01412,srno,hwp,,
1532-6,감사원,1532,S01412,srno,hwp,,
1532-7,감사원,1532,S01412,srno,hwp,,
1532-8,감사원,1532,S01412,srno,hwp,,
1532-9,감사원,1532,S01412,srno,hwp,,
1532-10,감사원,1532,S01412,srno,hwp,,
1532-11,감사원,1532,S01412,srno,hwp,,
1532-12,감사원,1532,S01412,srno,hwp,,
1532-13,감사원,1532,S01412,srno,hwp,,
1533-1,감사원,1533,S03396,srno,pdf_conv,,
1533-2,감사원,1533,S03396,srno,pdf_conv,분야축,
1533-3,감사원,1533,S03396,srno,pdf_conv,분야축,
1533-4,감사원,1533,S03396,srno,pdf_conv,,
1533-5,감사원,1533,S03396,srno,pdf_conv,,
1533-6,감사원,1533,S03396,srno,pdf_conv,,
1533-7,감사원,1533,S03396,srno,pdf_conv,,
1533-8,감사원,1533,S03396,srno,pdf_conv,,
1533-9,감사원,1533,S03396,srno,pdf_conv,,
1533-10,감사원,1533,S03396,srno,pdf_conv,분야축,
1533-11,감사원,1533,S03396,srno,pdf_conv,분야축,
1533-12,감사원,1533,S03396,srno,pdf_conv,분야축,
1533-13,감사원,1533,S03396,srno,pdf_conv,분야축,
1533-14,감사원,1533,S03396,srno,pdf_conv,분야축,
1533-15,감사원,1533,S03396,srno,pdf_conv,,
1534-1,감사원,1534,S03397,srno,pdf_conv,recall,
1534-2,감사원,1534,S03397,srno,pdf_conv,,
1534-3,감사원,1534,S03397,srno,pdf_conv,분야축,
1534-4,감사원,1534,S03397,srno,pdf_conv,recall,
1536-1,감사원,1536,S03398,srno,pdf_conv,,
1536-2,감사원,1536,S03398,srno,pdf_conv,분야축,
1536-3,감사원,1536,S03398,srno,pdf_conv,분야축,
1536-4,감사원,1536,S03398,srno,pdf_conv,recall,
1536-5,감사원,1536,S03398,srno,pdf_conv,,
1536-6,감사원,1536,S03398,srno,pdf_conv,분야축,
1536-7,감사원,1536,S03398,srno,pdf_conv,분야축,
1536-8,감사원,1536,S03398,srno,pdf_conv,분야축,
1536-9,감사원,1536,S03398,srno,pdf_conv,분야축,
1536-10,감사원,1536,S03398,srno,pdf_conv,분야축,
1536-11,감사원,1536,S03398,srno,pdf_conv,분야축,
1536-12,감사원,1536,S03398,srno,pdf_conv,분야축,
1536-13,감사원,1536,S03398,srno,pdf_conv,,
1536-14,감사원,1536,S03398,srno,pdf_conv,,
1536-15,감사원,1536,S03398,srno,pdf_conv,분야축,
1536-16,감사원,1536,S03398,srno,pdf_conv,,
1537-1,감사원,1537,S01417,srno,hwp,,
1538-1,감사원,1538,S03399,srno,pdf_conv,분야축,
1538-2,감사원,1538,S03399,srno,pdf_conv,분야축,
1538-3,감사원,1538,S03399,srno,pdf_conv,분야축,
1538-4,감사원,1538,S03399,srno,pdf_conv,분야축,
1538-5,감사원,1538,S03399,srno,pdf_conv,분야축,
1538-6,감사원,1538,S03399,srno,pdf_conv,분야축,
1538-7,감사원,1538,S03399,srno,pdf_conv,분야축,
1538-8,감사원,1538,S03399,srno,pdf_conv,분야축,
1538-9,감사원,1538,S03399,srno,pdf_conv,분야축,
1538-10,감사원,1538,S03399,srno,pdf_conv,분야축,
1538-11,감사원,1538,S03399,srno,pdf_conv,분야축,
1538-12,감사원,1538,S03399,srno,pdf_conv,분야축,
1538-13,감사원,1538,S03399,srno,pdf_conv,분야축,
1538-14,감사원,1538,S03399,srno,pdf_conv,분야축,
1538-15,감사원,1538,S03399,srno,pdf_conv,분야축,
1538-16,감사원,1538,S03399,srno,pdf_conv,분야축,
1538-17,감사원,1538,S03399,srno,pdf_conv,분야축,
1538-18,감사원,1538,S03399,srno,pdf_conv,분야축,
1538-19,감사원,1538,S03399,srno,pdf_conv,분야축,
1538-20,감사원,1538,S03399,srno,pdf_conv,분야축,
1538-21,감사원,1538,S03399,srno,pdf_conv,분야축,
1538-22,감사원,1538,S03399,srno,pdf_conv,분야축,
1538-23,감사원,1538,S03399,srno,pdf_conv,분야축,
1538-24,감사원,1538,S03399,srno,pdf_conv,분야축,
1538-25,감사원,1538,S03399,srno,pdf_conv,분야축,
1538-26,감사원,1538,S03399,srno,pdf_conv,분야축,
1538-27,감사원,1538,S03399,srno,pdf_conv,,
1539-1,감사원,1539,S03400,srno,pdf_conv,,
1539-2,감사원,1539,S03400,srno,pdf_conv,,
1539-3,감사원,1539,S03400,srno,pdf_conv,,
1539-4,감사원,1539,S03400,srno,pdf_conv,,
1539-5,감사원,1539,S03400,srno,pdf_conv,recall,
1539-6,감사원,1539,S03400,srno,pdf_conv,,
1539-7,감사원,1539,S03400,srno,pdf_conv,,
1539-8,감사원,1539,S03400,srno,pdf_conv,,
1539-9,감사원,1539,S03400,srno,pdf_conv,,
1539-10,감사원,1539,S03400,srno,pdf_conv,,
1539-11,감사원,1539,S03400,srno,pdf_conv,분야축,
1539-12,감사원,1539,S03400,srno,pdf_conv,분야축,
1539-13,감사원,1539,S03400,srno,pdf_conv,분야축,
1539-14,감사원,1539,S03400,srno,pdf_conv,분야축,
1539-15,감사원,1539,S03400,srno,pdf_conv,분야축,
1539-16,감사원,1539,S03400,srno,pdf_conv,분야축,
1539-17,감사원,1539,S03400,srno,pdf_conv,분야축,
1539-18,감사원,1539,S03400,srno,pdf_conv,,
1539-19,감사원,1539,S03400,srno,pdf_conv,,
1539-20,감사원,1539,S03400,srno,pdf_conv,,
1539-21,감사원,1539,S03400,srno,pdf_conv,분야축,
1539-22,감사원,1539,S03400,srno,pdf_conv,,
1539-23,감사원,1539,S03400,srno,pdf_conv,분야축,
1539-24,감사원,1539,S03400,srno,pdf_conv,분야축,
1539-25,감사원,1539,S03400,srno,pdf_conv,,
1539-26,감사원,1539,S03400,srno,pdf_conv,,
1539-27,감사원,1539,S03400,srno,pdf_conv,분야축,
1539-28,감사원,1539,S03400,srno,pdf_conv,,
1540-1,감사원,1540,S03401,srno,pdf_conv,recall,
1540-2,감사원,1540,S03401,srno,pdf_conv,,
1540-3,감사원,1540,S03401,srno,pdf_conv,,
1540-4,감사원,1540,S03401,srno,pdf_conv,,
1540-5,감사원,1540,S03401,srno,pdf_conv,분야축,
1540-6,감사원,1540,S03401,srno,pdf_conv,,
1540-7,감사원,1540,S03401,srno,pdf_conv,,
1540-8,감사원,1540,S03401,srno,pdf_conv,,
1540-9,감사원,1540,S03401,srno,pdf_conv,,
1541-1,감사원,1541,S03402,srno,pdf_conv,,
1541-2,감사원,1541,S03402,srno,pdf_conv,,
1541-3,감사원,1541,S03402,srno,pdf_conv,,
1541-4,감사원,1541,S03402,srno,pdf_conv,,
1541-5,감사원,1541,S03402,srno,pdf_conv,,
1541-6,감사원,1541,S03402,srno,pdf_conv,분야축,
1541-7,감사원,1541,S03402,srno,pdf_conv,,
1541-8,감사원,1541,S03402,srno,pdf_conv,,
1541-9,감사원,1541,S03402,srno,pdf_conv,분야축,
1541-10,감사원,1541,S03402,srno,pdf_conv,분야축,
1541-11,감사원,1541,S03402,srno,pdf_conv,분야축,
1541-12,감사원,1541,S03402,srno,pdf_conv,분야축,
1541-13,감사원,1541,S03402,srno,pdf_conv,,
1541-14,감사원,1541,S03402,srno,pdf_conv,,
1541-15,감사원,1541,S03402,srno,pdf_conv,,
1541-16,감사원,1541,S03402,srno,pdf_conv,,
1541-17,감사원,1541,S03402,srno,pdf_conv,분야축,
1541-18,감사원,1541,S03402,srno,pdf_conv,,
1541-19,감사원,1541,S03402,srno,pdf_conv,,
1541-20,감사원,1541,S03402,srno,pdf_conv,,
1541-21,감사원,1541,S03402,srno,pdf_conv,,
1541-22,감사원,1541,S03402,srno,pdf_conv,,
1541-23,감사원,1541,S03402,srno,pdf_conv,,
1541-24,감사원,1541,S03402,srno,pdf_conv,,
1541-25,감사원,1541,S03402,srno,pdf_conv,,
1541-26,감사원,1541,S03402,srno,pdf_conv,,
1541-27,감사원,1541,S03402,srno,pdf_conv,,
1541-28,감사원,1541,S03402,srno,pdf_conv,분야축,
1541-29,감사원,1541,S03402,srno,pdf_conv,분야축,
1541-30,감사원,1541,S03402,srno,pdf_conv,,
1541-31,감사원,1541,S03402,srno,pdf_conv,분야축,
1541-32,감사원,1541,S03402,srno,pdf_conv,,
1541-33,감사원,1541,S03402,srno,pdf_conv,,
1541-34,감사원,1541,S03402,srno,pdf_conv,,
1541-35,감사원,1541,S03402,srno,pdf_conv,,
1542-1,감사원,1542,S03403,srno,pdf_conv,,
1542-2,감사원,1542,S03403,srno,pdf_conv,,
1542-3,감사원,1542,S03403,srno,pdf_conv,,
1542-4,감사원,1542,S03403,srno,pdf_conv,,
1542-5,감사원,1542,S03403,srno,pdf_conv,,
1542-6,감사원,1542,S03403,srno,pdf_conv,,
1542-7,감사원,1542,S03403,srno,pdf_conv,,
1542-8,감사원,1542,S03403,srno,pdf_conv,,
1542-9,감사원,1542,S03403,srno,pdf_conv,,
1542-10,감사원,1542,S03403,srno,pdf_conv,,
1542-11,감사원,1542,S03403,srno,pdf_conv,,
1542-12,감사원,1542,S03403,srno,pdf_conv,,
1542-13,감사원,1542,S03403,srno,pdf_conv,,
1542-14,감사원,1542,S03403,srno,pdf_conv,,
1542-15,감사원,1542,S03403,srno,pdf_conv,,
1542-16,감사원,1542,S03403,srno,pdf_conv,,
1542-17,감사원,1542,S03403,srno,pdf_conv,,
1542-18,감사원,1542,S03403,srno,pdf_conv,,
1542-19,감사원,1542,S03403,srno,pdf_conv,,
1542-20,감사원,1542,S03403,srno,pdf_conv,recall,
1543-1,감사원,1543,S03404,srno,pdf_conv,분야축,
1543-2,감사원,1543,S03404,srno,pdf_conv,분야축,
1544-1,감사원,1544,S03405,srno,pdf_conv,,
1544-2,감사원,1544,S03405,srno,pdf_conv,분야축,
1544-3,감사원,1544,S03405,srno,pdf_conv,분야축,
1544-4,감사원,1544,S03405,srno,pdf_conv,분야축,
1544-5,감사원,1544,S03405,srno,pdf_conv,recall,
1544-6,감사원,1544,S03405,srno,pdf_conv,분야축,
1544-7,감사원,1544,S03405,srno,pdf_conv,,
1545-1,감사원,1545,S01425,srno,hwp,,
1545-2,감사원,1545,S01425,srno,hwp,,
1545-3,감사원,1545,S01425,srno,hwp,,
1545-4,감사원,1545,S01425,srno,hwp,,
1545-5,감사원,1545,S01425,srno,hwp,,
1545-6,감사원,1545,S01425,srno,hwp,,
1545-7,감사원,1545,S01425,srno,hwp,,
1545-8,감사원,1545,S01425,srno,hwp,,
1545-9,감사원,1545,S01425,srno,hwp,,
1545-10,감사원,1545,S01425,srno,hwp,,
1545-11,감사원,1545,S01425,srno,hwp,,
1545-12,감사원,1545,S01425,srno,hwp,,
1545-13,감사원,1545,S01425,srno,hwp,,
1545-14,감사원,1545,S01425,srno,hwp,,
1546-1,감사원,1546,S03406,srno,pdf_conv,,
1546-2,감사원,1546,S03406,srno,pdf_conv,,
1546-3,감사원,1546,S03406,srno,pdf_conv,,
1546-4,감사원,1546,S03406,srno,pdf_conv,,
1546-5,감사원,1546,S03406,srno,pdf_conv,,
1546-6,감사원,1546,S03406,srno,pdf_conv,,
1546-7,감사원,1546,S03406,srno,pdf_conv,분야축,
1546-8,감사원,1546,S03406,srno,pdf_conv,,
1548-1,감사원,1548,S03407,srno,pdf_conv,,
1548-2,감사원,1548,S03407,srno,pdf_conv,,
1548-3,감사원,1548,S03407,srno,pdf_conv,,
1548-4,감사원,1548,S03407,srno,pdf_conv,,
1548-5,감사원,1548,S03407,srno,pdf_conv,,
1548-6,감사원,1548,S03407,srno,pdf_conv,,
1548-7,감사원,1548,S03407,srno,pdf_conv,,
1548-8,감사원,1548,S03407,srno,pdf_conv,,
1548-9,감사원,1548,S03407,srno,pdf_conv,분야축,
1548-10,감사원,1548,S03407,srno,pdf_conv,분야축,
1548-11,감사원,1548,S03407,srno,pdf_conv,분야축,
1548-12,감사원,1548,S03407,srno,pdf_conv,,
1548-13,감사원,1548,S03407,srno,pdf_conv,,
1548-14,감사원,1548,S03407,srno,pdf_conv,,
1548-15,감사원,1548,S03407,srno,pdf_conv,,
1548-16,감사원,1548,S03407,srno,pdf_conv,분야축,
1548-17,감사원,1548,S03407,srno,pdf_conv,,
1548-18,감사원,1548,S03407,srno,pdf_conv,recall,
1548-19,감사원,1548,S03407,srno,pdf_conv,recall,
1548-20,감사원,1548,S03407,srno,pdf_conv,분야축,
1549-1,감사원,1549,S03408,srno,pdf_conv,분야축,
1549-2,감사원,1549,S03408,srno,pdf_conv,분야축,
1549-3,감사원,1549,S03408,srno,pdf_conv,분야축,
1549-4,감사원,1549,S03408,srno,pdf_conv,분야축,
1549-5,감사원,1549,S03408,srno,pdf_conv,분야축,
1549-6,감사원,1549,S03408,srno,pdf_conv,분야축,
1549-7,감사원,1549,S03408,srno,pdf_conv,분야축,
1549-8,감사원,1549,S03408,srno,pdf_conv,분야축,
1549-9,감사원,1549,S03408,srno,pdf_conv,분야축,
1549-10,감사원,1549,S03408,srno,pdf_conv,분야축,
1549-11,감사원,1549,S03408,srno,pdf_conv,분야축,
1549-12,감사원,1549,S03408,srno,pdf_conv,분야축,
1549-13,감사원,1549,S03408,srno,pdf_conv,분야축,
1549-14,감사원,1549,S03408,srno,pdf_conv,분야축,
1550-1,감사원,1550,S03409,srno,pdf_conv,분야축,
1550-2,감사원,1550,S03409,srno,pdf_conv,분야축,
1550-3,감사원,1550,S03409,srno,pdf_conv,분야축,
1550-4,감사원,1550,S03409,srno,pdf_conv,분야축,
1550-5,감사원,1550,S03409,srno,pdf_conv,분야축,
1550-6,감사원,1550,S03409,srno,pdf_conv,분야축,
1550-7,감사원,1550,S03409,srno,pdf_conv,recall,
1550-8,감사원,1550,S03409,srno,pdf_conv,,
1550-9,감사원,1550,S03409,srno,pdf_conv,,
1550-10,감사원,1550,S03409,srno,pdf_conv,recall,
1550-11,감사원,1550,S03409,srno,pdf_conv,recall,
1550-12,감사원,1550,S03409,srno,pdf_conv,,
1550-13,감사원,1550,S03409,srno,pdf_conv,,
1550-14,감사원,1550,S03409,srno,pdf_conv,,
1550-15,감사원,1550,S03409,srno,pdf_conv,,
1550-16,감사원,1550,S03409,srno,pdf_conv,,
1550-17,감사원,1550,S03409,srno,pdf_conv,,
1550-18,감사원,1550,S03409,srno,pdf_conv,분야축,
1550-19,감사원,1550,S03409,srno,pdf_conv,recall,
1550-20,감사원,1550,S03409,srno,pdf_conv,분야축,
1550-21,감사원,1550,S03409,srno,pdf_conv,분야축,
1550-22,감사원,1550,S03409,srno,pdf_conv,,
1550-23,감사원,1550,S03409,srno,pdf_conv,분야축,
1550-24,감사원,1550,S03409,srno,pdf_conv,recall,
1550-25,감사원,1550,S03409,srno,pdf_conv,,
1550-26,감사원,1550,S03409,srno,pdf_conv,,
1550-27,감사원,1550,S03409,srno,pdf_conv,,
1550-28,감사원,1550,S03409,srno,pdf_conv,,
1550-29,감사원,1550,S03409,srno,pdf_conv,,
1550-30,감사원,1550,S03409,srno,pdf_conv,recall,
1550-31,감사원,1550,S03409,srno,pdf_conv,recall,
1550-32,감사원,1550,S03409,srno,pdf_conv,recall,
1550-33,감사원,1550,S03409,srno,pdf_conv,,
1550-34,감사원,1550,S03409,srno,pdf_conv,recall,
1550-35,감사원,1550,S03409,srno,pdf_conv,,
1550-36,감사원,1550,S03409,srno,pdf_conv,recall,
1550-37,감사원,1550,S03409,srno,pdf_conv,분야축,
1550-38,감사원,1550,S03409,srno,pdf_conv,분야축,
1550-39,감사원,1550,S03409,srno,pdf_conv,recall,
1550-40,감사원,1550,S03409,srno,pdf_conv,recall,
1550-41,감사원,1550,S03409,srno,pdf_conv,,
1550-42,감사원,1550,S03409,srno,pdf_conv,,
1550-43,감사원,1550,S03409,srno,pdf_conv,분야축,
1550-44,감사원,1550,S03409,srno,pdf_conv,recall,
1550-45,감사원,1550,S03409,srno,pdf_conv,분야축,
1550-46,감사원,1550,S03409,srno,pdf_conv,recall,
1550-47,감사원,1550,S03409,srno,pdf_conv,recall,
1550-48,감사원,1550,S03409,srno,pdf_conv,,
1550-49,감사원,1550,S03409,srno,pdf_conv,,
1550-50,감사원,1550,S03409,srno,pdf_conv,,
1550-51,감사원,1550,S03409,srno,pdf_conv,,
1550-52,감사원,1550,S03409,srno,pdf_conv,분야축,
1550-53,감사원,1550,S03409,srno,pdf_conv,recall,
1550-54,감사원,1550,S03409,srno,pdf_conv,분야축,
1550-55,감사원,1550,S03409,srno,pdf_conv,recall,
1550-56,감사원,1550,S03409,srno,pdf_conv,,
1550-57,감사원,1550,S03409,srno,pdf_conv,,
1550-58,감사원,1550,S03409,srno,pdf_conv,,
1550-59,감사원,1550,S03409,srno,pdf_conv,,
1551-1,감사원,1551,S03411,srno,pdf_conv,분야축,
1551-2,감사원,1551,S03411,srno,pdf_conv,분야축,
1551-3,감사원,1551,S03411,srno,pdf_conv,분야축,
1551-4,감사원,1551,S03411,srno,pdf_conv,분야축,
1551-5,감사원,1551,S03411,srno,pdf_conv,,
1551-6,감사원,1551,S03411,srno,pdf_conv,분야축,
1551-7,감사원,1551,S03411,srno,pdf_conv,분야축,
1551-8,감사원,1551,S03411,srno,pdf_conv,분야축,
1551-9,감사원,1551,S03411,srno,pdf_conv,,
1551-10,감사원,1551,S03411,srno,pdf_conv,,
1551-11,감사원,1551,S03411,srno,pdf_conv,,
1551-12,감사원,1551,S03411,srno,pdf_conv,분야축,
1551-13,감사원,1551,S03411,srno,pdf_conv,분야축,
1551-14,감사원,1551,S03411,srno,pdf_conv,분야축,
1551-15,감사원,1551,S03411,srno,pdf_conv,,
1551-16,감사원,1551,S03411,srno,pdf_conv,,
1551-17,감사원,1551,S03411,srno,pdf_conv,분야축,
1551-18,감사원,1551,S03411,srno,pdf_conv,분야축,
1552-1,감사원,1552,S03410,srno,pdf_conv,recall,
1552-2,감사원,1552,S03410,srno,pdf_conv,분야축,
1552-3,감사원,1552,S03410,srno,pdf_conv,,
1552-4,감사원,1552,S03410,srno,pdf_conv,분야축,
1552-5,감사원,1552,S03410,srno,pdf_conv,분야축,
1552-6,감사원,1552,S03410,srno,pdf_conv,분야축,
1552-7,감사원,1552,S03410,srno,pdf_conv,분야축,
1552-8,감사원,1552,S03410,srno,pdf_conv,,
1552-9,감사원,1552,S03410,srno,pdf_conv,분야축,
1552-10,감사원,1552,S03410,srno,pdf_conv,분야축,
1552-11,감사원,1552,S03410,srno,pdf_conv,recall,
1552-12,감사원,1552,S03410,srno,pdf_conv,,
1552-13,감사원,1552,S03410,srno,pdf_conv,recall,
1552-14,감사원,1552,S03410,srno,pdf_conv,분야축,
1554-1,감사원,1554,S03412,srno,pdf_conv,,
1554-2,감사원,1554,S03412,srno,pdf_conv,분야축,
1554-3,감사원,1554,S03412,srno,pdf_conv,분야축,
1554-4,감사원,1554,S03412,srno,pdf_conv,분야축,
1554-5,감사원,1554,S03412,srno,pdf_conv,분야축,
1554-6,감사원,1554,S03412,srno,pdf_conv,,
1554-7,감사원,1554,S03412,srno,pdf_conv,분야축,
1554-8,감사원,1554,S03412,srno,pdf_conv,분야축,
1554-9,감사원,1554,S03412,srno,pdf_conv,분야축,
1554-10,감사원,1554,S03412,srno,pdf_conv,분야축,
1554-11,감사원,1554,S03412,srno,pdf_conv,,
1554-12,감사원,1554,S03412,srno,pdf_conv,분야축,
1554-13,감사원,1554,S03412,srno,pdf_conv,분야축,
1554-14,감사원,1554,S03412,srno,pdf_conv,분야축,
1555-1,감사원,1555,S03413,srno,pdf_conv,,
1555-2,감사원,1555,S03413,srno,pdf_conv,,
1555-3,감사원,1555,S03413,srno,pdf_conv,,
1555-4,감사원,1555,S03413,srno,pdf_conv,,
1555-5,감사원,1555,S03413,srno,pdf_conv,분야축,
1555-6,감사원,1555,S03413,srno,pdf_conv,,
1555-7,감사원,1555,S03413,srno,pdf_conv,분야축,
1555-8,감사원,1555,S03413,srno,pdf_conv,,
1555-9,감사원,1555,S03413,srno,pdf_conv,,
1555-10,감사원,1555,S03413,srno,pdf_conv,,
1555-11,감사원,1555,S03413,srno,pdf_conv,,
1555-12,감사원,1555,S03413,srno,pdf_conv,,
1555-13,감사원,1555,S03413,srno,pdf_conv,,
1555-14,감사원,1555,S03413,srno,pdf_conv,,
1555-15,감사원,1555,S03413,srno,pdf_conv,,
1555-16,감사원,1555,S03413,srno,pdf_conv,분야축,
1555-17,감사원,1555,S03413,srno,pdf_conv,분야축,
1556-1,감사원,1556,S03414,srno,pdf_conv,,
1556-2,감사원,1556,S03414,srno,pdf_conv,분야축,
1556-3,감사원,1556,S03414,srno,pdf_conv,,
1556-4,감사원,1556,S03414,srno,pdf_conv,,
1556-5,감사원,1556,S03414,srno,pdf_conv,,
1556-6,감사원,1556,S03414,srno,pdf_conv,,
1556-7,감사원,1556,S03414,srno,pdf_conv,,
1556-8,감사원,1556,S03414,srno,pdf_conv,,
1556-9,감사원,1556,S03414,srno,pdf_conv,,
1556-10,감사원,1556,S03414,srno,pdf_conv,,
1556-11,감사원,1556,S03414,srno,pdf_conv,,
1556-12,감사원,1556,S03414,srno,pdf_conv,,
1556-13,감사원,1556,S03414,srno,pdf_conv,,
1556-14,감사원,1556,S03414,srno,pdf_conv,,
1556-15,감사원,1556,S03414,srno,pdf_conv,,
1556-16,감사원,1556,S03414,srno,pdf_conv,,
1556-17,감사원,1556,S03414,srno,pdf_conv,,
1556-18,감사원,1556,S03414,srno,pdf_conv,,
1556-19,감사원,1556,S03414,srno,pdf_conv,,
1556-20,감사원,1556,S03414,srno,pdf_conv,,
1556-21,감사원,1556,S03414,srno,pdf_conv,,
1556-22,감사원,1556,S03414,srno,pdf_conv,,
1556-23,감사원,1556,S03414,srno,pdf_conv,,
1556-24,감사원,1556,S03414,srno,pdf_conv,,
1556-25,감사원,1556,S03414,srno,pdf_conv,,
1556-26,감사원,1556,S03414,srno,pdf_conv,분야축,
1556-27,감사원,1556,S03414,srno,pdf_conv,분야축,
1558-1,감사원,1558,S03415,srno,pdf_conv,분야축,
1559-1,감사원,1559,S01442,srno,hwp,,
1560-1,감사원,1560,S03417,srno,pdf_conv,,
1560-2,감사원,1560,S03417,srno,pdf_conv,,
1560-3,감사원,1560,S03417,srno,pdf_conv,,
1560-4,감사원,1560,S03417,srno,pdf_conv,,
1560-5,감사원,1560,S03417,srno,pdf_conv,분야축,
1561-1,감사원,1561,S03418,srno,pdf_conv,분야축,
1561-2,감사원,1561,S03418,srno,pdf_conv,분야축,
1561-3,감사원,1561,S03418,srno,pdf_conv,분야축,
1561-4,감사원,1561,S03418,srno,pdf_conv,,
1561-5,감사원,1561,S03418,srno,pdf_conv,분야축,
1561-6,감사원,1561,S03418,srno,pdf_conv,분야축,
1561-7,감사원,1561,S03418,srno,pdf_conv,분야축,
1561-8,감사원,1561,S03418,srno,pdf_conv,,
1561-9,감사원,1561,S03418,srno,pdf_conv,,
1561-10,감사원,1561,S03418,srno,pdf_conv,분야축,
1565-1,감사원,1565,S03416,srno,pdf_conv,,
1565-2,감사원,1565,S03416,srno,pdf_conv,,
1565-3,감사원,1565,S03416,srno,pdf_conv,분야축,
1565-4,감사원,1565,S03416,srno,pdf_conv,,
1565-5,감사원,1565,S03416,srno,pdf_conv,,
1565-6,감사원,1565,S03416,srno,pdf_conv,,
1565-7,감사원,1565,S03416,srno,pdf_conv,분야축,
1565-8,감사원,1565,S03416,srno,pdf_conv,,
1565-9,감사원,1565,S03416,srno,pdf_conv,,
1565-10,감사원,1565,S03416,srno,pdf_conv,,
1565-11,감사원,1565,S03416,srno,pdf_conv,,
1565-12,감사원,1565,S03416,srno,pdf_conv,,
1565-13,감사원,1565,S03416,srno,pdf_conv,,
1565-14,감사원,1565,S03416,srno,pdf_conv,,
1565-15,감사원,1565,S03416,srno,pdf_conv,,
1565-16,감사원,1565,S03416,srno,pdf_conv,,
1565-17,감사원,1565,S03416,srno,pdf_conv,분야축,
1565-18,감사원,1565,S03416,srno,pdf_conv,분야축,
1565-19,감사원,1565,S03416,srno,pdf_conv,,
1565-20,감사원,1565,S03416,srno,pdf_conv,분야축,
1565-21,감사원,1565,S03416,srno,pdf_conv,,
1565-22,감사원,1565,S03416,srno,pdf_conv,,
1565-23,감사원,1565,S03416,srno,pdf_conv,,
1565-24,감사원,1565,S03416,srno,pdf_conv,,
1565-25,감사원,1565,S03416,srno,pdf_conv,,
1565-26,감사원,1565,S03416,srno,pdf_conv,,
1565-27,감사원,1565,S03416,srno,pdf_conv,,
1565-28,감사원,1565,S03416,srno,pdf_conv,,
1565-29,감사원,1565,S03416,srno,pdf_conv,분야축,
1565-30,감사원,1565,S03416,srno,pdf_conv,,
1565-31,감사원,1565,S03416,srno,pdf_conv,,
1565-32,감사원,1565,S03416,srno,pdf_conv,,
1565-33,감사원,1565,S03416,srno,pdf_conv,,
1566-1,감사원,1566,S03419,srno,pdf_conv,분야축,
1567-1,감사원,1567,S03420,srno,pdf_conv,분야축,
1567-2,감사원,1567,S03420,srno,pdf_conv,분야축,
1567-3,감사원,1567,S03420,srno,pdf_conv,분야축,
1567-4,감사원,1567,S03420,srno,pdf_conv,분야축,
1567-5,감사원,1567,S03420,srno,pdf_conv,분야축,
1567-6,감사원,1567,S03420,srno,pdf_conv,분야축,
1567-7,감사원,1567,S03420,srno,pdf_conv,분야축,
1567-8,감사원,1567,S03420,srno,pdf_conv,분야축,
1567-9,감사원,1567,S03420,srno,pdf_conv,분야축,
1567-10,감사원,1567,S03420,srno,pdf_conv,분야축,
1567-11,감사원,1567,S03420,srno,pdf_conv,분야축,
1567-12,감사원,1567,S03420,srno,pdf_conv,분야축,
1567-13,감사원,1567,S03420,srno,pdf_conv,분야축,
1567-14,감사원,1567,S03420,srno,pdf_conv,분야축,
1567-15,감사원,1567,S03420,srno,pdf_conv,분야축,
1567-16,감사원,1567,S03420,srno,pdf_conv,분야축,
1567-17,감사원,1567,S03420,srno,pdf_conv,분야축,
1567-18,감사원,1567,S03420,srno,pdf_conv,분야축,
1567-19,감사원,1567,S03420,srno,pdf_conv,분야축,
1567-20,감사원,1567,S03420,srno,pdf_conv,,
1567-21,감사원,1567,S03420,srno,pdf_conv,분야축,
1567-22,감사원,1567,S03420,srno,pdf_conv,,
1567-23,감사원,1567,S03420,srno,pdf_conv,,
1567-24,감사원,1567,S03420,srno,pdf_conv,,
1567-25,감사원,1567,S03420,srno,pdf_conv,분야축,
1567-26,감사원,1567,S03420,srno,pdf_conv,분야축,
1567-27,감사원,1567,S03420,srno,pdf_conv,분야축,
1567-28,감사원,1567,S03420,srno,pdf_conv,분야축,
1567-29,감사원,1567,S03420,srno,pdf_conv,,
1567-30,감사원,1567,S03420,srno,pdf_conv,분야축,
1567-31,감사원,1567,S03420,srno,pdf_conv,분야축,
1567-32,감사원,1567,S03420,srno,pdf_conv,,
1567-33,감사원,1567,S03420,srno,pdf_conv,,
1567-34,감사원,1567,S03420,srno,pdf_conv,recall,
1567-35,감사원,1567,S03420,srno,pdf_conv,recall,
1567-36,감사원,1567,S03420,srno,pdf_conv,분야축,
1568-1,감사원,1568,S03421,srno,pdf_conv,분야축,
1568-2,감사원,1568,S03421,srno,pdf_conv,분야축,
1568-3,감사원,1568,S03421,srno,pdf_conv,분야축,
1568-4,감사원,1568,S03421,srno,pdf_conv,,
1568-5,감사원,1568,S03421,srno,pdf_conv,분야축,
1568-6,감사원,1568,S03421,srno,pdf_conv,,
1568-7,감사원,1568,S03421,srno,pdf_conv,분야축,
1568-8,감사원,1568,S03421,srno,pdf_conv,분야축,
1568-9,감사원,1568,S03421,srno,pdf_conv,,
1568-10,감사원,1568,S03421,srno,pdf_conv,분야축,
1568-11,감사원,1568,S03421,srno,pdf_conv,분야축,
1568-12,감사원,1568,S03421,srno,pdf_conv,분야축,
1568-13,감사원,1568,S03421,srno,pdf_conv,,
1568-14,감사원,1568,S03421,srno,pdf_conv,분야축,
1568-15,감사원,1568,S03421,srno,pdf_conv,recall,
1568-16,감사원,1568,S03421,srno,pdf_conv,분야축,
1568-17,감사원,1568,S03421,srno,pdf_conv,,
1568-18,감사원,1568,S03421,srno,pdf_conv,recall,
1568-19,감사원,1568,S03421,srno,pdf_conv,분야축,
1568-20,감사원,1568,S03421,srno,pdf_conv,,
1569-1,감사원,1569,S03422,srno,pdf_conv,,
1569-2,감사원,1569,S03422,srno,pdf_conv,,
1569-3,감사원,1569,S03422,srno,pdf_conv,,
1569-4,감사원,1569,S03422,srno,pdf_conv,분야축,
1569-5,감사원,1569,S03422,srno,pdf_conv,,
1569-6,감사원,1569,S03422,srno,pdf_conv,분야축,
1569-7,감사원,1569,S03422,srno,pdf_conv,,
1569-8,감사원,1569,S03422,srno,pdf_conv,,
1569-9,감사원,1569,S03422,srno,pdf_conv,분야축,
1569-10,감사원,1569,S03422,srno,pdf_conv,분야축,
1569-11,감사원,1569,S03422,srno,pdf_conv,,
1569-12,감사원,1569,S03422,srno,pdf_conv,분야축,
1569-13,감사원,1569,S03422,srno,pdf_conv,,
1569-14,감사원,1569,S03422,srno,pdf_conv,,
1569-15,감사원,1569,S03422,srno,pdf_conv,분야축,
1569-16,감사원,1569,S03422,srno,pdf_conv,분야축,
1569-17,감사원,1569,S03422,srno,pdf_conv,분야축,
1570-1,감사원,1570,S01473,srno,hwp,,
1571-1,감사원,1571,S03423,srno,pdf_conv,분야축,
1571-2,감사원,1571,S03423,srno,pdf_conv,분야축,
1571-3,감사원,1571,S03423,srno,pdf_conv,분야축,
1571-4,감사원,1571,S03423,srno,pdf_conv,분야축,
1571-5,감사원,1571,S03423,srno,pdf_conv,분야축,
1571-6,감사원,1571,S03423,srno,pdf_conv,분야축,
1572-1,감사원,1572,S03424,srno,pdf_conv,분야축,
1572-2,감사원,1572,S03424,srno,pdf_conv,분야축,
1572-3,감사원,1572,S03424,srno,pdf_conv,분야축,
1572-4,감사원,1572,S03424,srno,pdf_conv,,
1572-5,감사원,1572,S03424,srno,pdf_conv,분야축,
1572-6,감사원,1572,S03424,srno,pdf_conv,분야축,
1572-7,감사원,1572,S03424,srno,pdf_conv,분야축,
1572-8,감사원,1572,S03424,srno,pdf_conv,분야축,
1572-9,감사원,1572,S03424,srno,pdf_conv,분야축,
1572-10,감사원,1572,S03424,srno,pdf_conv,분야축,
1572-11,감사원,1572,S03424,srno,pdf_conv,분야축,
1573-1,감사원,1573,S03425,srno,pdf_conv,분야축,
1573-2,감사원,1573,S03425,srno,pdf_conv,,
1573-3,감사원,1573,S03425,srno,pdf_conv,,
1573-4,감사원,1573,S03425,srno,pdf_conv,,
1573-5,감사원,1573,S03425,srno,pdf_conv,,
1573-6,감사원,1573,S03425,srno,pdf_conv,,
1573-7,감사원,1573,S03425,srno,pdf_conv,,
1573-8,감사원,1573,S03425,srno,pdf_conv,,
1573-9,감사원,1573,S03425,srno,pdf_conv,,
1573-10,감사원,1573,S03425,srno,pdf_conv,분야축,
1573-11,감사원,1573,S03425,srno,pdf_conv,분야축,
1573-12,감사원,1573,S03425,srno,pdf_conv,,
1573-13,감사원,1573,S03425,srno,pdf_conv,recall,
1574-1,감사원,1574,S03426,srno,pdf_conv,분야축,
1574-2,감사원,1574,S03426,srno,pdf_conv,,
1574-3,감사원,1574,S03426,srno,pdf_conv,분야축,
1574-4,감사원,1574,S03426,srno,pdf_conv,분야축,
1574-5,감사원,1574,S03426,srno,pdf_conv,분야축,
1574-6,감사원,1574,S03426,srno,pdf_conv,,
1574-7,감사원,1574,S03426,srno,pdf_conv,,
1574-8,감사원,1574,S03426,srno,pdf_conv,,
1575-1,감사원,1575,S03427,srno,pdf_conv,,
1575-2,감사원,1575,S03427,srno,pdf_conv,분야축,
1575-3,감사원,1575,S03427,srno,pdf_conv,분야축,
1575-4,감사원,1575,S03427,srno,pdf_conv,,
1575-5,감사원,1575,S03427,srno,pdf_conv,분야축,
1575-6,감사원,1575,S03427,srno,pdf_conv,분야축,
1575-7,감사원,1575,S03427,srno,pdf_conv,분야축,
1575-8,감사원,1575,S03427,srno,pdf_conv,분야축,
1575-9,감사원,1575,S03427,srno,pdf_conv,,
1575-10,감사원,1575,S03427,srno,pdf_conv,분야축,
1575-11,감사원,1575,S03427,srno,pdf_conv,분야축,
1575-12,감사원,1575,S03427,srno,pdf_conv,분야축,
1575-13,감사원,1575,S03427,srno,pdf_conv,분야축,
1575-14,감사원,1575,S03427,srno,pdf_conv,분야축,
1575-15,감사원,1575,S03427,srno,pdf_conv,분야축,
1575-16,감사원,1575,S03427,srno,pdf_conv,분야축,
1575-17,감사원,1575,S03427,srno,pdf_conv,분야축,
1575-18,감사원,1575,S03427,srno,pdf_conv,분야축,
1575-19,감사원,1575,S03427,srno,pdf_conv,분야축,
1575-20,감사원,1575,S03427,srno,pdf_conv,분야축,
1575-21,감사원,1575,S03427,srno,pdf_conv,분야축,
1575-22,감사원,1575,S03427,srno,pdf_conv,,
1575-23,감사원,1575,S03427,srno,pdf_conv,분야축,
1575-24,감사원,1575,S03427,srno,pdf_conv,,
1575-25,감사원,1575,S03427,srno,pdf_conv,분야축,
1575-26,감사원,1575,S03427,srno,pdf_conv,분야축,
1575-27,감사원,1575,S03427,srno,pdf_conv,분야축,
1575-28,감사원,1575,S03427,srno,pdf_conv,,
1575-29,감사원,1575,S03427,srno,pdf_conv,분야축,
1576-1,감사원,1576,S03428,srno,pdf_conv,,
1576-2,감사원,1576,S03428,srno,pdf_conv,,
1576-3,감사원,1576,S03428,srno,pdf_conv,분야축,
1576-4,감사원,1576,S03428,srno,pdf_conv,,
1576-5,감사원,1576,S03428,srno,pdf_conv,,
1576-6,감사원,1576,S03428,srno,pdf_conv,,
1576-7,감사원,1576,S03428,srno,pdf_conv,,
1577-1,감사원,1577,S03429,srno,pdf_conv,분야축,
1577-2,감사원,1577,S03429,srno,pdf_conv,분야축,
1577-3,감사원,1577,S03429,srno,pdf_conv,,
1577-4,감사원,1577,S03429,srno,pdf_conv,분야축,
1577-5,감사원,1577,S03429,srno,pdf_conv,분야축,
1577-6,감사원,1577,S03429,srno,pdf_conv,분야축,
1577-7,감사원,1577,S03429,srno,pdf_conv,분야축,
1577-8,감사원,1577,S03429,srno,pdf_conv,분야축,
1577-9,감사원,1577,S03429,srno,pdf_conv,분야축,
1577-10,감사원,1577,S03429,srno,pdf_conv,분야축,
1577-11,감사원,1577,S03429,srno,pdf_conv,분야축,
1577-12,감사원,1577,S03429,srno,pdf_conv,분야축,
1577-13,감사원,1577,S03429,srno,pdf_conv,분야축,
1577-14,감사원,1577,S03429,srno,pdf_conv,분야축,
1577-15,감사원,1577,S03429,srno,pdf_conv,분야축,
1577-16,감사원,1577,S03429,srno,pdf_conv,분야축,
1577-17,감사원,1577,S03429,srno,pdf_conv,분야축,
1577-18,감사원,1577,S03429,srno,pdf_conv,분야축,
1577-19,감사원,1577,S03429,srno,pdf_conv,분야축,
1577-20,감사원,1577,S03429,srno,pdf_conv,분야축,
1577-21,감사원,1577,S03429,srno,pdf_conv,분야축,
1577-22,감사원,1577,S03429,srno,pdf_conv,,
1577-23,감사원,1577,S03429,srno,pdf_conv,분야축,
1577-24,감사원,1577,S03429,srno,pdf_conv,분야축,
1577-25,감사원,1577,S03429,srno,pdf_conv,분야축,
1577-26,감사원,1577,S03429,srno,pdf_conv,분야축,
1577-27,감사원,1577,S03429,srno,pdf_conv,분야축,
1577-28,감사원,1577,S03429,srno,pdf_conv,분야축,
1577-29,감사원,1577,S03429,srno,pdf_conv,분야축,
1577-30,감사원,1577,S03429,srno,pdf_conv,분야축,
1577-31,감사원,1577,S03429,srno,pdf_conv,분야축,
1577-32,감사원,1577,S03429,srno,pdf_conv,,
1577-33,감사원,1577,S03429,srno,pdf_conv,,
1577-34,감사원,1577,S03429,srno,pdf_conv,분야축,
1577-35,감사원,1577,S03429,srno,pdf_conv,분야축,
1577-36,감사원,1577,S03429,srno,pdf_conv,분야축,
1577-37,감사원,1577,S03429,srno,pdf_conv,,
1577-38,감사원,1577,S03429,srno,pdf_conv,분야축,
1577-39,감사원,1577,S03429,srno,pdf_conv,분야축,
1578-1,감사원,1578,S03430,srno,pdf_conv,,
1578-2,감사원,1578,S03430,srno,pdf_conv,,
1578-3,감사원,1578,S03430,srno,pdf_conv,,
1578-4,감사원,1578,S03430,srno,pdf_conv,,
1578-5,감사원,1578,S03430,srno,pdf_conv,,
1578-6,감사원,1578,S03430,srno,pdf_conv,,
1578-7,감사원,1578,S03430,srno,pdf_conv,,
1578-8,감사원,1578,S03430,srno,pdf_conv,,
1578-9,감사원,1578,S03430,srno,pdf_conv,,
1578-10,감사원,1578,S03430,srno,pdf_conv,,
1578-11,감사원,1578,S03430,srno,pdf_conv,분야축,
1578-12,감사원,1578,S03430,srno,pdf_conv,분야축,
1578-13,감사원,1578,S03430,srno,pdf_conv,분야축,
1578-14,감사원,1578,S03430,srno,pdf_conv,분야축,
1578-15,감사원,1578,S03430,srno,pdf_conv,분야축,
1578-16,감사원,1578,S03430,srno,pdf_conv,,
1578-17,감사원,1578,S03430,srno,pdf_conv,,
1578-18,감사원,1578,S03430,srno,pdf_conv,,
1578-19,감사원,1578,S03430,srno,pdf_conv,,
1578-20,감사원,1578,S03430,srno,pdf_conv,분야축,
1578-21,감사원,1578,S03430,srno,pdf_conv,,
1578-22,감사원,1578,S03430,srno,pdf_conv,,
1578-23,감사원,1578,S03430,srno,pdf_conv,,
1578-24,감사원,1578,S03430,srno,pdf_conv,,
1578-25,감사원,1578,S03430,srno,pdf_conv,,
1578-26,감사원,1578,S03430,srno,pdf_conv,,
1578-27,감사원,1578,S03430,srno,pdf_conv,,
1578-28,감사원,1578,S03430,srno,pdf_conv,,
1578-29,감사원,1578,S03430,srno,pdf_conv,,
1578-30,감사원,1578,S03430,srno,pdf_conv,,
1578-31,감사원,1578,S03430,srno,pdf_conv,recall,
1578-32,감사원,1578,S03430,srno,pdf_conv,,
1578-33,감사원,1578,S03430,srno,pdf_conv,,
1578-34,감사원,1578,S03430,srno,pdf_conv,,
1578-35,감사원,1578,S03430,srno,pdf_conv,분야축,
1578-36,감사원,1578,S03430,srno,pdf_conv,분야축,
1578-37,감사원,1578,S03430,srno,pdf_conv,분야축,
1578-38,감사원,1578,S03430,srno,pdf_conv,,
1578-39,감사원,1578,S03430,srno,pdf_conv,,
1578-40,감사원,1578,S03430,srno,pdf_conv,,
1578-41,감사원,1578,S03430,srno,pdf_conv,recall,
1578-42,감사원,1578,S03430,srno,pdf_conv,분야축,
1578-43,감사원,1578,S03430,srno,pdf_conv,,
1578-44,감사원,1578,S03430,srno,pdf_conv,,
1578-45,감사원,1578,S03430,srno,pdf_conv,,
1578-46,감사원,1578,S03430,srno,pdf_conv,,
1578-47,감사원,1578,S03430,srno,pdf_conv,,
1578-48,감사원,1578,S03430,srno,pdf_conv,,
1578-49,감사원,1578,S03430,srno,pdf_conv,,
1578-50,감사원,1578,S03430,srno,pdf_conv,,
1578-51,감사원,1578,S03430,srno,pdf_conv,,
1578-52,감사원,1578,S03430,srno,pdf_conv,,
1578-53,감사원,1578,S03430,srno,pdf_conv,,
1578-54,감사원,1578,S03430,srno,pdf_conv,,
1581-1,감사원,1581,S03431,srno,pdf_conv,분야축,
1581-2,감사원,1581,S03431,srno,pdf_conv,분야축,
1581-3,감사원,1581,S03431,srno,pdf_conv,,
1581-4,감사원,1581,S03431,srno,pdf_conv,분야축,
1581-5,감사원,1581,S03431,srno,pdf_conv,분야축,
1581-6,감사원,1581,S03431,srno,pdf_conv,분야축,
1581-7,감사원,1581,S03431,srno,pdf_conv,recall,
1581-8,감사원,1581,S03431,srno,pdf_conv,분야축,
1581-9,감사원,1581,S03431,srno,pdf_conv,recall,
1581-10,감사원,1581,S03431,srno,pdf_conv,분야축,
1581-11,감사원,1581,S03431,srno,pdf_conv,recall,
1581-12,감사원,1581,S03431,srno,pdf_conv,,
1581-13,감사원,1581,S03431,srno,pdf_conv,,
1582-1,감사원,1582,S03432,srno,pdf_conv,분야축,
1583-1,감사원,1583,S03433,srno,pdf_conv,분야축,
1584-1,감사원,1584,S03434,srno,pdf_conv,,
1584-2,감사원,1584,S03434,srno,pdf_conv,,
1584-3,감사원,1584,S03434,srno,pdf_conv,,
1584-4,감사원,1584,S03434,srno,pdf_conv,,
1584-5,감사원,1584,S03434,srno,pdf_conv,,
1584-6,감사원,1584,S03434,srno,pdf_conv,,
1584-7,감사원,1584,S03434,srno,pdf_conv,,
1584-8,감사원,1584,S03434,srno,pdf_conv,분야축,
1584-9,감사원,1584,S03434,srno,pdf_conv,,
1585-1,감사원,1585,S03435,srno,pdf_conv,분야축,
1585-2,감사원,1585,S03435,srno,pdf_conv,분야축,
1585-3,감사원,1585,S03435,srno,pdf_conv,,
1585-4,감사원,1585,S03435,srno,pdf_conv,분야축,
1585-5,감사원,1585,S03435,srno,pdf_conv,,
1586-1,감사원,1586,S03436,srno,pdf_conv,,
1586-2,감사원,1586,S03436,srno,pdf_conv,,
1586-3,감사원,1586,S03436,srno,pdf_conv,,
1586-4,감사원,1586,S03436,srno,pdf_conv,,
1586-5,감사원,1586,S03436,srno,pdf_conv,분야축,
1586-6,감사원,1586,S03436,srno,pdf_conv,,
1586-7,감사원,1586,S03436,srno,pdf_conv,,
1586-8,감사원,1586,S03436,srno,pdf_conv,,
1586-9,감사원,1586,S03436,srno,pdf_conv,,
1586-10,감사원,1586,S03436,srno,pdf_conv,,
1586-11,감사원,1586,S03436,srno,pdf_conv,,
1587-1,감사원,1587,S01489,srno,hwp,,
1587-2,감사원,1587,S01489,srno,hwp,,
1587-3,감사원,1587,S01489,srno,hwp,,
1587-4,감사원,1587,S01489,srno,hwp,,
1587-5,감사원,1587,S01489,srno,hwp,,
1587-6,감사원,1587,S01489,srno,hwp,,
1587-7,감사원,1587,S01489,srno,hwp,,
1587-8,감사원,1587,S01489,srno,hwp,,
1587-9,감사원,1587,S01489,srno,hwp,,
1587-10,감사원,1587,S01489,srno,hwp,,
1587-11,감사원,1587,S01489,srno,hwp,,
1587-12,감사원,1587,S01489,srno,hwp,,
1587-13,감사원,1587,S01489,srno,hwp,,
1587-14,감사원,1587,S01489,srno,hwp,,
1587-15,감사원,1587,S01489,srno,hwp,,
1587-16,감사원,1587,S01489,srno,hwp,,
1587-17,감사원,1587,S01489,srno,hwp,,
1587-18,감사원,1587,S01489,srno,hwp,,
1587-19,감사원,1587,S01489,srno,hwp,,
1587-20,감사원,1587,S01489,srno,hwp,,
1587-21,감사원,1587,S01489,srno,hwp,,
1587-22,감사원,1587,S01489,srno,hwp,,
1587-23,감사원,1587,S01489,srno,hwp,,
1587-24,감사원,1587,S01489,srno,hwp,,
1587-25,감사원,1587,S01489,srno,hwp,,
1587-26,감사원,1587,S01489,srno,hwp,,
1587-27,감사원,1587,S01489,srno,hwp,,
1587-28,감사원,1587,S01489,srno,hwp,,
1587-29,감사원,1587,S01489,srno,hwp,,
1588-1,감사원,1588,S03437,srno,pdf_conv,,
1588-2,감사원,1588,S03437,srno,pdf_conv,,
1588-3,감사원,1588,S03437,srno,pdf_conv,분야축,
1588-4,감사원,1588,S03437,srno,pdf_conv,분야축,
1588-5,감사원,1588,S03437,srno,pdf_conv,,
1588-6,감사원,1588,S03437,srno,pdf_conv,,
1588-7,감사원,1588,S03437,srno,pdf_conv,,
1588-8,감사원,1588,S03437,srno,pdf_conv,,
1588-9,감사원,1588,S03437,srno,pdf_conv,,
1588-10,감사원,1588,S03437,srno,pdf_conv,,
1588-11,감사원,1588,S03437,srno,pdf_conv,,
1588-12,감사원,1588,S03437,srno,pdf_conv,분야축,
1589-1,감사원,1589,S01491,srno,hwp,,
1589-2,감사원,1589,S01491,srno,hwp,,
1589-3,감사원,1589,S01491,srno,hwp,,
1589-4,감사원,1589,S01491,srno,hwp,,
1589-5,감사원,1589,S01491,srno,hwp,,
1589-6,감사원,1589,S01491,srno,hwp,,
1589-7,감사원,1589,S01491,srno,hwp,,
1589-8,감사원,1589,S01491,srno,hwp,,
1589-9,감사원,1589,S01491,srno,hwp,,
1590-1,감사원,1590,S03438,srno,pdf_conv,,
1590-2,감사원,1590,S03438,srno,pdf_conv,,
1590-3,감사원,1590,S03438,srno,pdf_conv,분야축,
1590-4,감사원,1590,S03438,srno,pdf_conv,분야축,
1590-5,감사원,1590,S03438,srno,pdf_conv,분야축,
1590-6,감사원,1590,S03438,srno,pdf_conv,분야축,
1590-7,감사원,1590,S03438,srno,pdf_conv,분야축,
1590-8,감사원,1590,S03438,srno,pdf_conv,분야축,
1590-9,감사원,1590,S03438,srno,pdf_conv,분야축,
1590-10,감사원,1590,S03438,srno,pdf_conv,분야축,
1590-11,감사원,1590,S03438,srno,pdf_conv,분야축,
1590-12,감사원,1590,S03438,srno,pdf_conv,분야축,
1590-13,감사원,1590,S03438,srno,pdf_conv,분야축,
1590-14,감사원,1590,S03438,srno,pdf_conv,,
1590-15,감사원,1590,S03438,srno,pdf_conv,분야축,
1590-16,감사원,1590,S03438,srno,pdf_conv,분야축,
1590-17,감사원,1590,S03438,srno,pdf_conv,분야축,
1590-18,감사원,1590,S03438,srno,pdf_conv,분야축,
1590-19,감사원,1590,S03438,srno,pdf_conv,분야축,
1590-20,감사원,1590,S03438,srno,pdf_conv,분야축,
1590-21,감사원,1590,S03438,srno,pdf_conv,분야축,
1590-22,감사원,1590,S03438,srno,pdf_conv,분야축,
1590-23,감사원,1590,S03438,srno,pdf_conv,분야축,
1590-24,감사원,1590,S03438,srno,pdf_conv,분야축,
1590-25,감사원,1590,S03438,srno,pdf_conv,분야축,
1591-1,감사원,1591,S03439,srno,pdf_conv,,
1591-2,감사원,1591,S03439,srno,pdf_conv,,
1591-3,감사원,1591,S03439,srno,pdf_conv,,
1591-4,감사원,1591,S03439,srno,pdf_conv,분야축,
1591-5,감사원,1591,S03439,srno,pdf_conv,,
1591-6,감사원,1591,S03439,srno,pdf_conv,분야축,
1591-7,감사원,1591,S03439,srno,pdf_conv,,
1591-8,감사원,1591,S03439,srno,pdf_conv,,
1591-9,감사원,1591,S03439,srno,pdf_conv,,
1591-10,감사원,1591,S03439,srno,pdf_conv,분야축,
1591-11,감사원,1591,S03439,srno,pdf_conv,분야축,
1592-1,감사원,1592,S03440,srno,pdf_conv,분야축,
1592-2,감사원,1592,S03440,srno,pdf_conv,분야축,
1592-3,감사원,1592,S03440,srno,pdf_conv,분야축,
1592-4,감사원,1592,S03440,srno,pdf_conv,분야축,
1592-5,감사원,1592,S03440,srno,pdf_conv,분야축,
1592-6,감사원,1592,S03440,srno,pdf_conv,분야축,
1592-7,감사원,1592,S03440,srno,pdf_conv,분야축,
1592-8,감사원,1592,S03440,srno,pdf_conv,분야축,
1592-9,감사원,1592,S03440,srno,pdf_conv,분야축,
1592-10,감사원,1592,S03440,srno,pdf_conv,분야축,
1592-11,감사원,1592,S03440,srno,pdf_conv,분야축,
1592-12,감사원,1592,S03440,srno,pdf_conv,분야축,
1592-13,감사원,1592,S03440,srno,pdf_conv,분야축,
1592-14,감사원,1592,S03440,srno,pdf_conv,분야축,
1592-15,감사원,1592,S03440,srno,pdf_conv,분야축,
1592-16,감사원,1592,S03440,srno,pdf_conv,분야축,
1592-17,감사원,1592,S03440,srno,pdf_conv,분야축,
1592-18,감사원,1592,S03440,srno,pdf_conv,분야축,
1592-19,감사원,1592,S03440,srno,pdf_conv,분야축,
1592-20,감사원,1592,S03440,srno,pdf_conv,분야축,
1592-21,감사원,1592,S03440,srno,pdf_conv,분야축,
1592-22,감사원,1592,S03440,srno,pdf_conv,분야축,
1592-23,감사원,1592,S03440,srno,pdf_conv,분야축,
1592-24,감사원,1592,S03440,srno,pdf_conv,분야축,
1592-25,감사원,1592,S03440,srno,pdf_conv,분야축,
1593-1,감사원,1593,S03441,srno,pdf_conv,recall,
1593-2,감사원,1593,S03441,srno,pdf_conv,recall,
1593-3,감사원,1593,S03441,srno,pdf_conv,recall,
1594-1,감사원,1594,S03442,srno,pdf_conv,분야축,
1594-2,감사원,1594,S03442,srno,pdf_conv,분야축,
1594-3,감사원,1594,S03442,srno,pdf_conv,분야축,
1594-4,감사원,1594,S03442,srno,pdf_conv,분야축,
1594-5,감사원,1594,S03442,srno,pdf_conv,분야축,
1594-6,감사원,1594,S03442,srno,pdf_conv,분야축,
1594-7,감사원,1594,S03442,srno,pdf_conv,분야축,
1594-8,감사원,1594,S03442,srno,pdf_conv,분야축,
1594-9,감사원,1594,S03442,srno,pdf_conv,분야축,
1594-10,감사원,1594,S03442,srno,pdf_conv,분야축,
1594-11,감사원,1594,S03442,srno,pdf_conv,분야축,
1594-12,감사원,1594,S03442,srno,pdf_conv,분야축,
1594-13,감사원,1594,S03442,srno,pdf_conv,분야축,
1594-14,감사원,1594,S03442,srno,pdf_conv,분야축,
1594-15,감사원,1594,S03442,srno,pdf_conv,분야축,
1594-16,감사원,1594,S03442,srno,pdf_conv,분야축,
1594-17,감사원,1594,S03442,srno,pdf_conv,분야축,
1594-18,감사원,1594,S03442,srno,pdf_conv,분야축,
1594-19,감사원,1594,S03442,srno,pdf_conv,분야축,
1594-20,감사원,1594,S03442,srno,pdf_conv,분야축,
1594-21,감사원,1594,S03442,srno,pdf_conv,분야축,
1594-22,감사원,1594,S03442,srno,pdf_conv,분야축,
1594-23,감사원,1594,S03442,srno,pdf_conv,분야축,
1595-1,감사원,1595,S03443,srno,pdf_conv,분야축,
1596-1,감사원,1596,S03444,srno,pdf_conv,분야축,
1596-2,감사원,1596,S03444,srno,pdf_conv,분야축,
1596-3,감사원,1596,S03444,srno,pdf_conv,분야축,
1596-4,감사원,1596,S03444,srno,pdf_conv,분야축,
1596-5,감사원,1596,S03444,srno,pdf_conv,분야축,
1596-6,감사원,1596,S03444,srno,pdf_conv,분야축,
1596-7,감사원,1596,S03444,srno,pdf_conv,분야축,
1596-8,감사원,1596,S03444,srno,pdf_conv,분야축,
1596-9,감사원,1596,S03444,srno,pdf_conv,분야축,
1596-10,감사원,1596,S03444,srno,pdf_conv,분야축,
1596-11,감사원,1596,S03444,srno,pdf_conv,분야축,
1596-12,감사원,1596,S03444,srno,pdf_conv,분야축,
1596-13,감사원,1596,S03444,srno,pdf_conv,분야축,
1596-14,감사원,1596,S03444,srno,pdf_conv,분야축,
1596-15,감사원,1596,S03444,srno,pdf_conv,분야축,
1596-16,감사원,1596,S03444,srno,pdf_conv,분야축,
1596-17,감사원,1596,S03444,srno,pdf_conv,분야축,
1597-1,감사원,1597,S03445,srno,pdf_conv,분야축,
1597-2,감사원,1597,S03445,srno,pdf_conv,,
1597-3,감사원,1597,S03445,srno,pdf_conv,,
1597-4,감사원,1597,S03445,srno,pdf_conv,,
1597-5,감사원,1597,S03445,srno,pdf_conv,,
1597-6,감사원,1597,S03445,srno,pdf_conv,분야축,
1597-7,감사원,1597,S03445,srno,pdf_conv,분야축,
1597-8,감사원,1597,S03445,srno,pdf_conv,분야축,
1597-9,감사원,1597,S03445,srno,pdf_conv,분야축,
1598-1,감사원,1598,S03446,srno,pdf_conv,분야축,
1598-2,감사원,1598,S03446,srno,pdf_conv,분야축,
1598-3,감사원,1598,S03446,srno,pdf_conv,분야축,
1598-4,감사원,1598,S03446,srno,pdf_conv,분야축,
1598-5,감사원,1598,S03446,srno,pdf_conv,분야축,
1598-6,감사원,1598,S03446,srno,pdf_conv,분야축,
1598-7,감사원,1598,S03446,srno,pdf_conv,,
1598-8,감사원,1598,S03446,srno,pdf_conv,분야축,
1598-9,감사원,1598,S03446,srno,pdf_conv,recall,
1598-10,감사원,1598,S03446,srno,pdf_conv,분야축,
1598-11,감사원,1598,S03446,srno,pdf_conv,분야축,
1598-12,감사원,1598,S03446,srno,pdf_conv,분야축,
1598-13,감사원,1598,S03446,srno,pdf_conv,분야축,
1598-14,감사원,1598,S03446,srno,pdf_conv,분야축,
1598-15,감사원,1598,S03446,srno,pdf_conv,분야축,
1598-16,감사원,1598,S03446,srno,pdf_conv,분야축,
1598-17,감사원,1598,S03446,srno,pdf_conv,분야축,
1598-18,감사원,1598,S03446,srno,pdf_conv,분야축,
1598-19,감사원,1598,S03446,srno,pdf_conv,분야축,
1598-20,감사원,1598,S03446,srno,pdf_conv,분야축,
1598-21,감사원,1598,S03446,srno,pdf_conv,분야축,
1598-22,감사원,1598,S03446,srno,pdf_conv,분야축,
1598-23,감사원,1598,S03446,srno,pdf_conv,분야축,
1598-24,감사원,1598,S03446,srno,pdf_conv,분야축,
1599-1,감사원,1599,S03447,srno,pdf_conv,,
1599-2,감사원,1599,S03447,srno,pdf_conv,,
1599-3,감사원,1599,S03447,srno,pdf_conv,,
1599-4,감사원,1599,S03447,srno,pdf_conv,분야축,
1599-5,감사원,1599,S03447,srno,pdf_conv,분야축,
1599-6,감사원,1599,S03447,srno,pdf_conv,,
1599-7,감사원,1599,S03447,srno,pdf_conv,,
1599-8,감사원,1599,S03447,srno,pdf_conv,,
1599-9,감사원,1599,S03447,srno,pdf_conv,분야축,
1599-10,감사원,1599,S03447,srno,pdf_conv,,
1599-11,감사원,1599,S03447,srno,pdf_conv,,
1599-12,감사원,1599,S03447,srno,pdf_conv,,
1599-13,감사원,1599,S03447,srno,pdf_conv,분야축,
1599-14,감사원,1599,S03447,srno,pdf_conv,분야축,
1599-15,감사원,1599,S03447,srno,pdf_conv,,
1599-16,감사원,1599,S03447,srno,pdf_conv,,
1599-17,감사원,1599,S03447,srno,pdf_conv,,
1600-1,감사원,1600,S03448,srno,pdf_conv,,
1600-2,감사원,1600,S03448,srno,pdf_conv,분야축,
1600-3,감사원,1600,S03448,srno,pdf_conv,,
1600-4,감사원,1600,S03448,srno,pdf_conv,,
1600-5,감사원,1600,S03448,srno,pdf_conv,,
1600-6,감사원,1600,S03448,srno,pdf_conv,분야축,
1600-7,감사원,1600,S03448,srno,pdf_conv,분야축,
1600-8,감사원,1600,S03448,srno,pdf_conv,분야축,
1600-9,감사원,1600,S03448,srno,pdf_conv,,
1600-10,감사원,1600,S03448,srno,pdf_conv,,
1600-11,감사원,1600,S03448,srno,pdf_conv,,
1600-12,감사원,1600,S03448,srno,pdf_conv,,
1600-13,감사원,1600,S03448,srno,pdf_conv,recall,
1601-1,감사원,1601,S03449,srno,pdf_conv,,
1601-2,감사원,1601,S03449,srno,pdf_conv,,
1601-3,감사원,1601,S03449,srno,pdf_conv,분야축,
1601-4,감사원,1601,S03449,srno,pdf_conv,분야축,
1601-5,감사원,1601,S03449,srno,pdf_conv,분야축,
1601-6,감사원,1601,S03449,srno,pdf_conv,분야축,
1601-7,감사원,1601,S03449,srno,pdf_conv,분야축,
1601-8,감사원,1601,S03449,srno,pdf_conv,,
1601-9,감사원,1601,S03449,srno,pdf_conv,,
1601-10,감사원,1601,S03449,srno,pdf_conv,,
1601-11,감사원,1601,S03449,srno,pdf_conv,,
1602-1,감사원,1602,S03450,srno,pdf_conv,,
1602-2,감사원,1602,S03450,srno,pdf_conv,,
1602-3,감사원,1602,S03450,srno,pdf_conv,분야축,
1602-4,감사원,1602,S03450,srno,pdf_conv,분야축,
1602-5,감사원,1602,S03450,srno,pdf_conv,분야축,
1603-1,감사원,1603,S03451,srno,pdf_conv,,
1603-2,감사원,1603,S03451,srno,pdf_conv,,
1603-3,감사원,1603,S03451,srno,pdf_conv,,
1603-4,감사원,1603,S03451,srno,pdf_conv,,
1603-5,감사원,1603,S03451,srno,pdf_conv,,
1603-6,감사원,1603,S03451,srno,pdf_conv,,
1603-7,감사원,1603,S03451,srno,pdf_conv,,
1603-8,감사원,1603,S03451,srno,pdf_conv,,
1603-9,감사원,1603,S03451,srno,pdf_conv,recall,
1603-10,감사원,1603,S03451,srno,pdf_conv,,
1603-11,감사원,1603,S03451,srno,pdf_conv,,
1603-12,감사원,1603,S03451,srno,pdf_conv,,
1603-13,감사원,1603,S03451,srno,pdf_conv,,
1603-14,감사원,1603,S03451,srno,pdf_conv,분야축,
1603-15,감사원,1603,S03451,srno,pdf_conv,분야축,
1603-16,감사원,1603,S03451,srno,pdf_conv,,
1603-17,감사원,1603,S03451,srno,pdf_conv,,
1603-18,감사원,1603,S03451,srno,pdf_conv,,
1604-1,감사원,1604,S01506,srno,hwp,,
1605-1,감사원,1605,S03452,srno,pdf_conv,분야축,
1605-2,감사원,1605,S03452,srno,pdf_conv,분야축,
1605-3,감사원,1605,S03452,srno,pdf_conv,분야축,
1605-4,감사원,1605,S03452,srno,pdf_conv,분야축,
1605-5,감사원,1605,S03452,srno,pdf_conv,분야축,
1605-6,감사원,1605,S03452,srno,pdf_conv,분야축,
1605-7,감사원,1605,S03452,srno,pdf_conv,분야축,
1606-1,감사원,1606,S03453,srno,pdf_conv,분야축,
1606-2,감사원,1606,S03453,srno,pdf_conv,분야축,
1606-3,감사원,1606,S03453,srno,pdf_conv,분야축,
1606-4,감사원,1606,S03453,srno,pdf_conv,분야축,
1606-5,감사원,1606,S03453,srno,pdf_conv,분야축,
1606-6,감사원,1606,S03453,srno,pdf_conv,분야축,
1606-7,감사원,1606,S03453,srno,pdf_conv,분야축,
1606-8,감사원,1606,S03453,srno,pdf_conv,분야축,
1606-9,감사원,1606,S03453,srno,pdf_conv,분야축,
1606-10,감사원,1606,S03453,srno,pdf_conv,분야축,
1606-11,감사원,1606,S03453,srno,pdf_conv,분야축,
1606-12,감사원,1606,S03453,srno,pdf_conv,분야축,
1606-13,감사원,1606,S03453,srno,pdf_conv,분야축,
1606-14,감사원,1606,S03453,srno,pdf_conv,분야축,
1606-15,감사원,1606,S03453,srno,pdf_conv,분야축,
1606-16,감사원,1606,S03453,srno,pdf_conv,분야축,
1606-17,감사원,1606,S03453,srno,pdf_conv,분야축,
1606-18,감사원,1606,S03453,srno,pdf_conv,분야축,
1606-19,감사원,1606,S03453,srno,pdf_conv,분야축,
1606-20,감사원,1606,S03453,srno,pdf_conv,분야축,
1606-21,감사원,1606,S03453,srno,pdf_conv,분야축,
1606-22,감사원,1606,S03453,srno,pdf_conv,분야축,
1606-23,감사원,1606,S03453,srno,pdf_conv,분야축,
1606-24,감사원,1606,S03453,srno,pdf_conv,분야축,
1606-25,감사원,1606,S03453,srno,pdf_conv,분야축,
1606-26,감사원,1606,S03453,srno,pdf_conv,분야축,
1606-27,감사원,1606,S03453,srno,pdf_conv,분야축,
1606-28,감사원,1606,S03453,srno,pdf_conv,분야축,
1606-29,감사원,1606,S03453,srno,pdf_conv,분야축,
1606-30,감사원,1606,S03453,srno,pdf_conv,분야축,
1607-1,감사원,1607,S03454,srno,pdf_conv,분야축,
1608-1,감사원,1608,S03455,srno,pdf_conv,분야축,
1608-2,감사원,1608,S03455,srno,pdf_conv,분야축,
1609-1,감사원,1609,S03456,srno,pdf_conv,분야축,
1609-2,감사원,1609,S03456,srno,pdf_conv,분야축,
1609-3,감사원,1609,S03456,srno,pdf_conv,,
1609-4,감사원,1609,S03456,srno,pdf_conv,,
1609-5,감사원,1609,S03456,srno,pdf_conv,,
1609-6,감사원,1609,S03456,srno,pdf_conv,분야축,
1609-7,감사원,1609,S03456,srno,pdf_conv,,
1609-8,감사원,1609,S03456,srno,pdf_conv,,
1609-9,감사원,1609,S03456,srno,pdf_conv,분야축,
1609-10,감사원,1609,S03456,srno,pdf_conv,분야축,
1609-11,감사원,1609,S03456,srno,pdf_conv,분야축,
1610-1,감사원,1610,S01512,srno,hwp,,
1610-2,감사원,1610,S01512,srno,hwp,,
1611-1,감사원,1611,S01513,srno,hwp,,
1611-2,감사원,1611,S01513,srno,hwp,,
1611-3,감사원,1611,S01513,srno,hwp,,
1611-4,감사원,1611,S01513,srno,hwp,,
1611-5,감사원,1611,S01513,srno,hwp,분야축,
1611-6,감사원,1611,S01513,srno,hwp,분야축,
1611-7,감사원,1611,S01513,srno,hwp,분야축,
1611-8,감사원,1611,S01513,srno,hwp,,
1611-9,감사원,1611,S01513,srno,hwp,,
1611-10,감사원,1611,S01513,srno,hwp,분야축,
1611-11,감사원,1611,S01513,srno,hwp,,
1611-12,감사원,1611,S01513,srno,hwp,recall,
1611-13,감사원,1611,S01513,srno,hwp,recall,
1611-14,감사원,1611,S01513,srno,hwp,분야축,
1611-15,감사원,1611,S01513,srno,hwp,,
1612-1,감사원,1612,S01514,srno,hwp,,
1614-1,감사원,1614,S03458,srno,pdf_conv,recall,
1614-2,감사원,1614,S03458,srno,pdf_conv,recall,
1614-3,감사원,1614,S03458,srno,pdf_conv,recall,
1614-4,감사원,1614,S03458,srno,pdf_conv,,
1614-5,감사원,1614,S03458,srno,pdf_conv,recall,
1614-6,감사원,1614,S03458,srno,pdf_conv,분야축,
1614-7,감사원,1614,S03458,srno,pdf_conv,,
1614-8,감사원,1614,S03458,srno,pdf_conv,분야축,
1614-9,감사원,1614,S03458,srno,pdf_conv,,
1614-10,감사원,1614,S03458,srno,pdf_conv,,
1614-11,감사원,1614,S03458,srno,pdf_conv,recall,
1614-12,감사원,1614,S03458,srno,pdf_conv,분야축,
1614-13,감사원,1614,S03458,srno,pdf_conv,,
1614-14,감사원,1614,S03458,srno,pdf_conv,분야축,
1614-15,감사원,1614,S03458,srno,pdf_conv,,
1614-16,감사원,1614,S03458,srno,pdf_conv,,
1614-17,감사원,1614,S03458,srno,pdf_conv,분야축,
1614-18,감사원,1614,S03458,srno,pdf_conv,,
1616-1,감사원,1616,S03457,srno,pdf_conv,분야축,
1616-2,감사원,1616,S03457,srno,pdf_conv,분야축,
1616-3,감사원,1616,S03457,srno,pdf_conv,분야축,
1616-4,감사원,1616,S03457,srno,pdf_conv,recall,
1616-5,감사원,1616,S03457,srno,pdf_conv,분야축,
1616-6,감사원,1616,S03457,srno,pdf_conv,,
1616-7,감사원,1616,S03457,srno,pdf_conv,분야축,
1616-8,감사원,1616,S03457,srno,pdf_conv,분야축,
1616-9,감사원,1616,S03457,srno,pdf_conv,분야축,
1616-10,감사원,1616,S03457,srno,pdf_conv,분야축,
1616-11,감사원,1616,S03457,srno,pdf_conv,분야축,
1616-12,감사원,1616,S03457,srno,pdf_conv,분야축,
1617-1,감사원,1617,S03459,srno,pdf_conv,,
1617-2,감사원,1617,S03459,srno,pdf_conv,,
1617-3,감사원,1617,S03459,srno,pdf_conv,,
1617-4,감사원,1617,S03459,srno,pdf_conv,,
1617-5,감사원,1617,S03459,srno,pdf_conv,,
1617-6,감사원,1617,S03459,srno,pdf_conv,분야축,
1617-7,감사원,1617,S03459,srno,pdf_conv,,
1617-8,감사원,1617,S03459,srno,pdf_conv,분야축,
1617-9,감사원,1617,S03459,srno,pdf_conv,,
1617-10,감사원,1617,S03459,srno,pdf_conv,분야축,
1617-11,감사원,1617,S03459,srno,pdf_conv,분야축,
1617-12,감사원,1617,S03459,srno,pdf_conv,,
1617-13,감사원,1617,S03459,srno,pdf_conv,,
1617-14,감사원,1617,S03459,srno,pdf_conv,분야축,
1617-15,감사원,1617,S03459,srno,pdf_conv,,
1617-16,감사원,1617,S03459,srno,pdf_conv,분야축,
1617-17,감사원,1617,S03459,srno,pdf_conv,분야축,
1617-18,감사원,1617,S03459,srno,pdf_conv,분야축,
1617-19,감사원,1617,S03459,srno,pdf_conv,분야축,
1617-20,감사원,1617,S03459,srno,pdf_conv,,
1617-21,감사원,1617,S03459,srno,pdf_conv,분야축,
1617-22,감사원,1617,S03459,srno,pdf_conv,,
1617-23,감사원,1617,S03459,srno,pdf_conv,,
1617-24,감사원,1617,S03459,srno,pdf_conv,,
1617-25,감사원,1617,S03459,srno,pdf_conv,,
1617-26,감사원,1617,S03459,srno,pdf_conv,,
1617-27,감사원,1617,S03459,srno,pdf_conv,,
1617-28,감사원,1617,S03459,srno,pdf_conv,,
1617-29,감사원,1617,S03459,srno,pdf_conv,,
1617-30,감사원,1617,S03459,srno,pdf_conv,,
1617-31,감사원,1617,S03459,srno,pdf_conv,,
1617-32,감사원,1617,S03459,srno,pdf_conv,분야축,
1617-33,감사원,1617,S03459,srno,pdf_conv,,
1617-34,감사원,1617,S03459,srno,pdf_conv,,
1617-35,감사원,1617,S03459,srno,pdf_conv,,
1617-36,감사원,1617,S03459,srno,pdf_conv,분야축,
1617-37,감사원,1617,S03459,srno,pdf_conv,분야축,
1617-38,감사원,1617,S03459,srno,pdf_conv,,
1617-39,감사원,1617,S03459,srno,pdf_conv,,
1617-40,감사원,1617,S03459,srno,pdf_conv,분야축,
1617-41,감사원,1617,S03459,srno,pdf_conv,분야축,
1618-1,감사원,1618,S03460,srno,pdf_conv,,
1618-2,감사원,1618,S03460,srno,pdf_conv,,
1618-3,감사원,1618,S03460,srno,pdf_conv,,
1618-4,감사원,1618,S03460,srno,pdf_conv,recall,
1618-5,감사원,1618,S03460,srno,pdf_conv,,
1618-6,감사원,1618,S03460,srno,pdf_conv,분야축,
1618-7,감사원,1618,S03460,srno,pdf_conv,,
1618-8,감사원,1618,S03460,srno,pdf_conv,분야축,
1618-9,감사원,1618,S03460,srno,pdf_conv,,
1618-10,감사원,1618,S03460,srno,pdf_conv,,
1619-1,감사원,1619,S01528,srno,hwp,,
1621-1,감사원,1621,S03461,srno,pdf_conv,분야축,
1621-2,감사원,1621,S03461,srno,pdf_conv,,
1621-3,감사원,1621,S03461,srno,pdf_conv,,
1621-4,감사원,1621,S03461,srno,pdf_conv,recall,
1621-5,감사원,1621,S03461,srno,pdf_conv,,
1621-6,감사원,1621,S03461,srno,pdf_conv,분야축,
1621-7,감사원,1621,S03461,srno,pdf_conv,,
1621-8,감사원,1621,S03461,srno,pdf_conv,분야축,
1621-9,감사원,1621,S03461,srno,pdf_conv,분야축,
1621-10,감사원,1621,S03461,srno,pdf_conv,,
1621-11,감사원,1621,S03461,srno,pdf_conv,,
1621-12,감사원,1621,S03461,srno,pdf_conv,,
1621-13,감사원,1621,S03461,srno,pdf_conv,,
1621-14,감사원,1621,S03461,srno,pdf_conv,분야축,
1621-15,감사원,1621,S03461,srno,pdf_conv,,
1621-16,감사원,1621,S03461,srno,pdf_conv,,
1621-17,감사원,1621,S03461,srno,pdf_conv,,
1621-18,감사원,1621,S03461,srno,pdf_conv,,
1621-19,감사원,1621,S03461,srno,pdf_conv,분야축,
1621-20,감사원,1621,S03461,srno,pdf_conv,,
1621-21,감사원,1621,S03461,srno,pdf_conv,,
1621-22,감사원,1621,S03461,srno,pdf_conv,,
1622-1,감사원,1622,S03462,srno,pdf_conv,분야축,
1622-2,감사원,1622,S03462,srno,pdf_conv,분야축,
1622-3,감사원,1622,S03462,srno,pdf_conv,분야축,
1622-4,감사원,1622,S03462,srno,pdf_conv,,
1622-5,감사원,1622,S03462,srno,pdf_conv,,
1622-6,감사원,1622,S03462,srno,pdf_conv,분야축,
1622-7,감사원,1622,S03462,srno,pdf_conv,,
1622-8,감사원,1622,S03462,srno,pdf_conv,분야축,
1622-9,감사원,1622,S03462,srno,pdf_conv,분야축,
1622-10,감사원,1622,S03462,srno,pdf_conv,,
1622-11,감사원,1622,S03462,srno,pdf_conv,분야축,
1622-12,감사원,1622,S03462,srno,pdf_conv,,
1622-13,감사원,1622,S03462,srno,pdf_conv,,
1622-14,감사원,1622,S03462,srno,pdf_conv,분야축,
1622-15,감사원,1622,S03462,srno,pdf_conv,,
1622-16,감사원,1622,S03462,srno,pdf_conv,recall,
1623-1,감사원,1623,S03463,srno,pdf_conv,분야축,
1623-2,감사원,1623,S03463,srno,pdf_conv,,
1623-3,감사원,1623,S03463,srno,pdf_conv,분야축,
1623-4,감사원,1623,S03463,srno,pdf_conv,분야축,
1624-1,감사원,1624,S03464,srno,pdf_conv,분야축,
1625-1,감사원,1625,S03465,srno,pdf_conv,recall,
1625-2,감사원,1625,S03465,srno,pdf_conv,,
1625-3,감사원,1625,S03465,srno,pdf_conv,,
1625-4,감사원,1625,S03465,srno,pdf_conv,,
1625-5,감사원,1625,S03465,srno,pdf_conv,,
1625-6,감사원,1625,S03465,srno,pdf_conv,분야축,
1625-7,감사원,1625,S03465,srno,pdf_conv,,
1626-1,감사원,1626,S03466,srno,pdf_conv,분야축,
1626-2,감사원,1626,S03466,srno,pdf_conv,분야축,
1626-3,감사원,1626,S03466,srno,pdf_conv,분야축,
1626-4,감사원,1626,S03466,srno,pdf_conv,분야축,
1626-5,감사원,1626,S03466,srno,pdf_conv,분야축,
1626-6,감사원,1626,S03466,srno,pdf_conv,분야축,
1626-7,감사원,1626,S03466,srno,pdf_conv,,
1626-8,감사원,1626,S03466,srno,pdf_conv,분야축,
1626-9,감사원,1626,S03466,srno,pdf_conv,분야축,
1626-10,감사원,1626,S03466,srno,pdf_conv,분야축,
1626-11,감사원,1626,S03466,srno,pdf_conv,,
1626-12,감사원,1626,S03466,srno,pdf_conv,,
1626-13,감사원,1626,S03466,srno,pdf_conv,,
1626-14,감사원,1626,S03466,srno,pdf_conv,분야축,
1626-15,감사원,1626,S03466,srno,pdf_conv,,
1626-16,감사원,1626,S03466,srno,pdf_conv,분야축,
1626-17,감사원,1626,S03466,srno,pdf_conv,분야축,
1627-1,감사원,1627,S03467,srno,pdf_conv,분야축,
1627-2,감사원,1627,S03467,srno,pdf_conv,분야축,
1627-3,감사원,1627,S03467,srno,pdf_conv,,
1627-4,감사원,1627,S03467,srno,pdf_conv,분야축,
1627-5,감사원,1627,S03467,srno,pdf_conv,분야축,
1627-6,감사원,1627,S03467,srno,pdf_conv,분야축,
1627-7,감사원,1627,S03467,srno,pdf_conv,분야축,
1627-8,감사원,1627,S03467,srno,pdf_conv,분야축,
1627-9,감사원,1627,S03467,srno,pdf_conv,분야축,
1627-10,감사원,1627,S03467,srno,pdf_conv,분야축,
1627-11,감사원,1627,S03467,srno,pdf_conv,recall,
1627-12,감사원,1627,S03467,srno,pdf_conv,분야축,
1627-13,감사원,1627,S03467,srno,pdf_conv,분야축,
1627-14,감사원,1627,S03467,srno,pdf_conv,분야축,
1628-1,감사원,1628,S01536,srno,hwp,,
1629-1,감사원,1629,S03468,srno,pdf_conv,,
1629-2,감사원,1629,S03468,srno,pdf_conv,,
1629-3,감사원,1629,S03468,srno,pdf_conv,분야축,
1629-4,감사원,1629,S03468,srno,pdf_conv,분야축,
1629-5,감사원,1629,S03468,srno,pdf_conv,분야축,
1629-6,감사원,1629,S03468,srno,pdf_conv,분야축,
1629-7,감사원,1629,S03468,srno,pdf_conv,분야축,
1629-8,감사원,1629,S03468,srno,pdf_conv,분야축,
1629-9,감사원,1629,S03468,srno,pdf_conv,분야축,
1629-10,감사원,1629,S03468,srno,pdf_conv,분야축,
1630-1,감사원,1630,S03469,srno,pdf_conv,분야축,
1630-2,감사원,1630,S03469,srno,pdf_conv,분야축,
1630-3,감사원,1630,S03469,srno,pdf_conv,,
1630-4,감사원,1630,S03469,srno,pdf_conv,,
1630-5,감사원,1630,S03469,srno,pdf_conv,분야축,
1630-6,감사원,1630,S03469,srno,pdf_conv,recall,
1630-7,감사원,1630,S03469,srno,pdf_conv,분야축,
1630-8,감사원,1630,S03469,srno,pdf_conv,,
1630-9,감사원,1630,S03469,srno,pdf_conv,,
1630-10,감사원,1630,S03469,srno,pdf_conv,,
1630-11,감사원,1630,S03469,srno,pdf_conv,분야축,
1631-1,감사원,1631,S03470,srno,pdf_conv,분야축,
1631-2,감사원,1631,S03470,srno,pdf_conv,분야축,
1632-1,감사원,1632,S03471,srno,pdf_conv,,
1632-2,감사원,1632,S03471,srno,pdf_conv,,
1632-3,감사원,1632,S03471,srno,pdf_conv,,
1632-4,감사원,1632,S03471,srno,pdf_conv,분야축,
1632-5,감사원,1632,S03471,srno,pdf_conv,,
1632-6,감사원,1632,S03471,srno,pdf_conv,,
1633-1,감사원,1633,S01541,srno,hwp,,
1636-1,감사원,1636,S03472,srno,pdf_conv,분야축,
1636-2,감사원,1636,S03472,srno,pdf_conv,,
1636-3,감사원,1636,S03472,srno,pdf_conv,recall,
1636-4,감사원,1636,S03472,srno,pdf_conv,recall,
1636-5,감사원,1636,S03472,srno,pdf_conv,,
1636-6,감사원,1636,S03472,srno,pdf_conv,,
1636-7,감사원,1636,S03472,srno,pdf_conv,분야축,
1636-8,감사원,1636,S03472,srno,pdf_conv,분야축,
1636-9,감사원,1636,S03472,srno,pdf_conv,recall,
1636-10,감사원,1636,S03472,srno,pdf_conv,recall,
1636-11,감사원,1636,S03472,srno,pdf_conv,recall,
1636-12,감사원,1636,S03472,srno,pdf_conv,recall,
1636-13,감사원,1636,S03472,srno,pdf_conv,분야축,
1636-14,감사원,1636,S03472,srno,pdf_conv,분야축,
1636-15,감사원,1636,S03472,srno,pdf_conv,분야축,
1636-16,감사원,1636,S03472,srno,pdf_conv,분야축,
1636-17,감사원,1636,S03472,srno,pdf_conv,분야축,
1636-18,감사원,1636,S03472,srno,pdf_conv,,
1636-19,감사원,1636,S03472,srno,pdf_conv,,
1636-20,감사원,1636,S03472,srno,pdf_conv,,
1636-21,감사원,1636,S03472,srno,pdf_conv,,
1636-22,감사원,1636,S03472,srno,pdf_conv,분야축,
1636-23,감사원,1636,S03472,srno,pdf_conv,분야축,
1636-24,감사원,1636,S03472,srno,pdf_conv,분야축,
1638-1,감사원,1638,S03473,srno,pdf_conv,분야축,
1638-2,감사원,1638,S03473,srno,pdf_conv,분야축,
1638-3,감사원,1638,S03473,srno,pdf_conv,분야축,
1638-4,감사원,1638,S03473,srno,pdf_conv,분야축,
1638-5,감사원,1638,S03473,srno,pdf_conv,분야축,
1638-6,감사원,1638,S03473,srno,pdf_conv,,
1638-7,감사원,1638,S03473,srno,pdf_conv,분야축,
1638-8,감사원,1638,S03473,srno,pdf_conv,분야축,
1638-9,감사원,1638,S03473,srno,pdf_conv,분야축,
1638-10,감사원,1638,S03473,srno,pdf_conv,분야축,
1638-11,감사원,1638,S03473,srno,pdf_conv,분야축,
1638-12,감사원,1638,S03473,srno,pdf_conv,분야축,
1638-13,감사원,1638,S03473,srno,pdf_conv,분야축,
1638-14,감사원,1638,S03473,srno,pdf_conv,분야축,
1638-15,감사원,1638,S03473,srno,pdf_conv,분야축,
1638-16,감사원,1638,S03473,srno,pdf_conv,분야축,
1638-17,감사원,1638,S03473,srno,pdf_conv,분야축,
1638-18,감사원,1638,S03473,srno,pdf_conv,분야축,
1638-19,감사원,1638,S03473,srno,pdf_conv,분야축,
1639-1,감사원,1639,S03474,srno,pdf_conv,,
1639-2,감사원,1639,S03474,srno,pdf_conv,분야축,
1639-3,감사원,1639,S03474,srno,pdf_conv,분야축,
1639-4,감사원,1639,S03474,srno,pdf_conv,분야축,
1639-5,감사원,1639,S03474,srno,pdf_conv,분야축,
1639-6,감사원,1639,S03474,srno,pdf_conv,,
1639-7,감사원,1639,S03474,srno,pdf_conv,,
1639-8,감사원,1639,S03474,srno,pdf_conv,,
1640-1,감사원,1640,S03475,srno,pdf_conv,분야축,
1640-2,감사원,1640,S03475,srno,pdf_conv,분야축,
1640-3,감사원,1640,S03475,srno,pdf_conv,분야축,
1640-4,감사원,1640,S03475,srno,pdf_conv,분야축,
1640-5,감사원,1640,S03475,srno,pdf_conv,분야축,
1640-6,감사원,1640,S03475,srno,pdf_conv,,
1640-7,감사원,1640,S03475,srno,pdf_conv,,
1640-8,감사원,1640,S03475,srno,pdf_conv,분야축,
1640-9,감사원,1640,S03475,srno,pdf_conv,분야축,
1640-10,감사원,1640,S03475,srno,pdf_conv,분야축,
1640-11,감사원,1640,S03475,srno,pdf_conv,,
1640-12,감사원,1640,S03475,srno,pdf_conv,,
1640-13,감사원,1640,S03475,srno,pdf_conv,,
1640-14,감사원,1640,S03475,srno,pdf_conv,분야축,
1640-15,감사원,1640,S03475,srno,pdf_conv,,
1640-16,감사원,1640,S03475,srno,pdf_conv,분야축,
1640-17,감사원,1640,S03475,srno,pdf_conv,,
1640-18,감사원,1640,S03475,srno,pdf_conv,,
1250-1,감사원,1250,S03204,srno,pdf_conv,,
1250-2,감사원,1250,S03204,srno,pdf_conv,,
1250-3,감사원,1250,S03204,srno,pdf_conv,,
1250-4,감사원,1250,S03204,srno,pdf_conv,분야축,
1250-5,감사원,1250,S03204,srno,pdf_conv,,
1250-6,감사원,1250,S03204,srno,pdf_conv,recall,
1250-7,감사원,1250,S03204,srno,pdf_conv,,
1250-8,감사원,1250,S03204,srno,pdf_conv,,
1250-9,감사원,1250,S03204,srno,pdf_conv,recall,
1250-10,감사원,1250,S03204,srno,pdf_conv,recall,
1250-11,감사원,1250,S03204,srno,pdf_conv,recall,
1250-12,감사원,1250,S03204,srno,pdf_conv,,
1250-13,감사원,1250,S03204,srno,pdf_conv,분야축,
1250-14,감사원,1250,S03204,srno,pdf_conv,,
1250-15,감사원,1250,S03204,srno,pdf_conv,분야축,
1250-16,감사원,1250,S03204,srno,pdf_conv,,
1250-17,감사원,1250,S03204,srno,pdf_conv,분야축,
1250-18,감사원,1250,S03204,srno,pdf_conv,분야축,
1250-19,감사원,1250,S03204,srno,pdf_conv,분야축,
1250-20,감사원,1250,S03204,srno,pdf_conv,분야축,
1250-21,감사원,1250,S03204,srno,pdf_conv,,
1250-22,감사원,1250,S03204,srno,pdf_conv,분야축,
1250-23,감사원,1250,S03204,srno,pdf_conv,,
1250-24,감사원,1250,S03204,srno,pdf_conv,분야축,
1250-25,감사원,1250,S03204,srno,pdf_conv,recall,
1250-26,감사원,1250,S03204,srno,pdf_conv,,
1250-27,감사원,1250,S03204,srno,pdf_conv,,
1250-28,감사원,1250,S03204,srno,pdf_conv,,
1251-1,감사원,1251,S03205,srno,pdf_conv,,
1251-2,감사원,1251,S03205,srno,pdf_conv,,
1251-3,감사원,1251,S03205,srno,pdf_conv,,
1251-4,감사원,1251,S03205,srno,pdf_conv,,
1251-5,감사원,1251,S03205,srno,pdf_conv,,
1251-6,감사원,1251,S03205,srno,pdf_conv,,
1251-7,감사원,1251,S03205,srno,pdf_conv,,
1251-8,감사원,1251,S03205,srno,pdf_conv,,
1251-9,감사원,1251,S03205,srno,pdf_conv,,
1251-10,감사원,1251,S03205,srno,pdf_conv,,
1251-11,감사원,1251,S03205,srno,pdf_conv,,
1251-12,감사원,1251,S03205,srno,pdf_conv,,
1251-13,감사원,1251,S03205,srno,pdf_conv,,
1251-14,감사원,1251,S03205,srno,pdf_conv,,
1251-15,감사원,1251,S03205,srno,pdf_conv,분야축,
1251-16,감사원,1251,S03205,srno,pdf_conv,분야축,
1251-17,감사원,1251,S03205,srno,pdf_conv,,
1251-18,감사원,1251,S03205,srno,pdf_conv,,
1251-19,감사원,1251,S03205,srno,pdf_conv,,
1251-20,감사원,1251,S03205,srno,pdf_conv,,
1251-21,감사원,1251,S03205,srno,pdf_conv,,
1251-22,감사원,1251,S03205,srno,pdf_conv,,
1251-23,감사원,1251,S03205,srno,pdf_conv,,
1251-24,감사원,1251,S03205,srno,pdf_conv,,
1251-25,감사원,1251,S03205,srno,pdf_conv,,
1251-26,감사원,1251,S03205,srno,pdf_conv,,
1251-27,감사원,1251,S03205,srno,pdf_conv,,
1251-28,감사원,1251,S03205,srno,pdf_conv,,
1251-29,감사원,1251,S03205,srno,pdf_conv,,
1251-30,감사원,1251,S03205,srno,pdf_conv,,
1251-31,감사원,1251,S03205,srno,pdf_conv,,
1251-32,감사원,1251,S03205,srno,pdf_conv,,
1251-33,감사원,1251,S03205,srno,pdf_conv,,
1251-34,감사원,1251,S03205,srno,pdf_conv,,
1251-35,감사원,1251,S03205,srno,pdf_conv,,
1251-36,감사원,1251,S03205,srno,pdf_conv,recall,
1252-1,감사원,1252,S03206,srno,pdf_conv,,
1252-2,감사원,1252,S03206,srno,pdf_conv,,
1252-3,감사원,1252,S03206,srno,pdf_conv,,
1252-4,감사원,1252,S03206,srno,pdf_conv,,
1252-5,감사원,1252,S03206,srno,pdf_conv,,
1252-6,감사원,1252,S03206,srno,pdf_conv,,
1252-7,감사원,1252,S03206,srno,pdf_conv,,
1252-8,감사원,1252,S03206,srno,pdf_conv,,
1252-9,감사원,1252,S03206,srno,pdf_conv,,
1252-10,감사원,1252,S03206,srno,pdf_conv,,
1252-11,감사원,1252,S03206,srno,pdf_conv,분야축,
1252-12,감사원,1252,S03206,srno,pdf_conv,,
1252-13,감사원,1252,S03206,srno,pdf_conv,,
1252-14,감사원,1252,S03206,srno,pdf_conv,,
1252-15,감사원,1252,S03206,srno,pdf_conv,,
1252-16,감사원,1252,S03206,srno,pdf_conv,,
1252-17,감사원,1252,S03206,srno,pdf_conv,분야축,
1253-1,감사원,1253,S01060,srno,hwp,,
1253-2,감사원,1253,S01060,srno,hwp,,
1253-3,감사원,1253,S01060,srno,hwp,,
1253-4,감사원,1253,S01060,srno,hwp,,
1253-5,감사원,1253,S01060,srno,hwp,,
1253-6,감사원,1253,S01060,srno,hwp,,
1253-7,감사원,1253,S01060,srno,hwp,,
1253-8,감사원,1253,S01060,srno,hwp,,
1253-9,감사원,1253,S01060,srno,hwp,,
1253-10,감사원,1253,S01060,srno,hwp,,
1253-11,감사원,1253,S01060,srno,hwp,,
1253-12,감사원,1253,S01060,srno,hwp,,
1253-13,감사원,1253,S01060,srno,hwp,,
1253-14,감사원,1253,S01060,srno,hwp,,
1253-15,감사원,1253,S01060,srno,hwp,,
1254-1,감사원,1254,S03207,srno,pdf_conv,분야축,
1254-2,감사원,1254,S03207,srno,pdf_conv,분야축,
1254-3,감사원,1254,S03207,srno,pdf_conv,분야축,
1254-4,감사원,1254,S03207,srno,pdf_conv,분야축,
1254-5,감사원,1254,S03207,srno,pdf_conv,분야축,
1254-6,감사원,1254,S03207,srno,pdf_conv,분야축,
1254-7,감사원,1254,S03207,srno,pdf_conv,,
1254-8,감사원,1254,S03207,srno,pdf_conv,분야축,
1254-9,감사원,1254,S03207,srno,pdf_conv,,
1254-10,감사원,1254,S03207,srno,pdf_conv,,
1254-11,감사원,1254,S03207,srno,pdf_conv,분야축,
1254-12,감사원,1254,S03207,srno,pdf_conv,분야축,
1254-13,감사원,1254,S03207,srno,pdf_conv,분야축,
1254-14,감사원,1254,S03207,srno,pdf_conv,,
1254-15,감사원,1254,S03207,srno,pdf_conv,분야축,
1254-16,감사원,1254,S03207,srno,pdf_conv,분야축,
1254-17,감사원,1254,S03207,srno,pdf_conv,분야축,
1256-1,감사원,1256,S01064,srno,hwp,,
1256-2,감사원,1256,S01064,srno,hwp,,
1256-3,감사원,1256,S01064,srno,hwp,,
1256-4,감사원,1256,S01064,srno,hwp,,
1256-5,감사원,1256,S01064,srno,hwp,,
1256-6,감사원,1256,S01064,srno,hwp,,
1256-7,감사원,1256,S01064,srno,hwp,,
1256-8,감사원,1256,S01064,srno,hwp,,
1256-9,감사원,1256,S01064,srno,hwp,,
1257-1,감사원,1257,S03208,srno,pdf_conv,,
1257-2,감사원,1257,S03208,srno,pdf_conv,분야축,
1257-3,감사원,1257,S03208,srno,pdf_conv,분야축,
1257-4,감사원,1257,S03208,srno,pdf_conv,분야축,
1257-5,감사원,1257,S03208,srno,pdf_conv,,
1257-6,감사원,1257,S03208,srno,pdf_conv,,
1257-7,감사원,1257,S03208,srno,pdf_conv,recall,
1257-8,감사원,1257,S03208,srno,pdf_conv,분야축,
1257-9,감사원,1257,S03208,srno,pdf_conv,분야축,
1257-10,감사원,1257,S03208,srno,pdf_conv,,
1258-1,감사원,1258,S03209,srno,pdf_conv,,
1258-2,감사원,1258,S03209,srno,pdf_conv,분야축,
1258-3,감사원,1258,S03209,srno,pdf_conv,,
1258-4,감사원,1258,S03209,srno,pdf_conv,분야축,
1258-5,감사원,1258,S03209,srno,pdf_conv,,
1258-6,감사원,1258,S03209,srno,pdf_conv,,
1258-7,감사원,1258,S03209,srno,pdf_conv,recall,
1258-8,감사원,1258,S03209,srno,pdf_conv,,
1258-9,감사원,1258,S03209,srno,pdf_conv,,
1258-10,감사원,1258,S03209,srno,pdf_conv,분야축,
1258-11,감사원,1258,S03209,srno,pdf_conv,,
1258-12,감사원,1258,S03209,srno,pdf_conv,분야축,
1258-13,감사원,1258,S03209,srno,pdf_conv,분야축,
1258-14,감사원,1258,S03209,srno,pdf_conv,분야축,
1258-15,감사원,1258,S03209,srno,pdf_conv,분야축,
1259-1,감사원,1259,S03210,srno,pdf_conv,,
1259-2,감사원,1259,S03210,srno,pdf_conv,recall,
1259-3,감사원,1259,S03210,srno,pdf_conv,recall,
1259-4,감사원,1259,S03210,srno,pdf_conv,,
1259-5,감사원,1259,S03210,srno,pdf_conv,,
1259-6,감사원,1259,S03210,srno,pdf_conv,,
1259-7,감사원,1259,S03210,srno,pdf_conv,,
1259-8,감사원,1259,S03210,srno,pdf_conv,분야축,
1259-9,감사원,1259,S03210,srno,pdf_conv,,
1259-10,감사원,1259,S03210,srno,pdf_conv,,
1259-11,감사원,1259,S03210,srno,pdf_conv,,
1260-1,감사원,1260,S03211,srno,pdf_conv,분야축,
1260-2,감사원,1260,S03211,srno,pdf_conv,분야축,
1261-1,감사원,1261,S03212,srno,pdf_conv,분야축,
1261-2,감사원,1261,S03212,srno,pdf_conv,분야축,
1261-3,감사원,1261,S03212,srno,pdf_conv,분야축,
1261-4,감사원,1261,S03212,srno,pdf_conv,분야축,
1261-5,감사원,1261,S03212,srno,pdf_conv,분야축,
1261-6,감사원,1261,S03212,srno,pdf_conv,분야축,
1262-1,감사원,1262,S03213,srno,pdf_conv,,
1262-2,감사원,1262,S03213,srno,pdf_conv,분야축,
1262-3,감사원,1262,S03213,srno,pdf_conv,recall,
1262-4,감사원,1262,S03213,srno,pdf_conv,,
1262-5,감사원,1262,S03213,srno,pdf_conv,분야축,
1262-6,감사원,1262,S03213,srno,pdf_conv,분야축,
1262-7,감사원,1262,S03213,srno,pdf_conv,,
1263-1,감사원,1263,S03215,srno,pdf_conv,분야축,
1263-2,감사원,1263,S03215,srno,pdf_conv,분야축,
1263-3,감사원,1263,S03215,srno,pdf_conv,분야축,
1263-4,감사원,1263,S03215,srno,pdf_conv,분야축,
1263-5,감사원,1263,S03215,srno,pdf_conv,분야축,
1263-6,감사원,1263,S03215,srno,pdf_conv,분야축,
1263-7,감사원,1263,S03215,srno,pdf_conv,분야축,
1263-8,감사원,1263,S03215,srno,pdf_conv,분야축,
1263-9,감사원,1263,S03215,srno,pdf_conv,분야축,
1263-10,감사원,1263,S03215,srno,pdf_conv,분야축,
1263-11,감사원,1263,S03215,srno,pdf_conv,분야축,
1264-1,감사원,1264,S03214,srno,pdf_conv,분야축,
1264-2,감사원,1264,S03214,srno,pdf_conv,분야축,
1264-3,감사원,1264,S03214,srno,pdf_conv,분야축,
1264-4,감사원,1264,S03214,srno,pdf_conv,분야축,
1264-5,감사원,1264,S03214,srno,pdf_conv,분야축,
1264-6,감사원,1264,S03214,srno,pdf_conv,분야축,
1264-7,감사원,1264,S03214,srno,pdf_conv,분야축,
1264-8,감사원,1264,S03214,srno,pdf_conv,분야축,
1264-9,감사원,1264,S03214,srno,pdf_conv,분야축,
1264-10,감사원,1264,S03214,srno,pdf_conv,분야축,
1264-11,감사원,1264,S03214,srno,pdf_conv,분야축,
1264-12,감사원,1264,S03214,srno,pdf_conv,분야축,
1264-13,감사원,1264,S03214,srno,pdf_conv,분야축,
1264-14,감사원,1264,S03214,srno,pdf_conv,분야축,
1264-15,감사원,1264,S03214,srno,pdf_conv,분야축,
1264-16,감사원,1264,S03214,srno,pdf_conv,분야축,
1264-17,감사원,1264,S03214,srno,pdf_conv,분야축,
1264-18,감사원,1264,S03214,srno,pdf_conv,분야축,
1264-19,감사원,1264,S03214,srno,pdf_conv,분야축,
1264-20,감사원,1264,S03214,srno,pdf_conv,,
1264-21,감사원,1264,S03214,srno,pdf_conv,recall,
1264-22,감사원,1264,S03214,srno,pdf_conv,,
1264-23,감사원,1264,S03214,srno,pdf_conv,분야축,
1264-24,감사원,1264,S03214,srno,pdf_conv,분야축,
1264-25,감사원,1264,S03214,srno,pdf_conv,분야축,
1265-1,감사원,1265,S03216,srno,pdf_conv,,
1265-2,감사원,1265,S03216,srno,pdf_conv,분야축,
1265-3,감사원,1265,S03216,srno,pdf_conv,,
1265-4,감사원,1265,S03216,srno,pdf_conv,분야축,
1265-5,감사원,1265,S03216,srno,pdf_conv,,
1265-6,감사원,1265,S03216,srno,pdf_conv,,
1265-7,감사원,1265,S03216,srno,pdf_conv,분야축,
1265-8,감사원,1265,S03216,srno,pdf_conv,,
1265-9,감사원,1265,S03216,srno,pdf_conv,분야축,
1265-10,감사원,1265,S03216,srno,pdf_conv,,
1265-11,감사원,1265,S03216,srno,pdf_conv,,
1265-12,감사원,1265,S03216,srno,pdf_conv,,
1265-13,감사원,1265,S03216,srno,pdf_conv,,
1265-14,감사원,1265,S03216,srno,pdf_conv,,
1265-15,감사원,1265,S03216,srno,pdf_conv,,
1265-16,감사원,1265,S03216,srno,pdf_conv,,
1266-1,감사원,1266,S03217,srno,pdf_conv,,
1266-2,감사원,1266,S03217,srno,pdf_conv,분야축,
1266-3,감사원,1266,S03217,srno,pdf_conv,분야축,
1266-4,감사원,1266,S03217,srno,pdf_conv,분야축,
1266-5,감사원,1266,S03217,srno,pdf_conv,분야축,
1266-6,감사원,1266,S03217,srno,pdf_conv,,
1266-7,감사원,1266,S03217,srno,pdf_conv,,
1266-8,감사원,1266,S03217,srno,pdf_conv,,
1266-9,감사원,1266,S03217,srno,pdf_conv,,
1267-1,감사원,1267,S03218,srno,pdf_conv,,
1267-2,감사원,1267,S03218,srno,pdf_conv,,
1267-3,감사원,1267,S03218,srno,pdf_conv,,
1267-4,감사원,1267,S03218,srno,pdf_conv,,
1267-5,감사원,1267,S03218,srno,pdf_conv,,
1267-6,감사원,1267,S03218,srno,pdf_conv,,
1267-7,감사원,1267,S03218,srno,pdf_conv,,
1267-8,감사원,1267,S03218,srno,pdf_conv,,
1267-9,감사원,1267,S03218,srno,pdf_conv,,
1267-10,감사원,1267,S03218,srno,pdf_conv,,
1267-11,감사원,1267,S03218,srno,pdf_conv,,
1267-12,감사원,1267,S03218,srno,pdf_conv,recall,
1267-13,감사원,1267,S03218,srno,pdf_conv,,
1267-14,감사원,1267,S03218,srno,pdf_conv,,
1267-15,감사원,1267,S03218,srno,pdf_conv,,
1267-16,감사원,1267,S03218,srno,pdf_conv,,
1267-17,감사원,1267,S03218,srno,pdf_conv,분야축,
1267-18,감사원,1267,S03218,srno,pdf_conv,recall,
1267-19,감사원,1267,S03218,srno,pdf_conv,,
1267-20,감사원,1267,S03218,srno,pdf_conv,,
1267-21,감사원,1267,S03218,srno,pdf_conv,,
1267-22,감사원,1267,S03218,srno,pdf_conv,,
1267-23,감사원,1267,S03218,srno,pdf_conv,,
1267-24,감사원,1267,S03218,srno,pdf_conv,,
1267-25,감사원,1267,S03218,srno,pdf_conv,분야축,
1267-26,감사원,1267,S03218,srno,pdf_conv,분야축,
1267-27,감사원,1267,S03218,srno,pdf_conv,분야축,
1267-28,감사원,1267,S03218,srno,pdf_conv,,
1267-29,감사원,1267,S03218,srno,pdf_conv,recall,
1267-30,감사원,1267,S03218,srno,pdf_conv,recall,
1269-1,감사원,1269,S03219,srno,pdf_conv,,
1269-2,감사원,1269,S03219,srno,pdf_conv,분야축,
1269-3,감사원,1269,S03219,srno,pdf_conv,분야축,
1269-4,감사원,1269,S03219,srno,pdf_conv,분야축,
1269-5,감사원,1269,S03219,srno,pdf_conv,,
1269-6,감사원,1269,S03219,srno,pdf_conv,,
1269-7,감사원,1269,S03219,srno,pdf_conv,분야축,
1269-8,감사원,1269,S03219,srno,pdf_conv,분야축,
1269-9,감사원,1269,S03219,srno,pdf_conv,분야축,
1269-10,감사원,1269,S03219,srno,pdf_conv,,
1269-11,감사원,1269,S03219,srno,pdf_conv,,
1269-12,감사원,1269,S03219,srno,pdf_conv,,
1269-13,감사원,1269,S03219,srno,pdf_conv,,
1269-14,감사원,1269,S03219,srno,pdf_conv,,
1269-15,감사원,1269,S03219,srno,pdf_conv,,
1269-16,감사원,1269,S03219,srno,pdf_conv,,
1269-17,감사원,1269,S03219,srno,pdf_conv,분야축,
1269-18,감사원,1269,S03219,srno,pdf_conv,분야축,
1269-19,감사원,1269,S03219,srno,pdf_conv,분야축,
1269-20,감사원,1269,S03219,srno,pdf_conv,분야축,
1269-21,감사원,1269,S03219,srno,pdf_conv,recall,
1269-22,감사원,1269,S03219,srno,pdf_conv,,
1269-23,감사원,1269,S03219,srno,pdf_conv,분야축,
1269-24,감사원,1269,S03219,srno,pdf_conv,,
1269-25,감사원,1269,S03219,srno,pdf_conv,분야축,
1269-26,감사원,1269,S03219,srno,pdf_conv,,
1270-1,감사원,1270,S01078,srno,hwp,,
1270-2,감사원,1270,S01078,srno,hwp,,
1270-3,감사원,1270,S01078,srno,hwp,,
1270-4,감사원,1270,S01078,srno,hwp,,
1270-5,감사원,1270,S01078,srno,hwp,,
1270-6,감사원,1270,S01078,srno,hwp,,
1270-7,감사원,1270,S01078,srno,hwp,,
1270-8,감사원,1270,S01078,srno,hwp,,
1271-1,감사원,1271,S03220,srno,pdf_conv,,
1271-2,감사원,1271,S03220,srno,pdf_conv,,
1271-3,감사원,1271,S03220,srno,pdf_conv,recall,
1271-4,감사원,1271,S03220,srno,pdf_conv,recall,
1271-5,감사원,1271,S03220,srno,pdf_conv,분야축,
1271-6,감사원,1271,S03220,srno,pdf_conv,분야축,
1271-7,감사원,1271,S03220,srno,pdf_conv,,
1271-8,감사원,1271,S03220,srno,pdf_conv,,
1271-9,감사원,1271,S03220,srno,pdf_conv,,
1271-10,감사원,1271,S03220,srno,pdf_conv,분야축,
1271-11,감사원,1271,S03220,srno,pdf_conv,분야축,
1271-12,감사원,1271,S03220,srno,pdf_conv,분야축,
1272-1,감사원,1272,S03221,srno,pdf_conv,,
1272-2,감사원,1272,S03221,srno,pdf_conv,분야축,
1272-3,감사원,1272,S03221,srno,pdf_conv,분야축,
1272-4,감사원,1272,S03221,srno,pdf_conv,분야축,
1272-5,감사원,1272,S03221,srno,pdf_conv,분야축,
1272-6,감사원,1272,S03221,srno,pdf_conv,분야축,
1272-7,감사원,1272,S03221,srno,pdf_conv,,
1272-8,감사원,1272,S03221,srno,pdf_conv,,
1272-9,감사원,1272,S03221,srno,pdf_conv,,
1272-10,감사원,1272,S03221,srno,pdf_conv,분야축,
1272-11,감사원,1272,S03221,srno,pdf_conv,,
1272-12,감사원,1272,S03221,srno,pdf_conv,,
1272-13,감사원,1272,S03221,srno,pdf_conv,분야축,
1272-14,감사원,1272,S03221,srno,pdf_conv,,
1272-15,감사원,1272,S03221,srno,pdf_conv,분야축,
1272-16,감사원,1272,S03221,srno,pdf_conv,분야축,
1272-17,감사원,1272,S03221,srno,pdf_conv,,
1273-1,감사원,1273,S03222,srno,pdf_conv,분야축,
1273-2,감사원,1273,S03222,srno,pdf_conv,분야축,
1273-3,감사원,1273,S03222,srno,pdf_conv,분야축,
1273-4,감사원,1273,S03222,srno,pdf_conv,분야축,
1273-5,감사원,1273,S03222,srno,pdf_conv,분야축,
1273-6,감사원,1273,S03222,srno,pdf_conv,분야축,
1273-7,감사원,1273,S03222,srno,pdf_conv,분야축,
1273-8,감사원,1273,S03222,srno,pdf_conv,분야축,
1273-9,감사원,1273,S03222,srno,pdf_conv,분야축,
1273-10,감사원,1273,S03222,srno,pdf_conv,,
1273-11,감사원,1273,S03222,srno,pdf_conv,,
1273-12,감사원,1273,S03222,srno,pdf_conv,분야축,
1273-13,감사원,1273,S03222,srno,pdf_conv,분야축,
1273-14,감사원,1273,S03222,srno,pdf_conv,분야축,
1273-15,감사원,1273,S03222,srno,pdf_conv,분야축,
1273-16,감사원,1273,S03222,srno,pdf_conv,분야축,
1273-17,감사원,1273,S03222,srno,pdf_conv,분야축,
1273-18,감사원,1273,S03222,srno,pdf_conv,분야축,
1273-19,감사원,1273,S03222,srno,pdf_conv,분야축,
1273-20,감사원,1273,S03222,srno,pdf_conv,분야축,
1273-21,감사원,1273,S03222,srno,pdf_conv,분야축,
1273-22,감사원,1273,S03222,srno,pdf_conv,,
1273-23,감사원,1273,S03222,srno,pdf_conv,,
1273-24,감사원,1273,S03222,srno,pdf_conv,recall,
1273-25,감사원,1273,S03222,srno,pdf_conv,분야축,
1273-26,감사원,1273,S03222,srno,pdf_conv,분야축,
1273-27,감사원,1273,S03222,srno,pdf_conv,분야축,
1273-28,감사원,1273,S03222,srno,pdf_conv,분야축,
1273-29,감사원,1273,S03222,srno,pdf_conv,분야축,
1273-30,감사원,1273,S03222,srno,pdf_conv,분야축,
1276-1,감사원,1276,S03223,srno,pdf_conv,분야축,
1276-2,감사원,1276,S03223,srno,pdf_conv,분야축,
1276-3,감사원,1276,S03223,srno,pdf_conv,분야축,
1276-4,감사원,1276,S03223,srno,pdf_conv,,
1276-5,감사원,1276,S03223,srno,pdf_conv,,
1276-6,감사원,1276,S03223,srno,pdf_conv,,
1276-7,감사원,1276,S03223,srno,pdf_conv,,
1276-8,감사원,1276,S03223,srno,pdf_conv,,
1276-9,감사원,1276,S03223,srno,pdf_conv,,
1276-10,감사원,1276,S03223,srno,pdf_conv,,
1276-11,감사원,1276,S03223,srno,pdf_conv,,
1276-12,감사원,1276,S03223,srno,pdf_conv,,
1276-13,감사원,1276,S03223,srno,pdf_conv,,
1276-14,감사원,1276,S03223,srno,pdf_conv,,
1276-15,감사원,1276,S03223,srno,pdf_conv,,
1276-16,감사원,1276,S03223,srno,pdf_conv,분야축,
1276-17,감사원,1276,S03223,srno,pdf_conv,,
1276-18,감사원,1276,S03223,srno,pdf_conv,,
1276-19,감사원,1276,S03223,srno,pdf_conv,,
1277-1,감사원,1277,S03224,srno,pdf_conv,분야축,
1277-2,감사원,1277,S03224,srno,pdf_conv,분야축,
1277-3,감사원,1277,S03224,srno,pdf_conv,분야축,
1277-4,감사원,1277,S03224,srno,pdf_conv,recall,
1277-5,감사원,1277,S03224,srno,pdf_conv,분야축,
1277-6,감사원,1277,S03224,srno,pdf_conv,분야축,
1277-7,감사원,1277,S03224,srno,pdf_conv,분야축,
1277-8,감사원,1277,S03224,srno,pdf_conv,,
1277-9,감사원,1277,S03224,srno,pdf_conv,분야축,
1277-10,감사원,1277,S03224,srno,pdf_conv,분야축,
1277-11,감사원,1277,S03224,srno,pdf_conv,,
1277-12,감사원,1277,S03224,srno,pdf_conv,분야축,
1277-13,감사원,1277,S03224,srno,pdf_conv,분야축,
1277-14,감사원,1277,S03224,srno,pdf_conv,,
1277-15,감사원,1277,S03224,srno,pdf_conv,,
1277-16,감사원,1277,S03224,srno,pdf_conv,,
1279-1,감사원,1279,S03225,srno,pdf_conv,,
1279-2,감사원,1279,S03225,srno,pdf_conv,,
1279-3,감사원,1279,S03225,srno,pdf_conv,,
1279-4,감사원,1279,S03225,srno,pdf_conv,,
1279-5,감사원,1279,S03225,srno,pdf_conv,,
1279-6,감사원,1279,S03225,srno,pdf_conv,,
1279-7,감사원,1279,S03225,srno,pdf_conv,,
1279-8,감사원,1279,S03225,srno,pdf_conv,분야축,
1279-9,감사원,1279,S03225,srno,pdf_conv,,
1279-10,감사원,1279,S03225,srno,pdf_conv,,
1279-11,감사원,1279,S03225,srno,pdf_conv,,
1279-12,감사원,1279,S03225,srno,pdf_conv,,
1279-13,감사원,1279,S03225,srno,pdf_conv,,
1279-14,감사원,1279,S03225,srno,pdf_conv,,
1279-15,감사원,1279,S03225,srno,pdf_conv,,
1280-1,감사원,1280,S03226,srno,pdf_conv,분야축,
1280-2,감사원,1280,S03226,srno,pdf_conv,,
1280-3,감사원,1280,S03226,srno,pdf_conv,분야축,
1280-4,감사원,1280,S03226,srno,pdf_conv,,
1280-5,감사원,1280,S03226,srno,pdf_conv,분야축,
1280-6,감사원,1280,S03226,srno,pdf_conv,분야축,
1280-7,감사원,1280,S03226,srno,pdf_conv,,
1280-8,감사원,1280,S03226,srno,pdf_conv,,
1280-9,감사원,1280,S03226,srno,pdf_conv,분야축,
1280-10,감사원,1280,S03226,srno,pdf_conv,,
1280-11,감사원,1280,S03226,srno,pdf_conv,recall,
1280-12,감사원,1280,S03226,srno,pdf_conv,분야축,
1280-13,감사원,1280,S03226,srno,pdf_conv,분야축,
1280-14,감사원,1280,S03226,srno,pdf_conv,,
1280-15,감사원,1280,S03226,srno,pdf_conv,,
1280-16,감사원,1280,S03226,srno,pdf_conv,,
1280-17,감사원,1280,S03226,srno,pdf_conv,,
1280-18,감사원,1280,S03226,srno,pdf_conv,,
1282-1,감사원,1282,S03227,srno,pdf_conv,분야축,
1282-2,감사원,1282,S03227,srno,pdf_conv,분야축,
1282-3,감사원,1282,S03227,srno,pdf_conv,,
1282-4,감사원,1282,S03227,srno,pdf_conv,,
1282-5,감사원,1282,S03227,srno,pdf_conv,분야축,
1282-6,감사원,1282,S03227,srno,pdf_conv,분야축,
1282-7,감사원,1282,S03227,srno,pdf_conv,분야축,
1282-8,감사원,1282,S03227,srno,pdf_conv,분야축,
1282-9,감사원,1282,S03227,srno,pdf_conv,분야축,
1283-1,감사원,1283,S03228,srno,pdf_conv,분야축,
1283-2,감사원,1283,S03228,srno,pdf_conv,분야축,
1283-3,감사원,1283,S03228,srno,pdf_conv,분야축,
1283-4,감사원,1283,S03228,srno,pdf_conv,분야축,
1283-5,감사원,1283,S03228,srno,pdf_conv,분야축,
1283-6,감사원,1283,S03228,srno,pdf_conv,분야축,
1283-7,감사원,1283,S03228,srno,pdf_conv,분야축,
1283-8,감사원,1283,S03228,srno,pdf_conv,분야축,
1283-9,감사원,1283,S03228,srno,pdf_conv,분야축,
1283-10,감사원,1283,S03228,srno,pdf_conv,분야축,
1283-11,감사원,1283,S03228,srno,pdf_conv,,
1283-12,감사원,1283,S03228,srno,pdf_conv,분야축,
1285-1,감사원,1285,S03229,srno,pdf_conv,분야축,
1285-2,감사원,1285,S03229,srno,pdf_conv,분야축,
1285-3,감사원,1285,S03229,srno,pdf_conv,분야축,
1285-4,감사원,1285,S03229,srno,pdf_conv,분야축,
1285-5,감사원,1285,S03229,srno,pdf_conv,분야축,
1285-6,감사원,1285,S03229,srno,pdf_conv,분야축,
1285-7,감사원,1285,S03229,srno,pdf_conv,분야축,
1285-8,감사원,1285,S03229,srno,pdf_conv,분야축,
1285-9,감사원,1285,S03229,srno,pdf_conv,분야축,
1285-10,감사원,1285,S03229,srno,pdf_conv,분야축,
1285-11,감사원,1285,S03229,srno,pdf_conv,분야축,
1285-12,감사원,1285,S03229,srno,pdf_conv,분야축,
1286-1,감사원,1286,S03230,srno,pdf_conv,,
1286-2,감사원,1286,S03230,srno,pdf_conv,분야축,
1286-3,감사원,1286,S03230,srno,pdf_conv,분야축,
1286-4,감사원,1286,S03230,srno,pdf_conv,분야축,
1286-5,감사원,1286,S03230,srno,pdf_conv,분야축,
1286-6,감사원,1286,S03230,srno,pdf_conv,분야축,
1286-7,감사원,1286,S03230,srno,pdf_conv,,
1286-8,감사원,1286,S03230,srno,pdf_conv,분야축,
1286-9,감사원,1286,S03230,srno,pdf_conv,분야축,
1286-10,감사원,1286,S03230,srno,pdf_conv,분야축,
1286-11,감사원,1286,S03230,srno,pdf_conv,분야축,
1286-12,감사원,1286,S03230,srno,pdf_conv,,
1286-13,감사원,1286,S03230,srno,pdf_conv,,
1286-14,감사원,1286,S03230,srno,pdf_conv,,
1286-15,감사원,1286,S03230,srno,pdf_conv,분야축,
1286-16,감사원,1286,S03230,srno,pdf_conv,분야축,
1286-17,감사원,1286,S03230,srno,pdf_conv,,
1286-18,감사원,1286,S03230,srno,pdf_conv,,
1286-19,감사원,1286,S03230,srno,pdf_conv,분야축,
1286-20,감사원,1286,S03230,srno,pdf_conv,,
1287-1,감사원,1287,S03231,srno,pdf_conv,,
1287-2,감사원,1287,S03231,srno,pdf_conv,,
1287-3,감사원,1287,S03231,srno,pdf_conv,,
1287-4,감사원,1287,S03231,srno,pdf_conv,,
1287-5,감사원,1287,S03231,srno,pdf_conv,,
1287-6,감사원,1287,S03231,srno,pdf_conv,,
1287-7,감사원,1287,S03231,srno,pdf_conv,,
1287-8,감사원,1287,S03231,srno,pdf_conv,,
1287-9,감사원,1287,S03231,srno,pdf_conv,,
1287-10,감사원,1287,S03231,srno,pdf_conv,,
1287-11,감사원,1287,S03231,srno,pdf_conv,분야축,
1287-12,감사원,1287,S03231,srno,pdf_conv,recall,
1287-13,감사원,1287,S03231,srno,pdf_conv,분야축,
1287-14,감사원,1287,S03231,srno,pdf_conv,,
1287-15,감사원,1287,S03231,srno,pdf_conv,,
1287-16,감사원,1287,S03231,srno,pdf_conv,,
1287-17,감사원,1287,S03231,srno,pdf_conv,,
1287-18,감사원,1287,S03231,srno,pdf_conv,분야축,
1287-19,감사원,1287,S03231,srno,pdf_conv,,
1287-20,감사원,1287,S03231,srno,pdf_conv,,
1287-21,감사원,1287,S03231,srno,pdf_conv,,
1287-22,감사원,1287,S03231,srno,pdf_conv,,
1287-23,감사원,1287,S03231,srno,pdf_conv,,
1287-24,감사원,1287,S03231,srno,pdf_conv,분야축,
1287-25,감사원,1287,S03231,srno,pdf_conv,,
1287-26,감사원,1287,S03231,srno,pdf_conv,,
1287-27,감사원,1287,S03231,srno,pdf_conv,,
1287-28,감사원,1287,S03231,srno,pdf_conv,recall,
1287-29,감사원,1287,S03231,srno,pdf_conv,,
1287-30,감사원,1287,S03231,srno,pdf_conv,,
1287-31,감사원,1287,S03231,srno,pdf_conv,,
1287-32,감사원,1287,S03231,srno,pdf_conv,,
1287-33,감사원,1287,S03231,srno,pdf_conv,,
1287-34,감사원,1287,S03231,srno,pdf_conv,,
1287-35,감사원,1287,S03231,srno,pdf_conv,,
1288-1,감사원,1288,S03232,srno,pdf_conv,분야축,
1288-2,감사원,1288,S03232,srno,pdf_conv,,
1288-3,감사원,1288,S03232,srno,pdf_conv,,
1288-4,감사원,1288,S03232,srno,pdf_conv,,
1288-5,감사원,1288,S03232,srno,pdf_conv,,
1288-6,감사원,1288,S03232,srno,pdf_conv,,
1288-7,감사원,1288,S03232,srno,pdf_conv,,
1288-8,감사원,1288,S03232,srno,pdf_conv,,
1288-9,감사원,1288,S03232,srno,pdf_conv,,
1288-10,감사원,1288,S03232,srno,pdf_conv,분야축,
1288-11,감사원,1288,S03232,srno,pdf_conv,분야축,
1288-12,감사원,1288,S03232,srno,pdf_conv,,
1289-1,감사원,1289,S03233,srno,pdf_conv,분야축,
1289-2,감사원,1289,S03233,srno,pdf_conv,분야축,
1289-3,감사원,1289,S03233,srno,pdf_conv,분야축,
1289-4,감사원,1289,S03233,srno,pdf_conv,,
1289-5,감사원,1289,S03233,srno,pdf_conv,recall,
1289-6,감사원,1289,S03233,srno,pdf_conv,,
1289-7,감사원,1289,S03233,srno,pdf_conv,분야축,
1289-8,감사원,1289,S03233,srno,pdf_conv,,
1289-9,감사원,1289,S03233,srno,pdf_conv,,
1289-10,감사원,1289,S03233,srno,pdf_conv,분야축,
1289-11,감사원,1289,S03233,srno,pdf_conv,분야축,
1289-12,감사원,1289,S03233,srno,pdf_conv,분야축,
1289-13,감사원,1289,S03233,srno,pdf_conv,,
1289-14,감사원,1289,S03233,srno,pdf_conv,,
1290-1,감사원,1290,S03234,srno,pdf_conv,,
1290-2,감사원,1290,S03234,srno,pdf_conv,,
1290-3,감사원,1290,S03234,srno,pdf_conv,,
1290-4,감사원,1290,S03234,srno,pdf_conv,,
1290-5,감사원,1290,S03234,srno,pdf_conv,분야축,
1290-6,감사원,1290,S03234,srno,pdf_conv,분야축,
1290-7,감사원,1290,S03234,srno,pdf_conv,분야축,
1290-8,감사원,1290,S03234,srno,pdf_conv,,
1290-9,감사원,1290,S03234,srno,pdf_conv,,
1290-10,감사원,1290,S03234,srno,pdf_conv,,
1290-11,감사원,1290,S03234,srno,pdf_conv,분야축,
1290-12,감사원,1290,S03234,srno,pdf_conv,recall,
1290-13,감사원,1290,S03234,srno,pdf_conv,,
1290-14,감사원,1290,S03234,srno,pdf_conv,,
1290-15,감사원,1290,S03234,srno,pdf_conv,,
1290-16,감사원,1290,S03234,srno,pdf_conv,분야축,
1290-17,감사원,1290,S03234,srno,pdf_conv,분야축,
1290-18,감사원,1290,S03234,srno,pdf_conv,,
1290-19,감사원,1290,S03234,srno,pdf_conv,recall,
1290-20,감사원,1290,S03234,srno,pdf_conv,recall,
1290-21,감사원,1290,S03234,srno,pdf_conv,,
1290-22,감사원,1290,S03234,srno,pdf_conv,,
1290-23,감사원,1290,S03234,srno,pdf_conv,,
1290-24,감사원,1290,S03234,srno,pdf_conv,,
1290-25,감사원,1290,S03234,srno,pdf_conv,,
1290-26,감사원,1290,S03234,srno,pdf_conv,,
1291-1,감사원,1291,S03235,srno,pdf_conv,,
1291-2,감사원,1291,S03235,srno,pdf_conv,분야축,
1291-3,감사원,1291,S03235,srno,pdf_conv,recall,
1291-4,감사원,1291,S03235,srno,pdf_conv,분야축,
1291-5,감사원,1291,S03235,srno,pdf_conv,분야축,
1291-6,감사원,1291,S03235,srno,pdf_conv,,
1291-7,감사원,1291,S03235,srno,pdf_conv,,
1291-8,감사원,1291,S03235,srno,pdf_conv,recall,
1291-9,감사원,1291,S03235,srno,pdf_conv,recall,
1291-10,감사원,1291,S03235,srno,pdf_conv,분야축,
1291-11,감사원,1291,S03235,srno,pdf_conv,분야축,
1291-12,감사원,1291,S03235,srno,pdf_conv,,
1291-13,감사원,1291,S03235,srno,pdf_conv,,
1291-14,감사원,1291,S03235,srno,pdf_conv,,
1291-15,감사원,1291,S03235,srno,pdf_conv,분야축,
1291-16,감사원,1291,S03235,srno,pdf_conv,분야축,
1291-17,감사원,1291,S03235,srno,pdf_conv,분야축,
1291-18,감사원,1291,S03235,srno,pdf_conv,분야축,
1291-19,감사원,1291,S03235,srno,pdf_conv,,
1291-20,감사원,1291,S03235,srno,pdf_conv,,
1291-21,감사원,1291,S03235,srno,pdf_conv,,
1291-22,감사원,1291,S03235,srno,pdf_conv,,
1291-23,감사원,1291,S03235,srno,pdf_conv,,
1291-24,감사원,1291,S03235,srno,pdf_conv,,
1291-25,감사원,1291,S03235,srno,pdf_conv,,
1291-26,감사원,1291,S03235,srno,pdf_conv,,
1291-27,감사원,1291,S03235,srno,pdf_conv,,
1291-28,감사원,1291,S03235,srno,pdf_conv,,
1291-29,감사원,1291,S03235,srno,pdf_conv,,
1291-30,감사원,1291,S03235,srno,pdf_conv,recall,
1291-31,감사원,1291,S03235,srno,pdf_conv,,
1293-1,감사원,1293,S03236,srno,pdf_conv,분야축,
1293-2,감사원,1293,S03236,srno,pdf_conv,분야축,
1293-3,감사원,1293,S03236,srno,pdf_conv,분야축,
1293-4,감사원,1293,S03236,srno,pdf_conv,분야축,
1293-5,감사원,1293,S03236,srno,pdf_conv,분야축,
1293-6,감사원,1293,S03236,srno,pdf_conv,,
1293-7,감사원,1293,S03236,srno,pdf_conv,분야축,
1293-8,감사원,1293,S03236,srno,pdf_conv,,
1293-9,감사원,1293,S03236,srno,pdf_conv,,
1293-10,감사원,1293,S03236,srno,pdf_conv,,
1293-11,감사원,1293,S03236,srno,pdf_conv,,
1293-12,감사원,1293,S03236,srno,pdf_conv,분야축,
1293-13,감사원,1293,S03236,srno,pdf_conv,분야축,
1293-14,감사원,1293,S03236,srno,pdf_conv,,
1293-15,감사원,1293,S03236,srno,pdf_conv,,
1293-16,감사원,1293,S03236,srno,pdf_conv,,
1295-1,감사원,1295,S03237,srno,pdf_conv,,
1295-2,감사원,1295,S03237,srno,pdf_conv,,
1295-3,감사원,1295,S03237,srno,pdf_conv,,
1295-4,감사원,1295,S03237,srno,pdf_conv,,
1295-5,감사원,1295,S03237,srno,pdf_conv,,
1295-6,감사원,1295,S03237,srno,pdf_conv,분야축,
1295-7,감사원,1295,S03237,srno,pdf_conv,,
1295-8,감사원,1295,S03237,srno,pdf_conv,,
1295-9,감사원,1295,S03237,srno,pdf_conv,분야축,
1295-10,감사원,1295,S03237,srno,pdf_conv,분야축,
1295-11,감사원,1295,S03237,srno,pdf_conv,분야축,
1295-12,감사원,1295,S03237,srno,pdf_conv,분야축,
1295-13,감사원,1295,S03237,srno,pdf_conv,분야축,
1296-1,감사원,1296,S01110,srno,hwp,분야축,
1296-2,감사원,1296,S01110,srno,hwp,분야축,
1296-3,감사원,1296,S01110,srno,hwp,분야축,
1296-4,감사원,1296,S01110,srno,hwp,분야축,
1296-5,감사원,1296,S01110,srno,hwp,,
1296-6,감사원,1296,S01110,srno,hwp,분야축,
1296-7,감사원,1296,S01110,srno,hwp,분야축,
1296-8,감사원,1296,S01110,srno,hwp,분야축,
1296-9,감사원,1296,S01110,srno,hwp,분야축,
1296-10,감사원,1296,S01110,srno,hwp,분야축,
1296-11,감사원,1296,S01110,srno,hwp,분야축,
1296-12,감사원,1296,S01110,srno,hwp,분야축,
1296-13,감사원,1296,S01110,srno,hwp,분야축,
1296-14,감사원,1296,S01110,srno,hwp,분야축,
1296-15,감사원,1296,S01110,srno,hwp,분야축,
1296-16,감사원,1296,S01110,srno,hwp,분야축,
1296-17,감사원,1296,S01110,srno,hwp,분야축,
1296-18,감사원,1296,S01110,srno,hwp,분야축,
1296-19,감사원,1296,S01110,srno,hwp,분야축,
1296-20,감사원,1296,S01110,srno,hwp,분야축,
1296-21,감사원,1296,S01110,srno,hwp,,
1296-22,감사원,1296,S01110,srno,hwp,,
1296-23,감사원,1296,S01110,srno,hwp,분야축,
1296-24,감사원,1296,S01110,srno,hwp,,
1296-25,감사원,1296,S01110,srno,hwp,분야축,
1296-26,감사원,1296,S01110,srno,hwp,,
1296-27,감사원,1296,S01110,srno,hwp,분야축,
1296-28,감사원,1296,S01110,srno,hwp,분야축,
1296-29,감사원,1296,S01110,srno,hwp,분야축,
1297-1,감사원,1297,S01111,srno,hwp,,
1297-2,감사원,1297,S01111,srno,hwp,,
1298-1,감사원,1298,S03238,srno,pdf_conv,,
1298-2,감사원,1298,S03238,srno,pdf_conv,,
1298-3,감사원,1298,S03238,srno,pdf_conv,분야축,
1298-4,감사원,1298,S03238,srno,pdf_conv,분야축,
1298-5,감사원,1298,S03238,srno,pdf_conv,분야축,
1298-6,감사원,1298,S03238,srno,pdf_conv,분야축,
1298-7,감사원,1298,S03238,srno,pdf_conv,분야축,
1298-8,감사원,1298,S03238,srno,pdf_conv,,
1298-9,감사원,1298,S03238,srno,pdf_conv,,
1298-10,감사원,1298,S03238,srno,pdf_conv,,
1298-11,감사원,1298,S03238,srno,pdf_conv,,
1298-12,감사원,1298,S03238,srno,pdf_conv,분야축,
1298-13,감사원,1298,S03238,srno,pdf_conv,,
1298-14,감사원,1298,S03238,srno,pdf_conv,,
1298-15,감사원,1298,S03238,srno,pdf_conv,,
1298-16,감사원,1298,S03238,srno,pdf_conv,,
1298-17,감사원,1298,S03238,srno,pdf_conv,,
1298-18,감사원,1298,S03238,srno,pdf_conv,,
1298-19,감사원,1298,S03238,srno,pdf_conv,,
1298-20,감사원,1298,S03238,srno,pdf_conv,분야축,
1298-21,감사원,1298,S03238,srno,pdf_conv,,
1298-22,감사원,1298,S03238,srno,pdf_conv,,
1298-23,감사원,1298,S03238,srno,pdf_conv,,
1302-1,감사원,1302,S03239,srno,pdf_conv,,
1302-2,감사원,1302,S03239,srno,pdf_conv,,
1302-3,감사원,1302,S03239,srno,pdf_conv,,
1302-4,감사원,1302,S03239,srno,pdf_conv,,
1302-5,감사원,1302,S03239,srno,pdf_conv,,
1302-6,감사원,1302,S03239,srno,pdf_conv,,
1302-7,감사원,1302,S03239,srno,pdf_conv,분야축,
1302-8,감사원,1302,S03239,srno,pdf_conv,분야축,
1302-9,감사원,1302,S03239,srno,pdf_conv,분야축,
1302-10,감사원,1302,S03239,srno,pdf_conv,분야축,
1302-11,감사원,1302,S03239,srno,pdf_conv,분야축,
1302-12,감사원,1302,S03239,srno,pdf_conv,분야축,
1302-13,감사원,1302,S03239,srno,pdf_conv,분야축,
1302-14,감사원,1302,S03239,srno,pdf_conv,분야축,
1302-15,감사원,1302,S03239,srno,pdf_conv,분야축,
1302-16,감사원,1302,S03239,srno,pdf_conv,분야축,
1302-17,감사원,1302,S03239,srno,pdf_conv,분야축,
1302-18,감사원,1302,S03239,srno,pdf_conv,분야축,
1302-19,감사원,1302,S03239,srno,pdf_conv,recall,
1302-20,감사원,1302,S03239,srno,pdf_conv,recall,
1302-21,감사원,1302,S03239,srno,pdf_conv,recall,
1302-22,감사원,1302,S03239,srno,pdf_conv,recall,
1302-23,감사원,1302,S03239,srno,pdf_conv,분야축,
1302-24,감사원,1302,S03239,srno,pdf_conv,분야축,
1302-25,감사원,1302,S03239,srno,pdf_conv,분야축,
1302-26,감사원,1302,S03239,srno,pdf_conv,분야축,
1302-27,감사원,1302,S03239,srno,pdf_conv,,
1302-28,감사원,1302,S03239,srno,pdf_conv,,
1302-29,감사원,1302,S03239,srno,pdf_conv,분야축,
1302-30,감사원,1302,S03239,srno,pdf_conv,,
1302-31,감사원,1302,S03239,srno,pdf_conv,분야축,
1302-32,감사원,1302,S03239,srno,pdf_conv,분야축,
1302-33,감사원,1302,S03239,srno,pdf_conv,분야축,
1302-34,감사원,1302,S03239,srno,pdf_conv,분야축,
1302-35,감사원,1302,S03239,srno,pdf_conv,분야축,
1302-36,감사원,1302,S03239,srno,pdf_conv,분야축,
1302-37,감사원,1302,S03239,srno,pdf_conv,분야축,
1302-38,감사원,1302,S03239,srno,pdf_conv,분야축,
1302-39,감사원,1302,S03239,srno,pdf_conv,분야축,
1302-40,감사원,1302,S03239,srno,pdf_conv,분야축,
1302-41,감사원,1302,S03239,srno,pdf_conv,분야축,
1302-42,감사원,1302,S03239,srno,pdf_conv,분야축,
1302-43,감사원,1302,S03239,srno,pdf_conv,분야축,
1302-44,감사원,1302,S03239,srno,pdf_conv,,
1302-45,감사원,1302,S03239,srno,pdf_conv,분야축,
1302-46,감사원,1302,S03239,srno,pdf_conv,분야축,
1302-47,감사원,1302,S03239,srno,pdf_conv,recall,
1302-48,감사원,1302,S03239,srno,pdf_conv,분야축,
1302-49,감사원,1302,S03239,srno,pdf_conv,분야축,
1302-50,감사원,1302,S03239,srno,pdf_conv,분야축,
1302-51,감사원,1302,S03239,srno,pdf_conv,분야축,
1302-52,감사원,1302,S03239,srno,pdf_conv,분야축,
1302-53,감사원,1302,S03239,srno,pdf_conv,,
1303-1,감사원,1303,S03240,srno,pdf_conv,분야축,
1303-2,감사원,1303,S03240,srno,pdf_conv,분야축,
1303-3,감사원,1303,S03240,srno,pdf_conv,분야축,
1303-4,감사원,1303,S03240,srno,pdf_conv,,
1303-5,감사원,1303,S03240,srno,pdf_conv,분야축,
1303-6,감사원,1303,S03240,srno,pdf_conv,분야축,
1303-7,감사원,1303,S03240,srno,pdf_conv,분야축,
1303-8,감사원,1303,S03240,srno,pdf_conv,분야축,
1303-9,감사원,1303,S03240,srno,pdf_conv,분야축,
1303-10,감사원,1303,S03240,srno,pdf_conv,,
1303-11,감사원,1303,S03240,srno,pdf_conv,,
1303-12,감사원,1303,S03240,srno,pdf_conv,분야축,
1303-13,감사원,1303,S03240,srno,pdf_conv,분야축,
1303-14,감사원,1303,S03240,srno,pdf_conv,분야축,
1304-1,감사원,1304,S03241,srno,pdf_conv,분야축,
1305-1,감사원,1305,S01140,srno,hwp,,
1307-1,감사원,1307,S03242,srno,pdf_conv,,
1307-2,감사원,1307,S03242,srno,pdf_conv,,
1307-3,감사원,1307,S03242,srno,pdf_conv,,
1307-4,감사원,1307,S03242,srno,pdf_conv,,
1307-5,감사원,1307,S03242,srno,pdf_conv,분야축,
1307-6,감사원,1307,S03242,srno,pdf_conv,분야축,
1307-7,감사원,1307,S03242,srno,pdf_conv,,
1307-8,감사원,1307,S03242,srno,pdf_conv,,
1309-1,감사원,1309,S03243,srno,pdf_conv,,
1309-2,감사원,1309,S03243,srno,pdf_conv,분야축,
1309-3,감사원,1309,S03243,srno,pdf_conv,분야축,
1309-4,감사원,1309,S03243,srno,pdf_conv,분야축,
1309-5,감사원,1309,S03243,srno,pdf_conv,분야축,
1309-6,감사원,1309,S03243,srno,pdf_conv,분야축,
1309-7,감사원,1309,S03243,srno,pdf_conv,분야축,
1309-8,감사원,1309,S03243,srno,pdf_conv,,
1309-9,감사원,1309,S03243,srno,pdf_conv,,
1309-10,감사원,1309,S03243,srno,pdf_conv,분야축,
1309-11,감사원,1309,S03243,srno,pdf_conv,분야축,
1309-12,감사원,1309,S03243,srno,pdf_conv,분야축,
1309-13,감사원,1309,S03243,srno,pdf_conv,,
1309-14,감사원,1309,S03243,srno,pdf_conv,recall,
1309-15,감사원,1309,S03243,srno,pdf_conv,,
1309-16,감사원,1309,S03243,srno,pdf_conv,recall,
1309-17,감사원,1309,S03243,srno,pdf_conv,분야축,
1309-18,감사원,1309,S03243,srno,pdf_conv,분야축,
1309-19,감사원,1309,S03243,srno,pdf_conv,분야축,
1309-20,감사원,1309,S03243,srno,pdf_conv,분야축,
1309-21,감사원,1309,S03243,srno,pdf_conv,분야축,
1309-22,감사원,1309,S03243,srno,pdf_conv,분야축,
1309-23,감사원,1309,S03243,srno,pdf_conv,,
1310-1,감사원,1310,S03245,srno,pdf_conv,,
1310-2,감사원,1310,S03245,srno,pdf_conv,분야축,
1310-3,감사원,1310,S03245,srno,pdf_conv,,
1310-4,감사원,1310,S03245,srno,pdf_conv,,
1310-5,감사원,1310,S03245,srno,pdf_conv,,
1311-1,감사원,1311,S03244,srno,pdf_conv,,
1311-2,감사원,1311,S03244,srno,pdf_conv,,
1311-3,감사원,1311,S03244,srno,pdf_conv,분야축,
1311-4,감사원,1311,S03244,srno,pdf_conv,,
1311-5,감사원,1311,S03244,srno,pdf_conv,분야축,
1311-6,감사원,1311,S03244,srno,pdf_conv,분야축,
1311-7,감사원,1311,S03244,srno,pdf_conv,분야축,
1311-8,감사원,1311,S03244,srno,pdf_conv,분야축,
1311-9,감사원,1311,S03244,srno,pdf_conv,,
1311-10,감사원,1311,S03244,srno,pdf_conv,분야축,
1312-1,감사원,1312,S03246,srno,pdf_conv,분야축,
1312-2,감사원,1312,S03246,srno,pdf_conv,분야축,
1312-3,감사원,1312,S03246,srno,pdf_conv,,
1312-4,감사원,1312,S03246,srno,pdf_conv,,
1312-5,감사원,1312,S03246,srno,pdf_conv,분야축,
1312-6,감사원,1312,S03246,srno,pdf_conv,,
1312-7,감사원,1312,S03246,srno,pdf_conv,분야축,
1312-8,감사원,1312,S03246,srno,pdf_conv,분야축,
1312-9,감사원,1312,S03246,srno,pdf_conv,,
1312-10,감사원,1312,S03246,srno,pdf_conv,분야축,
1312-11,감사원,1312,S03246,srno,pdf_conv,,
1312-12,감사원,1312,S03246,srno,pdf_conv,분야축,
1312-13,감사원,1312,S03246,srno,pdf_conv,분야축,
1312-14,감사원,1312,S03246,srno,pdf_conv,분야축,
1312-15,감사원,1312,S03246,srno,pdf_conv,분야축,
1312-16,감사원,1312,S03246,srno,pdf_conv,분야축,
1312-17,감사원,1312,S03246,srno,pdf_conv,분야축,
1312-18,감사원,1312,S03246,srno,pdf_conv,분야축,
1312-19,감사원,1312,S03246,srno,pdf_conv,,
1312-20,감사원,1312,S03246,srno,pdf_conv,,
1312-21,감사원,1312,S03246,srno,pdf_conv,,
1312-22,감사원,1312,S03246,srno,pdf_conv,분야축,
1312-23,감사원,1312,S03246,srno,pdf_conv,,
1312-24,감사원,1312,S03246,srno,pdf_conv,분야축,
1313-1,감사원,1313,S03248,srno,pdf_conv,분야축,
1313-2,감사원,1313,S03248,srno,pdf_conv,분야축,
1313-3,감사원,1313,S03248,srno,pdf_conv,분야축,
1313-4,감사원,1313,S03248,srno,pdf_conv,,
1313-5,감사원,1313,S03248,srno,pdf_conv,분야축,
1313-6,감사원,1313,S03248,srno,pdf_conv,분야축,
1313-7,감사원,1313,S03248,srno,pdf_conv,분야축,
1313-8,감사원,1313,S03248,srno,pdf_conv,분야축,
1313-9,감사원,1313,S03248,srno,pdf_conv,분야축,
1313-10,감사원,1313,S03248,srno,pdf_conv,분야축,
1313-11,감사원,1313,S03248,srno,pdf_conv,분야축,
1313-12,감사원,1313,S03248,srno,pdf_conv,분야축,
1313-13,감사원,1313,S03248,srno,pdf_conv,분야축,
1313-14,감사원,1313,S03248,srno,pdf_conv,분야축,
1313-15,감사원,1313,S03248,srno,pdf_conv,,
1313-16,감사원,1313,S03248,srno,pdf_conv,,
1313-17,감사원,1313,S03248,srno,pdf_conv,분야축,
1313-18,감사원,1313,S03248,srno,pdf_conv,분야축,
1313-19,감사원,1313,S03248,srno,pdf_conv,분야축,
1314-1,감사원,1314,S03247,srno,pdf_conv,분야축,
1314-2,감사원,1314,S03247,srno,pdf_conv,분야축,
1315-1,감사원,1315,S03249,srno,pdf_conv,,
1315-2,감사원,1315,S03249,srno,pdf_conv,분야축,
1315-3,감사원,1315,S03249,srno,pdf_conv,분야축,
1315-4,감사원,1315,S03249,srno,pdf_conv,,
1315-5,감사원,1315,S03249,srno,pdf_conv,,
1315-6,감사원,1315,S03249,srno,pdf_conv,분야축,
1315-7,감사원,1315,S03249,srno,pdf_conv,,
1315-8,감사원,1315,S03249,srno,pdf_conv,분야축,
1316-1,감사원,1316,S01154,srno,hwp,,
1316-2,감사원,1316,S01154,srno,hwp,,
1316-3,감사원,1316,S01154,srno,hwp,,
1316-4,감사원,1316,S01154,srno,hwp,,
1316-5,감사원,1316,S01154,srno,hwp,,
1316-6,감사원,1316,S01154,srno,hwp,,
1316-7,감사원,1316,S01154,srno,hwp,,
1316-8,감사원,1316,S01154,srno,hwp,,
1316-9,감사원,1316,S01154,srno,hwp,,
1316-10,감사원,1316,S01154,srno,hwp,,
1316-11,감사원,1316,S01154,srno,hwp,,
1317-1,감사원,1317,S03250,srno,pdf_conv,recall,
1317-2,감사원,1317,S03250,srno,pdf_conv,recall,
1317-3,감사원,1317,S03250,srno,pdf_conv,분야축,
1317-4,감사원,1317,S03250,srno,pdf_conv,분야축,
1317-5,감사원,1317,S03250,srno,pdf_conv,분야축,
1317-6,감사원,1317,S03250,srno,pdf_conv,분야축,
1317-7,감사원,1317,S03250,srno,pdf_conv,분야축,
1317-8,감사원,1317,S03250,srno,pdf_conv,,
1317-9,감사원,1317,S03250,srno,pdf_conv,,
1317-10,감사원,1317,S03250,srno,pdf_conv,,
1317-11,감사원,1317,S03250,srno,pdf_conv,,
1317-12,감사원,1317,S03250,srno,pdf_conv,분야축,
1317-13,감사원,1317,S03250,srno,pdf_conv,분야축,
1317-14,감사원,1317,S03250,srno,pdf_conv,,
1317-15,감사원,1317,S03250,srno,pdf_conv,,
1317-16,감사원,1317,S03250,srno,pdf_conv,분야축,
1317-17,감사원,1317,S03250,srno,pdf_conv,,
1318-1,감사원,1318,S01156,srno,hwp,,
1319-1,감사원,1319,S03251,srno,pdf_conv,분야축,
1320-1,감사원,1320,S03252,srno,pdf_conv,recall,
1321-1,감사원,1321,S03254,srno,pdf_conv,분야축,
1321-2,감사원,1321,S03254,srno,pdf_conv,분야축,
1321-3,감사원,1321,S03254,srno,pdf_conv,분야축,
1321-4,감사원,1321,S03254,srno,pdf_conv,분야축,
1321-5,감사원,1321,S03254,srno,pdf_conv,,
1321-6,감사원,1321,S03254,srno,pdf_conv,,
1321-7,감사원,1321,S03254,srno,pdf_conv,분야축,
1321-8,감사원,1321,S03254,srno,pdf_conv,recall,
1321-9,감사원,1321,S03254,srno,pdf_conv,분야축,
1321-10,감사원,1321,S03254,srno,pdf_conv,분야축,
1321-11,감사원,1321,S03254,srno,pdf_conv,분야축,
1322-1,감사원,1322,S03253,srno,pdf_conv,recall,
1322-2,감사원,1322,S03253,srno,pdf_conv,recall,
1322-3,감사원,1322,S03253,srno,pdf_conv,분야축,
1322-4,감사원,1322,S03253,srno,pdf_conv,,
1322-5,감사원,1322,S03253,srno,pdf_conv,,
1322-6,감사원,1322,S03253,srno,pdf_conv,분야축,
1322-7,감사원,1322,S03253,srno,pdf_conv,분야축,
1322-8,감사원,1322,S03253,srno,pdf_conv,,
1322-9,감사원,1322,S03253,srno,pdf_conv,분야축,
1322-10,감사원,1322,S03253,srno,pdf_conv,,
1322-11,감사원,1322,S03253,srno,pdf_conv,분야축,
1322-12,감사원,1322,S03253,srno,pdf_conv,,
1322-13,감사원,1322,S03253,srno,pdf_conv,분야축,
1322-14,감사원,1322,S03253,srno,pdf_conv,분야축,
1322-15,감사원,1322,S03253,srno,pdf_conv,분야축,
1323-1,감사원,1323,S03255,srno,pdf_conv,분야축,
1323-2,감사원,1323,S03255,srno,pdf_conv,분야축,
1323-3,감사원,1323,S03255,srno,pdf_conv,,
1323-4,감사원,1323,S03255,srno,pdf_conv,,
1324-1,감사원,1324,S03256,srno,pdf_conv,분야축,
1325-1,감사원,1325,S03257,srno,pdf_conv,분야축,
1325-2,감사원,1325,S03257,srno,pdf_conv,분야축,
1325-3,감사원,1325,S03257,srno,pdf_conv,분야축,
1325-4,감사원,1325,S03257,srno,pdf_conv,분야축,
1325-5,감사원,1325,S03257,srno,pdf_conv,분야축,
1325-6,감사원,1325,S03257,srno,pdf_conv,분야축,
1325-7,감사원,1325,S03257,srno,pdf_conv,분야축,
1325-8,감사원,1325,S03257,srno,pdf_conv,분야축,
1325-9,감사원,1325,S03257,srno,pdf_conv,분야축,
1325-10,감사원,1325,S03257,srno,pdf_conv,분야축,
1325-11,감사원,1325,S03257,srno,pdf_conv,분야축,
1325-12,감사원,1325,S03257,srno,pdf_conv,,
1325-13,감사원,1325,S03257,srno,pdf_conv,recall,
1325-14,감사원,1325,S03257,srno,pdf_conv,분야축,
1325-15,감사원,1325,S03257,srno,pdf_conv,분야축,
1325-16,감사원,1325,S03257,srno,pdf_conv,분야축,
1325-17,감사원,1325,S03257,srno,pdf_conv,,
1325-18,감사원,1325,S03257,srno,pdf_conv,,
1325-19,감사원,1325,S03257,srno,pdf_conv,recall,
1325-20,감사원,1325,S03257,srno,pdf_conv,분야축,
1325-21,감사원,1325,S03257,srno,pdf_conv,recall,
1325-22,감사원,1325,S03257,srno,pdf_conv,,
1325-23,감사원,1325,S03257,srno,pdf_conv,recall,
1325-24,감사원,1325,S03257,srno,pdf_conv,분야축,
1325-25,감사원,1325,S03257,srno,pdf_conv,분야축,
1326-1,감사원,1326,S03258,srno,pdf_conv,분야축,
1326-2,감사원,1326,S03258,srno,pdf_conv,분야축,
1326-3,감사원,1326,S03258,srno,pdf_conv,분야축,
1326-4,감사원,1326,S03258,srno,pdf_conv,,
1326-5,감사원,1326,S03258,srno,pdf_conv,,
1326-6,감사원,1326,S03258,srno,pdf_conv,,
1326-7,감사원,1326,S03258,srno,pdf_conv,,
1326-8,감사원,1326,S03258,srno,pdf_conv,,
1326-9,감사원,1326,S03258,srno,pdf_conv,분야축,
1326-10,감사원,1326,S03258,srno,pdf_conv,분야축,
1326-11,감사원,1326,S03258,srno,pdf_conv,분야축,
1326-12,감사원,1326,S03258,srno,pdf_conv,분야축,
1326-13,감사원,1326,S03258,srno,pdf_conv,,
1326-14,감사원,1326,S03258,srno,pdf_conv,,
1327-1,감사원,1327,S03259,srno,pdf_conv,분야축,
1327-2,감사원,1327,S03259,srno,pdf_conv,,
1327-3,감사원,1327,S03259,srno,pdf_conv,recall,
1327-4,감사원,1327,S03259,srno,pdf_conv,,
1327-5,감사원,1327,S03259,srno,pdf_conv,recall,
1327-6,감사원,1327,S03259,srno,pdf_conv,,
1327-7,감사원,1327,S03259,srno,pdf_conv,,
1327-8,감사원,1327,S03259,srno,pdf_conv,분야축,
1327-9,감사원,1327,S03259,srno,pdf_conv,분야축,
1327-10,감사원,1327,S03259,srno,pdf_conv,,
1327-11,감사원,1327,S03259,srno,pdf_conv,,
1327-12,감사원,1327,S03259,srno,pdf_conv,,
1327-13,감사원,1327,S03259,srno,pdf_conv,,
1327-14,감사원,1327,S03259,srno,pdf_conv,분야축,
1327-15,감사원,1327,S03259,srno,pdf_conv,분야축,
1327-16,감사원,1327,S03259,srno,pdf_conv,분야축,
1327-17,감사원,1327,S03259,srno,pdf_conv,분야축,
1327-18,감사원,1327,S03259,srno,pdf_conv,,
1327-19,감사원,1327,S03259,srno,pdf_conv,recall,
1327-20,감사원,1327,S03259,srno,pdf_conv,분야축,
1327-21,감사원,1327,S03259,srno,pdf_conv,분야축,
1327-22,감사원,1327,S03259,srno,pdf_conv,,
1327-23,감사원,1327,S03259,srno,pdf_conv,,
1327-24,감사원,1327,S03259,srno,pdf_conv,,
1327-25,감사원,1327,S03259,srno,pdf_conv,,
1327-26,감사원,1327,S03259,srno,pdf_conv,,
1327-27,감사원,1327,S03259,srno,pdf_conv,,
1327-28,감사원,1327,S03259,srno,pdf_conv,분야축,
1327-29,감사원,1327,S03259,srno,pdf_conv,,
1327-30,감사원,1327,S03259,srno,pdf_conv,,
1327-31,감사원,1327,S03259,srno,pdf_conv,,
1328-1,감사원,1328,S03260,srno,pdf_conv,분야축,
1328-2,감사원,1328,S03260,srno,pdf_conv,recall,
1328-3,감사원,1328,S03260,srno,pdf_conv,recall,
1328-4,감사원,1328,S03260,srno,pdf_conv,분야축,
1328-5,감사원,1328,S03260,srno,pdf_conv,분야축,
1328-6,감사원,1328,S03260,srno,pdf_conv,분야축,
1328-7,감사원,1328,S03260,srno,pdf_conv,분야축,
1328-8,감사원,1328,S03260,srno,pdf_conv,분야축,
1328-9,감사원,1328,S03260,srno,pdf_conv,분야축,
1329-1,감사원,1329,S03261,srno,pdf_conv,분야축,
1329-2,감사원,1329,S03261,srno,pdf_conv,분야축,
1329-3,감사원,1329,S03261,srno,pdf_conv,분야축,
1329-4,감사원,1329,S03261,srno,pdf_conv,분야축,
1329-5,감사원,1329,S03261,srno,pdf_conv,분야축,
1329-6,감사원,1329,S03261,srno,pdf_conv,recall,
1329-7,감사원,1329,S03261,srno,pdf_conv,,
1329-8,감사원,1329,S03261,srno,pdf_conv,분야축,
1329-9,감사원,1329,S03261,srno,pdf_conv,분야축,
1329-10,감사원,1329,S03261,srno,pdf_conv,분야축,
1329-11,감사원,1329,S03261,srno,pdf_conv,,
1329-12,감사원,1329,S03261,srno,pdf_conv,분야축,
1329-13,감사원,1329,S03261,srno,pdf_conv,recall,
1329-14,감사원,1329,S03261,srno,pdf_conv,,
1329-15,감사원,1329,S03261,srno,pdf_conv,,
1329-16,감사원,1329,S03261,srno,pdf_conv,,
1329-17,감사원,1329,S03261,srno,pdf_conv,recall,
1330-1,감사원,1330,S03262,srno,pdf_conv,,
1330-2,감사원,1330,S03262,srno,pdf_conv,분야축,
1330-3,감사원,1330,S03262,srno,pdf_conv,,
1330-4,감사원,1330,S03262,srno,pdf_conv,,
1330-5,감사원,1330,S03262,srno,pdf_conv,,
1330-6,감사원,1330,S03262,srno,pdf_conv,,
1330-7,감사원,1330,S03262,srno,pdf_conv,,
1330-8,감사원,1330,S03262,srno,pdf_conv,분야축,
1330-9,감사원,1330,S03262,srno,pdf_conv,분야축,
1330-10,감사원,1330,S03262,srno,pdf_conv,분야축,
1330-11,감사원,1330,S03262,srno,pdf_conv,분야축,
1331-1,감사원,1331,S03263,srno,pdf_conv,분야축,
1331-2,감사원,1331,S03263,srno,pdf_conv,,
1331-3,감사원,1331,S03263,srno,pdf_conv,,
1331-4,감사원,1331,S03263,srno,pdf_conv,,
1331-5,감사원,1331,S03263,srno,pdf_conv,분야축,
1331-6,감사원,1331,S03263,srno,pdf_conv,분야축,
1331-7,감사원,1331,S03263,srno,pdf_conv,분야축,
1331-8,감사원,1331,S03263,srno,pdf_conv,,
1331-9,감사원,1331,S03263,srno,pdf_conv,분야축,
1331-10,감사원,1331,S03263,srno,pdf_conv,분야축,
1331-11,감사원,1331,S03263,srno,pdf_conv,분야축,
1331-12,감사원,1331,S03263,srno,pdf_conv,분야축,
1331-13,감사원,1331,S03263,srno,pdf_conv,분야축,
1331-14,감사원,1331,S03263,srno,pdf_conv,분야축,
1331-15,감사원,1331,S03263,srno,pdf_conv,분야축,
1331-16,감사원,1331,S03263,srno,pdf_conv,분야축,
1331-17,감사원,1331,S03263,srno,pdf_conv,분야축,
1331-18,감사원,1331,S03263,srno,pdf_conv,,
1331-19,감사원,1331,S03263,srno,pdf_conv,,
1331-20,감사원,1331,S03263,srno,pdf_conv,,
1331-21,감사원,1331,S03263,srno,pdf_conv,,
1332-1,감사원,1332,S03264,srno,pdf_conv,분야축,
1332-2,감사원,1332,S03264,srno,pdf_conv,분야축,
1332-3,감사원,1332,S03264,srno,pdf_conv,분야축,
1332-4,감사원,1332,S03264,srno,pdf_conv,분야축,
1332-5,감사원,1332,S03264,srno,pdf_conv,분야축,
1332-6,감사원,1332,S03264,srno,pdf_conv,분야축,
1332-7,감사원,1332,S03264,srno,pdf_conv,분야축,
1332-8,감사원,1332,S03264,srno,pdf_conv,분야축,
1332-9,감사원,1332,S03264,srno,pdf_conv,분야축,
1332-10,감사원,1332,S03264,srno,pdf_conv,분야축,
1332-11,감사원,1332,S03264,srno,pdf_conv,분야축,
1332-12,감사원,1332,S03264,srno,pdf_conv,분야축,
1332-13,감사원,1332,S03264,srno,pdf_conv,분야축,
1332-14,감사원,1332,S03264,srno,pdf_conv,분야축,
1332-15,감사원,1332,S03264,srno,pdf_conv,분야축,
1332-16,감사원,1332,S03264,srno,pdf_conv,분야축,
1332-17,감사원,1332,S03264,srno,pdf_conv,분야축,
1332-18,감사원,1332,S03264,srno,pdf_conv,분야축,
1332-19,감사원,1332,S03264,srno,pdf_conv,분야축,
1332-20,감사원,1332,S03264,srno,pdf_conv,분야축,
1332-21,감사원,1332,S03264,srno,pdf_conv,분야축,
1332-22,감사원,1332,S03264,srno,pdf_conv,분야축,
1333-1,감사원,1333,S03265,srno,pdf_conv,분야축,
1333-2,감사원,1333,S03265,srno,pdf_conv,,
1333-3,감사원,1333,S03265,srno,pdf_conv,분야축,
1333-4,감사원,1333,S03265,srno,pdf_conv,,
1333-5,감사원,1333,S03265,srno,pdf_conv,,
1333-6,감사원,1333,S03265,srno,pdf_conv,,
1333-7,감사원,1333,S03265,srno,pdf_conv,,
1333-8,감사원,1333,S03265,srno,pdf_conv,,
1333-9,감사원,1333,S03265,srno,pdf_conv,분야축,
1333-10,감사원,1333,S03265,srno,pdf_conv,,
1333-11,감사원,1333,S03265,srno,pdf_conv,,
1333-12,감사원,1333,S03265,srno,pdf_conv,분야축,
1333-13,감사원,1333,S03265,srno,pdf_conv,분야축,
1333-14,감사원,1333,S03265,srno,pdf_conv,,
1333-15,감사원,1333,S03265,srno,pdf_conv,,
1333-16,감사원,1333,S03265,srno,pdf_conv,분야축,
1333-17,감사원,1333,S03265,srno,pdf_conv,,
1333-18,감사원,1333,S03265,srno,pdf_conv,,
1334-1,감사원,1334,S03266,srno,pdf_conv,분야축,
1334-2,감사원,1334,S03266,srno,pdf_conv,분야축,
1334-3,감사원,1334,S03266,srno,pdf_conv,분야축,
1334-4,감사원,1334,S03266,srno,pdf_conv,분야축,
1334-5,감사원,1334,S03266,srno,pdf_conv,분야축,
1334-6,감사원,1334,S03266,srno,pdf_conv,,
1334-7,감사원,1334,S03266,srno,pdf_conv,분야축,
1334-8,감사원,1334,S03266,srno,pdf_conv,분야축,
1334-9,감사원,1334,S03266,srno,pdf_conv,분야축,
1334-10,감사원,1334,S03266,srno,pdf_conv,,
1334-11,감사원,1334,S03266,srno,pdf_conv,분야축,
1334-12,감사원,1334,S03266,srno,pdf_conv,,
1334-13,감사원,1334,S03266,srno,pdf_conv,,
1334-14,감사원,1334,S03266,srno,pdf_conv,분야축,
1336-1,감사원,1336,S03267,srno,pdf_conv,분야축,
1336-2,감사원,1336,S03267,srno,pdf_conv,분야축,
1336-3,감사원,1336,S03267,srno,pdf_conv,분야축,
1336-4,감사원,1336,S03267,srno,pdf_conv,분야축,
1336-5,감사원,1336,S03267,srno,pdf_conv,분야축,
1336-6,감사원,1336,S03267,srno,pdf_conv,recall,
1336-7,감사원,1336,S03267,srno,pdf_conv,분야축,
1336-8,감사원,1336,S03267,srno,pdf_conv,분야축,
1336-9,감사원,1336,S03267,srno,pdf_conv,분야축,
1336-10,감사원,1336,S03267,srno,pdf_conv,분야축,
1336-11,감사원,1336,S03267,srno,pdf_conv,분야축,
1336-12,감사원,1336,S03267,srno,pdf_conv,분야축,
1336-13,감사원,1336,S03267,srno,pdf_conv,분야축,
1336-14,감사원,1336,S03267,srno,pdf_conv,분야축,
1336-15,감사원,1336,S03267,srno,pdf_conv,분야축,
1336-16,감사원,1336,S03267,srno,pdf_conv,분야축,
1336-17,감사원,1336,S03267,srno,pdf_conv,분야축,
1336-18,감사원,1336,S03267,srno,pdf_conv,분야축,
1336-19,감사원,1336,S03267,srno,pdf_conv,분야축,
1336-20,감사원,1336,S03267,srno,pdf_conv,분야축,
1336-21,감사원,1336,S03267,srno,pdf_conv,분야축,
1336-22,감사원,1336,S03267,srno,pdf_conv,분야축,
1336-23,감사원,1336,S03267,srno,pdf_conv,분야축,
1336-24,감사원,1336,S03267,srno,pdf_conv,분야축,
1336-25,감사원,1336,S03267,srno,pdf_conv,분야축,
1336-26,감사원,1336,S03267,srno,pdf_conv,분야축,
1337-1,감사원,1337,S03268,srno,pdf_conv,,
1337-2,감사원,1337,S03268,srno,pdf_conv,분야축,
1337-3,감사원,1337,S03268,srno,pdf_conv,,
1337-4,감사원,1337,S03268,srno,pdf_conv,,
1337-5,감사원,1337,S03268,srno,pdf_conv,분야축,
1337-6,감사원,1337,S03268,srno,pdf_conv,,
1337-7,감사원,1337,S03268,srno,pdf_conv,분야축,
1337-8,감사원,1337,S03268,srno,pdf_conv,,
1337-9,감사원,1337,S03268,srno,pdf_conv,분야축,
1337-10,감사원,1337,S03268,srno,pdf_conv,분야축,
1337-11,감사원,1337,S03268,srno,pdf_conv,분야축,
1337-12,감사원,1337,S03268,srno,pdf_conv,,
1337-13,감사원,1337,S03268,srno,pdf_conv,,
1338-1,감사원,1338,S03269,srno,pdf_conv,분야축,
1338-2,감사원,1338,S03269,srno,pdf_conv,분야축,
1338-3,감사원,1338,S03269,srno,pdf_conv,분야축,
1338-4,감사원,1338,S03269,srno,pdf_conv,,
1338-5,감사원,1338,S03269,srno,pdf_conv,분야축,
1338-6,감사원,1338,S03269,srno,pdf_conv,,
1338-7,감사원,1338,S03269,srno,pdf_conv,recall,
1338-8,감사원,1338,S03269,srno,pdf_conv,분야축,
1338-9,감사원,1338,S03269,srno,pdf_conv,,
1338-10,감사원,1338,S03269,srno,pdf_conv,,
1338-11,감사원,1338,S03269,srno,pdf_conv,,
1338-12,감사원,1338,S03269,srno,pdf_conv,,
1338-13,감사원,1338,S03269,srno,pdf_conv,분야축,
1338-14,감사원,1338,S03269,srno,pdf_conv,,
1338-15,감사원,1338,S03269,srno,pdf_conv,분야축,
1338-16,감사원,1338,S03269,srno,pdf_conv,,
1339-1,감사원,1339,S03270,srno,pdf_conv,분야축,
1339-2,감사원,1339,S03270,srno,pdf_conv,분야축,
1339-3,감사원,1339,S03270,srno,pdf_conv,분야축,
1339-4,감사원,1339,S03270,srno,pdf_conv,분야축,
1339-5,감사원,1339,S03270,srno,pdf_conv,분야축,
1339-6,감사원,1339,S03270,srno,pdf_conv,분야축,
1339-7,감사원,1339,S03270,srno,pdf_conv,분야축,
1339-8,감사원,1339,S03270,srno,pdf_conv,분야축,
1339-9,감사원,1339,S03270,srno,pdf_conv,분야축,
1339-10,감사원,1339,S03270,srno,pdf_conv,분야축,
1339-11,감사원,1339,S03270,srno,pdf_conv,분야축,
1339-12,감사원,1339,S03270,srno,pdf_conv,분야축,
1339-13,감사원,1339,S03270,srno,pdf_conv,분야축,
1339-14,감사원,1339,S03270,srno,pdf_conv,분야축,
1339-15,감사원,1339,S03270,srno,pdf_conv,분야축,
1339-16,감사원,1339,S03270,srno,pdf_conv,분야축,
1339-17,감사원,1339,S03270,srno,pdf_conv,분야축,
1339-18,감사원,1339,S03270,srno,pdf_conv,분야축,
1339-19,감사원,1339,S03270,srno,pdf_conv,recall,
1339-20,감사원,1339,S03270,srno,pdf_conv,recall,
1339-21,감사원,1339,S03270,srno,pdf_conv,분야축,
1339-22,감사원,1339,S03270,srno,pdf_conv,분야축,
1339-23,감사원,1339,S03270,srno,pdf_conv,분야축,
1339-24,감사원,1339,S03270,srno,pdf_conv,,
1339-25,감사원,1339,S03270,srno,pdf_conv,,
1339-26,감사원,1339,S03270,srno,pdf_conv,분야축,
1339-27,감사원,1339,S03270,srno,pdf_conv,분야축,
1339-28,감사원,1339,S03270,srno,pdf_conv,분야축,
1339-29,감사원,1339,S03270,srno,pdf_conv,분야축,
1339-30,감사원,1339,S03270,srno,pdf_conv,,
1341-1,감사원,1341,S03271,srno,pdf_conv,,
1341-2,감사원,1341,S03271,srno,pdf_conv,,
1341-3,감사원,1341,S03271,srno,pdf_conv,분야축,
1341-4,감사원,1341,S03271,srno,pdf_conv,분야축,
1341-5,감사원,1341,S03271,srno,pdf_conv,분야축,
1341-6,감사원,1341,S03271,srno,pdf_conv,,
1341-7,감사원,1341,S03271,srno,pdf_conv,,
1341-8,감사원,1341,S03271,srno,pdf_conv,recall,
1341-9,감사원,1341,S03271,srno,pdf_conv,,
1341-10,감사원,1341,S03271,srno,pdf_conv,,
1341-11,감사원,1341,S03271,srno,pdf_conv,,
1341-12,감사원,1341,S03271,srno,pdf_conv,,
1341-13,감사원,1341,S03271,srno,pdf_conv,분야축,
1341-14,감사원,1341,S03271,srno,pdf_conv,,
1342-1,감사원,1342,S03272,srno,pdf_conv,분야축,
1342-2,감사원,1342,S03272,srno,pdf_conv,분야축,
1342-3,감사원,1342,S03272,srno,pdf_conv,분야축,
1342-4,감사원,1342,S03272,srno,pdf_conv,분야축,
1342-5,감사원,1342,S03272,srno,pdf_conv,,
1342-6,감사원,1342,S03272,srno,pdf_conv,,
1342-7,감사원,1342,S03272,srno,pdf_conv,,
1342-8,감사원,1342,S03272,srno,pdf_conv,분야축,
1342-9,감사원,1342,S03272,srno,pdf_conv,분야축,
1342-10,감사원,1342,S03272,srno,pdf_conv,분야축,
1342-11,감사원,1342,S03272,srno,pdf_conv,,
1342-12,감사원,1342,S03272,srno,pdf_conv,분야축,
1342-13,감사원,1342,S03272,srno,pdf_conv,분야축,
1342-14,감사원,1342,S03272,srno,pdf_conv,분야축,
1342-15,감사원,1342,S03272,srno,pdf_conv,분야축,
1342-16,감사원,1342,S03272,srno,pdf_conv,분야축,
1342-17,감사원,1342,S03272,srno,pdf_conv,분야축,
1342-18,감사원,1342,S03272,srno,pdf_conv,,
1342-19,감사원,1342,S03272,srno,pdf_conv,분야축,
1342-20,감사원,1342,S03272,srno,pdf_conv,recall,
1342-21,감사원,1342,S03272,srno,pdf_conv,분야축,
1342-22,감사원,1342,S03272,srno,pdf_conv,분야축,
1342-23,감사원,1342,S03272,srno,pdf_conv,,
1343-1,감사원,1343,S03273,srno,pdf_conv,분야축,
1343-2,감사원,1343,S03273,srno,pdf_conv,분야축,
1343-3,감사원,1343,S03273,srno,pdf_conv,,
1343-4,감사원,1343,S03273,srno,pdf_conv,분야축,
1343-5,감사원,1343,S03273,srno,pdf_conv,분야축,
1343-6,감사원,1343,S03273,srno,pdf_conv,분야축,
1343-7,감사원,1343,S03273,srno,pdf_conv,분야축,
1343-8,감사원,1343,S03273,srno,pdf_conv,분야축,
1343-9,감사원,1343,S03273,srno,pdf_conv,,
1343-10,감사원,1343,S03273,srno,pdf_conv,,
1343-11,감사원,1343,S03273,srno,pdf_conv,분야축,
1343-12,감사원,1343,S03273,srno,pdf_conv,분야축,
1343-13,감사원,1343,S03273,srno,pdf_conv,분야축,
1343-14,감사원,1343,S03273,srno,pdf_conv,분야축,
1344-1,감사원,1344,S03274,srno,pdf_conv,분야축,
1344-2,감사원,1344,S03274,srno,pdf_conv,분야축,
1344-3,감사원,1344,S03274,srno,pdf_conv,분야축,
1344-4,감사원,1344,S03274,srno,pdf_conv,분야축,
1344-5,감사원,1344,S03274,srno,pdf_conv,,
1344-6,감사원,1344,S03274,srno,pdf_conv,,
1344-7,감사원,1344,S03274,srno,pdf_conv,,
1344-8,감사원,1344,S03274,srno,pdf_conv,,
1344-9,감사원,1344,S03274,srno,pdf_conv,,
1344-10,감사원,1344,S03274,srno,pdf_conv,recall,
1344-11,감사원,1344,S03274,srno,pdf_conv,분야축,
1344-12,감사원,1344,S03274,srno,pdf_conv,,
1344-13,감사원,1344,S03274,srno,pdf_conv,분야축,
1344-14,감사원,1344,S03274,srno,pdf_conv,분야축,
1344-15,감사원,1344,S03274,srno,pdf_conv,분야축,
1344-16,감사원,1344,S03274,srno,pdf_conv,,
1344-17,감사원,1344,S03274,srno,pdf_conv,,
1344-18,감사원,1344,S03274,srno,pdf_conv,,
1344-19,감사원,1344,S03274,srno,pdf_conv,,
1344-20,감사원,1344,S03274,srno,pdf_conv,,
1344-21,감사원,1344,S03274,srno,pdf_conv,,
1344-22,감사원,1344,S03274,srno,pdf_conv,,
1344-23,감사원,1344,S03274,srno,pdf_conv,recall,
1344-24,감사원,1344,S03274,srno,pdf_conv,,
1344-25,감사원,1344,S03274,srno,pdf_conv,분야축,
1344-26,감사원,1344,S03274,srno,pdf_conv,분야축,
1344-27,감사원,1344,S03274,srno,pdf_conv,분야축,
1344-28,감사원,1344,S03274,srno,pdf_conv,,
1344-29,감사원,1344,S03274,srno,pdf_conv,,
1344-30,감사원,1344,S03274,srno,pdf_conv,분야축,
1344-31,감사원,1344,S03274,srno,pdf_conv,분야축,
1345-1,감사원,1345,S03275,srno,pdf_conv,분야축,
1345-2,감사원,1345,S03275,srno,pdf_conv,,
1345-3,감사원,1345,S03275,srno,pdf_conv,분야축,
1345-4,감사원,1345,S03275,srno,pdf_conv,,
1345-5,감사원,1345,S03275,srno,pdf_conv,recall,
1345-6,감사원,1345,S03275,srno,pdf_conv,분야축,
1345-7,감사원,1345,S03275,srno,pdf_conv,분야축,
1345-8,감사원,1345,S03275,srno,pdf_conv,분야축,
1345-9,감사원,1345,S03275,srno,pdf_conv,분야축,
1345-10,감사원,1345,S03275,srno,pdf_conv,분야축,
1345-11,감사원,1345,S03275,srno,pdf_conv,분야축,
1345-12,감사원,1345,S03275,srno,pdf_conv,,
1345-13,감사원,1345,S03275,srno,pdf_conv,,
1345-14,감사원,1345,S03275,srno,pdf_conv,분야축,
1345-15,감사원,1345,S03275,srno,pdf_conv,,
1345-16,감사원,1345,S03275,srno,pdf_conv,분야축,
1345-17,감사원,1345,S03275,srno,pdf_conv,분야축,
1346-1,감사원,1346,S03276,srno,pdf_conv,분야축,
1346-2,감사원,1346,S03276,srno,pdf_conv,recall,
1346-3,감사원,1346,S03276,srno,pdf_conv,분야축,
1346-4,감사원,1346,S03276,srno,pdf_conv,분야축,
1346-5,감사원,1346,S03276,srno,pdf_conv,분야축,
1346-6,감사원,1346,S03276,srno,pdf_conv,분야축,
1346-7,감사원,1346,S03276,srno,pdf_conv,,
1346-8,감사원,1346,S03276,srno,pdf_conv,분야축,
1346-9,감사원,1346,S03276,srno,pdf_conv,분야축,
1346-10,감사원,1346,S03276,srno,pdf_conv,분야축,
1346-11,감사원,1346,S03276,srno,pdf_conv,분야축,
1346-12,감사원,1346,S03276,srno,pdf_conv,분야축,
1346-13,감사원,1346,S03276,srno,pdf_conv,분야축,
1347-1,감사원,1347,S03277,srno,pdf_conv,분야축,
1347-2,감사원,1347,S03277,srno,pdf_conv,,
1348-1,감사원,1348,S03278,srno,pdf_conv,recall,
1348-2,감사원,1348,S03278,srno,pdf_conv,분야축,
1348-3,감사원,1348,S03278,srno,pdf_conv,분야축,
1348-4,감사원,1348,S03278,srno,pdf_conv,분야축,
1348-5,감사원,1348,S03278,srno,pdf_conv,분야축,
1348-6,감사원,1348,S03278,srno,pdf_conv,,
1348-7,감사원,1348,S03278,srno,pdf_conv,,
1348-8,감사원,1348,S03278,srno,pdf_conv,recall,
1348-9,감사원,1348,S03278,srno,pdf_conv,recall,
1348-10,감사원,1348,S03278,srno,pdf_conv,,
1348-11,감사원,1348,S03278,srno,pdf_conv,분야축,
1348-12,감사원,1348,S03278,srno,pdf_conv,분야축,
1348-13,감사원,1348,S03278,srno,pdf_conv,분야축,
1348-14,감사원,1348,S03278,srno,pdf_conv,분야축,
1348-15,감사원,1348,S03278,srno,pdf_conv,recall,
1349-1,감사원,1349,S03279,srno,pdf_conv,분야축,
1349-2,감사원,1349,S03279,srno,pdf_conv,분야축,
1349-3,감사원,1349,S03279,srno,pdf_conv,,
1350-1,감사원,1350,S01190,srno,hwp,,
1351-1,감사원,1351,S03280,srno,pdf_conv,분야축,
1351-2,감사원,1351,S03280,srno,pdf_conv,분야축,
1351-3,감사원,1351,S03280,srno,pdf_conv,,
1351-4,감사원,1351,S03280,srno,pdf_conv,,
1351-5,감사원,1351,S03280,srno,pdf_conv,,
1351-6,감사원,1351,S03280,srno,pdf_conv,,
1351-7,감사원,1351,S03280,srno,pdf_conv,분야축,
1351-8,감사원,1351,S03280,srno,pdf_conv,,
1351-9,감사원,1351,S03280,srno,pdf_conv,,
1351-10,감사원,1351,S03280,srno,pdf_conv,분야축,
1351-11,감사원,1351,S03280,srno,pdf_conv,분야축,
1351-12,감사원,1351,S03280,srno,pdf_conv,분야축,
1351-13,감사원,1351,S03280,srno,pdf_conv,recall,
1351-14,감사원,1351,S03280,srno,pdf_conv,recall,
1351-15,감사원,1351,S03280,srno,pdf_conv,,
1351-16,감사원,1351,S03280,srno,pdf_conv,,
1351-17,감사원,1351,S03280,srno,pdf_conv,,
1353-1,감사원,1353,S03282,srno,pdf_conv,분야축,
1354-1,감사원,1354,S03281,srno,pdf_conv,분야축,
1355-1,감사원,1355,S03284,srno,pdf_conv,분야축,
1356-1,감사원,1356,S03283,srno,pdf_conv,분야축,
1357-1,감사원,1357,S03285,srno,pdf_conv,,
1357-2,감사원,1357,S03285,srno,pdf_conv,분야축,
1357-3,감사원,1357,S03285,srno,pdf_conv,분야축,
1357-4,감사원,1357,S03285,srno,pdf_conv,분야축,
1357-5,감사원,1357,S03285,srno,pdf_conv,분야축,
1357-6,감사원,1357,S03285,srno,pdf_conv,분야축,
1357-7,감사원,1357,S03285,srno,pdf_conv,,
1357-8,감사원,1357,S03285,srno,pdf_conv,분야축,
1358-1,감사원,1358,S01198,srno,hwp,,
1359-1,감사원,1359,S03286,srno,pdf_conv,,
1359-2,감사원,1359,S03286,srno,pdf_conv,,
1359-3,감사원,1359,S03286,srno,pdf_conv,,
1359-4,감사원,1359,S03286,srno,pdf_conv,,
1359-5,감사원,1359,S03286,srno,pdf_conv,recall,
1359-6,감사원,1359,S03286,srno,pdf_conv,,
1359-7,감사원,1359,S03286,srno,pdf_conv,,
1359-8,감사원,1359,S03286,srno,pdf_conv,recall,
1359-9,감사원,1359,S03286,srno,pdf_conv,recall,
1359-10,감사원,1359,S03286,srno,pdf_conv,,
1359-11,감사원,1359,S03286,srno,pdf_conv,,
1359-12,감사원,1359,S03286,srno,pdf_conv,,
1359-13,감사원,1359,S03286,srno,pdf_conv,recall,
1359-14,감사원,1359,S03286,srno,pdf_conv,,
1359-15,감사원,1359,S03286,srno,pdf_conv,,
1359-16,감사원,1359,S03286,srno,pdf_conv,recall,
1359-17,감사원,1359,S03286,srno,pdf_conv,분야축,
1359-18,감사원,1359,S03286,srno,pdf_conv,분야축,
1359-19,감사원,1359,S03286,srno,pdf_conv,,
1359-20,감사원,1359,S03286,srno,pdf_conv,분야축,
1359-21,감사원,1359,S03286,srno,pdf_conv,,
1359-22,감사원,1359,S03286,srno,pdf_conv,,
1360-1,감사원,1360,S01200,srno,hwp,분야축,
1360-2,감사원,1360,S01200,srno,hwp,,
1360-3,감사원,1360,S01200,srno,hwp,분야축,
1360-4,감사원,1360,S01200,srno,hwp,분야축,
1360-5,감사원,1360,S01200,srno,hwp,분야축,
1360-6,감사원,1360,S01200,srno,hwp,분야축,
1360-7,감사원,1360,S01200,srno,hwp,분야축,
1360-8,감사원,1360,S01200,srno,hwp,분야축,
1360-9,감사원,1360,S01200,srno,hwp,분야축,
1360-10,감사원,1360,S01200,srno,hwp,분야축,
1360-11,감사원,1360,S01200,srno,hwp,분야축,
1360-12,감사원,1360,S01200,srno,hwp,분야축,
1360-13,감사원,1360,S01200,srno,hwp,분야축,
1360-14,감사원,1360,S01200,srno,hwp,분야축,
1360-15,감사원,1360,S01200,srno,hwp,분야축,
1360-16,감사원,1360,S01200,srno,hwp,분야축,
1360-17,감사원,1360,S01200,srno,hwp,분야축,
1360-18,감사원,1360,S01200,srno,hwp,,
1360-19,감사원,1360,S01200,srno,hwp,,
1360-20,감사원,1360,S01200,srno,hwp,,
1360-21,감사원,1360,S01200,srno,hwp,,
1360-22,감사원,1360,S01200,srno,hwp,,
1360-23,감사원,1360,S01200,srno,hwp,,
1360-24,감사원,1360,S01200,srno,hwp,,
1360-25,감사원,1360,S01200,srno,hwp,분야축,
1360-26,감사원,1360,S01200,srno,hwp,분야축,
1361-1,감사원,1361,S03287,srno,pdf_conv,recall,
1361-2,감사원,1361,S03287,srno,pdf_conv,recall,
1361-3,감사원,1361,S03287,srno,pdf_conv,분야축,
1361-4,감사원,1361,S03287,srno,pdf_conv,분야축,
1361-5,감사원,1361,S03287,srno,pdf_conv,분야축,
1361-6,감사원,1361,S03287,srno,pdf_conv,,
1361-7,감사원,1361,S03287,srno,pdf_conv,,
1361-8,감사원,1361,S03287,srno,pdf_conv,recall,
1361-9,감사원,1361,S03287,srno,pdf_conv,분야축,
1361-10,감사원,1361,S03287,srno,pdf_conv,분야축,
1361-11,감사원,1361,S03287,srno,pdf_conv,,
1361-12,감사원,1361,S03287,srno,pdf_conv,,
1361-13,감사원,1361,S03287,srno,pdf_conv,,
1361-14,감사원,1361,S03287,srno,pdf_conv,분야축,
1361-15,감사원,1361,S03287,srno,pdf_conv,recall,
1361-16,감사원,1361,S03287,srno,pdf_conv,,
1361-17,감사원,1361,S03287,srno,pdf_conv,,
1361-18,감사원,1361,S03287,srno,pdf_conv,,
1361-19,감사원,1361,S03287,srno,pdf_conv,,
1361-20,감사원,1361,S03287,srno,pdf_conv,분야축,
1361-21,감사원,1361,S03287,srno,pdf_conv,분야축,
1361-22,감사원,1361,S03287,srno,pdf_conv,,
1361-23,감사원,1361,S03287,srno,pdf_conv,recall,
1362-1,감사원,1362,S03288,srno,pdf_conv,recall,
1363-1,감사원,1363,S03289,srno,pdf_conv,,
1363-2,감사원,1363,S03289,srno,pdf_conv,,
1363-3,감사원,1363,S03289,srno,pdf_conv,,
1363-4,감사원,1363,S03289,srno,pdf_conv,분야축,
1363-5,감사원,1363,S03289,srno,pdf_conv,분야축,
1363-6,감사원,1363,S03289,srno,pdf_conv,,
1363-7,감사원,1363,S03289,srno,pdf_conv,,
1363-8,감사원,1363,S03289,srno,pdf_conv,분야축,
1363-9,감사원,1363,S03289,srno,pdf_conv,,
1363-10,감사원,1363,S03289,srno,pdf_conv,분야축,
1363-11,감사원,1363,S03289,srno,pdf_conv,,
1363-12,감사원,1363,S03289,srno,pdf_conv,,
1363-13,감사원,1363,S03289,srno,pdf_conv,분야축,
1363-14,감사원,1363,S03289,srno,pdf_conv,분야축,
1363-15,감사원,1363,S03289,srno,pdf_conv,분야축,
1364-1,감사원,1364,S03290,srno,pdf_conv,분야축,
1364-2,감사원,1364,S03290,srno,pdf_conv,분야축,
1364-3,감사원,1364,S03290,srno,pdf_conv,,
1364-4,감사원,1364,S03290,srno,pdf_conv,,
1364-5,감사원,1364,S03290,srno,pdf_conv,분야축,
1365-1,감사원,1365,S01205,srno,hwp,,
1366-1,감사원,1366,S03291,srno,pdf_conv,분야축,
1366-2,감사원,1366,S03291,srno,pdf_conv,분야축,
1366-3,감사원,1366,S03291,srno,pdf_conv,,
1366-4,감사원,1366,S03291,srno,pdf_conv,분야축,
1366-5,감사원,1366,S03291,srno,pdf_conv,분야축,
1366-6,감사원,1366,S03291,srno,pdf_conv,분야축,
1366-7,감사원,1366,S03291,srno,pdf_conv,,
1366-8,감사원,1366,S03291,srno,pdf_conv,,
1366-9,감사원,1366,S03291,srno,pdf_conv,,
1366-10,감사원,1366,S03291,srno,pdf_conv,,
1366-11,감사원,1366,S03291,srno,pdf_conv,분야축,
1366-12,감사원,1366,S03291,srno,pdf_conv,분야축,
1367-1,감사원,1367,S03292,srno,pdf_conv,분야축,
1367-2,감사원,1367,S03292,srno,pdf_conv,분야축,
1367-3,감사원,1367,S03292,srno,pdf_conv,분야축,
1367-4,감사원,1367,S03292,srno,pdf_conv,recall,
1367-5,감사원,1367,S03292,srno,pdf_conv,,
1367-6,감사원,1367,S03292,srno,pdf_conv,,
1367-7,감사원,1367,S03292,srno,pdf_conv,,
1367-8,감사원,1367,S03292,srno,pdf_conv,,
1367-9,감사원,1367,S03292,srno,pdf_conv,분야축,
1367-10,감사원,1367,S03292,srno,pdf_conv,,
1367-11,감사원,1367,S03292,srno,pdf_conv,분야축,
1368-1,감사원,1368,S03293,srno,pdf_conv,분야축,
1368-2,감사원,1368,S03293,srno,pdf_conv,분야축,
1368-3,감사원,1368,S03293,srno,pdf_conv,분야축,
1368-4,감사원,1368,S03293,srno,pdf_conv,분야축,
1368-5,감사원,1368,S03293,srno,pdf_conv,분야축,
1368-6,감사원,1368,S03293,srno,pdf_conv,분야축,
1368-7,감사원,1368,S03293,srno,pdf_conv,분야축,
1368-8,감사원,1368,S03293,srno,pdf_conv,분야축,
1368-9,감사원,1368,S03293,srno,pdf_conv,분야축,
1368-10,감사원,1368,S03293,srno,pdf_conv,분야축,
1368-11,감사원,1368,S03293,srno,pdf_conv,분야축,
1368-12,감사원,1368,S03293,srno,pdf_conv,,
1368-13,감사원,1368,S03293,srno,pdf_conv,분야축,
1368-14,감사원,1368,S03293,srno,pdf_conv,분야축,
1368-15,감사원,1368,S03293,srno,pdf_conv,,
1368-16,감사원,1368,S03293,srno,pdf_conv,,
1368-17,감사원,1368,S03293,srno,pdf_conv,,
1368-18,감사원,1368,S03293,srno,pdf_conv,분야축,
1368-19,감사원,1368,S03293,srno,pdf_conv,분야축,
1368-20,감사원,1368,S03293,srno,pdf_conv,분야축,
1368-21,감사원,1368,S03293,srno,pdf_conv,분야축,
1368-22,감사원,1368,S03293,srno,pdf_conv,분야축,
1368-23,감사원,1368,S03293,srno,pdf_conv,분야축,
1368-24,감사원,1368,S03293,srno,pdf_conv,분야축,
1368-25,감사원,1368,S03293,srno,pdf_conv,분야축,
1368-26,감사원,1368,S03293,srno,pdf_conv,분야축,
1368-27,감사원,1368,S03293,srno,pdf_conv,분야축,
1368-28,감사원,1368,S03293,srno,pdf_conv,,
1368-29,감사원,1368,S03293,srno,pdf_conv,분야축,
1368-30,감사원,1368,S03293,srno,pdf_conv,분야축,
1368-31,감사원,1368,S03293,srno,pdf_conv,분야축,
1368-32,감사원,1368,S03293,srno,pdf_conv,분야축,
1368-33,감사원,1368,S03293,srno,pdf_conv,분야축,
1368-34,감사원,1368,S03293,srno,pdf_conv,분야축,
1368-35,감사원,1368,S03293,srno,pdf_conv,분야축,
1368-36,감사원,1368,S03293,srno,pdf_conv,분야축,
1368-37,감사원,1368,S03293,srno,pdf_conv,분야축,
1368-38,감사원,1368,S03293,srno,pdf_conv,분야축,
1368-39,감사원,1368,S03293,srno,pdf_conv,분야축,
1368-40,감사원,1368,S03293,srno,pdf_conv,분야축,
1368-41,감사원,1368,S03293,srno,pdf_conv,,
1368-42,감사원,1368,S03293,srno,pdf_conv,,
1368-43,감사원,1368,S03293,srno,pdf_conv,분야축,
1369-1,감사원,1369,S03294,srno,pdf_conv,분야축,
1369-2,감사원,1369,S03294,srno,pdf_conv,분야축,
1369-3,감사원,1369,S03294,srno,pdf_conv,분야축,
1369-4,감사원,1369,S03294,srno,pdf_conv,분야축,
1369-5,감사원,1369,S03294,srno,pdf_conv,분야축,
1369-6,감사원,1369,S03294,srno,pdf_conv,분야축,
1369-7,감사원,1369,S03294,srno,pdf_conv,분야축,
1369-8,감사원,1369,S03294,srno,pdf_conv,분야축,
1369-9,감사원,1369,S03294,srno,pdf_conv,분야축,
1369-10,감사원,1369,S03294,srno,pdf_conv,분야축,
1369-11,감사원,1369,S03294,srno,pdf_conv,분야축,
1369-12,감사원,1369,S03294,srno,pdf_conv,분야축,
1369-13,감사원,1369,S03294,srno,pdf_conv,분야축,
1369-14,감사원,1369,S03294,srno,pdf_conv,분야축,
1369-15,감사원,1369,S03294,srno,pdf_conv,분야축,
1369-16,감사원,1369,S03294,srno,pdf_conv,분야축,
1369-17,감사원,1369,S03294,srno,pdf_conv,분야축,
1369-18,감사원,1369,S03294,srno,pdf_conv,분야축,
1369-19,감사원,1369,S03294,srno,pdf_conv,분야축,
1369-20,감사원,1369,S03294,srno,pdf_conv,분야축,
1369-21,감사원,1369,S03294,srno,pdf_conv,분야축,
1369-22,감사원,1369,S03294,srno,pdf_conv,분야축,
1369-23,감사원,1369,S03294,srno,pdf_conv,분야축,
1369-24,감사원,1369,S03294,srno,pdf_conv,분야축,
1371-1,감사원,1371,S03295,srno,pdf_conv,분야축,
1372-1,감사원,1372,S01212,srno,hwp,,
1372-2,감사원,1372,S01212,srno,hwp,,
1373-1,감사원,1373,S03296,srno,pdf_conv,분야축,
1373-2,감사원,1373,S03296,srno,pdf_conv,분야축,
1373-3,감사원,1373,S03296,srno,pdf_conv,분야축,
1373-4,감사원,1373,S03296,srno,pdf_conv,분야축,
1373-5,감사원,1373,S03296,srno,pdf_conv,분야축,
1373-6,감사원,1373,S03296,srno,pdf_conv,분야축,
1373-7,감사원,1373,S03296,srno,pdf_conv,,
1373-8,감사원,1373,S03296,srno,pdf_conv,분야축,
1373-9,감사원,1373,S03296,srno,pdf_conv,분야축,
1373-10,감사원,1373,S03296,srno,pdf_conv,분야축,
1373-11,감사원,1373,S03296,srno,pdf_conv,분야축,
1373-12,감사원,1373,S03296,srno,pdf_conv,분야축,
1373-13,감사원,1373,S03296,srno,pdf_conv,,
1373-14,감사원,1373,S03296,srno,pdf_conv,,
1373-15,감사원,1373,S03296,srno,pdf_conv,,
1373-16,감사원,1373,S03296,srno,pdf_conv,분야축,
1373-17,감사원,1373,S03296,srno,pdf_conv,분야축,
1373-18,감사원,1373,S03296,srno,pdf_conv,분야축,
1373-19,감사원,1373,S03296,srno,pdf_conv,분야축,
1373-20,감사원,1373,S03296,srno,pdf_conv,분야축,
1373-21,감사원,1373,S03296,srno,pdf_conv,분야축,
1373-22,감사원,1373,S03296,srno,pdf_conv,분야축,
1373-23,감사원,1373,S03296,srno,pdf_conv,분야축,
1373-24,감사원,1373,S03296,srno,pdf_conv,분야축,
1373-25,감사원,1373,S03296,srno,pdf_conv,분야축,
1373-26,감사원,1373,S03296,srno,pdf_conv,분야축,
1373-27,감사원,1373,S03296,srno,pdf_conv,분야축,
1373-28,감사원,1373,S03296,srno,pdf_conv,분야축,
1374-1,감사원,1374,S03297,srno,pdf_conv,분야축,
1374-2,감사원,1374,S03297,srno,pdf_conv,분야축,
1374-3,감사원,1374,S03297,srno,pdf_conv,분야축,
1374-4,감사원,1374,S03297,srno,pdf_conv,분야축,
1374-5,감사원,1374,S03297,srno,pdf_conv,분야축,
1374-6,감사원,1374,S03297,srno,pdf_conv,분야축,
1374-7,감사원,1374,S03297,srno,pdf_conv,분야축,
1374-8,감사원,1374,S03297,srno,pdf_conv,분야축,
1374-9,감사원,1374,S03297,srno,pdf_conv,분야축,
1374-10,감사원,1374,S03297,srno,pdf_conv,분야축,
1374-11,감사원,1374,S03297,srno,pdf_conv,분야축,
1374-12,감사원,1374,S03297,srno,pdf_conv,분야축,
1374-13,감사원,1374,S03297,srno,pdf_conv,분야축,
1374-14,감사원,1374,S03297,srno,pdf_conv,분야축,
1374-15,감사원,1374,S03297,srno,pdf_conv,분야축,
1374-16,감사원,1374,S03297,srno,pdf_conv,분야축,
1374-17,감사원,1374,S03297,srno,pdf_conv,분야축,
1374-18,감사원,1374,S03297,srno,pdf_conv,분야축,
1374-19,감사원,1374,S03297,srno,pdf_conv,분야축,
1374-20,감사원,1374,S03297,srno,pdf_conv,분야축,
1374-21,감사원,1374,S03297,srno,pdf_conv,분야축,
1374-22,감사원,1374,S03297,srno,pdf_conv,분야축,
1374-23,감사원,1374,S03297,srno,pdf_conv,분야축,
1375-1,감사원,1375,S03298,srno,pdf_conv,,
1375-2,감사원,1375,S03298,srno,pdf_conv,recall,
1375-3,감사원,1375,S03298,srno,pdf_conv,,
1375-4,감사원,1375,S03298,srno,pdf_conv,,
1375-5,감사원,1375,S03298,srno,pdf_conv,분야축,
1375-6,감사원,1375,S03298,srno,pdf_conv,,
1375-7,감사원,1375,S03298,srno,pdf_conv,,
1375-8,감사원,1375,S03298,srno,pdf_conv,,
1375-9,감사원,1375,S03298,srno,pdf_conv,recall,
1375-10,감사원,1375,S03298,srno,pdf_conv,분야축,
1375-11,감사원,1375,S03298,srno,pdf_conv,recall,
1375-12,감사원,1375,S03298,srno,pdf_conv,,
1375-13,감사원,1375,S03298,srno,pdf_conv,,
1375-14,감사원,1375,S03298,srno,pdf_conv,,
1375-15,감사원,1375,S03298,srno,pdf_conv,,
1375-16,감사원,1375,S03298,srno,pdf_conv,,
1375-17,감사원,1375,S03298,srno,pdf_conv,,
1375-18,감사원,1375,S03298,srno,pdf_conv,,
1375-19,감사원,1375,S03298,srno,pdf_conv,,
1375-20,감사원,1375,S03298,srno,pdf_conv,,
1375-21,감사원,1375,S03298,srno,pdf_conv,,
1375-22,감사원,1375,S03298,srno,pdf_conv,,
1375-23,감사원,1375,S03298,srno,pdf_conv,,
1375-24,감사원,1375,S03298,srno,pdf_conv,,
1375-25,감사원,1375,S03298,srno,pdf_conv,,
1375-26,감사원,1375,S03298,srno,pdf_conv,,
1375-27,감사원,1375,S03298,srno,pdf_conv,,
1375-28,감사원,1375,S03298,srno,pdf_conv,,
1375-29,감사원,1375,S03298,srno,pdf_conv,,
1375-30,감사원,1375,S03298,srno,pdf_conv,,
1375-31,감사원,1375,S03298,srno,pdf_conv,,
1375-32,감사원,1375,S03298,srno,pdf_conv,,
1375-33,감사원,1375,S03298,srno,pdf_conv,,
1375-34,감사원,1375,S03298,srno,pdf_conv,,
1375-35,감사원,1375,S03298,srno,pdf_conv,,
1375-36,감사원,1375,S03298,srno,pdf_conv,분야축,
1375-37,감사원,1375,S03298,srno,pdf_conv,,
1375-38,감사원,1375,S03298,srno,pdf_conv,,
1375-39,감사원,1375,S03298,srno,pdf_conv,,
1375-40,감사원,1375,S03298,srno,pdf_conv,,
1375-41,감사원,1375,S03298,srno,pdf_conv,,
1375-42,감사원,1375,S03298,srno,pdf_conv,,
1375-43,감사원,1375,S03298,srno,pdf_conv,,
1375-44,감사원,1375,S03298,srno,pdf_conv,,
1375-45,감사원,1375,S03298,srno,pdf_conv,,
1375-46,감사원,1375,S03298,srno,pdf_conv,분야축,
1375-47,감사원,1375,S03298,srno,pdf_conv,,
1375-48,감사원,1375,S03298,srno,pdf_conv,,
1375-49,감사원,1375,S03298,srno,pdf_conv,,
1375-50,감사원,1375,S03298,srno,pdf_conv,,
1375-51,감사원,1375,S03298,srno,pdf_conv,,
1375-52,감사원,1375,S03298,srno,pdf_conv,,
1375-53,감사원,1375,S03298,srno,pdf_conv,,
1375-54,감사원,1375,S03298,srno,pdf_conv,분야축,
1375-55,감사원,1375,S03298,srno,pdf_conv,,
1376-1,감사원,1376,S03299,srno,pdf_conv,분야축,
1376-2,감사원,1376,S03299,srno,pdf_conv,,
1376-3,감사원,1376,S03299,srno,pdf_conv,recall,
1376-4,감사원,1376,S03299,srno,pdf_conv,recall,
1376-5,감사원,1376,S03299,srno,pdf_conv,분야축,
1376-6,감사원,1376,S03299,srno,pdf_conv,,
1376-7,감사원,1376,S03299,srno,pdf_conv,,
1376-8,감사원,1376,S03299,srno,pdf_conv,recall,
1377-1,감사원,1377,S03300,srno,pdf_conv,분야축,
1377-2,감사원,1377,S03300,srno,pdf_conv,,
1377-3,감사원,1377,S03300,srno,pdf_conv,분야축,
1377-4,감사원,1377,S03300,srno,pdf_conv,분야축,
1377-5,감사원,1377,S03300,srno,pdf_conv,,
1377-6,감사원,1377,S03300,srno,pdf_conv,,
1377-7,감사원,1377,S03300,srno,pdf_conv,,
1377-8,감사원,1377,S03300,srno,pdf_conv,분야축,
1377-9,감사원,1377,S03300,srno,pdf_conv,분야축,
1377-10,감사원,1377,S03300,srno,pdf_conv,분야축,
1377-11,감사원,1377,S03300,srno,pdf_conv,분야축,
1377-12,감사원,1377,S03300,srno,pdf_conv,분야축,
1377-13,감사원,1377,S03300,srno,pdf_conv,,
1377-14,감사원,1377,S03300,srno,pdf_conv,분야축,
1377-15,감사원,1377,S03300,srno,pdf_conv,분야축,
1377-16,감사원,1377,S03300,srno,pdf_conv,분야축,
1377-17,감사원,1377,S03300,srno,pdf_conv,분야축,
1377-18,감사원,1377,S03300,srno,pdf_conv,,
1377-19,감사원,1377,S03300,srno,pdf_conv,분야축,
1377-20,감사원,1377,S03300,srno,pdf_conv,분야축,
1377-21,감사원,1377,S03300,srno,pdf_conv,분야축,
1378-1,감사원,1378,S03301,srno,pdf_conv,분야축,
1378-2,감사원,1378,S03301,srno,pdf_conv,분야축,
1378-3,감사원,1378,S03301,srno,pdf_conv,분야축,
1378-4,감사원,1378,S03301,srno,pdf_conv,분야축,
1378-5,감사원,1378,S03301,srno,pdf_conv,분야축,
1378-6,감사원,1378,S03301,srno,pdf_conv,,
1378-7,감사원,1378,S03301,srno,pdf_conv,분야축,
1378-8,감사원,1378,S03301,srno,pdf_conv,,
1378-9,감사원,1378,S03301,srno,pdf_conv,분야축,
1378-10,감사원,1378,S03301,srno,pdf_conv,recall,
1378-11,감사원,1378,S03301,srno,pdf_conv,분야축,
1379-1,감사원,1379,S03302,srno,pdf_conv,분야축,
1380-1,감사원,1380,S01221,srno,hwp,,
1380-2,감사원,1380,S01221,srno,hwp,,
1380-3,감사원,1380,S01221,srno,hwp,,
1380-4,감사원,1380,S01221,srno,hwp,,
1380-5,감사원,1380,S01221,srno,hwp,,
1380-6,감사원,1380,S01221,srno,hwp,,
1380-7,감사원,1380,S01221,srno,hwp,,
1380-8,감사원,1380,S01221,srno,hwp,,
1380-9,감사원,1380,S01221,srno,hwp,,
1380-10,감사원,1380,S01221,srno,hwp,,
1380-11,감사원,1380,S01221,srno,hwp,,
1380-12,감사원,1380,S01221,srno,hwp,,
1380-13,감사원,1380,S01221,srno,hwp,,
1380-14,감사원,1380,S01221,srno,hwp,,
3326-1,감사원,3326,S03203,srno,pdf,,
3326-2,감사원,3326,S03203,srno,pdf,,
3326-3,감사원,3326,S03203,srno,pdf,분야축,
3326-4,감사원,3326,S03203,srno,pdf,분야축,
3326-5,감사원,3326,S03203,srno,pdf,,
