source_id,source_series,root,file_name,ext,size,sha256,srno,year,audit_type,audit_name,원문상태
S00001,감사원,BAI,20030820_[재무]_광주광역시 감사결과_280.pdf,.pdf,336638,01492908b2e9c62aa621d434431ef4c293e04d4caae3a05496379923d8cad074,280,2003,재무,광주광역시 감사결과,pdf
S00002,감사원,BAI,20030820_[특정사안]_『공기업 등 해외사업 및 지사 운영실태』감사결과_279.pdf,.pdf,373378,dfd571b0b36c87667e2b8cb41a40e6c82948bc742ed2ba73bd5a58ff9e34e53a,279,2003,특정사안,『공기업 등 해외사업 및 지사 운영실태』감사결과,pdf
S00003,감사원,BAI,20030828_[성과]_『전통문화 전승·보급시책 추진실태』감사결과_282.pdf,.pdf,558542,f5b0766b8d822e0fd9bb3d3ed95ee95a9585bf6a3ce188bb3eedda98bd18fecf,282,2003,성과,『전통문화 전승·보급시책 추진실태』감사결과,pdf
S00004,감사원,BAI,20030828_[특정사안]_『부담금·기부금품 등 부과·모금 및 집행실태』감사결과_281.pdf,.pdf,257483,fad575b8fa3bb19d04815dd50c8d833bc383d9323f53f17b09027da8e9512a1b,281,2003,특정사안,『부담금·기부금품 등 부과·모금 및 집행실태』감사결과,pdf
S00005,감사원,BAI,20030914_[특정사안]_직무발명 관련 특허권 등 산업재산권 출원ㆍ등록 실태 감사결과_283.pdf,.pdf,221215,362ca6271219d4754b608ab8c9f5e74e0cf91c1ef8c8d5d1dc9df2e3f4badea9,283,2003,특정사안,직무발명 관련 특허권 등 산업재산권 출원ㆍ등록 실태 감사결과,pdf
S00006,감사원,BAI,20030915_[기타서면]_범죄발생 통보사항에 대한 ㅇㅇ대학병원 감사결과_284.pdf,.pdf,113795,de0bae41379a5287ebb1c7c6715c17956de1e8e81251f7117caa8ca505674938,284,2003,기타서면,범죄발생 통보사항에 대한 ㅇㅇ대학병원 감사결과,pdf
S00007,감사원,BAI,20030918_[미분류]_강원도·원주시 감사결과_286.pdf,.pdf,336956,36e6e6b8cfe195ec6c40eb3c1491e76b459c4556d9d3b4af395f084f7e8f0a5d,286,2003,미분류,강원도·원주시 감사결과,pdf
S00008,감사원,BAI,20030918_[특정사안]_『국가 및 민간자격 관리ㆍ운영 실태』감사결과_285.pdf,.pdf,1718176,6123a96fc9f0134d6304da32c7d6d1e8300d9d7720b93f73e29bf2d1b3a72173,285,2003,특정사안,『국가 및 민간자격 관리ㆍ운영 실태』감사결과,pdf
S00009,감사원,BAI,20030924_[성과]_경인운하 건설사업 추진실태_287.pdf,.pdf,1411761,49fb5ed430613145e46ee31f91c931f98ebf6a26a8cce9a518eae3f940865760,287,2003,성과,경인운하 건설사업 추진실태,pdf
S00010,감사원,BAI,20030925_[재무]_외교통상부 본부 및 재외공관 감사결과_288.pdf,.pdf,505111,eb1bfa0cf289f4470268cb7a353d3e7db21a7dc11f0c8f8867b0770daecc2a92,288,2003,재무,외교통상부 본부 및 재외공관 감사결과,pdf
S00011,감사원,BAI,20030926_[특정사안]_고속도로망 구축 및 운영실태_289.pdf,.pdf,690198,8995003dbabe241ab65d2212785b895c91e6de60f410ba583970838cabfc36f1,289,2003,특정사안,고속도로망 구축 및 운영실태,pdf
S00012,감사원,BAI,20030926_[특정사안]_공직비리 관련 민원 ·신고 등 조사확인_291.pdf,.pdf,334011,1a9f82b234055d22fdcee63741208872cec574ee0969ceabdc8ef5a4bc0856b1,291,2003,특정사안,공직비리 관련 민원 ·신고 등 조사확인,pdf
S00013,감사원,BAI,20030930_[특정사안]_지하철 안전관리 실태_292.pdf,.pdf,3949436,4a77ffa4fdae8e30b5b8b56fc06c55940023b7a36f01f1ce85250d9db0a8016e,292,2003,특정사안,지하철 안전관리 실태,pdf
S00014,감사원,BAI,20031017_[성과]_국립공원 지정 및 관리실태_293.pdf,.pdf,2234395,287774629b478e2c784b0af47e113ff4114d2459d1f514eef08329be0f6a123b,293,2003,성과,국립공원 지정 및 관리실태,pdf
S00015,감사원,BAI,20031031_[특정사안]_철도건설관리 및 물자조달실태_294.pdf,.pdf,944018,7a57fe711abc634ae426d6e90cabedc4fa27852530107d476fc43efca0b190cc,294,2003,특정사안,철도건설관리 및 물자조달실태,pdf
S00016,감사원,BAI,20031101_[성과]_지방공기업 경영개선 추진실태_295.pdf,.pdf,2708274,3bb26a15dcc7487296ee7d715e1578a3b91423065c11da041c226e78fffb21fc,295,2003,성과,지방공기업 경영개선 추진실태,pdf
S00017,감사원,BAI,20031107_[성과]_의약품 등 관리시책 추진실태_296.pdf,.pdf,1557785,ca7ef0d42a0b9a1da85627b32083902aa3b6cbbe05f6d53c192e7cdcc99081c8,296,2003,성과,의약품 등 관리시책 추진실태,pdf
S00018,감사원,BAI,20031119_[특정사안]_공직비리 관련 감사청구 ·민원 등 조사확인_297.pdf,.pdf,300286,62e8f22a9ae09b03428c8116a25d05bb2d99aa22cb19881e9eef2d82e1fd2176,297,2003,특정사안,공직비리 관련 감사청구 ·민원 등 조사확인,pdf
S00019,감사원,BAI,20031208_[특정사안]_과세자료 기반구축 및 운용실태 감사결과_298.pdf,.pdf,827513,874b932dd96ef87f35e50b78588a2e1e45cc6807a36fc15df3f673091ef52d83,298,2003,특정사안,과세자료 기반구축 및 운용실태 감사결과,pdf
S00020,감사원,BAI,20031222_[재무]_국회사무처 감사결과_299.pdf,.pdf,263962,46dba7e4893ca65a2eab896b7958e94b7c779746c3d7f93effa8e4f2518d7a5b,299,2003,재무,국회사무처 감사결과,pdf
S00021,감사원,BAI,20031230_[특정사안]_광역자치단체 건설공사 집행실태_300.pdf,.pdf,365435,dac84e736514072d0755b29260fa6884547f62a9565a03cedd1917021f7dc5d8,300,2003,특정사안,광역자치단체 건설공사 집행실태,pdf
S00022,감사원,BAI,20031230_[특정사안]_대형건축물 허가 및 안전관리실태_301.pdf,.pdf,1939444,95988c0f075ae1a303c1edd027ec918bdac7a87e0f67201f0b09762cac8fc962,301,2003,특정사안,대형건축물 허가 및 안전관리실태,pdf
S00023,감사원,BAI,20040107_[특정사안]_감사정보 및 민원조사 결과_302.pdf,.pdf,321034,d3a756cc05ac4dc95a722892f4fed6a8dfc7060db436a86105d593fef429347e,302,2004,특정사안,감사정보 및 민원조사 결과,pdf
S00024,감사원,BAI,20040126_[성과]_중소기업지원체계 및 단체수의계약제도 운영실태_303.pdf,.pdf,780993,6a65441ae99cc545b35eaf2ab31fcf51c55344eaade42b00d1c12708267e192c,303,2004,성과,중소기업지원체계 및 단체수의계약제도 운영실태,pdf
S00025,감사원,BAI,20040302_[미분류]_공직기강 동향 기동점검_304.pdf,.pdf,258875,45d2091311109b9277cb71ffb8850f7a2ae9382c252678b036b977d9b598e687,304,2004,미분류,공직기강 동향 기동점검,pdf
S00026,감사원,BAI,20040302_[재무]_대전광역시 감사결과_305.pdf,.pdf,624980,e8289d33c572d50b9834b0974855e6a491ca9a2c07143dd599cd8c7aa1e6b25c,305,2004,재무,대전광역시 감사결과,pdf
S00027,감사원,BAI,20040303_[기관정기]_국립대학재정 운용실태 감사결과_306.pdf,.pdf,1505520,db52cbeef27ad386c95e1c04a2bd5e475b5d65abf400fca578a09bcbdfa47ad6,306,2004,기관정기,국립대학재정 운용실태 감사결과,pdf
S00028,감사원,BAI,20040315_[특정사안]_남북철도 ·도로 연결사업 추진실태 감사결과_309.pdf,.pdf,317100,8192c43063f9038af02246daa81f8bb13f7db7b3856c17bebf6e7d844ef20b1c,309,2004,특정사안,남북철도 ·도로 연결사업 추진실태 감사결과,pdf
S00029,감사원,BAI,20040315_[특정사안]_민주화운동기념사업회 운영실태_307.pdf,.pdf,524078,04f6ce321570c47bf6bc5feb0c97a37b21595cc5802d2d37bf16f2d583ba5ff5,307,2004,특정사안,민주화운동기념사업회 운영실태,pdf
S00030,감사원,BAI,20040315_[특정사안]_선갑도 핵폐기물처리장 건설관련사업 추진실태_308.pdf,.pdf,240517,5569c242794713b2423f56c3e07847d00cb418df1a484fbd9fc799e7b33ba63a,308,2004,특정사안,선갑도 핵폐기물처리장 건설관련사업 추진실태,pdf
S00031,감사원,BAI,20040318_[미분류]_산림조합중앙회 농특회계자금 집행실태_310.pdf,.pdf,464954,1e49ad79611b06345f09b3680a5af591ea0021fa1181562879f35aa2239d5277,310,2004,미분류,산림조합중앙회 농특회계자금 집행실태,pdf
S00032,감사원,BAI,"20040326_[특정사안]_대학수학능력시험 출제, 관리실태 감사결과_311.pdf",.pdf,547501,d17536df3959783d02d2e22d5057babd864f8f929ba57a94e6fb46415d15a18a,311,2004,특정사안,"대학수학능력시험 출제, 관리실태 감사결과",pdf
S00033,감사원,BAI,20040329_[국민제안]_대한적십자사 혈액안전관리실태 감사결과_312.pdf,.pdf,143294,fcf66c86b0efc413c275e736c3eabd8d8a581907cad657123a8b4800c7394a95,312,2004,국민제안,대한적십자사 혈액안전관리실태 감사결과,pdf
S00034,감사원,BAI,20040409_[특정사안]_전원시설 확충사업 집행실태_313.pdf,.pdf,428776,d4dc1c8155c08fcb03eeb915eecaeb7073b77cf5f43cb7888b48d1a9c3cb857b,313,2004,특정사안,전원시설 확충사업 집행실태,pdf
S00035,감사원,BAI,20040416_[국민제안]_의문사위원회 시국성명 관련 특별조사_315.pdf,.pdf,107297,b54c0db6387859bcd95dd3aa4080fcb62df4cac747ab5f74d658eabd386137f4,315,2004,국민제안,의문사위원회 시국성명 관련 특별조사,pdf
S00036,감사원,BAI,20040416_[특정사안]_폭설교통대란 관련재해대비태세 감사결과_314.pdf,.pdf,582656,5879d052ce78106131306987d5c79489b2e5d4b0bd952e036f6a0fcc913d1d79,314,2004,특정사안,폭설교통대란 관련재해대비태세 감사결과,pdf
S00037,감사원,BAI,20040429_[성과]_지방교육재정 운영실태_317.pdf,.pdf,2068909,1e0df5cedca0b84511c1d11bf242a649911911dee027fe7dfd4a3b4cafe6a008,317,2004,성과,지방교육재정 운영실태,pdf
S00038,감사원,BAI,20040429_[특정사안]_조세감면 사후관리실태 감사결과_316.pdf,.pdf,287952,fcdd4a83bc522758b6d38f4a633bbafc47e799bb492836bcac1b8dfd7be75c45,316,2004,특정사안,조세감면 사후관리실태 감사결과,pdf
S00039,감사원,BAI,20040503_[국민제안]_공직동향 기동점검(노사합의 부당체결 등회사 부실 경영)_319.pdf,.pdf,305373,8b9233a108381b619ad5fc4d9fe023775b7d0cb2f67d012df082bad55afccd02,319,2004,국민제안,공직동향 기동점검(노사합의 부당체결 등회사 부실 경영),pdf
S00040,감사원,BAI,20040503_[기관정기]_사증발급 및 체류관리 실태_318.pdf,.pdf,902159,12e69e37469a5fc679985d04b8a315d88001587df90c608d028e72b85a4287b6,318,2004,기관정기,사증발급 및 체류관리 실태,pdf
S00041,감사원,BAI,20040506_[성과]_벤처기업 직접투자실태 감사결과_320.pdf,.pdf,407684,c45c340f7d65cc15d1a6e4870cc3da4e63ca0ecea67f9e2e8bd64476a2993e01,320,2004,성과,벤처기업 직접투자실태 감사결과,pdf
S00042,감사원,BAI,20040510_[성과]_지방재정제도 운용 및 투자사업 추진실태_322.pdf,.pdf,4639188,f67605de3a6f3e0318bfcfc9ef95bb904997cb94e6a422eb854105f031c1ce17,322,2004,성과,지방재정제도 운용 및 투자사업 추진실태,pdf
S00043,감사원,BAI,20040510_[특정사안]_자연생태계 보전시책 추진실태_321.pdf,.pdf,386942,69668261461f76bef0f064bb71ef1624906659e3efdea3b052b6921b9211d476,321,2004,특정사안,자연생태계 보전시책 추진실태,pdf
S00044,감사원,BAI,20040514_[성과]_에너지자원 개발 및 공급사업 추진실태_323.pdf,.pdf,186831,d1e7f42f74ce980f0adbce2d143daeb2abe99f34e668fa31fd77fa89baf397d2,323,2004,성과,에너지자원 개발 및 공급사업 추진실태,pdf
S00045,감사원,BAI,20040517_[성과]_지방하수도 건설.운영실태_324.pdf,.pdf,1046028,7f0d7678b8af70fac55a972a7ccbcc565c56991347119a5d1078909be8f97070,324,2004,성과,지방하수도 건설.운영실태,pdf
S00046,감사원,BAI,20040521_[특정사안]_한국방송공사(KBS) 운영실태 감사결과_325.pdf,.pdf,1356870,e7908b1c03359babe40e83efd446000ca9245d854fae9c19e93cc0a579137a66,325,2004,특정사안,한국방송공사(KBS) 운영실태 감사결과,pdf
S00047,감사원,BAI,20040528_[성과]_공적자금 관리실태 감사결과_326.pdf,.pdf,11147956,3b5331bb3b8d6103e1e49b8e4897a20f11c740fc186410ae4267288acba32ab8,326,2004,성과,공적자금 관리실태 감사결과,pdf
S00048,감사원,BAI,20040609_[기관정기]_공시지가 등 토지 관련자료 관리실태_327.pdf,.pdf,607787,6a352901b43b8c64500c6bef1893018f8294f22d9870793921134ac4c511742f,327,2004,기관정기,공시지가 등 토지 관련자료 관리실태,pdf
S00049,감사원,BAI,20040609_[미분류]_주식이동에 따른 취약분야 과세실태_328.pdf,.pdf,1712331,eef6d2549adab2b1fe1c6a2fbcfbf9509682db9bcf52330da82ed806b4ab865b,328,2004,미분류,주식이동에 따른 취약분야 과세실태,pdf
S00050,감사원,BAI,20040614_[성과]_공항확충사업 추진실태_329.pdf,.pdf,1776183,fd8dd1fc1388e003ee0685b05f17e49672b2a34f0749952bcbaba4c65a15ac84,329,2004,성과,공항확충사업 추진실태,pdf
S00051,감사원,BAI,20040623_[미분류]_고등훈련기 양산사업 추진실태_330.pdf,.pdf,273912,dfa06a02fbfbfa03dfb6d4de6ebee5448e8a178ae81c698def671587deca4d68,330,2004,미분류,고등훈련기 양산사업 추진실태,pdf
S00052,감사원,BAI,20040625_[성과]_IT 등 첨단기술산업 관련시책 추진실태_331.pdf,.pdf,1956300,01158d333926be1e88bc4d125fdb669ffcc67fa5a11e3958b70f68c9e46e8b98,331,2004,성과,IT 등 첨단기술산업 관련시책 추진실태,pdf
S00053,감사원,BAI,20040703_[성과]_교통사고감소대책 등 도로교통안전관리실태_332.pdf,.pdf,285327,77598cb29a55a74b13a02539d092b1afa1f2a9a667d5092606892810c65c203e,332,2004,성과,교통사고감소대책 등 도로교통안전관리실태,pdf
S00054,감사원,BAI,20040703_[성과]_토지거래계약 허가제 운영실태_333.pdf,.pdf,658650,162e7871843346ffb5d380a92a7f06a288002f6fd3d59edf7c7d0efac00d4000,333,2004,성과,토지거래계약 허가제 운영실태,pdf
S00055,감사원,BAI,20040712_[성과]_관광자원 개발 ·관리시책 추진실태_334.pdf,.pdf,215470,405ab62cb0b40a4351781a7cfbc3031185377072d726c3fb1a5fdfc4c7bea6a6,334,2004,성과,관광자원 개발 ·관리시책 추진실태,pdf
S00056,감사원,BAI,20040712_[재무]_문화관광부 재무감사_335.pdf,.pdf,268203,1107cd447047bfaa066d9a0ee05d9cf1504bb4f7dce2cb9c9d32d8baefcb7d71,335,2004,재무,문화관광부 재무감사,pdf
S00057,감사원,BAI,20040713_[기관정기]_공적연금제도 및 재정운용실태_336.pdf,.pdf,667490,93a8c924ecde1432d676ffe76f16f8139dbe79c0b756b689a5db75bbe706ebce,336,2004,기관정기,공적연금제도 및 재정운용실태,pdf
S00058,감사원,BAI,20040715_[특정사안]_초 ·중 ·고등학교 회계관리실태_337.pdf,.pdf,295455,3e9a8d52ea7ef21700519f1ed16f215a7bd7d0d4bfd243591dc4622685d7dcaf,337,2004,특정사안,초 ·중 ·고등학교 회계관리실태,pdf
S00059,감사원,BAI,20040716_[특정사안]_금융기관 감독실태_338.pdf,.pdf,1133761,1c63d8d4363dc48860b0a073566620cf6355c532c63f9f5e8abcbac79702f8f6,338,2004,특정사안,금융기관 감독실태,pdf
S00060,감사원,BAI,20040722_[성과]_단체수의계약 등 공공구매제도 운영실태_339.pdf,.pdf,1307619,9d7fdfa3e6f8ea15b111d583ed20003efcb91d8ec7d2ccd06f2d6091d74c40ce,339,2004,성과,단체수의계약 등 공공구매제도 운영실태,pdf
S00061,감사원,BAI,20040723_[성과]_낙후지역 지원시책 추진실태_341.pdf,.pdf,577248,dd7114352f79505f8ee33d7fcd479977673b0ced7ae92a56341a36fadf63e621,341,2004,성과,낙후지역 지원시책 추진실태,pdf
S00062,감사원,BAI,20040723_[재무]_법무부 재무감사_340.pdf,.pdf,229146,bac974482a69ca8cad101df2566a9b9f4b2c2871749fd0a70cfbb5ab3d3186c3,340,2004,재무,법무부 재무감사,pdf
S00063,감사원,BAI,20040726_[재무]_국가보훈처 재무감사_344.pdf,.pdf,152817,8e48e2bc3aaa78016edfa01ee60434920e12e7ab9fa7b0c6136138c69a1e7144,344,2004,재무,국가보훈처 재무감사,pdf
S00064,감사원,BAI,20040726_[재무]_보건복지부 재무감사_342.pdf,.pdf,544889,3bf008e0aa61ec46d7627327e0be10bf7082ec4de13f58ca6cf4ac32f2b62d83,342,2004,재무,보건복지부 재무감사,pdf
S00065,감사원,BAI,20040726_[재무]_식품의약품안전청 재무감사_343.pdf,.pdf,128258,742c187da992e1ece6941fe86f86acc9a8f4a2501aaa7427fb977ccccce803a2,343,2004,재무,식품의약품안전청 재무감사,pdf
S00066,감사원,BAI,20040727_[기관정기]_소비자 보호시책 추진실태_345.pdf,.pdf,966194,5e17de734d6b22632d0c31c7e1edf511f3cc9a87bab2cf3e66870b7d3c908c8f,345,2004,기관정기,소비자 보호시책 추진실태,pdf
S00067,감사원,BAI,20040728_[성과]_사회소외계층 지원실태_348.pdf,.pdf,621462,f9c8c81da6d16f66e2b935fdc18055ec6a54bf7808ded17e873088eb0a0dde2b,348,2004,성과,사회소외계층 지원실태,pdf
S00068,감사원,BAI,20040728_[재무]_경찰청 재무감사_347.pdf,.pdf,253257,3b1fe6011ec59a56c4599e142f3fd726b5480c4ab34bc198cf49931d9c18a369,347,2004,재무,경찰청 재무감사,pdf
S00069,감사원,BAI,20040728_[재무]_행정자치부 재무감사_346.pdf,.pdf,319043,58210430b54489e4234fda34ac63a4506560fb60d0424b68ad4955b82917fda2,346,2004,재무,행정자치부 재무감사,pdf
S00070,감사원,BAI,20040729_[재무]_교육인적자원부 재무감사_350.pdf,.pdf,578242,248f627d3324dee1c836d9a88db12abb465294efced5eef654d81c3e54d4625d,350,2004,재무,교육인적자원부 재무감사,pdf
S00071,감사원,BAI,20040729_[재무]_대한주택공사 재무감사_351.pdf,.pdf,402858,03cde58374d5dff938243d6f36c03f39370940c7549bb4eb75b7ca9ad96533e5,351,2004,재무,대한주택공사 재무감사,pdf
S00072,감사원,BAI,20040729_[재무]_한국수자원공사 재무감사_352.pdf,.pdf,708048,a91dbe412107b0e2f92112c6a649d9b2b544d50bc81e49d40b3541152b0acd60,352,2004,재무,한국수자원공사 재무감사,pdf
S00073,감사원,BAI,20040729_[특정사안]_정보화촉진기금 사업 집행실태_349.hwp,.hwp,562176,8b6f78d3e7277dabc4b1ae2b5db3a40a1981aaaa35abb65f8cdab17ed4c5294c,349,2004,특정사안,정보화촉진기금 사업 집행실태,hwp
S00074,감사원,BAI,20040802_[특정사안]_서울시 주요 건설사업 집행실태_354.pdf,.pdf,297379,7e2ba3b8520826ed16c159f6565d8883bd653f48ea3ec7c455b9710ef1e4fc0c,354,2004,특정사안,서울시 주요 건설사업 집행실태,pdf
S00075,감사원,BAI,20040805_[재무]_철도청 재무감사_355.pdf,.pdf,632256,c2c5f3d7245966a75a06ce83ad57471514f4759e649f31c01164734978f85d51,355,2004,재무,철도청 재무감사,pdf
S00076,감사원,BAI,20040805_[재무]_환경부 재무감사_356.pdf,.pdf,301693,c5225ce651bc197e5572a5fcd96b8c68b33397fcf6c63cb64bfba4c3f06138df,356,2004,재무,환경부 재무감사,pdf
S00077,감사원,BAI,20040809_[재무]_건설교통부 재무감사_357.pdf,.pdf,523365,c0a81f8d6ba1987b9530e46c5286b0966d7f3a59c7396143729a3dafe2b46cb9,357,2004,재무,건설교통부 재무감사,pdf
S00078,감사원,BAI,20040809_[재무]_농림부 재무감사_360.pdf,.pdf,227079,e8246424c67cfbb293f86edab57c19b412966479bc16d14f1b3e2bf8cd5df246,360,2004,재무,농림부 재무감사,pdf
S00079,감사원,BAI,20040809_[재무]_외교통상부 재무감사_358.pdf,.pdf,300441,982ccea250515fc2256b8987061d1673a78b17a408a7229c3c0adda4a121a8f6,358,2004,재무,외교통상부 재무감사,pdf
S00080,감사원,BAI,20040809_[재무]_헌법재판소 재무감사_359.pdf,.pdf,125179,2da86da9d347201c88dfcfd027f4b25a1c8bc362fabcd15767efa05eda4479bb,359,2004,재무,헌법재판소 재무감사,pdf
S00081,감사원,BAI,20040812_[재무]_관세청 재무감사_362.pdf,.pdf,124481,f1b6f0526bf6bb82c84484dc541a76621e63edad383ce5fea83f0b92a386e549,362,2004,재무,관세청 재무감사,pdf
S00082,감사원,BAI,20040812_[재무]_국세청 재무감사_363.pdf,.pdf,130023,c69bf45117ea8e529e59a55a8feb3aa6dcfd69a1751be7ada29a7fad7be6decf,363,2004,재무,국세청 재무감사,pdf
S00083,감사원,BAI,20040812_[재무]_해양수산부 재무감사_361.pdf,.pdf,552676,089a09564c7f4c97e4e41c3e7c55fe1d176d88882003d253ab173813295fadd0,361,2004,재무,해양수산부 재무감사,pdf
S00084,감사원,BAI,20040813_[성과]_부산광역시 일반감사_364.pdf,.pdf,237233,29a0e657466dc8909a48cf04464b18e42086c69fc5bbc7ace324f539630d35ee,364,2004,성과,부산광역시 일반감사,pdf
S00085,감사원,BAI,20040813_[재무]_국방부 재무감사_365.pdf,.pdf,255762,323e1f31f4a5e5605d75900bceec2b87739dae928109e54722e3f62b253ed692,365,2004,재무,국방부 재무감사,pdf
S00086,감사원,BAI,20040813_[재무]_근로복지공단 재무감사_367.pdf,.pdf,299750,fa7936cbba8b55f6c23eaa1a567ec84071add103a688c0eaf1a2a079b26a048a,367,2004,재무,근로복지공단 재무감사,pdf
S00087,감사원,BAI,20040813_[재무]_노동부 재무감사_366.pdf,.pdf,319249,5443987b9b0bc465afb688e2b5d68fa876819294aabcc70eb1e9d79bbd942f99,366,2004,재무,노동부 재무감사,pdf
S00088,감사원,BAI,20040818_[특정사안]_공직기강 특별점검_368.pdf,.pdf,284645,e016a967a0ab00218472c1976609bcac54ce8ed49907cfbe17cbb989d126cf2d,368,2004,특정사안,공직기강 특별점검,pdf
S00089,감사원,BAI,20040823_[특정사안]_지방자치단체 기금운용실태_369.pdf,.pdf,326657,e25e4472b8a22d85768db2179975b39221615a8f6c1ead7e74d6f4502e253204,369,2004,특정사안,지방자치단체 기금운용실태,pdf
S00090,감사원,BAI,20040824_[재무]_제주도 재무감사 결과_370.pdf,.pdf,110630,af7cd9aa49ba79aa3338658379b04f91dafcb956c8dc0403320cc1daf4b6223e,370,2004,재무,제주도 재무감사 결과,pdf
S00091,감사원,BAI,20040825_[국민제안]_공직비리 관련 정보·민원 등 조사확인_371.pdf,.pdf,184302,e7302c78adad4cab716c947b167f00fe74bc199b3ef449ef9548269ea8f91b05,371,2004,국민제안,공직비리 관련 정보·민원 등 조사확인,pdf
S00092,감사원,BAI,20040830_[국민제안]_공직비리 관련 정보 민원 등 조사확인_372.pdf,.pdf,101439,033ab032659cab597e2a134377331d1445093b39c3c014cd6c4532fd1d2e80e7,372,2004,국민제안,공직비리 관련 정보 민원 등 조사확인,pdf
S00093,감사원,BAI,20040830_[국민제안]_공직비리 관련 정보 민원 등 조사확인_373.pdf,.pdf,208601,6f852ab5cb0836f18aa588271dbcd534c7dcfd1c9a3c67bfdde9e1c7fa100944,373,2004,국민제안,공직비리 관련 정보 민원 등 조사확인,pdf
S00094,감사원,BAI,20040830_[국민제안]_공직비리 관련 정보 민원 등 조사확인_374.pdf,.pdf,152253,98518bb022bfa98df3c76aa2bc468fe94d6eaf96dca389d95726eeeec7f65091,374,2004,국민제안,공직비리 관련 정보 민원 등 조사확인,pdf
S00095,감사원,BAI,20040831_[특정사안]_공직기강 점검_375.pdf,.pdf,120815,9a5e0f6dcacc9afa9d1cad8bce6b7c69569f2149aa3107fcb3e2d18b409d4497,375,2004,특정사안,공직기강 점검,pdf
S00096,감사원,BAI,20040910_[재무]_인천광역시 재무감사_376.pdf,.pdf,326021,cdde7e79b6be7d5dbd9608fe2f1aa30d3331bfbdecb85cb9afaf4e780fce69dd,376,2004,재무,인천광역시 재무감사,pdf
S00097,감사원,BAI,20040921_[미분류]_군수품 조달 및 계약관리실태_377.pdf,.pdf,739130,7a573664b0526e99918e11e4e02e686a3d8136eccbc14f4e46dcbbf265e3333a,377,2004,미분류,군수품 조달 및 계약관리실태,pdf
S00098,감사원,BAI,20040923_[국민제안]_한국재활복지대학 교원임용 관련 국민감사청구 사항_378.pdf,.pdf,105813,ef87e2b46e252326d92bf4db2bd02256965ac701472d79d94ba58ed4d60fae70,378,2004,국민제안,한국재활복지대학 교원임용 관련 국민감사청구 사항,pdf
S00099,감사원,BAI,20041001_[재무]_경기도 재무감사_380.pdf,.pdf,271662,3e401d7481863750fca60394330792eb34462710001f5c6ac910d73eb1ec113e,380,2004,재무,경기도 재무감사,pdf
S00100,감사원,BAI,20041008_[기관정기]_도시기반시설 설치비용 부과실태 감사결과_381.pdf,.pdf,590110,dd434848cde0d71083411d6145fd5495f9d2e1dfd63741f2c7db0b775ae44f21,381,2004,기관정기,도시기반시설 설치비용 부과실태 감사결과,pdf
S00101,감사원,BAI,20041009_[재무]_부천시 재무감사 결과_382.pdf,.pdf,135141,d0367c5306fe90895ddbbbb9b679590b85870075e7239e3b0a0f82182baa50ac,382,2004,재무,부천시 재무감사 결과,pdf
S00102,감사원,BAI,20041009_[재무]_울산광역시 재무감사 결과_383.pdf,.pdf,266496,0994b0baa61235c2240e3de4152b5d78a66acf24a5bb25beac2df2c40d5e0448,383,2004,재무,울산광역시 재무감사 결과,pdf
S00103,감사원,BAI,20041015_[미분류]_서울특별시 재무감사결과_384.pdf,.pdf,250644,863a1be7f8782cf50534b038d91a1ef2745ea8728f58ea4a0fa481d2cb414ad5,384,2004,미분류,서울특별시 재무감사결과,pdf
S00104,감사원,BAI,20041025_[특정사안]_SOC 민간투자제도 운용실태_385.pdf,.pdf,904059,d5aa55b0f22736727714929280c4159cb5eed090fa9121ca8bd9112851d0c1f0,385,2004,특정사안,SOC 민간투자제도 운용실태,pdf
S00105,감사원,BAI,20041028_[성과]_정부조달구매제도 운영실태_386.pdf,.pdf,318585,826e164e3f77cf35a7337f78312011bcb6942a0e621aed1b9d2189c95d052596,386,2004,성과,정부조달구매제도 운영실태,pdf
S00106,감사원,BAI,20041129_[특정사안]_「기업여신 신용평가시스템 운용실태 」감사결과_387.pdf,.pdf,2295773,f57d34cc72d6398acf93c79c180826f0e190de2d19cadd841f00d3574137741b,387,2004,특정사안,「기업여신 신용평가시스템 운용실태 」감사결과,pdf
S00107,감사원,BAI,20041213_[특정사안]_경마산업 운영 및 수익금 집행실태_388.pdf,.pdf,539579,105b5c4b8c955fd1d1e0bc2631fd3e870584c78c9774c84dc7147d5847aca1ad,388,2004,특정사안,경마산업 운영 및 수익금 집행실태,pdf
S00108,감사원,BAI,20041215_[성과]_재해복구비 집행실태_389.pdf,.pdf,383590,bdb8d908ba76c0dd349b92e6d1b9c9c34a265d40b41aec831cee3f58dfb1ff3e,389,2004,성과,재해복구비 집행실태,pdf
S00109,감사원,BAI,20041221_[특정사안]_대외원조사업(ODA) 추진실태_390.pdf,.pdf,464731,2742291635c700ce2eee559bc60c6fe737ae4fad92ce7bf565a092cf9736f097,390,2004,특정사안,대외원조사업(ODA) 추진실태,pdf
S00110,감사원,BAI,20041224_[성과]_주요 재정투자사업 예산관리실태_391.pdf,.pdf,627653,a1f26166921fd6b6e92c46f270c7bbc9f122e1d801629e9e4ebebaf9b7c27153,391,2004,성과,주요 재정투자사업 예산관리실태,pdf
S00111,감사원,BAI,20041230_[특정사안]_변칙 상속·증여 및 음성·불로소득 과세실태_392.pdf,.pdf,830579,50298262d530dcb464c539e98394eb10b3e8123e1e8240bdef29a3ba35deda70,392,2004,특정사안,변칙 상속·증여 및 음성·불로소득 과세실태,pdf
S00112,감사원,BAI,20050111_[특정사안]_제3섹터 출자법인 운영실태_393.pdf,.pdf,766296,a5e2ec15fba3e1f980251eeaa8755bc0a1b0e293e70eeef72d03ee4606e157d9,393,2005,특정사안,제3섹터 출자법인 운영실태,pdf
S00113,감사원,BAI,20050114_[특정사안]_자치단체 제3섹타 출자법인 운영실태_394.pdf,.pdf,1221121,fef79b94e85accd9aeed22829f8606192da1d811c10ab460c818922785eb733d,394,2005,특정사안,자치단체 제3섹타 출자법인 운영실태,pdf
S00114,감사원,BAI,20050126_[성과]_국민건강보험 운영실태_395.pdf,.pdf,3019720,8e1d76116e4cf9398201c8cedcac2a9f0fcaf75c09ca4f52e2974e4ace92e417,395,2005,성과,국민건강보험 운영실태,pdf
S00115,감사원,BAI,20050204_[국민제안]_영월화력발전소 건설 추진 관련 감사청구사항 조사_396.pdf,.pdf,167896,ee1a55ec954216c9327cbb20f5230e815d1c4d844c1061cd8a59b4a6aece9f76,396,2005,국민제안,영월화력발전소 건설 추진 관련 감사청구사항 조사,pdf
S00116,감사원,BAI,20050204_[국민제안]_원주시 원일프라자 민자유치사업 관련 감사청구사항_397.pdf,.pdf,222464,347931a7d7745026b02bb2b6c5de66b14d1e0023f4e41c68c593aee403b118d1,397,2005,국민제안,원주시 원일프라자 민자유치사업 관련 감사청구사항,pdf
S00117,감사원,BAI,20050218_[특정사안]_대학수학능력시험 관리실태_398.pdf,.pdf,407934,431a702e5c3cc051136393bd3eea042f53e1e312e9a1fc946bbf536b4125c4f5,398,2005,특정사안,대학수학능력시험 관리실태,pdf
S00118,감사원,BAI,20050224_[성과]_어항시설 개선 및 확충사업 추진실태_399.pdf,.pdf,1197700,8cc04e0014da2a1a9cdb0c9b08027505e61a3cd9e1fb26e0e7c4b8f7847ecd4f,399,2005,성과,어항시설 개선 및 확충사업 추진실태,pdf
S00119,감사원,BAI,20050310_[특정사안]_대학재정 지원사업 집행실태_400.pdf,.pdf,596254,f2aaa19554ac95f3f2e3baf65d0ad4604c3df017490848c980cd2d1ca4958b41,400,2005,특정사안,대학재정 지원사업 집행실태,pdf
S00120,감사원,BAI,20050317_[특정사안]_고속철도 운영 및 관리실태_401.pdf,.pdf,1785389,c0ac6a04af042476559de48214865497cd5a645461f74920d50bbd755b6329f1,401,2005,특정사안,고속철도 운영 및 관리실태,pdf
S00121,감사원,BAI,20050324_[특정사안]_취약분야 공직비리 점검_402.pdf,.pdf,486562,dbe0d972fd4a1f1832642a5a97cf6bd8bc17f2700cad96f83486883486f3174d,402,2005,특정사안,취약분야 공직비리 점검,pdf
S00122,감사원,BAI,20050331_[특정사안]_지역산업진흥사업 추진실태_403.pdf,.pdf,581060,1b9f2e1cd715f3376efe0752d9d099a759a312ce789f80bbdefb9265f394b351,403,2005,특정사안,지역산업진흥사업 추진실태,pdf
S00123,감사원,BAI,20050412_[국민제안]_공직동향 기동점검(사할린 유전사업사업 감사결과)_404.bin,.bin,283483,74c9b121a994ac061d627932de0f81186316b80e9bb3644d21ce42e23f86c7c8,404,2005,국민제안,공직동향 기동점검(사할린 유전사업사업 감사결과),csd
S00124,감사원,BAI,20050421_[특정사안]_재외공관회계 및 인사관리실태_405.pdf,.pdf,572216,38b97c598d3b8dfe51e4236369bbc57636146286df6c361d2e6b7a1d6c1e5f13,405,2005,특정사안,재외공관회계 및 인사관리실태,pdf
S00125,감사원,BAI,20050422_[국민제안]_지축-효자간 도로개설사업 감사청구_406.pdf,.pdf,137484,6b7e1f3b7bfccd4817dd302c740c91e14882e1e25c2d022fe3b2b5c53bd6ffc7,406,2005,국민제안,지축-효자간 도로개설사업 감사청구,pdf
S00126,감사원,BAI,20050509_[특정사안]_대통령 소속 위원외 설치 운영 및 예산집행 실태_407.pdf,.pdf,295488,272511e8513aeea6375b6758fba96b562d33583b2a6c35658e6322d8a1eacf97,407,2005,특정사안,대통령 소속 위원외 설치 운영 및 예산집행 실태,pdf
S00127,감사원,BAI,20050510_[국민제안]_부산~김해간 경전철사업 추진실태_409.pdf,.pdf,538021,6390efba2160da179bc5526392bd5b6f7ab84f225282d3aa4ff432ab58daf79c,409,2005,국민제안,부산~김해간 경전철사업 추진실태,pdf
S00128,감사원,BAI,20050510_[성과]_책임운영기관 지정 및 운영실태_408.pdf,.pdf,721856,4bfc3543368384fe9b6ad9561e9f22ca8993032f0444044714d8367e4a5b0d6e,408,2005,성과,책임운영기관 지정 및 운영실태,pdf
S00129,감사원,BAI,20050516_[특정사안]_자치단체 민원행정 처리실태_410.pdf,.pdf,1994265,275bca57890944915023577cf663db7f486e8db31425daeb85b0c0e3dc82db67,410,2005,특정사안,자치단체 민원행정 처리실태,pdf
S00130,감사원,BAI,20050523_[특정사안]_한국 컨테이너 부두공단 운영실태_411.pdf,.pdf,363780,2609287be074c6c81667948d69184310a69635a5326ee4e3c812fda096ee2e6e,411,2005,특정사안,한국 컨테이너 부두공단 운영실태,pdf
S00131,감사원,BAI,20050523_[특정사안]_한탄강댐 건설사업 추진실태_413.pdf,.pdf,1080427,82a36aae43f3b258ce7a2fd90b9bbe61f3ea6b214ffd8aa1c6c8b70a2db3a761,413,2005,특정사안,한탄강댐 건설사업 추진실태,pdf
S00132,감사원,BAI,20050524_[특정사안]_청년고용증진시책 추진실태_414.pdf,.pdf,1570085,b8d901f5be07f8a8da24ba3ea9ae1eb92663019f5e18105b3ae3608c745b311a,414,2005,특정사안,청년고용증진시책 추진실태,pdf
S00133,감사원,BAI,20050602_[특정사안]_취약시기 공직기강 점검_415.pdf,.pdf,338228,56903e91292a44a1cb44d48bcc8522bd65aca4db225cca4a54e91f19647efab9,415,2005,특정사안,취약시기 공직기강 점검,pdf
S00134,감사원,BAI,20050607_[특정사안]_식품환경 등 취약분야 지도단속실태_416.pdf,.pdf,757947,2e8e84b92e2082cad8f3c4c697c75fd497beeaa11ebc8f1902f5f46de308d34f,416,2005,특정사안,식품환경 등 취약분야 지도단속실태,pdf
S00135,감사원,BAI,20050608_[특정사안]_노동부 소관 5개 기금 운용실태_417.bin,.bin,635895,f62da2d15d9cf66c657bc446a700d1518a49e4ff1f3eebe4332f4ea21f2b0c50,417,2005,특정사안,노동부 소관 5개 기금 운용실태,csd
S00136,감사원,BAI,20050616_[특정사안]_행담도 해양복합 관광휴게시설 개발사업 추진실태_418.bin,.bin,552498,ad7e8445ff3419b42260391988e7dfd564a4341b54792d855af574c59d03cc10,418,2005,특정사안,행담도 해양복합 관광휴게시설 개발사업 추진실태,csd
S00137,감사원,BAI,20050621_[특정사안]_중소·벤처기업 보증 [보험] 지원실태_419.pdf,.pdf,3203791,94ed993594e6cb4b69125b8cfda13ea4918884dd697ecb9aa64785bf58107344,419,2005,특정사안,중소·벤처기업 보증 [보험] 지원실태,pdf
S00138,감사원,BAI,20050630_[재무]_학교시설·교원양성 등 교육재정 운영실태_420.pdf,.pdf,3300283,0c4c11dbb69a2a20a661ed3fcb311ae77e99c0ce6894e2a3ad13e78a1b012441,420,2005,재무,학교시설·교원양성 등 교육재정 운영실태,pdf
S00139,감사원,BAI,20050706_[특정사안]_공공 장사(葬事)시설 설치·관리 실태_421.pdf,.pdf,710816,f8c277f3fc8dfd073df43845bb0919bdcad529ba0454ac6e9ee3e8fa86e7b2fc,421,2005,특정사안,공공 장사(葬事)시설 설치·관리 실태,pdf
S00140,감사원,BAI,20050728_[특정사안]_공기업 경영혁신 추진실태_423.pdf,.pdf,1433211,de90359c706d57617795894877480602e0843673b58cca80c6f1ac9f517139d5,423,2005,특정사안,공기업 경영혁신 추진실태,pdf
S00141,감사원,BAI,20050818_[특정사안]_취약분야 공직비리 점검결과_425.pdf,.pdf,273600,0b72846cea4df4cff7ff0ee1d1e8f8a029e1dd0c5b4552c63f94d81bed7fb1d9,425,2005,특정사안,취약분야 공직비리 점검결과,pdf
S00142,감사원,BAI,20050822_[성과]_임대주택 건설 및 관리실태_426.pdf,.pdf,605262,5a4357d493285e5b3a04c19bc11fbea2dcf4343d1478b320aa2ca937121a42a5,426,2005,성과,임대주택 건설 및 관리실태,pdf
S00143,감사원,BAI,20050823_[특정사안]_국공유재산 관리실태_427.pdf,.pdf,2027875,1091f636a01bacd6a9ea9ebe455e33cef61dd4c528e18df4c99bac655b109e6b,427,2005,특정사안,국공유재산 관리실태,pdf
S00144,감사원,BAI,20050830_[특정사안]_불법취득 국유지 환수·특례 매각실태_428.bin,.bin,907136,fd6d4283a372c151adeb73198638526240d3991c0fdd2fcfcb6167ead2c512cd,428,2005,특정사안,불법취득 국유지 환수·특례 매각실태,csd
S00145,감사원,BAI,20050905_[특정사안]_지진해일 대응 및 대비실태_430.pdf,.pdf,552401,9f3e7887adda6d69c9a9e2ae1fdd9712c113ccc4910b18462ad0af9f3d25f50e,430,2005,특정사안,지진해일 대응 및 대비실태,pdf
S00146,감사원,BAI,20050908_[특정사안]_관세 과세자료 활용실태_431.pdf,.pdf,524078,d628e85ccfe16c20aa9716f0bf74b1676a9037decff20668593aca5e7d6a512d,431,2005,특정사안,관세 과세자료 활용실태,pdf
S00147,감사원,BAI,20050915_[미분류]_국민감사 청구사항(제15회 공인중개사 시험관련)_429.hwp,.hwp,28672,fa755660a41e7ad58ba4d0ee2451305072e52b877ed560e01c7ff5dc724c3ddc,429,2005,미분류,국민감사 청구사항(제15회 공인중개사 시험관련),hwp
S00148,감사원,BAI,20050920_[재무]_대학교수 확보기준을 법령과 다르게 운영 등_432.pdf,.pdf,1758313,5b11f0c9b9e158c5be95d194806883984126d81e7f98206e85d2f9dedd0fe8ae,432,2005,재무,대학교수 확보기준을 법령과 다르게 운영 등,pdf
S00149,감사원,BAI,20050923_[기타기타]_경원초등학교 설립계획 관련 감사청구사항_433.pdf,.pdf,592192,ee09c1be2806c3651471e2f1bef6957da9c385c64dc4e23fd79537e9159c5d89,433,2005,기타기타,경원초등학교 설립계획 관련 감사청구사항,pdf
S00150,감사원,BAI,20051010_[재무]_한국철도시설공단 재무감사_434.pdf,.pdf,1245824,5e2c7c7d8bd755783647f14f562481105a6688a43743366993a0cd2c48b818b2,434,2005,재무,한국철도시설공단 재무감사,pdf
S00151,감사원,BAI,20051012_[성과]_동북아 물류중심항만 구축사업 추진실태_436.pdf,.pdf,1997422,747abc9e909f084330c3357790a46cb9580b0552e13a0a13649ffb2676392cef,436,2005,성과,동북아 물류중심항만 구축사업 추진실태,pdf
S00152,감사원,BAI,20051013_[성과]_물류 정보화·표준화 등 물류체계 개선사업 추진실태_435.pdf,.pdf,4951830,66341db60125ad299ac9f0abe4608570fe81b1d2b96a3ca0ebea37a6d00f51fb,435,2005,성과,물류 정보화·표준화 등 물류체계 개선사업 추진실태,pdf
S00153,감사원,BAI,20051028_[성과]_공공기록물 보존 및 관리실태_437.bin,.bin,1275041,c9b233594f072c70e2a9753ff30d5a7feea8f19507332502f909370266de95ee,437,2005,성과,공공기록물 보존 및 관리실태,csd
S00154,감사원,BAI,20051110_[국민제안]_국민감사 청구사항(제15회 공인중개사 시험관련)_438.hwp,.hwp,26624,ca6d5853b1d2c1beb2783e26b57502b99a53fb2ecf65c7b92520fe8cd33815c5,438,2005,국민제안,국민감사 청구사항(제15회 공인중개사 시험관련),hwp
S00155,감사원,BAI,20051118_[기타기타]_국민감사 청구사항(제15회 공인중개사 시험관련)_439.hwp,.hwp,154112,bad3215a9fd4d006a0627617734f46c8526ed812576b8412f8ed1b3e9ffff86f,439,2005,기타기타,국민감사 청구사항(제15회 공인중개사 시험관련),hwp
S00156,감사원,BAI,20051118_[기타기타]_국민감사 청구사항(제15회 공인중개사 시험관련)_440.hwp,.hwp,26624,dc6da66d5e3e6bbf7b4ad3e68d693d8d3425bd8aa5af6bb6afe5076859e6dbe6,440,2005,기타기타,국민감사 청구사항(제15회 공인중개사 시험관련),hwp
S00157,감사원,BAI,20051224_[기타기타]_제15회 공인중개사 자격시험 관리실태_443.pdf,.pdf,419810,cf41822db3c3827c7edc1f79a675c1b85704bd9123eb6f17056ac089345d828d,443,2005,기타기타,제15회 공인중개사 자격시험 관리실태,pdf
S00158,감사원,BAI,20051224_[재무]_한국관광공사 재무감사_444.pdf,.pdf,740817,45964d404ef1cb4aba1b5eae7bc2f85664dd91bd373a5974fee225fcccdf8756,444,2005,재무,한국관광공사 재무감사,pdf
S00159,감사원,BAI,20051224_[특정사안]_공공보건의료시스템 운영실태_441.pdf,.pdf,652815,413c3e0ffeb3b6d144d23769782daee818ea02f666c6fdbf96a38aa333e100e8,441,2005,특정사안,공공보건의료시스템 운영실태,pdf
S00160,감사원,BAI,20051224_[특정사안]_국가고시센터 신축 예산편성 및 집행실태_447.pdf,.pdf,426221,bd8305bc5e997215b245a52e2af0c05e5a792dc30a49d59a8ee9d92ac77aa30b,447,2005,특정사안,국가고시센터 신축 예산편성 및 집행실태,pdf
S00161,감사원,BAI,20051224_[특정사안]_상수도 개발 및 운영실태_448.pdf,.pdf,2446170,d761eac21eb6748f882cc03a4a3bfb3c2168176aa2de70f1c9c215f6c8591bd1,448,2005,특정사안,상수도 개발 및 운영실태,pdf
S00162,감사원,BAI,20051224_[특정사안]_수요자중심 교육과정 운영실태_446.bin,.bin,421188,4a61658ba72af3c80fa0011e100b742f96a1e06af12ca40114271a08149d625f,446,2005,특정사안,수요자중심 교육과정 운영실태,csd
S00163,감사원,BAI,20051224_[특정사안]_영향평가제도 운용실태_442.pdf,.pdf,842900,7af91d0b7e40a33344367ed6e87468c59befcb0d170ea7a1ab78971537f8a46d,442,2005,특정사안,영향평가제도 운용실태,pdf
S00164,감사원,BAI,20051224_[특정사안]_해양오염방지 및 어장정화사업 추진실태_445.pdf,.pdf,1287879,86b017592eca99f6fe18b8658d6aad69828514ee4e3573518ec96b1a45a37d3d,445,2005,특정사안,해양오염방지 및 어장정화사업 추진실태,pdf
S00165,감사원,BAI,20060105_[기타기타]_국민감사 청구사항(제15회 공인중개사 시험관련)_449.hwp,.hwp,154112,bad3215a9fd4d006a0627617734f46c8526ed812576b8412f8ed1b3e9ffff86f,449,2006,기타기타,국민감사 청구사항(제15회 공인중개사 시험관련),hwp
S00166,감사원,BAI,20060111_[성과]_내륙 물류기반시설 확충실태_450.bin,.bin,2263403,ca8b9b4b3745ee4358ccfe4e7034448f0ff4f91c9efe183e7fc56fe339072cbf,450,2006,성과,내륙 물류기반시설 확충실태,csd
S00167,감사원,BAI,20060119_[특정사안]_전자정부사업 추진실태_451.bin,.bin,2789769,ea04a426ae23a8ff1be2756a2da4c284e8d911809016f985fbba7bb62d9ec1f1,451,2006,특정사안,전자정부사업 추진실태,csd
S00168,감사원,BAI,20060123_[국민제안]_취약분야 공직비리 점검_452.bin,.bin,761403,62d809345851863887428fb10c629082190828aad8ab76ff10396458c07f25fa,452,2006,국민제안,취약분야 공직비리 점검,csd
S00169,감사원,BAI,20060125_[재무]_국가안전보장회의(NSC) 재무감사_454.bin,.bin,318012,0e405f6c11c885d4987a8311276bf849a0534edf90cdae9ff8a1469aee4af7e7,454,2006,재무,국가안전보장회의(NSC) 재무감사,csd
S00170,감사원,BAI,20060202_[특정사안]_복권제도 운영 및 관리실태_455.bin,.bin,927888,47b51182a949d14dffac45e2e1dd78f760224f9d151434cff60046139f61bbfe,455,2006,특정사안,복권제도 운영 및 관리실태,csd
S00171,감사원,BAI,"20060206_[특정사안]_국가연구개발사업 지원관리 실태, 국가연구개발사업 지원관리체계 점검평가_456_v1.bin",.bin,1194881,2abc3481bc5ca617a3759b3b43362999f7f1e79528f12ca6e93609dc4953c1e2,456,2006,특정사안,"국가연구개발사업 지원관리 실태, 국가연구개발사업 지원관리체계 점검평가",csd
S00172,감사원,BAI,"20060206_[특정사안]_국가연구개발사업 지원관리 실태, 국가연구개발사업 지원관리체계 점검평가_456_v2.bin",.bin,614594,df763e5dab02cc7ac6bce508089c5198e9d6e148ec4bab239cfc8ecf094646da,456,2006,특정사안,"국가연구개발사업 지원관리 실태, 국가연구개발사업 지원관리체계 점검평가",csd
S00173,감사원,BAI,20060209_[특정사안]_지방자치단체 종합감사결과(예산운용실태 등 16개 감사사항)-[1]_457_v1.bin,.bin,564263,46f3e05a549d5d2d0874ddd922a4fa036c449be08a465ef55650758b96cd5f3c,457,2006,특정사안,지방자치단체 종합감사결과(예산운용실태 등 16개 감사사항)-[1],csd
S00174,감사원,BAI,20060209_[특정사안]_지방자치단체 종합감사결과(예산운용실태 등 16개 감사사항)-[1]_457_v10.bin,.bin,742693,b3d6765e9904812ab8edb3698d7cad1ca28c931808e7828ee21e67e92b9f2e83,457,2006,특정사안,지방자치단체 종합감사결과(예산운용실태 등 16개 감사사항)-[1],csd
S00175,감사원,BAI,20060209_[특정사안]_지방자치단체 종합감사결과(예산운용실태 등 16개 감사사항)-[1]_457_v2.bin,.bin,508681,d5ae51165e4437d039a0ce319430afc3c3b30e50cfd02f9645d0cad20a058a97,457,2006,특정사안,지방자치단체 종합감사결과(예산운용실태 등 16개 감사사항)-[1],csd
S00176,감사원,BAI,20060209_[특정사안]_지방자치단체 종합감사결과(예산운용실태 등 16개 감사사항)-[1]_457_v3.bin,.bin,409789,d570d16a807258a14ef9f13206b9e0b44520dac814bb333d21a17d75b414f864,457,2006,특정사안,지방자치단체 종합감사결과(예산운용실태 등 16개 감사사항)-[1],csd
S00177,감사원,BAI,20060209_[특정사안]_지방자치단체 종합감사결과(예산운용실태 등 16개 감사사항)-[1]_457_v4.bin,.bin,508521,9af5fa1eaa6cd88516c65545fd1c8942d18574e3d295d64bef4891f2bc7e3b51,457,2006,특정사안,지방자치단체 종합감사결과(예산운용실태 등 16개 감사사항)-[1],csd
S00178,감사원,BAI,20060209_[특정사안]_지방자치단체 종합감사결과(예산운용실태 등 16개 감사사항)-[1]_457_v5.bin,.bin,794763,e9fe0c3521087e7db9d8ac20a8626e5becb1066110e46068ef858fd7321610dd,457,2006,특정사안,지방자치단체 종합감사결과(예산운용실태 등 16개 감사사항)-[1],csd
S00179,감사원,BAI,20060209_[특정사안]_지방자치단체 종합감사결과(예산운용실태 등 16개 감사사항)-[1]_457_v6.bin,.bin,1555913,5af9d45939cbecf01efae4133b7e5c7882ad761394824fd58c0084f0893d1970,457,2006,특정사안,지방자치단체 종합감사결과(예산운용실태 등 16개 감사사항)-[1],csd
S00180,감사원,BAI,20060209_[특정사안]_지방자치단체 종합감사결과(예산운용실태 등 16개 감사사항)-[1]_457_v7.bin,.bin,466890,cfc84dce661ed21614a89e71dcabe2df85c44d1ce2d888d7494b55b60ca7f636,457,2006,특정사안,지방자치단체 종합감사결과(예산운용실태 등 16개 감사사항)-[1],csd
S00181,감사원,BAI,20060209_[특정사안]_지방자치단체 종합감사결과(예산운용실태 등 16개 감사사항)-[1]_457_v8.bin,.bin,7649884,f3e1cdc3b80b70cee661fb0b51fbd42abe0e50dfe8f643540cfae2c7df50ed55,457,2006,특정사안,지방자치단체 종합감사결과(예산운용실태 등 16개 감사사항)-[1],csd
S00182,감사원,BAI,20060209_[특정사안]_지방자치단체 종합감사결과(예산운용실태 등 16개 감사사항)-[1]_457_v9.bin,.bin,4509452,2afeb11434491433f80eb3b4ef42e456b60a9b91230be8416047d0c5f2e46b6d,457,2006,특정사안,지방자치단체 종합감사결과(예산운용실태 등 16개 감사사항)-[1],csd
S00183,감사원,BAI,20060216_[특정사안]_재외국민보호 및 통상외교 추진실태_459.bin,.bin,971732,10854ecf26586479720198787a41a1c21856836ccbce7e76e713c5d9df33c5fe,459,2006,특정사안,재외국민보호 및 통상외교 추진실태,csd
S00184,감사원,BAI,20060225_[특정사안]_지방자치단체 종합감사결과(예산운용실태 등 16개 감사사항)-[2]_460_v1.bin,.bin,467294,3ec30901955244bc68e0de966d76219f161eefb64e60e31004c11375bf346b06,460,2006,특정사안,지방자치단체 종합감사결과(예산운용실태 등 16개 감사사항)-[2],csd
S00185,감사원,BAI,20060225_[특정사안]_지방자치단체 종합감사결과(예산운용실태 등 16개 감사사항)-[2]_460_v2.bin,.bin,1265262,78d28593fd737acc535b68fd1fe1b37eaa3d8a425ec461b2757227829e9b5bef,460,2006,특정사안,지방자치단체 종합감사결과(예산운용실태 등 16개 감사사항)-[2],csd
S00186,감사원,BAI,20060225_[특정사안]_지방자치단체 종합감사결과(예산운용실태 등 16개 감사사항)-[2]_460_v3.bin,.bin,950583,2c6e2f58ee31e0daa5fc839435c0a2facd8027128ebc8847e7619ee112eb5834,460,2006,특정사안,지방자치단체 종합감사결과(예산운용실태 등 16개 감사사항)-[2],csd
S00187,감사원,BAI,20060225_[특정사안]_지방자치단체 종합감사결과(예산운용실태 등 16개 감사사항)-[2]_460_v4.bin,.bin,725667,acbf5064984b8ab67cc169070608480969dd020631d04011fe58fa3f9897dd74,460,2006,특정사안,지방자치단체 종합감사결과(예산운용실태 등 16개 감사사항)-[2],csd
S00188,감사원,BAI,20060225_[특정사안]_지방자치단체 종합감사결과(예산운용실태 등 16개 감사사항)-[2]_460_v5.bin,.bin,1138402,919788f3d72cf1e9d0e15feac9acb1085a0438a195416b4b6d34dda87f9a90ef,460,2006,특정사안,지방자치단체 종합감사결과(예산운용실태 등 16개 감사사항)-[2],csd
S00189,감사원,BAI,20060225_[특정사안]_지방자치단체 종합감사결과(예산운용실태 등 16개 감사사항)-[2]_460_v6.bin,.bin,998279,a99ec0bfb306742f8e2d95c499f99574aeac7136edf791dd988a4bede230091c,460,2006,특정사안,지방자치단체 종합감사결과(예산운용실태 등 16개 감사사항)-[2],csd
S00190,감사원,BAI,20060225_[특정사안]_지방자치단체 종합감사결과(예산운용실태 등 16개 감사사항)-[2]_460_v7.bin,.bin,140129,5fdb0f8fc95332afaf87972fbf342bf3f94a139aa73d9bc03c79a8d1efd718ef,460,2006,특정사안,지방자치단체 종합감사결과(예산운용실태 등 16개 감사사항)-[2],csd
S00191,감사원,BAI,20060309_[기관정기]_한국보훈복지의료공단 운영실태_461.bin,.bin,1042035,674dc4c3e05462c7f58a874fb6d7783c045a8393d8df9bb53f53067371aee364,461,2006,기관정기,한국보훈복지의료공단 운영실태,csd
S00192,감사원,BAI,20060322_[특정사안]_아시아문화산업교류재단 국고보조금 지원실태_463.bin,.bin,666123,8a08dd7eb03366b155a1aa25c07c44fd56f48e9ecb8f3c7f3877957ced20abea,463,2006,특정사안,아시아문화산업교류재단 국고보조금 지원실태,csd
S00193,감사원,BAI,20060322_[특정사안]_한국철도공사 출자회사 설립 및 운영실태_462.bin,.bin,1852945,67b87384e40c659bb087fd2379c1e924a5079867fe41e697c93dc1b4cc977c2e,462,2006,특정사안,한국철도공사 출자회사 설립 및 운영실태,csd
S00194,감사원,BAI,20060406_[기관정기]_환경관리공단 기관운영감사_464.bin,.bin,5242481,a6b4030ff57610d54c1935d082e9bc8f6955914e2252a2f0a78bbf377a805699,464,2006,기관정기,환경관리공단 기관운영감사,csd
S00195,감사원,BAI,20060413_[특정사안]_노인요양보호시설 운영실태_465.bin,.bin,8430626,d7e1383e99eea4dba9c8333e8dcc66dfc4d050c6cd216ec16af19467f7b43770,465,2006,특정사안,노인요양보호시설 운영실태,csd
S00196,감사원,BAI,20060419_[특정사안]_건설공사 관리시스템 운영실태_466.bin,.bin,1142920,c0d95330ee66182998504a83ef3e481d918c9cd07f0a7b695f4978045e7a3b5e,466,2006,특정사안,건설공사 관리시스템 운영실태,csd
S00197,감사원,BAI,20060425_[특정사안]_방사성폐기물처분장 건설추진실태_467.bin,.bin,1065949,1677dcc55d6ceea65db40d7b90749263dc4878e15e52a5505c4b77acf14ff989,467,2006,특정사안,방사성폐기물처분장 건설추진실태,csd
S00198,감사원,BAI,20060512_[특정사안]_농림수산업자신용보증기금 운용실태_468.bin,.bin,1024309,562dde66252b44ceb27f4fca545f4a9d072616cf46f0468f5485dc617b65dfba,468,2006,특정사안,농림수산업자신용보증기금 운용실태,csd
S00199,감사원,BAI,20060526_[특정사안]_양주옥정지구 공직자 부동산투기 등 비리점검 등 3개 사항_469_v1.bin,.bin,462836,83943d699582a8b964299fef7babd2bb8b178af935665ee6b7b5d02fcb4a1b30,469,2006,특정사안,양주옥정지구 공직자 부동산투기 등 비리점검 등 3개 사항,csd
S00200,감사원,BAI,20060526_[특정사안]_양주옥정지구 공직자 부동산투기 등 비리점검 등 3개 사항_469_v2.bin,.bin,121748,d54d1b332e85d34f4951f7608d1edd26f53ce3cad9387431073ae76892ce4032,469,2006,특정사안,양주옥정지구 공직자 부동산투기 등 비리점검 등 3개 사항,csd
S00201,감사원,BAI,20060526_[특정사안]_양주옥정지구 공직자 부동산투기 등 비리점검 등 3개 사항_469_v3.bin,.bin,463096,6f3165f57d1c331fe39cde64bffdf61d057158bc262f170e7d7d1535e97ce6ca,469,2006,특정사안,양주옥정지구 공직자 부동산투기 등 비리점검 등 3개 사항,csd
S00202,감사원,BAI,"20060601_[특정사안]_결산검사보고, 예산편성 및 집행실태_470.bin",.bin,2449460,220038d8f838e2ec9c0d0939db0d3b1c2293f21db65f133a67da6e38b3910fdb,470,2006,특정사안,"결산검사보고, 예산편성 및 집행실태",csd
S00203,감사원,BAI,20060602_[특정사안]_재난관리체계 구축 및 운용실태_471.bin,.bin,1589802,5405f9d2c57c25f35beeb0dde501bad0ea9bd2abd7e5bd2fc2ec84416f64feee,471,2006,특정사안,재난관리체계 구축 및 운용실태,csd
S00204,감사원,BAI,20060608_[재무]_한국교육방송공사 재무감사_472.bin,.bin,1052879,1ef8e213ef4ca10a0f52e3dad537846c16f1726697b3eeb8ccf0dd69f327b16f,472,2006,재무,한국교육방송공사 재무감사,csd
S00205,감사원,BAI,20060608_[특정사안]_철도 화물차량부품 납품실태_473.bin,.bin,21509965,7373be4962457316a3eb88b4b76589218bf6e67686ff359e3fa70185c83fdafb,473,2006,특정사안,철도 화물차량부품 납품실태,csd
S00206,감사원,BAI,20060614_[특정사안]_송배전시설 건설사업 집행실태_474.bin,.bin,2775694,c5fc13e4e5a7ed052ea0a6c50e1c2f2f7bbde24bbabb34cfb339affcdf9c6748,474,2006,특정사안,송배전시설 건설사업 집행실태,csd
S00207,감사원,BAI,20060727_[특정사안]_대한무역투자진흥공사(KOTRA) 운영실태_479.bin,.bin,1219580,9f15517758706564a54f28c8fa87f7ea0eea1cc9cbe0641db95b87d42949f580,479,2006,특정사안,대한무역투자진흥공사(KOTRA) 운영실태,csd
S00208,감사원,BAI,20060824_[성과]_문화재 지정 및 관리실태_480.bin,.bin,2962701,f78d4ca7a2f4eda1192ea9609e48ed1be4dc64ed9c82e91ec5b40979b1620aa6,480,2006,성과,문화재 지정 및 관리실태,csd
S00209,감사원,BAI,20060906_[국민제안]_제주도 호접란 미국 수출사업 감사청구_483.bin,.bin,271546,e0b9afc5be5b204c27a195b3901c5a6210828168a94a2a9a467aebe69f7b7d0f,483,2006,국민제안,제주도 호접란 미국 수출사업 감사청구,csd
S00210,감사원,BAI,20060906_[성과]_외국인 체류 및 이주 관리실태_482.bin,.bin,1265973,d52d092388a9faf6aecc0adbb242cff00c372d495ad8e59944071a0d199e10d3,482,2006,성과,외국인 체류 및 이주 관리실태,csd
S00211,감사원,BAI,20060918_[재무]_사전환경성 미협의 공사 관련 감사청구_485.bin,.bin,440431,9be225d969f1d82b16afa8619e73b3a2b7a10cf74dfa9d14cb15f2ba3f4b110e,485,2006,재무,사전환경성 미협의 공사 관련 감사청구,csd
S00212,감사원,BAI,20060918_[특정사안]_농업구조개선사업 추진실태_484.bin,.bin,5652225,c5394f06ecaf7bef433384f0e9c728bfbed54480c973b9b4ea1ee655f7b90f3c,484,2006,특정사안,농업구조개선사업 추진실태,csd
S00213,감사원,BAI,20060921_[특정사안]_학교급식 운영 및 관리실태_486_v1.bin,.bin,730176,f930e752d719792d1988202b2eea6f3d8af0bd91a03abde2156ef036945471d5,486,2006,특정사안,학교급식 운영 및 관리실태,csd
S00214,감사원,BAI,20060921_[특정사안]_학교급식 운영 및 관리실태_486_v2.bin,.bin,1622041,bc280260151c350eeebf69f7e9bac5249f82c2c7e1bf92ff2b0c4cf863e8209b,486,2006,특정사안,학교급식 운영 및 관리실태,csd
S00215,감사원,BAI,20060925_[특정사안]_공정거래위원회 기관운영감사_487.bin,.bin,619714,895aac20e9ec15ede6ac03f54e742ec40313d197ad2cebfa8662cb151f2585c7,487,2006,특정사안,공정거래위원회 기관운영감사,csd
S00216,감사원,BAI,20060926_[특정사안]_금융공기업 경영혁신 추진실태_488.bin,.bin,2422459,3b314af319557f82f51e0ab44eadef573b3c54c37f2746bf181cae985070925b,488,2006,특정사안,금융공기업 경영혁신 추진실태,csd
S00217,감사원,BAI,20061001_[특정사안]_저소득층에 대한 사회안전망 구축 및 운영실태_489.bin,.bin,816670,ab319b78e32711dd9069aabfab77f66d905216c35c229bb40387ff459411ce00,489,2006,특정사안,저소득층에 대한 사회안전망 구축 및 운영실태,csd
S00218,감사원,BAI,20061002_[특정사안]_에너지개발 및 이용합리화 추진실태_490.bin,.bin,628984,a8b477757717247123dd9cc68f649ba5ef0e46e23a6ec7c69d3b504f2fd929a6,490,2006,특정사안,에너지개발 및 이용합리화 추진실태,csd
S00219,감사원,BAI,"20061004_[특정사안]_납세자 권익보호실태, 국제세원 관리실태_491_v1.bin",.bin,2825500,5711752b4c8b8dc37cd14319a2923fe83c464e605cadc35fe3828c02d13b5083,491,2006,특정사안,"납세자 권익보호실태, 국제세원 관리실태",csd
S00220,감사원,BAI,"20061004_[특정사안]_납세자 권익보호실태, 국제세원 관리실태_491_v2.bin",.bin,1703571,3b52b483d66237ef83f871e7378179ea1dd592b7cf990e2c9cba01e9d37a8b60,491,2006,특정사안,"납세자 권익보호실태, 국제세원 관리실태",csd
S00221,감사원,BAI,20061023_[기관정기]_한국철도기술공사 법인전환 실태_494.bin,.bin,445228,044a0bf0c052e53a1c6ccd3ad6594caa7e82f0df29d8a1bb220eaa4e2dbef11f,494,2006,기관정기,한국철도기술공사 법인전환 실태,csd
S00222,감사원,BAI,20061023_[특정사안]_다중이용시설 화재예방 및 소방시스템 관리실태_493.bin,.bin,3259233,23048907ce30c308d4a9e035bf7d8726f07389aaa8089ab307574141e0ffb70f,493,2006,특정사안,다중이용시설 화재예방 및 소방시스템 관리실태,csd
S00223,감사원,BAI,20061030_[국민제안]_관악구 임시청사 건립·임차업무 관련 감사청구_1960.hwp,.hwp,72192,45c6c545df20d72550e214344e70677a398e10884aaf8449a8f94612f32792a4,1960,2006,국민제안,관악구 임시청사 건립·임차업무 관련 감사청구,hwp
S00224,감사원,BAI,20061117_[특정사안]_건설공기업 기관운영실태_495.bin,.bin,2116852,d31cf8c3f3d10e43e1d02fb8a997f0e71edce6414000d4db23ff95fddf92b265,495,2006,특정사안,건설공기업 기관운영실태,csd
S00225,감사원,BAI,20061205_[재무]_재외공관 운영 및 외교통상부본부 예산집행실태_497.bin,.bin,150750,34f08a3a111f3985f4a43f9cd8aefd78ada308c4f9403dd3ca1e80b587f0fc0d,497,2006,재무,재외공관 운영 및 외교통상부본부 예산집행실태,csd
S00226,감사원,BAI,20061213_[기관정기]_한국석유공사 기관운영감사_499.bin,.bin,2667915,aad3bcf9584dd26cace74472e2a47bf1d435b205affdc4d82d8f7503811b9ed9,499,2006,기관정기,한국석유공사 기관운영감사,csd
S00227,감사원,BAI,20070207_[기관정기]_한국가스공사 인천기지 LNG저장탱크 누출 보수_500.bin,.bin,8324185,24e26f1d4f307bdc16db25dff7a2e4e8f8c86edbfa2592c1bf4f334d18fc816d,500,2007,기관정기,한국가스공사 인천기지 LNG저장탱크 누출 보수,csd
S00228,감사원,BAI,20070209_[특정사안]_주택공급제도 운영 및 토지거래허가실태_501.bin,.bin,3351041,86d5db445be75479850b6327c1c47167f16e2c2b2e7d88e1197aac672576595b,501,2007,특정사안,주택공급제도 운영 및 토지거래허가실태,csd
S00229,감사원,BAI,20070223_[미분류]_주상복합건축물 건축허가 관련 감사청구_502.bin,.bin,157168,d5ac3a2d14b350cfae53e9abaac9b7716442e952c51f838b8f5f06cf575fe16d,502,2007,미분류,주상복합건축물 건축허가 관련 감사청구,csd
S00230,감사원,BAI,20070302_[재무]_중앙선거관리위원회 재무감사_503.bin,.bin,350521,cb499536357719bd334bf50aaeea15dfdf948db0332e3bc8ab403413ca8445a8,503,2007,재무,중앙선거관리위원회 재무감사,csd
S00231,감사원,BAI,20070305_[미분류]_국민방독면 보급사업 추진관련 감사청구_505.bin,.bin,313064,d7f55413a4aebe143b4e6552f23fc1f74452ee5bf2648c27b1f5d2f4fd5f2165,505,2007,미분류,국민방독면 보급사업 추진관련 감사청구,csd
S00232,감사원,BAI,20070305_[특정사안]_취약시기 공직기강 점검_504.bin,.bin,317922,9796bbe3e71ece2b75f40d3a489ab762ae589e1742c748f60cfe495c3515d88c,504,2007,특정사안,취약시기 공직기강 점검,csd
S00233,감사원,BAI,20070308_[특정사안]_갈등 중복사업 관리실태_506.bin,.bin,12297401,0ec8a211cc929d97138b71127e3c75b7d014409e66f5e51700dfe08eaaec8d9b,506,2007,특정사안,갈등 중복사업 관리실태,csd
S00234,감사원,BAI,20070315_[특정사안]_사학지원 등 교육재정 운용실태_508_v1.bin,.bin,3880336,ab8d5e7c855b9ba4566891e374eae611a2e035b9221360527d4399eda904efe1,508,2007,특정사안,사학지원 등 교육재정 운용실태,csd
S00235,감사원,BAI,20070315_[특정사안]_사학지원 등 교육재정 운용실태_508_v2.bin,.bin,2174550,033be71405c3ea19fcb612c270d745c726c5f75460a96ddb79aaaf6bfcddf69d,508,2007,특정사안,사학지원 등 교육재정 운용실태,csd
S00236,감사원,BAI,20070321_[재무]_해양수산부 재무감사_509.bin,.bin,764252,0b5c8c5929bed7e3619991bc9d6cefd367c5f9aa31463a83fbc10754a3cab1e5,509,2007,재무,해양수산부 재무감사,csd
S00237,감사원,BAI,20070327_[특정사안]_산재보상 및 의료지원실태_510.bin,.bin,2724110,aa0509ec3b2ec12f0045c881e613ee6e87a15445c6c4b9d1136412e7b7b970e1,510,2007,특정사안,산재보상 및 의료지원실태,csd
S00238,감사원,BAI,20070403_[특정사안]_고대사 연구기관의 예산집행실태_511.bin,.bin,266743,bd97964caf5198d29a749e7258c1ded4d8be3e324ce0eaccee8fe4d8194bb80e,511,2007,특정사안,고대사 연구기관의 예산집행실태,csd
S00239,감사원,BAI,20070411_[기관정기]_한국가스공사 기관운영감사_512.bin,.bin,8324185,24e26f1d4f307bdc16db25dff7a2e4e8f8c86edbfa2592c1bf4f334d18fc816d,512,2007,기관정기,한국가스공사 기관운영감사,csd
S00240,감사원,BAI,20070412_[기관정기]_한국가스공사 기관운영감사_513.bin,.bin,8324185,24e26f1d4f307bdc16db25dff7a2e4e8f8c86edbfa2592c1bf4f334d18fc816d,513,2007,기관정기,한국가스공사 기관운영감사,csd
S00241,감사원,BAI,20070418_[특정사안]_대한지방행정공제회 등 4개 공제회 운영실태_514.bin,.bin,274175,c596504b79b41ff1d1cf82db0b4a796ce4e956efdfd3281840e35d1763544004,514,2007,특정사안,대한지방행정공제회 등 4개 공제회 운영실태,csd
S00242,감사원,BAI,20070419_[미분류]_독도의용수비대 지원법에 따른 사업추진 지연 등 관련 감사청구_515.bin,.bin,81189,f8bf6bb11db40ff2a1dc53af5f2cb8fc8c2b050c5889da3b258ac3641ed59cd3,515,2007,미분류,독도의용수비대 지원법에 따른 사업추진 지연 등 관련 감사청구,csd
S00243,감사원,BAI,20070424_[재무]_중소기업청 재무감사_516.bin,.bin,360876,ed265322d222d868d0e80771a86274c9d1df5ee5310743364871143ba22cdc03,516,2007,재무,중소기업청 재무감사,csd
S00244,감사원,BAI,20070426_[특정사안]_지방세 부과 및 징수실태_517.bin,.bin,1217632,b0c3c45c99b4e0e10a09a979eea9e8ec2f6370ff276b81a1db0b37f8f1b43297,517,2007,특정사안,지방세 부과 및 징수실태,csd
S00245,감사원,BAI,20070502_[특정사안]_군 후생복지 개선실태_518.bin,.bin,1652166,1a5e8faea7cf180f39f7dc195f2584bd438165d3b87d8f1b6c11c356bcc413a8,518,2007,특정사안,군 후생복지 개선실태,csd
S00246,감사원,BAI,20070507_[기관정기]_병무청 기관운영감사_519.bin,.bin,309406,8419d8e4cd98ff4b8b0de1ac063c43603eb57f0efbf11e7d54fe5142f712916a,519,2007,기관정기,병무청 기관운영감사,csd
S00247,감사원,BAI,20070509_[특정사안]_설계 시공 일괄입찰제도 등 운용실태_520.bin,.bin,1103632,2c1987e014b5cc69dc7b5419938a6a0483fdc1ca0367b1e8888d25b123af0eba,520,2007,특정사안,설계 시공 일괄입찰제도 등 운용실태,csd
S00248,감사원,BAI,20070517_[특정사안]_교정보호행정 개선실태_521.bin,.bin,612064,453aecb9350be192ec47b114c20403076fb80207c9a3587e912256da7ba62332,521,2007,특정사안,교정보호행정 개선실태,csd
S00249,감사원,BAI,"20070531_[특정사안]_지방자치단체 국고보조 등 예산운용실태, 주요 사업성기금 운용실태 등_522_v1.bin",.bin,950320,39f4f3f2b8eb9cdbb2760899f7fc443eac80dda0042742428d7d453bdc88dbc0,522,2007,특정사안,"지방자치단체 국고보조 등 예산운용실태, 주요 사업성기금 운용실태 등",csd
S00250,감사원,BAI,"20070531_[특정사안]_지방자치단체 국고보조 등 예산운용실태, 주요 사업성기금 운용실태 등_522_v2.bin",.bin,1416489,b8973973b00b8e6e96c6968687ecb684575810e68f665bf89463232eef3a4fac,522,2007,특정사안,"지방자치단체 국고보조 등 예산운용실태, 주요 사업성기금 운용실태 등",csd
S00251,감사원,BAI,20070607_[특정사안]_물류거점항만 운영 및 확충실태_523.bin,.bin,8295191,87052cba2eee7cede27ba89fd930d4aa95374090edec2e974b69c7cb1fa74020,523,2007,특정사안,물류거점항만 운영 및 확충실태,csd
S00252,감사원,BAI,20070612_[기관정기]_국민체육진흥공단 기관운영감사_524.bin,.bin,569662,c99b2434b9985006b1f6901d46ad2a41b14ee4e6bc0ddb166fed9582be291841,524,2007,기관정기,국민체육진흥공단 기관운영감사,csd
S00253,감사원,BAI,20070620_[미분류]_정부산하기관 경영혁신 추진실태_525_v1.bin,.bin,640034,551a4dd367f6de9871f4053c6a8c52a7a72f46423b61f1d9c50c2da18ebc2084,525,2007,미분류,정부산하기관 경영혁신 추진실태,csd
S00254,감사원,BAI,20070620_[미분류]_정부산하기관 경영혁신 추진실태_525_v2.bin,.bin,1633160,f20840d69259f016ae8ea690f0e95c026289e0a01f73f0debb63d9b13dbce4fb,525,2007,미분류,정부산하기관 경영혁신 추진실태,csd
S00255,감사원,BAI,20070621_[특정사안]_설 전후 공직기강 점검_526.bin,.bin,722169,f23819dc7d6774d1c8bbf96f65acbcdc8970301b1ddfbb11db0d3a8a7da41328,526,2007,특정사안,설 전후 공직기강 점검,csd
S00256,감사원,BAI,20070627_[특정사안]_사행성 게임물 규제관리 실태_527.bin,.bin,6721952,6c479d14818cd5fbbb09f2593dc47f84f2f71078543db6794aabb5f57ca28617,527,2007,특정사안,사행성 게임물 규제관리 실태,csd
S00257,감사원,BAI,20070628_[재무]_해양경찰청 재무감사_528.bin,.bin,786040,3aab88d3b6bcb2cba9246bad6c55af7290c3aca533b5f4cd9858199517e5374c,528,2007,재무,해양경찰청 재무감사,csd
S00258,감사원,BAI,20070704_[특정사안]_국가 기간도로망 구축 및 운영실태_529_v1.bin,.bin,26132808,b0fe2efb0ba832e87a52e0ed5e3e95ce4a12b58f022836ff6cfb52665fcc5e97,529,2007,특정사안,국가 기간도로망 구축 및 운영실태,csd
S00259,감사원,BAI,20070704_[특정사안]_국가 기간도로망 구축 및 운영실태_529_v2.bin,.bin,6834250,4503ddb75c386348f673b6e46a5338bae8fbea51cac6cfcbc0123cfbdf8a376e,529,2007,특정사안,국가 기간도로망 구축 및 운영실태,csd
S00260,감사원,BAI,20070704_[특정사안]_국가 기간도로망 구축 및 운영실태_529_v3.bin,.bin,5549615,bf14e120d85e0a16449921abec609b00816d0f2e3d3a725440211807442fdad6,529,2007,특정사안,국가 기간도로망 구축 및 운영실태,csd
S00261,감사원,BAI,20070705_[특정사안]_공공시설 민간투자사업 추진실태_530.bin,.bin,6683671,ee8a710d3e9f8820a9a69a498fb57b54a4a4c3e7665ea8caa71632664d9ece06,530,2007,특정사안,공공시설 민간투자사업 추진실태,csd
S00262,감사원,BAI,20070711_[특정사안]_외국인산업연수생 관리비 등 집행실태_531.bin,.bin,108374,71cf78b40d06075c1f2913ba8e525108fd34efeae2be33446113a5d355a0b921,531,2007,특정사안,외국인산업연수생 관리비 등 집행실태,csd
S00263,감사원,BAI,20070712_[특정사안]_축산물 안전관리 및 방역사업 추진실태_532_v1.bin,.bin,267548,be78301dd825c53a7901bcf126a0888eaff5842c12090328925d886feff5eefa,532,2007,특정사안,축산물 안전관리 및 방역사업 추진실태,csd
S00264,감사원,BAI,20070712_[특정사안]_축산물 안전관리 및 방역사업 추진실태_532_v2.bin,.bin,1133335,397fddfb1b03380eb3fe3b1320ce26f84e4130a829e398971828e6b6556b1832,532,2007,특정사안,축산물 안전관리 및 방역사업 추진실태,csd
S00265,감사원,BAI,20070712_[특정사안]_축산물 안전관리 및 방역사업 추진실태_532_v3.bin,.bin,189235,ef20101c39ea94de4028aec6f408b8f169670832d910019f47400e5109855424,532,2007,특정사안,축산물 안전관리 및 방역사업 추진실태,csd
S00266,감사원,BAI,20070717_[기관정기]_금융감독위원회 금융감독원 기관운영실태_533.bin,.bin,1089074,8245783150858db963f8756dcaceff6660aea6b271af158bddf13b61b7c63d91,533,2007,기관정기,금융감독위원회 금융감독원 기관운영실태,csd
S00267,감사원,BAI,20070718_[특정사안]_국가 주요통계 작성 및 활용실태_534.bin,.bin,1141935,1d6d06709024ef4e855e860474490e4d47aa0bfb7766bea4d0086f4065ed6c02,534,2007,특정사안,국가 주요통계 작성 및 활용실태,csd
S00268,감사원,BAI,20070719_[미분류]_안성 아스콘공장 등 신설 승인 관련 감사청구_535.bin,.bin,103302,cdcee82e345c25a845506f06a09d8022899e7dd124821de125da18a4467909bc,535,2007,미분류,안성 아스콘공장 등 신설 승인 관련 감사청구,csd
S00269,감사원,BAI,20070723_[특정사안]_자체감사기구 운영실태_536_v1.bin,.bin,526820,f57b1176205afc6740f00e3dfe61a33e0f8dc3767ff20c4884783ae31e363e20,536,2007,특정사안,자체감사기구 운영실태,csd
S00270,감사원,BAI,20070723_[특정사안]_자체감사기구 운영실태_536_v2.bin,.bin,254126,995222f3d02204ed239f0fbe0ba7617478f8af6d5a1712842310c671ce57dbbd,536,2007,특정사안,자체감사기구 운영실태,csd
S00271,감사원,BAI,20070725_[미분류]_국정홍보처 등 4개 부처 특수활동비 집행실태_537.bin,.bin,195087,451ec625d969fb34b34d9ea6952b3a5b222542447782b07d8c0a1d4435218d9d,537,2007,미분류,국정홍보처 등 4개 부처 특수활동비 집행실태,csd
S00272,감사원,BAI,20070726_[재무]_교육인적자원부 재무감사_538.bin,.bin,1075455,78d445408a37600ecbaee9c743c64641f11739b0b049d50a6ca510d3ed0e3a82,538,2007,재무,교육인적자원부 재무감사,csd
S00273,감사원,BAI,20070730_[특정사안]_고용안정시책 추진실태_539.bin,.bin,1396458,a8448d614eb9a72affa023cc15dca363d57c01385274989f486c48de9e211a1c,539,2007,특정사안,고용안정시책 추진실태,csd
S00274,감사원,BAI,20070801_[특정사안]_세무공사계약 등 취약분야 점검_540.bin,.bin,492778,12a75e783a009dadcdefd5f65b407b0fd52c589def644373924e4da802e5340d,540,2007,특정사안,세무공사계약 등 취약분야 점검,csd
S00275,감사원,BAI,20070806_[특정사안]_지방의료원 운영실태_541.bin,.bin,879997,c93d4da54b707d6be0f8cf00eb8081a83540fb0f387379c8a5b4ec353d323295,541,2007,특정사안,지방의료원 운영실태,csd
S00276,감사원,BAI,20070813_[특정사안]_경제규제개혁 추진실태_542.bin,.bin,1538544,1d4c62900431f9a869fe7359c68c6919ca2af26119aee4892badd446285c42cb,542,2007,특정사안,경제규제개혁 추진실태,csd
S00277,감사원,BAI,20070814_[미분류]_민간인 국외여비 집행 관련 감사청구_543_v1.bin,.bin,56427,d5bc0c9b3cbaf1c63b661252f978f722d8755068eda6b5509e6d323d3cded092,543,2007,미분류,민간인 국외여비 집행 관련 감사청구,csd
S00278,감사원,BAI,20070814_[미분류]_민간인 국외여비 집행 관련 감사청구_543_v2.bin,.bin,51425,42ebe8c188d786a5a7487b4fb53fed1aad307c2fcfee6c3165e5887b69585e67,543,2007,미분류,민간인 국외여비 집행 관련 감사청구,csd
S00279,감사원,BAI,20070816_[미분류]_민간인 국외여비 집행 관련 감사청구_544_v1.bin,.bin,56427,d5bc0c9b3cbaf1c63b661252f978f722d8755068eda6b5509e6d323d3cded092,544,2007,미분류,민간인 국외여비 집행 관련 감사청구,csd
S00280,감사원,BAI,20070816_[미분류]_민간인 국외여비 집행 관련 감사청구_544_v2.bin,.bin,51425,42ebe8c188d786a5a7487b4fb53fed1aad307c2fcfee6c3165e5887b69585e67,544,2007,미분류,민간인 국외여비 집행 관련 감사청구,csd
S00281,감사원,BAI,20070816_[미분류]_이기대도시자연공원 내 동생말지구 개발사업 관련 감사청구_545.bin,.bin,221455,c624280f58ad26af17098f87b512b34638f6d4264adb5fac584dd30b4c1b51b1,545,2007,미분류,이기대도시자연공원 내 동생말지구 개발사업 관련 감사청구,csd
S00282,감사원,BAI,20070823_[미분류]_하천관리 및 하천정비사업 추진실태_546.bin,.bin,13227985,ccfff30686f4b8a14310cc5d8eb17171903ae2b769cb6c0cb727fd8e3825ddaa,546,2007,미분류,하천관리 및 하천정비사업 추진실태,csd
S00283,감사원,BAI,20070905_[기관정기]_행정자치부 기관운영감사_547.bin,.bin,434772,60fe6426b16156c183fbd03002ee84c283bcd90e60f7d159fbc5161253066b36,547,2007,기관정기,행정자치부 기관운영감사,csd
S00284,감사원,BAI,20070911_[기관정기]_공무원연금관리공단 기관운영감사_548.bin,.bin,463015,16ba170ce2b5f2b0218e737079f83d35125b140d58759e1a874f6117317438d9,548,2007,기관정기,공무원연금관리공단 기관운영감사,csd
S00285,감사원,BAI,20071001_[기관정기]_중부지방국세청 운영실태_550.bin,.bin,704184,97572ddf8a2959a744371ab19d9cd7d12fb1622c150e976bca1a99d3440f5ff0,550,2007,기관정기,중부지방국세청 운영실태,csd
S00286,감사원,BAI,20071009_[기관정기]_서울대전지방국세청 운영실태_551.bin,.bin,586328,eafc00befb88d154b1fb45ae8aa5e531082c12b5aa57a10042c03c9ae57a2d3f,551,2007,기관정기,서울대전지방국세청 운영실태,csd
S00287,감사원,BAI,20071017_[성과]_서울도시철도 건설사업 추진실태_552_v1.bin,.bin,5294255,1f020267def28b35503d99016dbd7c0de29ed61ae7d5b10f4721b199ff085802,552,2007,성과,서울도시철도 건설사업 추진실태,csd
S00288,감사원,BAI,20071017_[성과]_서울도시철도 건설사업 추진실태_552_v2.hwp,.hwp,3479552,c16ebe2946de4c6426575755a1e67dc326ac9bf36fd5323a27ea55b8aed28ce3,552,2007,성과,서울도시철도 건설사업 추진실태,hwp
S00289,감사원,BAI,20071018_[기관정기]_아산시 기관운영감사_553.bin,.bin,686414,fa206e580f1d04717e035b412174e8b25f2c5ba0e598158418e2282bb7b78cf1,553,2007,기관정기,아산시 기관운영감사,csd
S00290,감사원,BAI,20071023_[기관정기]_금산군 기관운영감사_554.bin,.bin,423936,eb7aa4574fca7fa3fd631d51d17d7ea31f253709fdd3ed39b8f817cc9baf7225,554,2007,기관정기,금산군 기관운영감사,csd
S00291,감사원,BAI,20071029_[특정사안]_동북아허브 지원기반시설 추진실태_555.bin,.bin,13070268,7a6ecb1aa2abb85406ceafe085179b8385d38c7651163b4031c5ff52bdf6a7b0,555,2007,특정사안,동북아허브 지원기반시설 추진실태,csd
S00292,감사원,BAI,20071030_[성과]_공공기관 갈등조정 관리실태_556.bin,.bin,35247117,0faad43cdead85789895335359a4bec6e4c38bfe6faec9123ae1b6b5dde56d0e,556,2007,성과,공공기관 갈등조정 관리실태,csd
S00293,감사원,BAI,20071031_[기관정기]_경기도 기관운영감사_557.bin,.bin,542336,8037a516aa2071916989513fce84b856b7cd0957102090bbf194ee8d19b8d7a7,557,2007,기관정기,경기도 기관운영감사,csd
S00294,감사원,BAI,20071105_[특정사안]_한국전력공사 및 자회사 운영실태_558.bin,.bin,720847,049b7b9c796eb67fe25f3f2786fc060e9d9f1a8f5bea68d7c99fd27835ba9c74,558,2007,특정사안,한국전력공사 및 자회사 운영실태,csd
S00295,감사원,BAI,20071107_[미분류]_행신동 주택건설사업계획 승인 관련 감사청구_559.bin,.bin,1283834,d77f8a32e0b74bc3d783e544b02493998d0a577a6175de681186d2533cbc573a,559,2007,미분류,행신동 주택건설사업계획 승인 관련 감사청구,csd
S00296,감사원,BAI,20071108_[기관정기]_공주시 기관운영감사_561.bin,.bin,167921,dff1c1f146f5514f8d55e5d4eae728367f8698f93e0e62eea0fafa624a642ebf,561,2007,기관정기,공주시 기관운영감사,csd
S00297,감사원,BAI,20071108_[기관정기]_천안시 기관운영감사_560.bin,.bin,143872,2ac3cf981e8e06ef12404b2790c61ceea6835d06de78495f9778ea8149acb3c7,560,2007,기관정기,천안시 기관운영감사,csd
S00298,감사원,BAI,20071108_[기관정기]_충청남도 기관운영감사_562.bin,.bin,395238,4d914a1423c304ea7857de18d2cfb50c97d127b51a45fe7209402afc1225cf4c,562,2007,기관정기,충청남도 기관운영감사,csd
S00299,감사원,BAI,20071119_[기관정기]_한국산업안전공단 기관운영감사_563.bin,.bin,21293132,e50480ad88ea445024478622836c617982db8c05eab1f298d83e6df2d476807f,563,2007,기관정기,한국산업안전공단 기관운영감사,csd
S00300,감사원,BAI,20071121_[기관정기]_가평군 기관운영감사_564.bin,.bin,366421,131c217366e7cde82bd2c416796017ab485266603f41148444b52e45fd863c52,564,2007,기관정기,가평군 기관운영감사,csd
S00301,감사원,BAI,20071121_[기관정기]_고양시 기관운영감사_565.bin,.bin,2141678,debc0bc6237b4f33015889ab865c3bef7978d0b0c835cddf69f0e8e8542b47af,565,2007,기관정기,고양시 기관운영감사,csd
S00302,감사원,BAI,20071121_[기관정기]_성남시 기관운영감사_566.bin,.bin,357717,f25c6d698e664e6c67de6b8cacda68c1e3fba882bfb433df6403711fdc0cf179,566,2007,기관정기,성남시 기관운영감사,csd
S00303,감사원,BAI,20071122_[특정사안]_지역개발사업 추진실태_567_v1.bin,.bin,593436,d0ccfdf5c313aef42cb86f70c0ea8403f6eecb7b0ba459c0081f33ad3f308d02,567,2007,특정사안,지역개발사업 추진실태,csd
S00304,감사원,BAI,20071122_[특정사안]_지역개발사업 추진실태_567_v2.hwp,.hwp,192000,2d3922b80bf76ad7f10c50fee54ba62a9d0e0bb24a73f2936a22e9ab8cb51309,567,2007,특정사안,지역개발사업 추진실태,hwp
S00305,감사원,BAI,20071122_[특정사안]_지역개발사업 추진실태_567_v3.hwp,.hwp,250368,b9caa0af6b887773222e79fa59e6045dbd3e063131d960f5974af533095c3df7,567,2007,특정사안,지역개발사업 추진실태,hwp
S00306,감사원,BAI,20071128_[기관정기]_대구지방국세청 기관운영감사_568.bin,.bin,445129,43e543edeeeefb4c5baf2f3eb89c658c59d9d7e6ea85c12c3ac0a96dc732cfae,568,2007,기관정기,대구지방국세청 기관운영감사,csd
S00307,감사원,BAI,20071129_[기관정기]_식품의약품안전청 기관운영감사_569.bin,.bin,3554429,74f49af7c2b2920e692f1a581743d76dc354a86831e0399ca94e7b2cccbfd16c,569,2007,기관정기,식품의약품안전청 기관운영감사,csd
S00308,감사원,BAI,20071204_[특정사안]_태백시의 상장-소도 간 도로공사 부실시공 감사청구_570.bin,.bin,366902,b3b0f29ab141066f63c3fd54d02bcf485c20c2d6785f795bd28983adad8c755a,570,2007,특정사안,태백시의 상장-소도 간 도로공사 부실시공 감사청구,csd
S00309,감사원,BAI,20071206_[미분류]_건강보험료 부과시 국세청 소득자료 활용실태 감사청구_571.bin,.bin,270473,f4c6814603d4bfcb8f5b63395ae220500f1e20aec6caae3f8384900dc92c80ed,571,2007,미분류,건강보험료 부과시 국세청 소득자료 활용실태 감사청구,csd
S00310,감사원,BAI,20071211_[특정사안]_부품개발자금 사용실태_572.bin,.bin,516490,3637a622d360ad1150cd46882fd8e7fa3a57103a7a82e92eececd0d2da612e37,572,2007,특정사안,부품개발자금 사용실태,csd
S00311,감사원,BAI,20071212_[미분류]_광명시 음식물쓰레기 처리시설 건설공사 관련 감사청구_573.bin,.bin,11790315,b9fe8056f78426e7d4cbbbeb2b189b067492a95b746ab49e7d8a9e525dc163bb,573,2007,미분류,광명시 음식물쓰레기 처리시설 건설공사 관련 감사청구,csd
S00312,감사원,BAI,20071213_[기관정기]_대구광역시 기관운영감사_574.bin,.bin,2825294,aa00bdedd86337e46da79c4d0bd9d9d8de047a9b869e6f3e2c4abbf7e9e06a16,574,2007,기관정기,대구광역시 기관운영감사,csd
S00313,감사원,BAI,20071227_[기관정기]_광주광역시 기관운영감사_576.bin,.bin,470097,afb7920840b544a6b6cba1c84cad9138a88a1cfe728d27c499f13b5c5aded4e7,576,2007,기관정기,광주광역시 기관운영감사,csd
S00314,감사원,BAI,20071227_[미분류]_s_575.bin,.bin,470097,afb7920840b544a6b6cba1c84cad9138a88a1cfe728d27c499f13b5c5aded4e7,575,2007,미분류,s,csd
S00315,감사원,BAI,20080103_[재무]_여성가족부 재무감사_577.bin,.bin,490961,e58509194f6375b5988cc061da7254944cda520a33d104153923c33505de19e0,577,2008,재무,여성가족부 재무감사,csd
S00316,감사원,BAI,20080118_[성과]_집단에너지 공급시설 확충 및 운영실태_578.bin,.bin,3423559,81c7de2772080a511d327c46a8ec5f8add5378a87064020a648bc857127ef7a8,578,2008,성과,집단에너지 공급시설 확충 및 운영실태,csd
S00317,감사원,BAI,20080123_[특정사안]_재정금융분야 감사결과조치 이행실태_579.bin,.bin,273558,a944d2e0e83a47afe32799d7a8705b894933cdb7cbfd601fa6f81872439cab66,579,2008,특정사안,재정금융분야 감사결과조치 이행실태,csd
S00318,감사원,BAI,20080125_[특정사안]_경유자동차 배출가스 저감사업 추진실태_580.bin,.bin,1155807,bf0c0a838a7ceaf91c0ed979541b4d321f6091dbac5f6e5bfc55d27d2b1cfeca,580,2008,특정사안,경유자동차 배출가스 저감사업 추진실태,csd
S00319,감사원,BAI,20080129_[기관정기]_부천시 기관운영감사_581.bin,.bin,230805,cef0e3498ef1d4d8497a7078cac52a9da0f49674ef5056317fe4204480f8948f,581,2008,기관정기,부천시 기관운영감사,csd
S00320,감사원,BAI,20080204_[미분류]_서울 내곡 국민임대주택단지의 개발제한구역 해제 관련 감사청구_582.bin,.bin,99577,540465997e7972ddbd5b9de63dfb9607948729fda4155e3b4d56d273ee77a01d,582,2008,미분류,서울 내곡 국민임대주택단지의 개발제한구역 해제 관련 감사청구,csd
S00321,감사원,BAI,20080214_[기관정기]_강원랜드 기관운영감사_583.bin,.bin,487945,23600c2531ac31ff46406201dcf56025c527858a8ad6126de21d026fa402640d,583,2008,기관정기,강원랜드 기관운영감사,csd
S00322,감사원,BAI,20080221_[특정사안]_지방공기업 경영개선실태_584.bin,.bin,2098184,24262493b6453046141671aadeb5b552a993bd49a62ea8ff30e0f5033a85ff63,584,2008,특정사안,지방공기업 경영개선실태,csd
S00323,감사원,BAI,20080228_[특정사안]_해외자원개발 추진실태_585.bin,.bin,449613,3b194a809b77097687f22ffe1f6da4f225f5b5e1b6114ea673572abf4bc0123f,585,2008,특정사안,해외자원개발 추진실태,csd
S00324,감사원,BAI,20080304_[성과]_사회서비스 일자리 창출사업 추진실태_588.bin,.bin,2853238,1f8345d33510a56dc51ab03dbd3281d1039f2ba0db56657b561a04d3c1525715,588,2008,성과,사회서비스 일자리 창출사업 추진실태,csd
S00325,감사원,BAI,20080304_[특정사안]_노인일자리 사업 추진실태_587.bin,.bin,16047134,48b93edf62e5a0afc9baf9ff157ef7ee70874a55e887c6d6a82686b5e1678576,587,2008,특정사안,노인일자리 사업 추진실태,csd
S00326,감사원,BAI,20080307_[특정사안]_재외공관 및 외교통상부 본부 운영실태_589.bin,.bin,747346,a0cfde7ed9bf4b7367569e15c90c699e980d1e0c2208486fe9be6df9e4f8995c,589,2008,특정사안,재외공관 및 외교통상부 본부 운영실태,csd
S00327,감사원,BAI,20080311_[성과]_수산물 안전관리실태_590.bin,.bin,1163043,e7466c9a71ffeac3f99847f524c04018e03dedca281b109c715cdd89b4e43bfb,590,2008,성과,수산물 안전관리실태,csd
S00328,감사원,BAI,20080313_[특정사안]_통합지휘무선통신망 구축 실태_591.bin,.bin,1159451,dc186001d557af8510f442bb65cf077f0e98d70297b7c714d39f8d583cbde029,591,2008,특정사안,통합지휘무선통신망 구축 실태,csd
S00329,감사원,BAI,20080318_[미분류]_공익사업 편입토지 감정평가 관련 감사청구_593.bin,.bin,1086241,d259c9c7eb0f70980eee759d05fd6e7451d45612705a0c2b002c3eafb6ea271e,593,2008,미분류,공익사업 편입토지 감정평가 관련 감사청구,csd
S00330,감사원,BAI,20080318_[미분류]_점암 건설폐기물 중간처리장 허가 관련 감사청구_592.bin,.bin,69886,0953b016ca46bf28f9c0329c23c6e9121bfcbbbe299e5651e3f728e8b3744a46,592,2008,미분류,점암 건설폐기물 중간처리장 허가 관련 감사청구,csd
S00331,감사원,BAI,20080318_[미분류]_춘천시 후평동 재건축 사업 승인관련 감사청구_594.bin,.bin,160766,86d30d52190f60d7f1f3a4da33c91d5de7730bd19b5f3c897e35cf31bb45c5b7,594,2008,미분류,춘천시 후평동 재건축 사업 승인관련 감사청구,csd
S00332,감사원,BAI,20080331_[특정사안]_석유수입부과금 징수 및 환급 실태_597.bin,.bin,1207879,4c8ea722d5fe6d4d3a0009d0c73fe661c3ec9e98c6482b5d1f11ab8130eb14bf,597,2008,특정사안,석유수입부과금 징수 및 환급 실태,csd
S00333,감사원,BAI,20080414_[특정사안]_중소기업 보증지원 실태_598.bin,.bin,3419042,dc18712d7c14cc4e54d360903b77ee06919763b1e86f61e60ee3c3680bd4bb1e,598,2008,특정사안,중소기업 보증지원 실태,csd
S00334,감사원,BAI,20080417_[특정사안]_수도권 광역교통시스템 구축 및 운영실태_599.bin,.bin,3762298,42e7788eaef114380689ae6b55300904d0d004c24f9d366f30e51a515fbcd68d,599,2008,특정사안,수도권 광역교통시스템 구축 및 운영실태,csd
S00335,감사원,BAI,20080422_[특정사안]_매장문화재 조사 및 관리실태_600.bin,.bin,7799241,7f233b60c98e3582556bff45a709cef1c3cdadabc9803961da503c0c9e2cf181,600,2008,특정사안,매장문화재 조사 및 관리실태,csd
S00336,감사원,BAI,20080424_[특정사안]_전환기 고위공직자 비리점검_601.bin,.bin,3734728,48144f77a89546d15575f2192318e2dfb726c442eaee47bb7c1cc5108aa0c9cd,601,2008,특정사안,전환기 고위공직자 비리점검,csd
S00337,감사원,BAI,20080425_[성과]_건설교통 연구개발사업 추진실태_603.bin,.bin,12091170,4cb3fed7ecfc5c36ff0acc3c688ef43a12e9bc6e3e345d72fa87d86c020bf2f7,603,2008,성과,건설교통 연구개발사업 추진실태,csd
S00338,감사원,BAI,20080425_[특정사안]_한전중소기업 협력연구 개발사업 운용실태_602.bin,.bin,325186,ecb208d932c73a310910a887f27c8217a9e1693da99cc526990c2f17a3d654f1,602,2008,특정사안,한전중소기업 협력연구 개발사업 운용실태,csd
S00339,감사원,BAI,20080428_[성과]_광역철도 건설사업 추진실태_604.bin,.bin,8451776,6f07c655ae39674fe6e13ef812e916bb10c231570112009d97caea6cf43aa17a,604,2008,성과,광역철도 건설사업 추진실태,csd
S00340,감사원,BAI,20080429_[특정사안]_국고지원 민간단체의 대북지원 사업 추진 실태_606.bin,.bin,367519,2f9ad79657463238667736beb14c6ccf1f267840032529a792c0d1a85a1d91f4,606,2008,특정사안,국고지원 민간단체의 대북지원 사업 추진 실태,csd
S00341,감사원,BAI,20080429_[특정사안]_정부위원회 설치 및 운영실태_605.bin,.bin,792686,076e06149ef3ce8cb2236316858b9112f5bd8bd02c04d54fdbbaece338817921,605,2008,특정사안,정부위원회 설치 및 운영실태,csd
S00342,감사원,BAI,"20080430_[성과]_건설공기업의 공사,물품 등 계약관리실태_608.bin",.bin,463218,fdcb47b9e43be50e3f57f1962245f6ebf0e0479b730d29f5de2f0bfceb34ab06,608,2008,성과,"건설공기업의 공사,물품 등 계약관리실태",csd
S00343,감사원,BAI,20080430_[특정사안]_토지관련 인허가 및 단속실태_607.bin,.bin,4367774,d4d82c08ef52fd1273feffffc83abdc4654380fbf140e12c5267e8d32ee24e14,607,2008,특정사안,토지관련 인허가 및 단속실태,csd
S00344,감사원,BAI,20080501_[기타손망실]_정보통신부 및 기상청 결산감사_610.bin,.bin,377684,374522fe2ce7458eb9fe6515e5d42a5f0848bf46315238b5da608896111e1f6a,610,2008,기타손망실,정보통신부 및 기상청 결산감사,csd
S00345,감사원,BAI,20080501_[특정사안]_사회복지분야 지방이양사업 운영실태_609.bin,.bin,1828391,5532f09fb5526670d5363707d0dbd5fc7ddef5b09ab869f352ddd2df8116a9f7,609,2008,특정사안,사회복지분야 지방이양사업 운영실태,csd
S00346,감사원,BAI,20080502_[특정사안]_소비자 거래 적정화 시책 추진실태_611.bin,.bin,2559736,3f8bb9bb358fe909f41ff21052f00cab8ae7f4fee3dc842faf750986308a2186,611,2008,특정사안,소비자 거래 적정화 시책 추진실태,csd
S00347,감사원,BAI,20080506_[성과]_대학특성화사업 추진실태_612.bin,.bin,970890,4f03262f584c97b2c51b5bd06a029ec0b21f3f15c9ab93b2ff7d7e5cb894ebfc,612,2008,성과,대학특성화사업 추진실태,csd
S00348,감사원,BAI,20080507_[기관정기]_나주시 기관운영 감사_615.bin,.bin,229395,acb48ebc085677f5c559bcef77a36d5642775019951c1c8aae037a5b4689381d,615,2008,기관정기,나주시 기관운영 감사,csd
S00349,감사원,BAI,20080507_[기관정기]_평택시 기관운영 감사_614.bin,.bin,1302208,096abf920a2cc4b68996d277b34888158f242b49b0f123d41be6d679858376d4,614,2008,기관정기,평택시 기관운영 감사,csd
S00350,감사원,BAI,20080508_[특정사안]_우체국 금융사업 운영실태_616.bin,.bin,838623,abf6d4617b9933379150da47629b16e8305449af75f7912ce010db7237719a07,616,2008,특정사안,우체국 금융사업 운영실태,csd
S00351,감사원,BAI,20080509_[성과]_주요 법정 전염병 방역관리 실태_618_v1.bin,.bin,1771266,979840bad7a1d1dc423153def72dd37e5bd759ed351c7d0f4462e62ff5861bb6,618,2008,성과,주요 법정 전염병 방역관리 실태,csd
S00352,감사원,BAI,20080509_[성과]_주요 법정 전염병 방역관리 실태_618_v2.bin,.bin,162726,6fa14250252630a17eb1207bfb06fe894983caf974ff543bdafb22408a3ee468,618,2008,성과,주요 법정 전염병 방역관리 실태,csd
S00353,감사원,BAI,20080509_[특정사안]_경부고속철도 2단계 건설사업 추진실태_617.bin,.bin,9359719,bbec62654aa22720bfdd39893c39c2c73a120898356b1a997673da967629a2eb,617,2008,특정사안,경부고속철도 2단계 건설사업 추진실태,csd
S00354,감사원,BAI,20080509_[특정사안]_공공임대주택 건설 및 관리실태_619.bin,.bin,3355215,f3faf295599b09c8a357bf8d8163e6b4c08ba9728169b4ad2636a35e2e70d725,619,2008,특정사안,공공임대주택 건설 및 관리실태,csd
S00355,감사원,BAI,"20080509_[특정사안]_세무,공사 계약 등 취약분야 점검_620.bin",.bin,1378650,9a30c40299c8837f6d9917d97e019d159db1c9cde5defffd640de1abd74b26c6,620,2008,특정사안,"세무,공사 계약 등 취약분야 점검",csd
S00356,감사원,BAI,"20080513_[기관정기]_서초구,성동구 기관운영감사_621_v1.bin",.bin,1038082,6470df97558d355337f59bcf9c3534813d62cc8befdc9493f90642d110a71e4b,621,2008,기관정기,"서초구,성동구 기관운영감사",csd
S00357,감사원,BAI,"20080513_[기관정기]_서초구,성동구 기관운영감사_621_v2.bin",.bin,263248,8cc77c8612d21fad1572313d7776a9f0b020fde72612bdcbc6cdcdd5750deb2b,621,2008,기관정기,"서초구,성동구 기관운영감사",csd
S00358,감사원,BAI,20080514_[기관정기]_충주시 기관운영 감사_622.bin,.bin,483728,804fece7492f17a34bbd53d2e7850f45b3a734722fde9ec374015fb1557aa4c0,622,2008,기관정기,충주시 기관운영 감사,csd
S00359,감사원,BAI,20080515_[기관정기]_한국조폐공사 기관운영감사_623.bin,.bin,192385,2a0d69586e661f60749901055aaf5252f600c164db3ce24b7a542bb446a74923,623,2008,기관정기,한국조폐공사 기관운영감사,csd
S00360,감사원,BAI,20080519_[기관정기]_경기도교육청 기관운영감사_624.bin,.bin,559163,7eca07c1a6af57f6764893d79e5c197b2740118efbb28bf876aaeceaeee6ec07,624,2008,기관정기,경기도교육청 기관운영감사,csd
S00361,감사원,BAI,20080520_[기관정기]_서울대학교병원 기관운영감사_626.bin,.bin,1875268,0bdde3e18d44e573b68fbe7f7339a343944d52e29b6f0bb2abab4bed8b94700c,626,2008,기관정기,서울대학교병원 기관운영감사,csd
S00362,감사원,BAI,20080520_[기관정기]_충남대학교병원 기관운영감사_625.bin,.bin,837164,8c5fd593848477bd9ed8a9e5cdbf3a43ccd8485a239f3b94a3b48ab258406264,625,2008,기관정기,충남대학교병원 기관운영감사,csd
S00363,감사원,BAI,20080521_[미분류]_경의선 삼정건널목 입체화공사 관련 감사청구_628.bin,.bin,4364097,28c439a177ca09f1825fa9d3f1afee84a65213fb579af66d255e1394caeef30a,628,2008,미분류,경의선 삼정건널목 입체화공사 관련 감사청구,csd
S00364,감사원,BAI,20080521_[미분류]_마산소방서 신축사업 추진 관련 감사청구_627.bin,.bin,58701,93e39a81020eed3317f5eed9a28926ed087ce43f373c13785d17ef2f308092df,627,2008,미분류,마산소방서 신축사업 추진 관련 감사청구,csd
S00365,감사원,BAI,20080521_[미분류]_원주시 재개발사업 조합설립추진위원회 승인 관련 감사청구_629.bin,.bin,38529903,588356b1394a7ea2754614cd6faf33189ba1b484204043709b9e050e3cd3e747,629,2008,미분류,원주시 재개발사업 조합설립추진위원회 승인 관련 감사청구,csd
S00366,감사원,BAI,20080523_[특정사안]_국세 보전제도 운영실태_631.bin,.bin,1364735,d934ab3bac5e4166856dce8a4c894d044c6e80650727661c9e4bee3fe9603d1a,631,2008,특정사안,국세 보전제도 운영실태,csd
S00367,감사원,BAI,20080523_[특정사안]_외국인 유학생 체류 관리 실태_632.bin,.bin,196457,33dd6ce113f670e3b75bd19d5c829418e9fc22762cd5aa0b72097f664652b053,632,2008,특정사안,외국인 유학생 체류 관리 실태,csd
S00368,감사원,BAI,20080527_[특정사안]_세입금 수납 관리실태_633.bin,.bin,678714,d6de3502dc409b6c83c9efa3540885b1afb25a23eafae435c966ad3e31d035e3,633,2008,특정사안,세입금 수납 관리실태,csd
S00369,감사원,BAI,20080528_[특정사안]_취약공직자 비리점검_634.bin,.bin,1384170,a2aa78e479001c8672225b2978b5e753bbc4af49022de984dc5242a5d7865692,634,2008,특정사안,취약공직자 비리점검,csd
S00370,감사원,BAI,20080529_[기타손망실]_2007회계연도 감사활동의 성과 및 결산검사결과 2-1_635_v1.bin,.bin,1457735,55417e382ed8999c37301683dd0666eb48c7725572ade984718ad18a90c4b222,635,2008,기타손망실,2007회계연도 감사활동의 성과 및 결산검사결과 2-1,csd
S00371,감사원,BAI,20080529_[기타손망실]_2007회계연도 감사활동의 성과 및 결산검사결과 2-1_635_v10.bin,.bin,4366562,917b5be21f811c867f712377eb46a485a9690195cbec46daebf438f893c1f0a8,635,2008,기타손망실,2007회계연도 감사활동의 성과 및 결산검사결과 2-1,csd
S00372,감사원,BAI,20080529_[기타손망실]_2007회계연도 감사활동의 성과 및 결산검사결과 2-1_635_v11.bin,.bin,458840,fcc9734ccc5baa9590be8e18ca38144641aa8f535a01f8c24100d025459016ec,635,2008,기타손망실,2007회계연도 감사활동의 성과 및 결산검사결과 2-1,csd
S00373,감사원,BAI,20080529_[기타손망실]_2007회계연도 감사활동의 성과 및 결산검사결과 2-1_635_v2.bin,.bin,2578547,dd7a3883d2e56031158ee60e2137826827489dc101a1c244bcab68c0a2b09740,635,2008,기타손망실,2007회계연도 감사활동의 성과 및 결산검사결과 2-1,csd
S00374,감사원,BAI,20080529_[기타손망실]_2007회계연도 감사활동의 성과 및 결산검사결과 2-1_635_v3.bin,.bin,957409,6d87ea5d321f1175205e1c317f605ddffbdffabfd46a05afe2a29c6267cbf0c1,635,2008,기타손망실,2007회계연도 감사활동의 성과 및 결산검사결과 2-1,csd
S00375,감사원,BAI,20080529_[기타손망실]_2007회계연도 감사활동의 성과 및 결산검사결과 2-1_635_v4.bin,.bin,634735,800f1fc7aaf4903e8cfcb43956bf4015b0f8e45078838e68211f7c0e609faa7b,635,2008,기타손망실,2007회계연도 감사활동의 성과 및 결산검사결과 2-1,csd
S00376,감사원,BAI,20080529_[기타손망실]_2007회계연도 감사활동의 성과 및 결산검사결과 2-1_635_v5.bin,.bin,193700,8d025bbe2cb3f414eccc5e53828e41265497aad872635dc481967603ff8e87ee,635,2008,기타손망실,2007회계연도 감사활동의 성과 및 결산검사결과 2-1,csd
S00377,감사원,BAI,20080529_[기타손망실]_2007회계연도 감사활동의 성과 및 결산검사결과 2-1_635_v6.bin,.bin,299565,9a004b5d03261c1b47d8653e6da0191423156b0a3e48dbbe0740d4899a816daa,635,2008,기타손망실,2007회계연도 감사활동의 성과 및 결산검사결과 2-1,csd
S00378,감사원,BAI,20080529_[기타손망실]_2007회계연도 감사활동의 성과 및 결산검사결과 2-1_635_v7.bin,.bin,417941,58e2abd5fe4d999d488e6c45c815c77b40069f6078bd2f99ced6ae53d2f62028,635,2008,기타손망실,2007회계연도 감사활동의 성과 및 결산검사결과 2-1,csd
S00379,감사원,BAI,20080529_[기타손망실]_2007회계연도 감사활동의 성과 및 결산검사결과 2-1_635_v8.bin,.bin,201164,a78a8ee9a2cdcea1794453f39c10d02ff2273ddcba75da377548c0b05b12342f,635,2008,기타손망실,2007회계연도 감사활동의 성과 및 결산검사결과 2-1,csd
S00380,감사원,BAI,20080529_[기타손망실]_2007회계연도 감사활동의 성과 및 결산검사결과 2-1_635_v9.bin,.bin,302271,351ba954e048c4c24c013ebb218c449b5b4bed44fe869a808a52bf193139f4d0,635,2008,기타손망실,2007회계연도 감사활동의 성과 및 결산검사결과 2-1,csd
S00381,감사원,BAI,20080529_[기타손망실]_2007회계연도 감사활동의 성과 및 결산검사결과 2-2_636_v1.bin,.bin,336702,ecc2206ad7b7a7383ae578a2764e3063bfca3a1c400eedaf0040ac3dc19810c9,636,2008,기타손망실,2007회계연도 감사활동의 성과 및 결산검사결과 2-2,csd
S00382,감사원,BAI,20080529_[기타손망실]_2007회계연도 감사활동의 성과 및 결산검사결과 2-2_636_v10.bin,.bin,910104,309917d8750ea8eed9c91cf3eb8f7a3563dc07a5d5f90812e157a86f9f1d29ba,636,2008,기타손망실,2007회계연도 감사활동의 성과 및 결산검사결과 2-2,csd
S00383,감사원,BAI,20080529_[기타손망실]_2007회계연도 감사활동의 성과 및 결산검사결과 2-2_636_v11.bin,.bin,1399985,5f46bdd0e13211aa7cbd96a3bb466c7f1178dadcf811f4433550948c9e369ff6,636,2008,기타손망실,2007회계연도 감사활동의 성과 및 결산검사결과 2-2,csd
S00384,감사원,BAI,20080529_[기타손망실]_2007회계연도 감사활동의 성과 및 결산검사결과 2-2_636_v2.bin,.bin,212281,b2eb743b46a6425ba56fc6c746df329470ec8b14b138c645c0bd7a4b2f21eec7,636,2008,기타손망실,2007회계연도 감사활동의 성과 및 결산검사결과 2-2,csd
S00385,감사원,BAI,20080529_[기타손망실]_2007회계연도 감사활동의 성과 및 결산검사결과 2-2_636_v3.bin,.bin,214046,f909eaaed6f452d842a94df621d8f5c6fa10e32e714c0ed230d64601596e6f2e,636,2008,기타손망실,2007회계연도 감사활동의 성과 및 결산검사결과 2-2,csd
S00386,감사원,BAI,20080529_[기타손망실]_2007회계연도 감사활동의 성과 및 결산검사결과 2-2_636_v4.bin,.bin,332536,55102184e7e2a53c946181e4d1a69f77d0cfc346cb8f4789bf28fa947685e308,636,2008,기타손망실,2007회계연도 감사활동의 성과 및 결산검사결과 2-2,csd
S00387,감사원,BAI,20080529_[기타손망실]_2007회계연도 감사활동의 성과 및 결산검사결과 2-2_636_v5.bin,.bin,15889283,f65a5b8933709c4305a1118e80878ce8abd08336f2a7d9c6ac33728708e0176d,636,2008,기타손망실,2007회계연도 감사활동의 성과 및 결산검사결과 2-2,csd
S00388,감사원,BAI,20080529_[기타손망실]_2007회계연도 감사활동의 성과 및 결산검사결과 2-2_636_v6.bin,.bin,197570,8c931993820aa25eba009b4c0a0affd1b7cfa4de8e1677d8c521976122607e1e,636,2008,기타손망실,2007회계연도 감사활동의 성과 및 결산검사결과 2-2,csd
S00389,감사원,BAI,20080529_[기타손망실]_2007회계연도 감사활동의 성과 및 결산검사결과 2-2_636_v7.bin,.bin,187831,00a19958cb074e9095312032850dcad1c0b5897136c163212fb3fc7884c182ef,636,2008,기타손망실,2007회계연도 감사활동의 성과 및 결산검사결과 2-2,csd
S00390,감사원,BAI,20080529_[기타손망실]_2007회계연도 감사활동의 성과 및 결산검사결과 2-2_636_v8.bin,.bin,337838,bdad86e534a96d554ec02c7c421e51ac7003ee88e90b3d45bf1f7b296c85858f,636,2008,기타손망실,2007회계연도 감사활동의 성과 및 결산검사결과 2-2,csd
S00391,감사원,BAI,20080529_[기타손망실]_2007회계연도 감사활동의 성과 및 결산검사결과 2-2_636_v9.bin,.bin,3955687,387da3505c5cd5690d1a0be1e102e88ec1918ecdcc04644e7f2878bd94be37f8,636,2008,기타손망실,2007회계연도 감사활동의 성과 및 결산검사결과 2-2,csd
S00392,감사원,BAI,20080602_[특정사안]_농지보전부담금 부과 및 환급 관련 비리점검_637.bin,.bin,340346,4e5efa895d37f59800db77c3621bd053eb2f4aa815ded7866493701a42785f9b,637,2008,특정사안,농지보전부담금 부과 및 환급 관련 비리점검,csd
S00393,감사원,BAI,20080603_[특정사안]_관세행정 선진화 추진실태_638.bin,.bin,369818,329b2f912961497be9af2c5cd13e2b5300053ca91f688cc5e6fe7eec143e0eaf,638,2008,특정사안,관세행정 선진화 추진실태,csd
S00394,감사원,BAI,20080604_[성과]_부실벌점 등 건설관련 제재제도 운용실태_639.bin,.bin,895074,96fb362598340538c3d72fe36ed182ffd167f6fd8a4f6d73be77af0c99a937b9,639,2008,성과,부실벌점 등 건설관련 제재제도 운용실태,csd
S00395,감사원,BAI,20080609_[기타손망실]_종로구 연립주택 재건축계획 변경 승인 관련 감사청구_641.bin,.bin,114177,22c7f76cec1329c2e3d55faebd8a89e7afb4117e2ec9a95ec09b30398f3a4d85,641,2008,기타손망실,종로구 연립주택 재건축계획 변경 승인 관련 감사청구,csd
S00396,감사원,BAI,20080609_[미분류]_양주 택지개발사업비 부당산정 관련 감사청구_640.bin,.bin,119883,a3c483ed0d6c7f70355bff6c4cd4075b3c4d554be784bdc58a3de4144a5602d4,640,2008,미분류,양주 택지개발사업비 부당산정 관련 감사청구,csd
S00397,감사원,BAI,20080609_[미분류]_율촌산단 산업폐기물 매립시설 설치 관련 감사청구_642.bin,.bin,169937,2fb2fe2fc4b88ba14a3641181365f65afc220201b48404d70ec93d50b830d3e1,642,2008,미분류,율촌산단 산업폐기물 매립시설 설치 관련 감사청구,csd
S00398,감사원,BAI,20080611_[특정사안]_산지 내 토석채취허가 및 관리실태_643.bin,.bin,525241,cd50edf946f32f06bb53c6d84d0fa4b4ff4a676bb9f256ef06f6b08450a438a1,643,2008,특정사안,산지 내 토석채취허가 및 관리실태,csd
S00399,감사원,BAI,20080612_[특정사안]_통신사업자 불공정행위 규제 실태_644.bin,.bin,542844,22f6954f7a1b0b4826411d3fd5ddfbee70d3b5d0b14f68962915fa522916fe10,644,2008,특정사안,통신사업자 불공정행위 규제 실태,csd
S00400,감사원,BAI,20080616_[성과]_지역특화발전특구제도 운영실태_645_v1.hwp,.hwp,36638720,7999b55726911b20449927c78671c2edbda56b644b4505ce492381c15fafdc3e,645,2008,성과,지역특화발전특구제도 운영실태,hwp
S00401,감사원,BAI,20080616_[성과]_지역특화발전특구제도 운영실태_645_v2.bin,.bin,448048,094a472ab6e216b7d4cce68b48776fc0d9349f073954d9ece998c3b14dc5956e,645,2008,성과,지역특화발전특구제도 운영실태,csd
S00402,감사원,BAI,20080618_[특정사안]_하수관거정비 BTL사업 추진실태_646.bin,.bin,685301,79046fdb8f907a592412c3266fbd40f35499a726ac65a9680e999f8f4c9b1b1d,646,2008,특정사안,하수관거정비 BTL사업 추진실태,csd
S00403,감사원,BAI,20080619_[특정사안]_공무국외여행 관리실태_647_v1.bin,.bin,803566,0c037942e1a2c6cd5400e0f3cfc63a7ec1041ed440e0dde00af47695f69d59f6,647,2008,특정사안,공무국외여행 관리실태,csd
S00404,감사원,BAI,20080619_[특정사안]_공무국외여행 관리실태_647_v2.bin,.bin,3082144,993d454a533ed5b2efdbf2b6d98f9dd6c59d04524bd12378ea31a24bf869eeab,647,2008,특정사안,공무국외여행 관리실태,csd
S00405,감사원,BAI,20080619_[특정사안]_공무국외여행 관리실태_647_v3.bin,.bin,718175,1102662ea19dcf2d98578acc5e96d1a77943e088ce5c3eb2f7c7227eb1365739,647,2008,특정사안,공무국외여행 관리실태,csd
S00406,감사원,BAI,20080623_[성과]_행정정보 공유 및 관리실태_648.bin,.bin,12844796,1635c28552733faa92fb10b6fa6dbb37d2cc2176c15c62d617ceae2cc6e3f632,648,2008,성과,행정정보 공유 및 관리실태,csd
S00407,감사원,BAI,20080625_[성과]_분권교부세 산정 및 배분실태_649.bin,.bin,877658,f79e980ec746561aa6f2e07a2ffee1b9cf9100d6cd1f9227399dce5f598a21ed,649,2008,성과,분권교부세 산정 및 배분실태,csd
S00408,감사원,BAI,20080626_[특정사안]_대형건축물 용적률 완화실태_650.bin,.bin,326332,1b148de64dabfba40efc21dd70b34b896fcd5ab676359da3320aeaf0614d4326,650,2008,특정사안,대형건축물 용적률 완화실태,csd
S00409,감사원,BAI,20080702_[미분류]_백운산 송전철탑 건설관련 감사청구_652.bin,.bin,4786195,c9c2994a7395b3ae507d67cf03a799b5bb6b0db24418128abb1aa9ff49bb71b7,652,2008,미분류,백운산 송전철탑 건설관련 감사청구,csd
S00410,감사원,BAI,20080702_[미분류]_부산대학교 교수 재계약(승진)임용 관련 감사청구_653.bin,.bin,122605,d62d5c94b613a8cf8b9ae5c3a09aa6a56e56a92cf9f51b8faa6405d6cc878890,653,2008,미분류,부산대학교 교수 재계약(승진)임용 관련 감사청구,csd
S00411,감사원,BAI,20080702_[미분류]_해운대구 업무추진비 예산 편성 및 집행관련 감사청구_654.bin,.bin,60225,f2d1241c507f255283434366f4d7f536e9418dc8eb07f8fae87132b5e7c268cb,654,2008,미분류,해운대구 업무추진비 예산 편성 및 집행관련 감사청구,csd
S00412,감사원,BAI,20080702_[특정사안]_외교통상부 등 외화예산지급시스템 운영실태_651.bin,.bin,241900,5211221fda1b0857eb5958197f2004e398dee1c9f811a37cdc46518534b7a8b5,651,2008,특정사안,외교통상부 등 외화예산지급시스템 운영실태,csd
S00413,감사원,BAI,20080703_[특정사안]_고효율 조명기기 보급사업 추진실태_655.bin,.bin,1309826,c12c352318c8ad0ff9e673231cde89784657087a1579a8e939fe7f9d1fdd91ef,655,2008,특정사안,고효율 조명기기 보급사업 추진실태,csd
S00414,감사원,BAI,20080708_[미분류]_국방조달물자 국산화 규정 운용실태_656.bin,.bin,470160,9f5dc423d7d83e37a3883966826550e84ba709edfecae48f37c6e5a9ea2f5d09,656,2008,미분류,국방조달물자 국산화 규정 운용실태,csd
S00415,감사원,BAI,20080708_[특정사안]_국방획득 및 연구개발 제도개선 추진실태_657.bin,.bin,796966,ec0db869b8a23a5af843bd8dea80cd4159f0671a7d95381c6828bbb637536d73,657,2008,특정사안,국방획득 및 연구개발 제도개선 추진실태,csd
S00416,감사원,BAI,20080710_[특정사안]_수출기업 금융지원실태_659.bin,.bin,459026,52975a27da4cd377a2787bba44e3cc0889800d45fcdf2afb15632c5fbdfc052c,659,2008,특정사안,수출기업 금융지원실태,csd
S00417,감사원,BAI,20080711_[기관정기]_평택시 기관운영감사_660.bin,.bin,143728,a86a482febe1bd6799e8e44ef2aefdcdbf540860d5163df6ed01bd4a6611c9a9,660,2008,기관정기,평택시 기관운영감사,csd
S00418,감사원,BAI,20080714_[특정사안]_유휴 행정재산 관리 및 활용실태_661.bin,.bin,605943,5901bea767990a1f1e017fa1b45c2f54767313d47d2728e3e5b3302cfa37413f,661,2008,특정사안,유휴 행정재산 관리 및 활용실태,csd
S00419,감사원,BAI,20080715_[특정사안]_자금세탁방지대책 추진실태_662.bin,.bin,1517065,e5abd06059d5e9592b5cc71d2ce0d9b07d361ada0313f9768bb674377e4321d4,662,2008,특정사안,자금세탁방지대책 추진실태,csd
S00420,감사원,BAI,20080717_[미분류]_보육시설 국고보조금 지원 관련 감사청구_663.bin,.bin,3236962,a7ac55856cae05210a69f6aefbad8d10a5ff9da6b263a3a3cbc6dc890fc4405c,663,2008,미분류,보육시설 국고보조금 지원 관련 감사청구,csd
S00421,감사원,BAI,20080717_[미분류]_어린이집 정상화 관련 감사청구_664.bin,.bin,82426,66b4af64f52e141c70633a455b579b67bd415b376c69ddcde932fb060c6137c2,664,2008,미분류,어린이집 정상화 관련 감사청구,csd
S00422,감사원,BAI,20080721_[기관정기]_대한주택보증(주) 기관운영감사_667.bin,.bin,334328,3320c85ed0e84b59b5edce6047ea20b6d99c1a00e6aa6e0498c76188e8d36059,667,2008,기관정기,대한주택보증(주) 기관운영감사,csd
S00423,감사원,BAI,20080721_[기관정기]_한국수출보험공사 기관운영감사_665.bin,.bin,535975,086158c8795f6132c7ed71ec4effee791949a4713d890726702e695fe0f4fc9a,665,2008,기관정기,한국수출보험공사 기관운영감사,csd
S00424,감사원,BAI,20080721_[기관정기]_한국주택금융공사 기관운영감사_666.bin,.bin,174974,5c657003cfbb9f8d661b0d000646c3005f33cab9e568c91636bdf997d46e8e85,666,2008,기관정기,한국주택금융공사 기관운영감사,csd
S00425,감사원,BAI,20080722_[기관정기]_한국도로공사 기관운영감사_668.bin,.bin,509872,b3021f33d02a261a8bc1fdb68e0a344681745ab201a31ae321cb88464fea76fa,668,2008,기관정기,한국도로공사 기관운영감사,csd
S00426,감사원,BAI,20080722_[기관정기]_한국철도공사 기관운영감사_670.bin,.bin,502489,98be8b603986584f9128ed62704fe7ec6d9e340730da69555b317cabd0dcc208,670,2008,기관정기,한국철도공사 기관운영감사,csd
S00427,감사원,BAI,20080722_[특정사안]_고속국도 휴게시설관리 운영실태_669.bin,.bin,7081815,5f8940deb52ae196d68915208c97dc775f75e249cd64c317157eb8b4b5c4677d,669,2008,특정사안,고속국도 휴게시설관리 운영실태,csd
S00428,감사원,BAI,20080723_[미분류]_지진정보시스템 구축 및 내진보강실태_671.bin,.bin,9572325,cc453d313d2678515fea20999367b41d5c5e520593a21b966beb6a84700e291e,671,2008,미분류,지진정보시스템 구축 및 내진보강실태,csd
S00429,감사원,BAI,20080724_[기관정기]_대한석탄공사 및 대한광업진흥공사 기관운영감사_674.bin,.bin,594296,82d86cde27d23da646d883c83e7b6ba4e63f2cc238fcccbd8688010ab8dada64,674,2008,기관정기,대한석탄공사 및 대한광업진흥공사 기관운영감사,csd
S00430,감사원,BAI,20080724_[기관정기]_한국가스공사 기관운영감사_673.bin,.bin,591067,44ae6ff1cf8d764d9d9e7769048bef43d9059500ac63662b5f348e3583b306cf,673,2008,기관정기,한국가스공사 기관운영감사,csd
S00431,감사원,BAI,20080724_[기관정기]_한국석유공사 기관운영감사_675.bin,.bin,642720,5f908d82dd2046f25234825dcfd4f835c1e84ef35aca4fd549e3c141b5bf8d4a,675,2008,기관정기,한국석유공사 기관운영감사,csd
S00432,감사원,BAI,20080724_[기관정기]_한국지역난방공사 기관운영감사_672.bin,.bin,354009,45d5403697ed22ddb487af4ccf642cc118deccb3c373758a1846f5adf1186f4f,672,2008,기관정기,한국지역난방공사 기관운영감사,csd
S00433,감사원,BAI,20080728_[기관정기]_증권예탁결제원 기관운영감사_676.bin,.bin,2313342,edce6d98c400ed763914db0715bc2feacc58d5658eec020735deba941f471bbf,676,2008,기관정기,증권예탁결제원 기관운영감사,csd
S00434,감사원,BAI,20080730_[기관정기]_한국전기안전공사 ·한국가스안전공사 기관운영감사_677.bin,.bin,310903,de9c3ee134afb1005d7e8bc7b79e1883d83ddc2951ab2d566220621456800cd1,677,2008,기관정기,한국전기안전공사 ·한국가스안전공사 기관운영감사,csd
S00435,감사원,BAI,20080730_[기관정기]_한국전력공사 및 자회사 기관운영감사_678.bin,.bin,954027,c288d00bb55e71f77400eb18f45923a7eef834858a2fb44e85e94ac6b23b9919,678,2008,기관정기,한국전력공사 및 자회사 기관운영감사,csd
S00436,감사원,BAI,20080801_[기관정기]_대한주택공사 기관운영감사_682.bin,.bin,243372,b71239361b1916f2a1501d44e90b7b28a041c4940144529784bad75bb866aaed,682,2008,기관정기,대한주택공사 기관운영감사,csd
S00437,감사원,BAI,20080801_[기관정기]_한국마사회 기관운영감사_680.bin,.bin,472296,e2fd9b416c62bb05da77842f333c4f31cf8ba3e46566f753243c436a23b01619,680,2008,기관정기,한국마사회 기관운영감사,csd
S00438,감사원,BAI,20080801_[기관정기]_한국토지공사 기관운영감사_681.bin,.bin,516120,ea5e9aa1dc38238dc7f5d787164ef6b4bbfd5abb0ad36edf5a540592a1207734,681,2008,기관정기,한국토지공사 기관운영감사,csd
S00439,감사원,BAI,20080801_[성과]_농산물 안전관리 실태_679.bin,.bin,450611,9dcb80c52b7746ba200b21a5d1ba0b058d9567b5359de08031fa14ffe09dfadf,679,2008,성과,농산물 안전관리 실태,csd
S00440,감사원,BAI,20080804_[기관정기]_부산항만공사 외 2개기관 기관운영감사_685.bin,.bin,674469,b19306903b441cf4a9420eeec22e7dd08df4bf12d75bcfe646b57fdb4ab2143d,685,2008,기관정기,부산항만공사 외 2개기관 기관운영감사,csd
S00441,감사원,BAI,20080804_[기관정기]_신용보증기금 및 기술신용보증기금 기관운영감사_683_v1.bin,.bin,209987,1866c3d000cb0d8a2615cff74b6d453fb1df2f8737bdf7087c5edd6c1eba194e,683,2008,기관정기,신용보증기금 및 기술신용보증기금 기관운영감사,csd
S00442,감사원,BAI,20080804_[기관정기]_신용보증기금 및 기술신용보증기금 기관운영감사_683_v2.bin,.bin,423347,15fe68af157dfc5de86abf912aa3667c8d16750db0e8f4251bcaf951d9f79cbd,683,2008,기관정기,신용보증기금 및 기술신용보증기금 기관운영감사,csd
S00443,감사원,BAI,20080804_[기관정기]_제주국제자유도시개발센터 기관운영감사_686.bin,.bin,681641,344a5f042f0bf5619512c37fdd44655a3d27a7fe3d81c4a72154f8c27454dbde,686,2008,기관정기,제주국제자유도시개발센터 기관운영감사,csd
S00444,감사원,BAI,20080804_[기관정기]_중소기업은행 기관운영감사_684.bin,.bin,609572,8c84822df5ecdf50ca676762810b9fc680db04c84896e3172f215ce387c7fa89,684,2008,기관정기,중소기업은행 기관운영감사,csd
S00445,감사원,BAI,20080804_[미분류]_공공기관 임직원 관련 비리점검_687.bin,.bin,512092,74f1f1f70e1a87dc30524916e5678ed0a9f82fdc55c206939a7eb29f3d9e713b,687,2008,미분류,공공기관 임직원 관련 비리점검,csd
S00446,감사원,BAI,20080805_[특정사안]_한국방송공사 운영실태_688.bin,.bin,27267931,3e8b21e74a82b473002eab7f52cc1a3b45d2ecdd8ce4c0d7931c1e7848fdaaa1,688,2008,특정사안,한국방송공사 운영실태,csd
S00447,감사원,BAI,20080807_[기관정기]_산재의료관리원 기관운영감사_690.bin,.bin,357837,d838f158513270742cb27a2af043bdb1a5de43b5d7c2c3aaf5882205d264856f,690,2008,기관정기,산재의료관리원 기관운영감사,csd
S00448,감사원,BAI,20080807_[특정사안]_국민건강보험 약제비 관리실태_689.bin,.bin,1512878,d2dd27be44ad3bb9c1275658031064b2641c38a811b9ea72a27b30834d9d17e0,689,2008,특정사안,국민건강보험 약제비 관리실태,csd
S00449,감사원,BAI,20080808_[기관정기]_서울특별시 기관운영감사_691.bin,.bin,418785,98740d1911a2e3559f297efad8c5fe89b5c7213a6e2b2f1ab0f12cde035240c3,691,2008,기관정기,서울특별시 기관운영감사,csd
S00450,감사원,BAI,20080808_[기관정기]_인천광역시 기관운영감사_693.bin,.bin,772519,c967fdf683179e7cbe488f0915c2d0cf21564864018f5a6b0c73272107922a20,693,2008,기관정기,인천광역시 기관운영감사,csd
S00451,감사원,BAI,20080808_[특정사안]_면세유 공급제도 운영실태_692.bin,.bin,14576910,ad3043a638281826966c692a61427dbc33d8b68d6eeff876c626bb5aabc23f50,692,2008,특정사안,면세유 공급제도 운영실태,csd
S00452,감사원,BAI,20080811_[기관정기]_공무원연금관리공단 기관운영감사_694.bin,.bin,187211,901bb63e90a8a137171e1893e43fcdddc66c6ebd0b80d71910aef845f49ff994,694,2008,기관정기,공무원연금관리공단 기관운영감사,csd
S00453,감사원,BAI,20080811_[기관정기]_사립학교교직원연금관리공단 기관운영감사_695.bin,.bin,232370,3ae98f8fc94ed05a40e29b6a4d09c6b95357987c870c14929db9e2a1598f4b7a,695,2008,기관정기,사립학교교직원연금관리공단 기관운영감사,csd
S00454,감사원,BAI,20080811_[기관정기]_한국감정원 기관운영감사_699.bin,.bin,407826,2cadc3f9a658835ed1268096bac325182e2336dfdc1baa6e466e35715c5b2be0,699,2008,기관정기,한국감정원 기관운영감사,csd
S00455,감사원,BAI,20080811_[기관정기]_한국공항공사 기관운영감사_698.bin,.bin,497356,fe401f0e72489dd047a02c04720ebcae680c66d5430b7c9ec9746743077521bb,698,2008,기관정기,한국공항공사 기관운영감사,csd
S00456,감사원,BAI,20080811_[기관정기]_한국방송광고공사 기관운영감사_696.bin,.bin,169490,c73efb0936b8e572a2dcf00165651e3f4b4241816e9343e7675d7ec0e9992b67,696,2008,기관정기,한국방송광고공사 기관운영감사,csd
S00457,감사원,BAI,20080811_[기관정기]_한국수자원공사 기관운영감사_697.bin,.bin,438039,45fc3bcd3adcf8c629be88aa31848201b329c5855af94ddacc48731e2043e8af,697,2008,기관정기,한국수자원공사 기관운영감사,csd
S00458,감사원,BAI,20080813_[기관정기]_한국정보문화진흥원 기관운영감사_701.bin,.bin,124187,ce364c2be4734923b3cc5676054f64cadfbdd8d8e2357649800a4d4ada0c1105,701,2008,기관정기,한국정보문화진흥원 기관운영감사,csd
S00459,감사원,BAI,20080813_[기관정기]_한국정보보호진흥원 기관운영감사_702.bin,.bin,169794,497c8b9d50c779122f2c052b689f548c2fc38240b36db356e5df5072c4f0351c,702,2008,기관정기,한국정보보호진흥원 기관운영감사,csd
S00460,감사원,BAI,20080813_[특정사안]_테마박물관 건립 운영 실태_700.bin,.bin,616549,77695d7020dcd96614370df20e83f54b6463278ff613e50e83969ce538871574,700,2008,특정사안,테마박물관 건립 운영 실태,csd
S00461,감사원,BAI,20080815_[특정사안]_산업안전 및 보건관리 실태_703.bin,.bin,1330682,aad960ce402d61095faea3682c8283881f365e6cf7d0b11a6d56070aff2e9421,703,2008,특정사안,산업안전 및 보건관리 실태,csd
S00462,감사원,BAI,20080818_[기관정기]_한국산업단지공단 등 2개기관 기관운영감사_704.bin,.bin,436606,3095a48ef8cf06a869d32169b57858f8cbb8cba944f5104e8ef557a7f1053f7c,704,2008,기관정기,한국산업단지공단 등 2개기관 기관운영감사,csd
S00463,감사원,BAI,20080818_[기관정기]_한국소프트웨어진흥원 기관운영감사_706.bin,.bin,193670,48556d41e4e0efee91e1361ddf6ea87ba3e109f4da912f7ff7d9263e500ca502,706,2008,기관정기,한국소프트웨어진흥원 기관운영감사,csd
S00464,감사원,BAI,20080818_[기관정기]_한국시설안전공단 기관운영감사_705.bin,.bin,150643,8e7831d64ad97b13c038ed6373b1417148bc4d2c21a06a41239ee948e16e3610,705,2008,기관정기,한국시설안전공단 기관운영감사,csd
S00465,감사원,BAI,20080818_[미분류]_전라남도교육과학연구원 탐구학습관 전시물 설치 관련 감사청구_708.bin,.bin,133274,59e9d992710adf440e4de19f208f41af8dcc152587269b212a9b43efa9dcd6e6,708,2008,미분류,전라남도교육과학연구원 탐구학습관 전시물 설치 관련 감사청구,csd
S00466,감사원,BAI,20080818_[특정사안]_자체감사기구 운영실태_707.bin,.bin,807179,44be41b8f9b83ff596e5852ec0263a2433cfdf0e7ce9f909f681f8d677eef671,707,2008,특정사안,자체감사기구 운영실태,csd
S00467,감사원,BAI,20080820_[기관정기]_경상북도 기관운영감사_710.bin,.bin,354124,da15779a0e97dc89ca2a6142f8ed210fcdac8c9acb61b335e3ca8769c27310e9,710,2008,기관정기,경상북도 기관운영감사,csd
S00468,감사원,BAI,"20080820_[기관정기]_서울특별시 강서구,송파구 기관운영감사_709_v1.bin",.bin,342957,fd102f6afa30d359b94f8692e9e4f7a1f3cc668e0fc4ceef058a8e1587d5ccff,709,2008,기관정기,"서울특별시 강서구,송파구 기관운영감사",csd
S00469,감사원,BAI,"20080820_[기관정기]_서울특별시 강서구,송파구 기관운영감사_709_v2.bin",.bin,248485,9e9844c8e1b77074289ad11646d30cf98e6395b71102dc26834a4dd2aee4c603,709,2008,기관정기,"서울특별시 강서구,송파구 기관운영감사",csd
S00470,감사원,BAI,20080820_[기관정기]_전라북도 기관운영감사_711.bin,.bin,719385,2ad18c1c08559b8551eb79ee2d216622033e4290f4db30de7c11c50325ed9f56,711,2008,기관정기,전라북도 기관운영감사,csd
S00471,감사원,BAI,20080822_[기관정기]_한국산업기술평가원 등 3개 기관 기관운영감사_713.bin,.bin,304986,44bd1574e796a5a2bddb98b7853eead7587ae3e486d5846332ace5c2001c43e9,713,2008,기관정기,한국산업기술평가원 등 3개 기관 기관운영감사,csd
S00472,감사원,BAI,20080822_[기관정기]_한국산업은행 기관운영감사_712.bin,.bin,1415977,ba0b07d93829cb25ce601913b54326721562321e01828959db153c5298aaa294,712,2008,기관정기,한국산업은행 기관운영감사,csd
S00473,감사원,BAI,20080822_[기관정기]_환경관리공단 등 3개 기관 기관운영감사_714.bin,.bin,400432,cec0ca9c4716a6fd352700c83efdef792b2ba07496628a1727cbaf755ec87878,714,2008,기관정기,환경관리공단 등 3개 기관 기관운영감사,csd
S00474,감사원,BAI,20080825_[특정사안]_남북협력기금 관련 국민감사청구_715.bin,.bin,121538,4ae1716adfd7534b27f927244eed25c899f1e3c9a77335cb8a2232e107f2da3b,715,2008,특정사안,남북협력기금 관련 국민감사청구,csd
S00475,감사원,BAI,20080827_[특정사안]_취약분야 공직기강 점검_716.bin,.bin,492679,f3a21cffe0fe99654252ebf8af805f3d3b0faea28ad7bef460487fe0a28ba2f3,716,2008,특정사안,취약분야 공직기강 점검,csd
S00476,감사원,BAI,20080829_[재무]_보건복지가족부 재무감사_717.bin,.bin,715837,fd37a1384e7da7be78090c00ea3c27c82b1e15acd3325c748dc3aff100b9241b,717,2008,재무,보건복지가족부 재무감사,csd
S00477,감사원,BAI,20080903_[특정사안]_취약시기 공직기강 특별점검_718.bin,.bin,769596,071fb45bd809f8bfe2adce6bc36b3028a2f9fa1ce7b71f4d34b8d86372a9052b,718,2008,특정사안,취약시기 공직기강 특별점검,csd
S00478,감사원,BAI,20080904_[기관정기]_한국문화콘텐츠진흥원 등 2개 기관 기관운영감사_719_v1.bin,.bin,203773,7cc3643b6453ae0aed16aff91a75c236ac06f0a7952981a6f8e11a896295ff5f,719,2008,기관정기,한국문화콘텐츠진흥원 등 2개 기관 기관운영감사,csd
S00479,감사원,BAI,20080904_[기관정기]_한국문화콘텐츠진흥원 등 2개 기관 기관운영감사_719_v2.bin,.bin,163248,df6df23ce76cebf11605747ecfcddae2293dc0ad883b146fc8de559087e5d9b6,719,2008,기관정기,한국문화콘텐츠진흥원 등 2개 기관 기관운영감사,csd
S00480,감사원,BAI,20080904_[기관정기]_한국정보사회진흥원 기관운영감사_720.bin,.bin,243815,f350fdd49fb014f8d28fd32d3363772c3456f967b535971a3ce207bfa367aed1,720,2008,기관정기,한국정보사회진흥원 기관운영감사,csd
S00481,감사원,BAI,20080910_[기관정기]_한국우편사업지원단 등 3개 기관 기관운영감사_722.bin,.bin,304704,825ba74c72e7f02c1a3dbd28873fb874289c0f1863130e087929a9c8ef1f8c03,722,2008,기관정기,한국우편사업지원단 등 3개 기관 기관운영감사,csd
S00482,감사원,BAI,20080910_[기관정기]_한국자산관리공사 기관운영감사_721.bin,.bin,276362,0f7df5e2627a8351ff5edc83ef86bc5274538a3aee63f55a47573f634fef8176,721,2008,기관정기,한국자산관리공사 기관운영감사,csd
S00483,감사원,BAI,"20080911_[기관정기]_한국소비자원, 한국석유품질관리원 기관운영감사_723_v1.bin",.bin,600403,3c0e4d82dbdc0135b7b36308546ca6040a26fab21388ce0c366967cf0c6c4941,723,2008,기관정기,"한국소비자원, 한국석유품질관리원 기관운영감사",csd
S00484,감사원,BAI,"20080911_[기관정기]_한국소비자원, 한국석유품질관리원 기관운영감사_723_v2.bin",.bin,180618,517fa9075eb99d0e00815444f1e49450c7f33af9b802428c6c90157e7ba5e039,723,2008,기관정기,"한국소비자원, 한국석유품질관리원 기관운영감사",csd
S00485,감사원,BAI,20080912_[미분류]_성매매집결지 자활지원사업 관련 감사청구_724.bin,.bin,68549,418a7de31963d03c3306b3752c02e5ac2ec26052ab234ce9116458ef52a6c761,724,2008,미분류,성매매집결지 자활지원사업 관련 감사청구,csd
S00486,감사원,BAI,20080917_[기관정기]_영화진흥위원회 기관운영감사_726.bin,.bin,294165,928e9a91cad8456f5630a6ecd9e602d815d1088388f9566d1ec919c8f507a07f,726,2008,기관정기,영화진흥위원회 기관운영감사,csd
S00487,감사원,BAI,20080917_[기관정기]_한국관광공사 기관운영감사_725.bin,.bin,247212,e0f09a33c23dfd5a832e744ed7b3df3b011579652e730d600d32ddcbd483fc57,725,2008,기관정기,한국관광공사 기관운영감사,csd
S00488,감사원,BAI,20080918_[기관정기]_교통안전공단 기관운영감사_728.bin,.bin,757329,2045c14057bc32d8d7cb8f815f6af4bde33725fb1b8e68a5e7101d87c7c57167,728,2008,기관정기,교통안전공단 기관운영감사,csd
S00489,감사원,BAI,20080918_[기관정기]_대한지적공사 등 2개 기관 기관운영감사_727.bin,.bin,310093,11b2229b3ec8fc83cb448ba818a8a12241fd6df6e532580911d5b84a20558f19,727,2008,기관정기,대한지적공사 등 2개 기관 기관운영감사,csd
S00490,감사원,BAI,20080922_[기관정기]_농수산물유통공사 기관운영감사_730.bin,.bin,671716,23827dfec885a63a7def45e0cf31056e6e631459c997a16e0b7a99afdc89b31f,730,2008,기관정기,농수산물유통공사 기관운영감사,csd
S00491,감사원,BAI,20080922_[기관정기]_증권예탁결제원 기관운영감사_729.bin,.bin,123379,21508ed6caf46570069aa2230cdea199ffd51cbda3a3576feb2d6903605eeed5,729,2008,기관정기,증권예탁결제원 기관운영감사,csd
S00492,감사원,BAI,20080922_[기관정기]_한국농촌공사 기관운영감사_731.bin,.bin,1218118,6ea9df2f99acd9abaca5fcfd733edc51804c848e125adfccbf6b21d139922c85,731,2008,기관정기,한국농촌공사 기관운영감사,csd
S00493,감사원,BAI,20080923_[특정사안]_양수리 연꽃재배단지 조성사업 추진실태_732.bin,.bin,319895,f67c2a7d4cf83169ea2e2cf05691c2178fe59e7f6c09b7b8f7a26febdf261176,732,2008,특정사안,양수리 연꽃재배단지 조성사업 추진실태,csd
S00494,감사원,BAI,20080924_[기관정기]_대한무역투자진흥공사 등 3개 기관 기관운영감사_734.bin,.bin,458582,b57c8be00964e5fb8d3c69cbb20baee3889e5b24d913bde9b56b296c598d2bf8,734,2008,기관정기,대한무역투자진흥공사 등 3개 기관 기관운영감사,csd
S00495,감사원,BAI,20080924_[기관정기]_예금보험공사 기관운영감사_733.bin,.bin,270999,5ab9afe4e1bb9752a193b62dcd14797f880bb12322c8106c8a0aa4e5bdb0f8f5,733,2008,기관정기,예금보험공사 기관운영감사,csd
S00496,감사원,BAI,20080925_[기관정기]_도로교통공단 기관운영감사_736.bin,.bin,378580,3b3b2530b68355baf84e9a142d076ebdfcdf76e0e539a385ce0b574dc7d43a99,736,2008,기관정기,도로교통공단 기관운영감사,csd
S00497,감사원,BAI,20080925_[미분류]_경전선복선전철 건설사업 관련 감사청구_737.bin,.bin,60021,f6f63fea830f31b81c1f1c1decf1ccbfe4bf9049eea3d08cd022116ea6452b28,737,2008,미분류,경전선복선전철 건설사업 관련 감사청구,csd
S00498,감사원,BAI,20080925_[특정사안]_한국철도시설공단 기관운영감사_735.bin,.bin,708540,43bcbde7493894eb2ab6e08a00c7dbebae560329d1ae74573762e2af5c3d0917,735,2008,특정사안,한국철도시설공단 기관운영감사,csd
S00499,감사원,BAI,20080929_[기관정기]_근로복지공단 등 2개기관 기관운영감사_739_v1.bin,.bin,463403,173a8800a1a6a323518271ef74c5f3672e3e81c0ba720218cd878f17ed60caf5,739,2008,기관정기,근로복지공단 등 2개기관 기관운영감사,csd
S00500,감사원,BAI,20080929_[기관정기]_근로복지공단 등 2개기관 기관운영감사_739_v2.bin,.bin,486198,3c5447ab190559f2f8e77019f4ab7fb02f5929f3a8c548f87a5aada5acd2b186,739,2008,기관정기,근로복지공단 등 2개기관 기관운영감사,csd
S00501,감사원,BAI,20080929_[기관정기]_한국산업인력공단 등 2개기관 기관운영감사_738.bin,.bin,252882,dd3f2f90fc2251672f66f831ef8d670489ce5c5b441a89598dbe4cab07a9d650,738,2008,기관정기,한국산업인력공단 등 2개기관 기관운영감사,csd
S00502,감사원,BAI,20081001_[기관정기]_한국전력거래소 등 2개 기관 기관운영감사_740.bin,.bin,482875,33b11dd7c41db67e5257b9837eab2491848100c6bd48e848be5e47d0a378527d,740,2008,기관정기,한국전력거래소 등 2개 기관 기관운영감사,csd
S00503,감사원,BAI,20081002_[기관정기]_원주지방국토관리청 기관운영감사_741.bin,.bin,362224,b53d3bc6aa5d31d8660486c3d467965356e6ce4e8dbf7db36de8675ce358baae,741,2008,기관정기,원주지방국토관리청 기관운영감사,csd
S00504,감사원,BAI,20081002_[미분류]_곡성 소수력발전소 건립관련 감사청구_742.bin,.bin,108802,8b6e049f81497dd5b9616b46485c2ded905c887f40735a950e396b9093fed7c5,742,2008,미분류,곡성 소수력발전소 건립관련 감사청구,csd
S00505,감사원,BAI,20081007_[기관정기]_한국보훈복지의료공단 기관운영감사_743.bin,.bin,464044,49cb617d7fe40ab884f9388feb96a0b1c24c268af3df1f986cd9f7fe3c318229,743,2008,기관정기,한국보훈복지의료공단 기관운영감사,csd
S00506,감사원,BAI,20081008_[기관정기]_국민건강보험공단 기관운영감사_744.bin,.bin,984808,9c382d01307f06c85fab546eecb4c3597585d311af51e2f35ca43fd88756a1a5,744,2008,기관정기,국민건강보험공단 기관운영감사,csd
S00507,감사원,BAI,20081010_[기관정기]_인천국제공항공사 기관운영감사_745.bin,.bin,651900,ac5e58f9070ac9073e14c432b53b30d5b3e0517b7b12d731c5f60819f6a00476,745,2008,기관정기,인천국제공항공사 기관운영감사,csd
S00508,감사원,BAI,20081013_[기관정기]_선박안전기술공단 기관운영감사_746.bin,.bin,138559,27a4afe0e5b7c8149f11c9c25a2aff736a5d3a90ab32de8250cd7261d77cf5af,746,2008,기관정기,선박안전기술공단 기관운영감사,csd
S00509,감사원,BAI,20081014_[성과]_쌀소득 등 보전 직접지불제도 운용실태_747.bin,.bin,612969,8f29632d198ce5d4be54e2a58d9c82bb802471650cf2b051aefb13c8f3287a7b,747,2008,성과,쌀소득 등 보전 직접지불제도 운용실태,csd
S00510,감사원,BAI,20081027_[특정사안]_공공기관 경영개선실태_748.bin,.bin,2218386,e72a97056f3d92e99817f7be974f3d3057976de1257b65bea21c6e7f5e15b63b,748,2008,특정사안,공공기관 경영개선실태,csd
S00511,감사원,BAI,20081030_[기타손망실]_기획재정부 및 조달청 결산감사_750.bin,.bin,234246,4fa8fab96e673889092dfbdb78ba4458ced15e0dd5ae6a47ecb399dc489bea29,750,2008,기타손망실,기획재정부 및 조달청 결산감사,csd
S00512,감사원,BAI,20081030_[미분류]_비상등 편취에 따른 판정청구_749.bin,.bin,219251,29ec92247a80c9775e00f7a8197a443c8362c60c7f7223b95237c3f4577f9f5d,749,2008,미분류,비상등 편취에 따른 판정청구,csd
S00513,감사원,BAI,20081030_[특정사안]_정부위원회 운영실태_751.bin,.bin,208468,abb57c3a9b24635a093148eeb43fd9d85e30a4f48fd6bd6d2fe6e238e7bde285,751,2008,특정사안,정부위원회 운영실태,csd
S00514,감사원,BAI,20081031_[특정사안]_공공기관 자회사 등 운영실태_752.bin,.bin,2925280,cbe803e7fa3277c040c5132559f7d816dc0a7c6c818c8b731a6aad047765f6fb,752,2008,특정사안,공공기관 자회사 등 운영실태,csd
S00515,감사원,BAI,20081103_[기관정기]_한국학술진흥재단 기관운영감사_753.bin,.bin,170631,b5958657c6112f98722c0749948f77fb822f9c4487b93e24d2656a8652737eaa,753,2008,기관정기,한국학술진흥재단 기관운영감사,csd
S00516,감사원,BAI,20081105_[기관정기]_부산지방국세청 운영실태_754.bin,.bin,273320,87eb10d2905504878bade08fd13f726879d673acd157e2779925e483b1c4d800,754,2008,기관정기,부산지방국세청 운영실태,csd
S00517,감사원,BAI,20081106_[기관정기]_국민체육진흥공단 기관운영감사_755.bin,.bin,584249,bffaa1e0eb3cfc5291f6912847ad017776f46131a909aea2daf081e2e133d15c,755,2008,기관정기,국민체육진흥공단 기관운영감사,csd
S00518,감사원,BAI,20081110_[기타서면]_특허청 초과수입 보상금 등 집행실태_756.bin,.bin,132136,07027758def1efa522a886d90c1c1eda87f690b775c85f783cc0a5efdb9bf838,756,2008,기타서면,특허청 초과수입 보상금 등 집행실태,csd
S00519,감사원,BAI,20081112_[기관정기]_부산광역시 기관운영감사_757.bin,.bin,527744,a4409769b8025cac771412e6425d135d176ff3b023285f061676705896af31fa,757,2008,기관정기,부산광역시 기관운영감사,csd
S00520,감사원,BAI,20081117_[특정사안]_비축물자 구매 및 관리실태_758.bin,.bin,1098637,10f59d5b0041c1631492c20663cf37ee35276837a4d0ec203ae3abfa6f6d5e54,758,2008,특정사안,비축물자 구매 및 관리실태,csd
S00521,감사원,BAI,20081120_[미분류]_인천 중구 동구 관통 산업도로개설공사 관련 감사청구_760.bin,.bin,8964775,0c68b226289d369c6d5979c8a7820e35da10f0f51cfce38780be4f41856c39ec,760,2008,미분류,인천 중구 동구 관통 산업도로개설공사 관련 감사청구,csd
S00522,감사원,BAI,20081124_[기관정기]_산림청 기관운영감사_762.bin,.bin,347599,f08b171c10c2fc9544cd6b9a9671971c8fdeb0068bd83642f397892bef5314ff,762,2008,기관정기,산림청 기관운영감사,csd
S00523,감사원,BAI,20081127_[기관정기]_서울지방국토관리청 기관운영감사_763.bin,.bin,16467002,919be2df8eca8b3e282ed0cde07bc6f96772741573443bef21b50eefb5b924a8,763,2008,기관정기,서울지방국토관리청 기관운영감사,csd
S00524,감사원,BAI,20081202_[성과]_공장설립 관련 규제 집행실태_764.bin,.bin,1119953,5e7cce898040b850b605641bd0fabf982d2b0f028a296cd044f4be74b2ac773b,764,2008,성과,공장설립 관련 규제 집행실태,csd
S00525,감사원,BAI,20081204_[특정사안]_주요 국고보조사업 관리실태_765.bin,.bin,988664,ae2f7d1a86fbb47ff807a563377a15d55a0c1717109eef8fe5113d78c8743008,765,2008,특정사안,주요 국고보조사업 관리실태,csd
S00526,감사원,BAI,20081208_[기관정기]_국민연금공단 기관운영감사_766.bin,.bin,298212,3c26d4301652918776af04f2ffed2f38122facf113b92352968c76b66da0a514,766,2008,기관정기,국민연금공단 기관운영감사,csd
S00527,감사원,BAI,20081211_[기타서면]_군인복지기금 손실 관련 변상판정 청구사항_767.bin,.bin,143040,cec93c1d77404342684b4b1d789e2721e23a351532b610eb97e9a0a47796cff2,767,2008,기타서면,군인복지기금 손실 관련 변상판정 청구사항,csd
S00528,감사원,BAI,20081215_[특정사안]_준정부기관 등 임직원 관련 비리점검_768.bin,.bin,1335591,97b8221bb4233384cab7fae7586731b60a07004a626ff46ce7987a5a1483079c,768,2008,특정사안,준정부기관 등 임직원 관련 비리점검,csd
S00529,감사원,BAI,20081218_[특정사안]_풍수해 예방 및 복구실태_769.bin,.bin,1582346,e5f461cc2c466fde40252fecfcb77aec3064fee91839134500c180351bcb1732,769,2008,특정사안,풍수해 예방 및 복구실태,csd
S00530,감사원,BAI,20081219_[기타기타]_흥덕지구 공공건설임대주택 관련 민원사항_770.bin,.bin,109376,42a133b0b6f4330c1ead0cb3f9b80e2113efe20f91232de8346741fb6b4320df,770,2008,기타기타,흥덕지구 공공건설임대주택 관련 민원사항,csd
S00531,감사원,BAI,20081221_[특정사안]_교육과학기술부 특별교부금 운용실태_771.bin,.bin,1062935,3f3e8f30f6e9df993ebd20d1c027ad792a687c366ccd44a8e2f599080c18f786,771,2008,특정사안,교육과학기술부 특별교부금 운용실태,csd
S00532,감사원,BAI,20081222_[기관정기]_한국전자통신연구원 기관운영감사_772.bin,.bin,367333,7f67b6c5186cd81f734ba9e8d9722bf796f0216253a86e86418e186078b1e24a,772,2008,기관정기,한국전자통신연구원 기관운영감사,csd
S00533,감사원,BAI,20081223_[기관정기]_농촌진흥청 기관운영감사_773.bin,.bin,227084,69976cf877f6ad6ba2057176c8f831ff36f2974a8c13844aa7f69feda8eddda1,773,2008,기관정기,농촌진흥청 기관운영감사,csd
S00534,감사원,BAI,20081224_[기관정기]_국방부 기관운영감사_774.bin,.bin,274432,9d9f53bea9cca23be56ff51c23303007e8fcc24e2d9397e2713c79de5015c52a,774,2008,기관정기,국방부 기관운영감사,csd
S00535,감사원,BAI,20081226_[기관정기]_농림수산식품부 기관운영감사_775.bin,.bin,324028,5a71cfb23833db354ded2bb0bb60b9574638c99fbc9189230329fa76f2379a07,775,2008,기관정기,농림수산식품부 기관운영감사,csd
S00536,감사원,BAI,20081228_[특정사안]_중소기업 지원제도 운용실태_776.bin,.bin,5374273,25450fc57cc24df3e99b148bf0f2a3d6b21b79f0ae74b4e2af791402cd003d5d,776,2008,특정사안,중소기업 지원제도 운용실태,csd
S00537,감사원,BAI,"20090112_[특정사안]_공적자금지원 금융기관(광주, 경남은행) 운영실태_777.bin",.bin,573819,f8194526112ea19efcae35a3c778300b1b21ca407103bc1f570f4b21a6b69cc8,777,2009,특정사안,"공적자금지원 금융기관(광주, 경남은행) 운영실태",csd
S00538,감사원,BAI,"20090115_[특정사안]_자동차 배출가스,소음 인증관련 비리점검_778.bin",.bin,4453148,9cc6a5a33bba612f6ee57a7ba35739a01221b8568df8ee15eb653ca01bc7109a,778,2009,특정사안,"자동차 배출가스,소음 인증관련 비리점검",csd
S00539,감사원,BAI,20090119_[특정사안]_농림수산업자신용보증기금 등 4개 기금 운용실태_779.bin,.bin,891104,1e28590ac41435ba93ac610e17ebdcc4e50c5b58452d12c0cf780853d9f5e4cf,779,2009,특정사안,농림수산업자신용보증기금 등 4개 기금 운용실태,csd
S00540,감사원,BAI,20090119_[특정사안]_농림수산업자신용보증기금 등 4개 기금 운용실태_780.bin,.bin,812024,0877fccf6060f693cfc074cf55add835cfd240d3a5f147d388caac537404c142,780,2009,특정사안,농림수산업자신용보증기금 등 4개 기금 운용실태,csd
S00541,감사원,BAI,20090121_[특정사안]_부가가치세제 운영 및 개선실태_781.bin,.bin,763466,00f75c1c6ce5c5a9c7cf303055dc41f71a7ab8c740846c235814eed0f68ed582,781,2009,특정사안,부가가치세제 운영 및 개선실태,csd
S00542,감사원,BAI,20090205_[기관정기]_우정사업본부 기관운영감사_782.bin,.bin,568939,1a416f45840c94d9e263c33c542206e266ec9dcb652f950cc203305a6e811878,782,2009,기관정기,우정사업본부 기관운영감사,csd
S00543,감사원,BAI,20090209_[기관정기]_부산도시공사 외 6개 기관 기관운영감사_783.bin,.bin,502029,ebb0bb27ab922f790b5e6505ff6a59f6bdf6c89ecb578e471cef3212bc05b41f,783,2009,기관정기,부산도시공사 외 6개 기관 기관운영감사,csd
S00544,감사원,BAI,20090212_[기관정기]_SH공사 외 5개 기관 기관운영감사_784.bin,.bin,406932,1f796c579806a937c2fac53ada186686d1478a3148d0e44582e0b4cd2f95a353,784,2009,기관정기,SH공사 외 5개 기관 기관운영감사,csd
S00545,감사원,BAI,20090216_[기관정기]_지식경제부 기관운영감사_785.bin,.bin,414675,6db4c236fd666c945dae622f6002683dc688bdb4c89f953b5ecb676fa5c7d32a,785,2009,기관정기,지식경제부 기관운영감사,csd
S00546,감사원,BAI,20090218_[특정사안]_서울보증보험주식회사 운영실태_786.bin,.bin,250229,28149f94dc3a85c92ec2857a2e90907406522f2be96e2d35cbcdb8e66d52139f,786,2009,특정사안,서울보증보험주식회사 운영실태,csd
S00547,감사원,BAI,20090223_[특정사안]_재외공관 및 외교통상부 본부 운영실태_787.bin,.bin,845673,b193a5fe20a983af550d3c5588dce5271f157458240b2831a20c20845a545004,787,2009,특정사안,재외공관 및 외교통상부 본부 운영실태,csd
S00548,감사원,BAI,20090226_[미분류]_오산시 초등학교 설립관련 감사청구_789.bin,.bin,132719,43db826d827a54c8b4fd91f8cdc357477866203c0d2c8865ba798565405e3766,789,2009,미분류,오산시 초등학교 설립관련 감사청구,csd
S00549,감사원,BAI,20090302_[특정사안]_에너지이용합리화 추진실태_790.bin,.bin,656394,cec7ec73ec4187920c453c4baee4284438cccd4dced6ca3cec93b3e9aa635a97,790,2009,특정사안,에너지이용합리화 추진실태,csd
S00550,감사원,BAI,20090304_[기관정기]_행정안전부 기관운영감사_791.bin,.bin,573331,f244fb646a5f64851660979e9e44536b6c6ecdc31ba0c5c4eee0f0acadaa8518,791,2009,기관정기,행정안전부 기관운영감사,csd
S00551,감사원,BAI,"20090305_[기관정기]_대한법률구조공단, 한국갱생보호공단 기관운영감사_792.bin",.bin,392484,fe8b194c2ca3f110657f68e1a3798d68abf52c48d31426aab182349f6ba56b7c,792,2009,기관정기,"대한법률구조공단, 한국갱생보호공단 기관운영감사",csd
S00552,감사원,BAI,20090311_[기관정기]_서울메트로 외 4개 기관운영감사_794.bin,.bin,477778,5b50596d211cf2ef7c42550d5fdb5ac427c7684acca8686561376cf21e552159,794,2009,기관정기,서울메트로 외 4개 기관운영감사,csd
S00553,감사원,BAI,20090312_[특정사안]_대형 항만건설사업 추진실태_795.bin,.bin,955195,17ced53d0445d652f7b6db51bb7c6babd27b08372f39e2ebda0c326cc4773d96,795,2009,특정사안,대형 항만건설사업 추진실태,csd
S00554,감사원,BAI,20090313_[특정사안]_교육과학기술부 특별교부금 운용실태_796.bin,.bin,94616,61d45ad6dab6fe393ed259b5a4a7eaf5797f7943d71e73ad47278bb7243cab3d,796,2009,특정사안,교육과학기술부 특별교부금 운용실태,csd
S00555,감사원,BAI,20090316_[미분류]_동두천 송내지구 택지개발 사업 관련 국민감사청구_797.bin,.bin,62207,32763fa233a664c61ef75b4ec3f409e4a01ac796e0e3b4bce65f32c863c0fa37,797,2009,미분류,동두천 송내지구 택지개발 사업 관련 국민감사청구,csd
S00556,감사원,BAI,20090318_[미분류]_가축분뇨 처리사업 추진실태_798.bin,.bin,676513,0c18cf374f6e7a76fd74a9fe9fe1122fa7aa3424114ef2bae9b147d76581e735,798,2009,미분류,가축분뇨 처리사업 추진실태,csd
S00557,감사원,BAI,20090319_[특정사안]_국도건설 및 하천정비사업 추진실태_799.bin,.bin,3877213,5768bc564a8ac39c83f557a9ddd2a38a0acf38c7a9fec8cfefa31fe7a3a72ac8,799,2009,특정사안,국도건설 및 하천정비사업 추진실태,csd
S00558,감사원,BAI,20090324_[미분류]_고용지원센터 매입관련 감사청구_800.bin,.bin,149168,8ec59846e27ab2c15f09af6d2cade47f5c9fe1a8fa67343287f5d23935d4624d,800,2009,미분류,고용지원센터 매입관련 감사청구,csd
S00559,감사원,BAI,20090324_[미분류]_웅포관광지 조성사업 관련 감사청구_801.bin,.bin,8581224,cb51ded5720aacf44930e7c649bdbd3f6d39ae0126b5634d05355996a3b65770,801,2009,미분류,웅포관광지 조성사업 관련 감사청구,csd
S00560,감사원,BAI,20090326_[특정사안]_공적자금지원 금융기관 운영실태_802.bin,.bin,826381,946891381f5b78ee3d12ce80ade273d4aed1d3e6b04d3a0c26048e44272efea9,802,2009,특정사안,공적자금지원 금융기관 운영실태,csd
S00561,감사원,BAI,20090330_[특정사안]_대규모 택지개발사업 추진실태_803.bin,.bin,2718904,546268b23d255de11fcc14255a9b3f662f898dd1e91e947c7755edde2dae217d,803,2009,특정사안,대규모 택지개발사업 추진실태,csd
S00562,감사원,BAI,"20090402_[미분류]_국민불편사항 개선실태, 굴삭기 망실에 대한 무책판정_807_v1.bin",.bin,77325,e648426470593d40aea6f56b29f50652851fca1acd25349a81906d2545880442,807,2009,미분류,"국민불편사항 개선실태, 굴삭기 망실에 대한 무책판정",csd
S00563,감사원,BAI,"20090402_[미분류]_국민불편사항 개선실태, 굴삭기 망실에 대한 무책판정_807_v2.bin",.bin,90175,6e27bbad398fbdb0dd0ccd91ce5d2af534d47dd8ec6ecae69379e87984dc6d2a,807,2009,미분류,"국민불편사항 개선실태, 굴삭기 망실에 대한 무책판정",csd
S00564,감사원,BAI,20090402_[미분류]_야생화타운 조성사업 추진관련 민원사항_805.bin,.bin,61035,5c9c4554584f1a90063f4f294a743c8e936a47d5056e0c3eea0d21bff60e061c,805,2009,미분류,야생화타운 조성사업 추진관련 민원사항,csd
S00565,감사원,BAI,"20090402_[특정사안]_자동차 배출가스,소음 인증관련 비리점검 추가사항_806.bin",.bin,582803,a6f71438165ef6f7d6d3ae15336e0598044b13c80a68a23695777dbd49891800,806,2009,특정사안,"자동차 배출가스,소음 인증관련 비리점검 추가사항",csd
S00566,감사원,BAI,20090406_[기관정기]_국토해양부 기관운영감사_808.bin,.bin,1033788,0c25adf4d027fef536796e75372a8b8cefad83daf426986e3f151e6f6cdbd759,808,2009,기관정기,국토해양부 기관운영감사,csd
S00567,감사원,BAI,20090408_[특정사안]_병역자원 관리실태_809.bin,.bin,394969,1444bd8ef6d75670eca0a2bd94e0cae4fc75b575caae64624ace39f2a3dd9bc1,809,2009,특정사안,병역자원 관리실태,csd
S00568,감사원,BAI,20090409_[미분류]_판교지구 공공건설 임대주택 공급사업 관련_811.bin,.bin,55963,2f63aec75969adac64b06deaeb586a88656b0f6dde87fbd743f9b2214ffc1407,811,2009,미분류,판교지구 공공건설 임대주택 공급사업 관련,csd
S00569,감사원,BAI,20090409_[특정사안]_반월특수지역 개발사업 추진실태_810.bin,.bin,3564269,c793bf68ce7bc6c7c5cf00207e8d54e50d3a33522fc1ad4fcf1d8e01f3110e1b,810,2009,특정사안,반월특수지역 개발사업 추진실태,csd
S00570,감사원,BAI,20090413_[기관정기]_서울특별시농수산물공사 등 18개 기관운영감사_812.bin,.bin,384839,b0ffa6acf7ce226fa6f6e7eae97cb78a09bdb54f9c7be5b1423093057917b3b3,812,2009,기관정기,서울특별시농수산물공사 등 18개 기관운영감사,csd
S00571,감사원,BAI,20090415_[기관정기]_부산대학교 등 3개 국립대학 기관운영감사_813.bin,.bin,363522,fa332339d2654e4e7410cd10d143e8f518f0e3f6505bbf04724f654544d52451,813,2009,기관정기,부산대학교 등 3개 국립대학 기관운영감사,csd
S00572,감사원,BAI,20090416_[기관정기]_서울특별시 기관운영감사_815.bin,.bin,314606,346f884276f8613cce622a4b42054a45d979ed9ebfd3ffdb92bd0769c5f82779,815,2009,기관정기,서울특별시 기관운영감사,csd
S00573,감사원,BAI,20090417_[기관정기]_한국개발연구원 등 3개 연구기관 기관운영감사_816.bin,.bin,317252,c8421ba275a7be3378563556a53543291b81f38584dcee00a757bd8786957015,816,2009,기관정기,한국개발연구원 등 3개 연구기관 기관운영감사,csd
S00574,감사원,BAI,20090417_[특정사안]_고위공무원단 제도 운영실태_817.bin,.bin,459672,032035c41cee246dea062d14409a515660593c906ffb80478509baa8f5359c48,817,2009,특정사안,고위공무원단 제도 운영실태,csd
S00575,감사원,BAI,20090422_[기관정기]_울산광역시 기관운영감사_819.bin,.bin,308628,cd7a841005ab7d91ec6db54f262d92b38466c90e3cf7ec978e92b7b741b31948,819,2009,기관정기,울산광역시 기관운영감사,csd
S00576,감사원,BAI,20090423_[기관정기]_환경부 기관운영감사_820.bin,.bin,572243,d52cdce2974647b4302abed03db5211d98bbc570de463c7b417b7273667aeb82,820,2009,기관정기,환경부 기관운영감사,csd
S00577,감사원,BAI,20090424_[기타기타]_계량기 검침 오류로 인한 전기료 과소징수에 대한 무책판정 등_821_v1.bin,.bin,86067,c68c7bd774e57528023733a90462d1ed035331c57ae91a2d9d3949a177429efd,821,2009,기타기타,계량기 검침 오류로 인한 전기료 과소징수에 대한 무책판정 등,csd
S00578,감사원,BAI,20090424_[기타기타]_계량기 검침 오류로 인한 전기료 과소징수에 대한 무책판정 등_821_v2.bin,.bin,92243,7db8a9782597a4316b9a048b1daa4b7971617eff0a5791f80325451b256c408b,821,2009,기타기타,계량기 검침 오류로 인한 전기료 과소징수에 대한 무책판정 등,csd
S00579,감사원,BAI,20090424_[미분류]_오동도 새우란 단지 조성사업_822.bin,.bin,94088,efe278087014fa9ee795e10dbe7cf20ca40a2f57d10df6d16e011e6dcd488668,822,2009,미분류,오동도 새우란 단지 조성사업,csd
S00580,감사원,BAI,20090427_[기관정기]_한국국제협력단.재외동포재단 기관운영감사_823.bin,.bin,237507,9cf09af1095ec10757798edae79c0894131b92f2b386200c721d101d0c4db031,823,2009,기관정기,한국국제협력단.재외동포재단 기관운영감사,csd
S00581,감사원,BAI,20090429_[기관정기]_대전광역시 기관운영감사_824.bin,.bin,510900,c11aea3c88957894cc6f1395573c984b1bd4d2ec4c13a41ea752450e71cb58b1,824,2009,기관정기,대전광역시 기관운영감사,csd
S00582,감사원,BAI,20090430_[기관정기]_서울 및 부산지방노동청 기관운영감사_825.bin,.bin,483245,aa348e996633dd039190123864ff4e39bc3db3d33c24b0db2160df055adf818d,825,2009,기관정기,서울 및 부산지방노동청 기관운영감사,csd
S00583,감사원,BAI,20090506_[특정사안]_취약분야 비리점검_826.bin,.bin,833963,4c4b1b6dc522a8ae86c1e8a85e9c54b86721f64f7df78120fd69ebbd548478db,826,2009,특정사안,취약분야 비리점검,csd
S00584,감사원,BAI,20090507_[기관정기]_문화체육관광부 기관운영감사_827.bin,.bin,297474,6e0c79f7286b2f772f76caa1aa522d7001c73d3476f4d9fd9037a7d9553de41d,827,2009,기관정기,문화체육관광부 기관운영감사,csd
S00585,감사원,BAI,20090511_[기관정기]_통계청 기관운영감사_828.bin,.bin,465035,c65176d31dd90c07e0b2b90d9eeb66db1bfbefadad2202d75871278217704bae,828,2009,기관정기,통계청 기관운영감사,csd
S00586,감사원,BAI,20090513_[미분류]_대북 물품 반.출입 등 관리실태_829.bin,.bin,469915,ee627dae457fe9df8a29e175152db9523d198cef215a20e415e824b3682f3157,829,2009,미분류,대북 물품 반.출입 등 관리실태,csd
S00587,감사원,BAI,20090521_[특정사안]_의약품 안전관리 실태_831.bin,.bin,551415,0e2efc4675613cd241be8109207d7a9bcb42f6a07a4a480b7f067963f54e2975,831,2009,특정사안,의약품 안전관리 실태,csd
S00588,감사원,BAI,20090531_[기관정기]_2008회계연도 감사활동의 성과 및 결산검사결과2-1_832_v1.bin,.bin,289655,aa7cb9c21741ba7f4c7475255c2f62a821cacfa76f096275eab8cc08e7f56c0b,832,2009,기관정기,2008회계연도 감사활동의 성과 및 결산검사결과2-1,csd
S00589,감사원,BAI,20090531_[기관정기]_2008회계연도 감사활동의 성과 및 결산검사결과2-1_832_v2.bin,.bin,691596,b45c062a1a8472ce303ef5eed5fdab34d404fdfc3399499155a4acca70d27c4e,832,2009,기관정기,2008회계연도 감사활동의 성과 및 결산검사결과2-1,csd
S00590,감사원,BAI,20090531_[기관정기]_2008회계연도 감사활동의 성과 및 결산검사결과2-1_832_v3.bin,.bin,110735,9deeca16c39e8f094f5bec176a53f2dfcd1daab4386a270d8cac400b60b7b80e,832,2009,기관정기,2008회계연도 감사활동의 성과 및 결산검사결과2-1,csd
S00591,감사원,BAI,20090531_[기관정기]_2008회계연도 감사활동의 성과 및 결산검사결과2-1_832_v4.bin,.bin,8426266,d4562abcad87395a01ffbf3d6420a935c623f4eb338b9f88ec1836b3d067918a,832,2009,기관정기,2008회계연도 감사활동의 성과 및 결산검사결과2-1,csd
S00592,감사원,BAI,20090531_[기관정기]_2008회계연도 감사활동의 성과 및 결산검사결과2-1_832_v5.bin,.bin,629461,ec1a66452cbdf3a76bc75fe39b521095fbe0b78c3004a74d22c50794112b8d90,832,2009,기관정기,2008회계연도 감사활동의 성과 및 결산검사결과2-1,csd
S00593,감사원,BAI,20090531_[기관정기]_2008회계연도 감사활동의 성과 및 결산검사결과2-1_832_v6.bin,.bin,481764,0cd060588be3ec29682a1ec79fecca3aa2052e327604cd60ff0d73fe40057bcb,832,2009,기관정기,2008회계연도 감사활동의 성과 및 결산검사결과2-1,csd
S00594,감사원,BAI,20090531_[기관정기]_2008회계연도 감사활동의 성과 및 결산검사결과2-1_832_v7.bin,.bin,344982,2e0226a85996d691257199c4fe589f455d613f841163fccdfa5d45293001e411,832,2009,기관정기,2008회계연도 감사활동의 성과 및 결산검사결과2-1,csd
S00595,감사원,BAI,20090531_[특정사안]_2008회계연도 감사활동의 성과 및 결산검사결과2-2_833_v1.bin,.bin,275914,f4a526b30f58fda52b3d51faa7e9a2f311cd1c954f338c7b58448b0b1783f163,833,2009,특정사안,2008회계연도 감사활동의 성과 및 결산검사결과2-2,csd
S00596,감사원,BAI,20090531_[특정사안]_2008회계연도 감사활동의 성과 및 결산검사결과2-2_833_v2.bin,.bin,399797,afb4d5808ed985f38e5aec2a93d9c69ab76f937ccec97c1f71138f488ccd1f90,833,2009,특정사안,2008회계연도 감사활동의 성과 및 결산검사결과2-2,csd
S00597,감사원,BAI,20090531_[특정사안]_2008회계연도 감사활동의 성과 및 결산검사결과2-2_833_v3.bin,.bin,353346,63c7cbad60b770b4500a6277be3d0d9db80717efaf47fff27f6a64f2482d9195,833,2009,특정사안,2008회계연도 감사활동의 성과 및 결산검사결과2-2,csd
S00598,감사원,BAI,20090531_[특정사안]_2008회계연도 감사활동의 성과 및 결산검사결과2-2_833_v4.bin,.bin,122022,1b97fc71e502e28adb6ed766c6a938c92a59da44936cfb60d4364baf4d692832,833,2009,특정사안,2008회계연도 감사활동의 성과 및 결산검사결과2-2,csd
S00599,감사원,BAI,20090531_[특정사안]_2008회계연도 감사활동의 성과 및 결산검사결과2-2_833_v5.bin,.bin,225285,3c2716a60dcdc98275b0f98ab22ec1f7514b1cd466b510aebb10f083e5056dd6,833,2009,특정사안,2008회계연도 감사활동의 성과 및 결산검사결과2-2,csd
S00600,감사원,BAI,20090531_[특정사안]_2008회계연도 감사활동의 성과 및 결산검사결과2-2_833_v6.bin,.bin,367290,1ddcaf130a161746f6f13d5a0fa4792e70cfb3857c33ff2df241af45da2f8e40,833,2009,특정사안,2008회계연도 감사활동의 성과 및 결산검사결과2-2,csd
S00601,감사원,BAI,20090531_[특정사안]_2008회계연도 감사활동의 성과 및 결산검사결과2-2_833_v7.bin,.bin,207430,4f2b21e6a072b59371b360f3f90c3c53f4f630c8bfff902cb021ddce3987d79f,833,2009,특정사안,2008회계연도 감사활동의 성과 및 결산검사결과2-2,csd
S00602,감사원,BAI,20090531_[특정사안]_2008회계연도 감사활동의 성과 및 결산검사결과2-2_833_v8.bin,.bin,1082020,1834d60d4e669149d3c4cb58bec7392fe076793f011184833a5e95a09c000776,833,2009,특정사안,2008회계연도 감사활동의 성과 및 결산검사결과2-2,csd
S00603,감사원,BAI,20090531_[특정사안]_2008회계연도 감사활동의 성과 및 결산검사결과2-2_833_v9.bin,.bin,127723,1e93a2a3a54edb448a56ae7634673fe022c8ab30cafc898d8be9c8927f676ca2,833,2009,특정사안,2008회계연도 감사활동의 성과 및 결산검사결과2-2,csd
S00604,감사원,BAI,20090604_[기관정기]_동해.마산지방해양항만청 기관운영감사_834.bin,.bin,4256853,8672ddfbf1b46d96f4d35017c40672dfa4895049a654795860be8627568a0db8,834,2009,기관정기,동해.마산지방해양항만청 기관운영감사,csd
S00605,감사원,BAI,20090605_[국민제안]_2008회계연도 성과보고서 검사결과_835_v1.bin,.bin,453199,7d02bc43fb857c459c497361b5a85a6aba6e188343442c5e83b7b9ff0c7168a7,835,2009,국민제안,2008회계연도 성과보고서 검사결과,csd
S00606,감사원,BAI,20090605_[국민제안]_2008회계연도 성과보고서 검사결과_835_v2.bin,.bin,331532,16d81643e0241bb2c493860f5936fc55dce3fd682d75fb8ff10b1f1cd0a9303d,835,2009,국민제안,2008회계연도 성과보고서 검사결과,csd
S00607,감사원,BAI,20090605_[국민제안]_2008회계연도 성과보고서 검사결과_835_v3.bin,.bin,377782,e9336602dda303273b30783fbdfcb87d38e6baa38f11fddf582e93f68407f7bb,835,2009,국민제안,2008회계연도 성과보고서 검사결과,csd
S00608,감사원,BAI,20090605_[국민제안]_2008회계연도 성과보고서 검사결과_835_v4.bin,.bin,628675,94d100064ad6399a47cb8bf77ae0645a89b01e9725b80cbf421d2e451065c6c5,835,2009,국민제안,2008회계연도 성과보고서 검사결과,csd
S00609,감사원,BAI,20090605_[국민제안]_2008회계연도 성과보고서 검사결과_835_v5.bin,.bin,521696,adccc6b919b2746e426d89eb6eb2c33805fd297cf48598ebf94d66485cd65aec,835,2009,국민제안,2008회계연도 성과보고서 검사결과,csd
S00610,감사원,BAI,20090608_[특정사안]_지방공기업 임직원 관련 비리점검_836.bin,.bin,534413,e3eaf4d153e46c5288784aebb1a6664f2496dc24f81dd5ecb1d8431ff58a51b9,836,2009,특정사안,지방공기업 임직원 관련 비리점검,csd
S00611,감사원,BAI,20090611_[미분류]_진내지구 공유수면 매립사업 추진관련 감사청구_838.bin,.bin,96063,71fd0178c5522d692d81c503e39ce8aa22293abf00f38fb8fd2b5db9afdf33e9,838,2009,미분류,진내지구 공유수면 매립사업 추진관련 감사청구,csd
S00612,감사원,BAI,20090615_[기관정기]_대한석탄공사 기관운영감사_839.bin,.bin,656202,59a165ff28d28620ffca5f7bc405ed9ad8d425efad685e29325bfe4bc51e7d27,839,2009,기관정기,대한석탄공사 기관운영감사,csd
S00613,감사원,BAI,20090616_[특정사안]_시멘트 유해성 및 소성로 폐기물 반입 관리실태_840.bin,.bin,470067,b2ad47bee481058dee5a44c188c1c68cdc5922867174186412c79a399ad13b1a,840,2009,특정사안,시멘트 유해성 및 소성로 폐기물 반입 관리실태,csd
S00614,감사원,BAI,20090617_[기관정기]_한국공항공사 기관운영감사_841.bin,.bin,3313820,5fdf2e878605673b27027d8646e318781002814bd604643d042a0cde7667089e,841,2009,기관정기,한국공항공사 기관운영감사,csd
S00615,감사원,BAI,20090617_[기관정기]_한국도로공사 기관운영감사_842.bin,.bin,839206,0c3f6f3a65ec9c50c622ba6fadeca12ffd678522ffdfae82b865bc90eeaf9e46,842,2009,기관정기,한국도로공사 기관운영감사,csd
S00616,감사원,BAI,20090618_[특정사안]_설 전후 공직기강 점검_843.bin,.bin,541403,50d35ece6b99b548ccc1228356f346d36635e9d50fb06c9f106bbe7c3cc034ad,843,2009,특정사안,설 전후 공직기강 점검,csd
S00617,감사원,BAI,20090622_[기관정기]_경상남도 창원시 기관운영감사_844.bin,.bin,369101,27a638a161d88ef6f80afb9340d2c7aa26afc26eff81398d3426203d0c06604e,844,2009,기관정기,경상남도 창원시 기관운영감사,csd
S00618,감사원,BAI,20090624_[특정사안]_인허가 등 민원처리 실태_845.bin,.bin,509134,f9b4c7cb9217c200659febd93b03a2ad7f3d5e23a0457f2855dd83b7f9fd1fa8,845,2009,특정사안,인허가 등 민원처리 실태,csd
S00619,감사원,BAI,20090626_[특정사안]_재정 조기집행실태 점검_846.bin,.bin,241998,ca44ec6af70738bbfa515f823d362e1efc82efe82ce7d598667649332fa901c1,846,2009,특정사안,재정 조기집행실태 점검,csd
S00620,감사원,BAI,20090629_[기관정기]_한국조폐공사 기관운영감사_847.bin,.bin,285523,2d95a365da67c6ddaec9e0d10f173f3e1d123a05c606007e0bc51eb0fec618d4,847,2009,기관정기,한국조폐공사 기관운영감사,csd
S00621,감사원,BAI,20090702_[기타기타]_도로개설공사 지장물보상금 부당지급 변상판정_849.bin,.bin,128643,4f39979535b55c993ad379f43287faf02bc1f288238d5fda3df16f204d391c15,849,2009,기타기타,도로개설공사 지장물보상금 부당지급 변상판정,csd
S00622,감사원,BAI,20090702_[기타손망실]_서울고검 추징금 등 횡령사건 관련 변상판정_848.bin,.bin,50008,21f265d8b63dd7a88613ce550a4a23defcd9eed252836030b43ab8e78db8ec47,848,2009,기타손망실,서울고검 추징금 등 횡령사건 관련 변상판정,csd
S00623,감사원,BAI,20090706_[기관정기]_방위사업청 기관운영감사_850.bin,.bin,875655,df24f86726e54b8481f621b2a3ee9c04c11ee8f775bf69c438fc0ffa3065fe4a,850,2009,기관정기,방위사업청 기관운영감사,csd
S00624,감사원,BAI,20090708_[기관정기]_수원시 기관운영감사_851.bin,.bin,1227086,61feff5681373e33609abec6e795ff8938bf575dcd8d2e1cc5526c3d78c48b71,851,2009,기관정기,수원시 기관운영감사,csd
S00625,감사원,BAI,20090713_[기관정기]_전라남도 기관운영감사_852.bin,.bin,1092293,18096868db694283e1b3c6806b83a528323b233fe60c6086ac73a23b35a33cca,852,2009,기관정기,전라남도 기관운영감사,csd
S00626,감사원,BAI,20090715_[국민제안]_한국전력공사 결산 및 선진화 추진실태_853.bin,.bin,123735,3c56c295ccb7a197690e77e639a85f7f707b2cc722a386eb9a01846c72d304af,853,2009,국민제안,한국전력공사 결산 및 선진화 추진실태,csd
S00627,감사원,BAI,20090716_[특정사안]_공적자금 관리실태_854.bin,.bin,1331007,1ab6127254f5e4d1c400c31d3f3a2275057df7370ad414d9f673a5b5d49bb975,854,2009,특정사안,공적자금 관리실태,csd
S00628,감사원,BAI,20090720_[기관정기]_한국석유공사 기관운영감사_855.bin,.bin,413951,068e5cc716a933e3389b3c5b7294bcd843b32b513946d06fbe5efffe179fde7d,855,2009,기관정기,한국석유공사 기관운영감사,csd
S00629,감사원,BAI,20090721_[기관정기]_춘천시 및 대구광역시 동구 기관운영감사_856.bin,.bin,413000,1bb923fa83691089ba009e00189f6390eb86e06d34daac464279a5cfb5b5f0c3,856,2009,기관정기,춘천시 및 대구광역시 동구 기관운영감사,csd
S00630,감사원,BAI,20090722_[기관정기]_육군본부 기관운영감사_857.bin,.bin,471802,605751fc65df3615cb2e8a4018f95ec4a2c455643b85deeafb42ec95717dbb77,857,2009,기관정기,육군본부 기관운영감사,csd
S00631,감사원,BAI,20090727_[기관정기]_한국관광공사 기관운영감사_859.bin,.bin,404782,23f86c16be8e9f49103318e279626ce2ee82ea408ec874346227e7149eaffd34,859,2009,기관정기,한국관광공사 기관운영감사,csd
S00632,감사원,BAI,20090729_[기관정기]_서울특별시 강남구 및 노원구 기관운영감사_860.bin,.bin,1183276,e527da63cac1008b8c4a5026d7b832ea19c268de2b506fe4e374bade6f33c4c7,860,2009,기관정기,서울특별시 강남구 및 노원구 기관운영감사,csd
S00633,감사원,BAI,20090730_[기관정기]_국립수산과학원 외 2개 기관 기관운영감사_861.bin,.bin,199988,058f4f0f585e33a64e856b79a9c01d6e93d653c94bc43b3bc2f981506bca8eb1,861,2009,기관정기,국립수산과학원 외 2개 기관 기관운영감사,csd
S00634,감사원,BAI,20090805_[기관정기]_인천광역시 계양구.강화군 기관운영감사_862.bin,.bin,3236525,c468b55da19adc3227139024a84fa334ff02f0e225c3d72e62ffca5825b3b0ed,862,2009,기관정기,인천광역시 계양구.강화군 기관운영감사,csd
S00635,감사원,BAI,20090806_[미분류]_불법훼손임야 사고임지 해제 관련_863.bin,.bin,179067,a27190a35bd58086444618cb8a260987298b5d1bb91a29cbb4de2030e08f814f,863,2009,미분류,불법훼손임야 사고임지 해제 관련,csd
S00636,감사원,BAI,20090806_[미분류]_인제종합장묘센터 주민협의회 운영 등 관련_865.bin,.bin,69453,159dbad6f9351f36280d79e6246c447e55250dfa2833febd6cd5455a37bbbe2f,865,2009,미분류,인제종합장묘센터 주민협의회 운영 등 관련,csd
S00637,감사원,BAI,20090806_[미분류]_홍대 앞 지하주차장 민간투자사업 시행자 선정 관련_864.bin,.bin,57404,32fb9e713d276adeff7bdbe93b55df53a1f08172c6a13e14ce20fb54e18d288e,864,2009,미분류,홍대 앞 지하주차장 민간투자사업 시행자 선정 관련,csd
S00638,감사원,BAI,20090810_[기관정기]_교육과학기술부 기관운영감사_866.bin,.bin,914585,231bae6eae9f5b3ba8ea3392cbfd790e554126dd51d1e64fac95f50be1e722fe,866,2009,기관정기,교육과학기술부 기관운영감사,csd
S00639,감사원,BAI,20090812_[기관정기]_한국광물자원공사 기관운영감사_867.bin,.bin,391479,dc8f2a41e285a3fb80bb7bf0df0b6b7cf0fa34f2a8856d93513c5af0acf73235,867,2009,기관정기,한국광물자원공사 기관운영감사,csd
S00640,감사원,BAI,20090813_[미분류]_공직감찰활동_868.bin,.bin,828739,e582dbe29e7f7849aa004d766d22b6069ccd9d3d5113a6cbb84a1dd99da10679,868,2009,미분류,공직감찰활동,csd
S00641,감사원,BAI,20090817_[기관정기]_대구광역시교육청 및 경상남도교육청 기관운영감사_869.bin,.bin,493308,a25b3f4f22c59899ab792027585ef7ca738cabcb80fb5d528d0ab2ed7b56093d,869,2009,기관정기,대구광역시교육청 및 경상남도교육청 기관운영감사,csd
S00642,감사원,BAI,20090824_[기관정기]_한국주택금융공사 기관운영감사_870.bin,.bin,706261,49b894d21679e38f3bd24c93ab93a67bd3d37b2c574106b3676d82e8f760a67a,870,2009,기관정기,한국주택금융공사 기관운영감사,csd
S00643,감사원,BAI,20090825_[기관정기]_한국생산기술연구원 등 4개 기관 기관운영감사_871.bin,.bin,971095,aa368df6bef4bc8c550c433b982cf882dede1d00cee0535b648924546c4bdd6d,871,2009,기관정기,한국생산기술연구원 등 4개 기관 기관운영감사,csd
S00644,감사원,BAI,20090826_[기관정기]_한국철도공사 기관운영감사_872.bin,.bin,629620,ba35da72782342f91a99972d3fc58b9bafcbf0a5a01fe75f0fda18de404760a8,872,2009,기관정기,한국철도공사 기관운영감사,csd
S00645,감사원,BAI,20090827_[기관정기]_대한주택공사 기관운영감사_873.bin,.bin,565864,ef9539793c7bf30305ce7d871db1dd28de30f5832e182d399a2ee9109f0b0906,873,2009,기관정기,대한주택공사 기관운영감사,csd
S00646,감사원,BAI,20090904_[미분류]_e-호조(지방재정관리시스템) 구축사업 추진실태_874.bin,.bin,1296437,a2cb33d9825265a05243f54a6b41d7b4ea433f3c0dc9b657c91401c246f9fa90,874,2009,미분류,e-호조(지방재정관리시스템) 구축사업 추진실태,csd
S00647,감사원,BAI,20090904_[특정사안]_국가정보화 및 전산화사업 추진실태_875.bin,.bin,3728569,f1a6887034365ab297ec293cd9591f5a33d4ebe120671f25c942c073cc3d0d08,875,2009,특정사안,국가정보화 및 전산화사업 추진실태,csd
S00648,감사원,BAI,20090909_[기관정기]_관세청 기관운영감사_876.bin,.bin,788974,888dba653b866350c77bde68628a2823f82c2f3259174b540a8cc01fa1e97f65,876,2009,기관정기,관세청 기관운영감사,csd
S00649,감사원,BAI,20090910_[기관정기]_한국지역난방공사 기관운영감사_877.bin,.bin,347592,a1fd3ba41a0e0bb098c419f2e5991aa99362f33be7ea31e71e9742a5cb84d338,877,2009,기관정기,한국지역난방공사 기관운영감사,csd
S00650,감사원,BAI,20090914_[기관정기]_안동시 및 문경시 기관운영감사_878.bin,.bin,6923116,634ffa51fba3d15e76577d7b6a40f7a1b5d4eeecc0c5f7ffff2eede5705f6afc,878,2009,기관정기,안동시 및 문경시 기관운영감사,csd
S00651,감사원,BAI,20090916_[기관정기]_기상청 기관운영감사_879.bin,.bin,599351,074b7e2b0af5f1b1e8a5582638b1b66df3115035fa544c22ae27c2a2cf92552f,879,2009,기관정기,기상청 기관운영감사,csd
S00652,감사원,BAI,20090918_[미분류]_강원도동해교육청 국외 어학연수 관련_881.bin,.bin,72890,594a2d37913b68cde41398c9a8011f756311da4d61e0775c6ff0ddb1967f9a29,881,2009,미분류,강원도동해교육청 국외 어학연수 관련,csd
S00653,감사원,BAI,20090918_[미분류]_마산외국인근로자지원센터 건물 선정 매입 등 관련 감사청구_880.bin,.bin,79814,9e1fe86b30e0e8dc0e013ed0e2ca4ec19d5fc99b2555b912d946c9c0641c09dd,880,2009,미분류,마산외국인근로자지원센터 건물 선정 매입 등 관련 감사청구,csd
S00654,감사원,BAI,20090918_[미분류]_시흥~사송간 도시계획도로 개설공사 관련 감사청구_882.bin,.bin,56705,08d1d37c3dea539eeee537d0398d1bad0a4f1b81365afe4d92ed1992effc34d7,882,2009,미분류,시흥~사송간 도시계획도로 개설공사 관련 감사청구,csd
S00655,감사원,BAI,20090918_[미분류]_정조대황 왕릉터 사적지확대 지정권고 결의 취소 관련 감사청구_883.bin,.bin,74860,bff589758ea5cc77f61234f2917ae4f4e1d9fafb11e3370df55bbad633cc70be,883,2009,미분류,정조대황 왕릉터 사적지확대 지정권고 결의 취소 관련 감사청구,csd
S00656,감사원,BAI,20090921_[특정사안]_국가기간철도망 구축사업 추진실태_884.bin,.bin,5272971,c042cd865d7e9f2ecc68cce5b22a5eef6059f13445e203f4651700eec50fbab3,884,2009,특정사안,국가기간철도망 구축사업 추진실태,csd
S00657,감사원,BAI,20090922_[특정사안]_온라인복권 사업 운영실태_885.bin,.bin,1189843,729f559aefc9a67850210f6792113df241916506eff60d5e59573f13861096ec,885,2009,특정사안,온라인복권 사업 운영실태,csd
S00658,감사원,BAI,20090924_[특정사안]_군인공제회 투자사업 추진실태_886.bin,.bin,1992717,b058c4accfb32f76cd1576ed97280fc34f2c509720800546dd5e6a25fc99c154,886,2009,특정사안,군인공제회 투자사업 추진실태,csd
S00659,감사원,BAI,20090928_[기관정기]_청주시 기관운영감사_887.bin,.bin,1591920,53774872893f3227c994fd4eb5128e53ff79f94898413f4b61c5caa789496d3b,887,2009,기관정기,청주시 기관운영감사,csd
S00660,감사원,BAI,20090930_[기타서면]_관사 임차보증금 손망실 관련 변상판정_888.bin,.bin,89683,1cb35d30ecbd2425e68c646c3a0c7314d2c325267ee222d92d123e72bf87137b,888,2009,기타서면,관사 임차보증금 손망실 관련 변상판정,csd
S00661,감사원,BAI,20090930_[기타서면]_성남시 개발제한구역 내 이축권 비리조사_889.bin,.bin,160882,50a770595cd3f521ab0066c748b663ee7ddbe3a29ee1edb6d120e8125f686e24,889,2009,기타서면,성남시 개발제한구역 내 이축권 비리조사,csd
S00662,감사원,BAI,20090930_[성과]_항공안전 관리실태_890.bin,.bin,3117882,3002a41dda55a6a0abd51fdbb77a142197f87083cd0e03e75991a1eef7a69831,890,2009,성과,항공안전 관리실태,csd
S00663,감사원,BAI,20091006_[기관정기]_부산 및 인천 항만공사 기관운영감사_891.bin,.bin,8596962,47444ba127e6399e41a3b464b2a29ce96348498e27f9016bb6a92890ff21bcc2,891,2009,기관정기,부산 및 인천 항만공사 기관운영감사,csd
S00664,감사원,BAI,20091007_[기관정기]_대한주택보증주식회사 기관운영감사_892.bin,.bin,412256,f17f0ce892b6a20ffcda1e4dea48fdeecf5acdb379354159733aac95325cd486,892,2009,기관정기,대한주택보증주식회사 기관운영감사,csd
S00665,감사원,BAI,20091012_[특정사안]_부동산실명법 위반자 처리 관련 비리점검_893.bin,.bin,963957,b9e474125b5d7ec031d7a0681b46b83aca94df13334eaff3caf3190de89a7476,893,2009,특정사안,부동산실명법 위반자 처리 관련 비리점검,csd
S00666,감사원,BAI,20091014_[기관정기]_사립학교교직원연금관리공단 기관운영감사_895.bin,.bin,260746,03827edc2a5c750bb144e29a4ce3ecbd19d9e1ffcbfe7a53a485721a67e1c3c7,895,2009,기관정기,사립학교교직원연금관리공단 기관운영감사,csd
S00667,감사원,BAI,20091020_[기관정기]_국민연금공단 기관운영감사_896.bin,.bin,653232,263e8be0494f0c1f6a7eed70c1c69c5d07ab11d61bce64200a2a3dcf599bbe95,896,2009,기관정기,국민연금공단 기관운영감사,csd
S00668,감사원,BAI,20091021_[특정사안]_국가전자조달시스템 운영실태_897.bin,.bin,445810,cdc7aec3ce8c8a7a91e7bf4f79f5b0e00d4cd93633e3a14520dd3e4113094cfb,897,2009,특정사안,국가전자조달시스템 운영실태,csd
S00669,감사원,BAI,20091026_[기관정기]_중부지방국세청 기관운영감사_898.bin,.bin,746317,26fb339b9a37999156180c49c3ed262efc69c2424659a3100f64b71869057853,898,2009,기관정기,중부지방국세청 기관운영감사,csd
S00670,감사원,BAI,20091104_[기관정기]_대한지방행정공제회 외 1개 기관 기관운영감사_900.bin,.bin,343072,49ba60883b5ad6aff7fd21b2d88d412b73bfd773445d2370662b6f46a6982bcd,900,2009,기관정기,대한지방행정공제회 외 1개 기관 기관운영감사,csd
S00671,감사원,BAI,20091105_[기관정기]_부산대학교 등 3개 국립대학 기관운영감사_901.bin,.bin,122787,432659f535ada86b5565f7da7527cc226cb0da19816b7a12ae00dfedfb6cfb39,901,2009,기관정기,부산대학교 등 3개 국립대학 기관운영감사,csd
S00672,감사원,BAI,20091105_[기타손망실]_토지보상비 횡령사건 조사_902.bin,.bin,130793,876bad9c8af4b2ce09e957d04214712648e1deb4cbd292c973306a2afda96ae2,902,2009,기타손망실,토지보상비 횡령사건 조사,csd
S00673,감사원,BAI,20091106_[특정사안]_모태펀드 조성 및 운용실태_903.bin,.bin,1611373,ce292c08c15309ae53a1115f2304f48ad14b329f3c81d64bbf96a2296830aea5,903,2009,특정사안,모태펀드 조성 및 운용실태,csd
S00674,감사원,BAI,20091109_[성과]_주거복지시책 추진실태_904.bin,.bin,1708681,bd52d55c814cf636b86d42853ef9629a7a2aba98f7b8261aacfd5c312993603b,904,2009,성과,주거복지시책 추진실태,csd
S00675,감사원,BAI,20091112_[특정사안]_광역교통체계 구축 및 집행실태_905.bin,.bin,4170492,600acbee626992965fbe7bb45dda0df3d0cf6086d5143f930310e2f38d3fd79b,905,2009,특정사안,광역교통체계 구축 및 집행실태,csd
S00676,감사원,BAI,20091116_[특정사안]_사회복지제도 및 전달체계 운영실태_906_v1.bin,.bin,2592005,556c0f5281941dd6fb6475977d426b619595d981a2d5e68c6553dc169fdc8321,906,2009,특정사안,사회복지제도 및 전달체계 운영실태,csd
S00677,감사원,BAI,20091116_[특정사안]_사회복지제도 및 전달체계 운영실태_906_v2.bin,.bin,267246,a9fe0b040e8126112c9a13b287b89033f6c8a8174b8dd35ea154dd73768126a6,906,2009,특정사안,사회복지제도 및 전달체계 운영실태,csd
S00678,감사원,BAI,20091116_[특정사안]_사회복지제도 및 전달체계 운영실태_906_v3.bin,.bin,121318,aa8a3717f07c96d745e104a0ca4b938437c91f3d45f92093a222cade25b86d42,906,2009,특정사안,사회복지제도 및 전달체계 운영실태,csd
S00679,감사원,BAI,20091116_[특정사안]_사회복지제도 및 전달체계 운영실태_906_v4.bin,.bin,583893,a73b6999cc1107c6289e851bc3b881241882f3c5c1d4f58bb87dbc48ca9853b6,906,2009,특정사안,사회복지제도 및 전달체계 운영실태,csd
S00680,감사원,BAI,20091116_[특정사안]_사회복지제도 및 전달체계 운영실태_906_v5.bin,.bin,483200,9967b87e23b0c66f55b3be1e4a585af5d7fbeedd696d8d9a03a5e51845e3f567,906,2009,특정사안,사회복지제도 및 전달체계 운영실태,csd
S00681,감사원,BAI,20091116_[특정사안]_사회복지제도 및 전달체계 운영실태_906_v6.bin,.bin,543025,4e0f15b030cb0584c94b8e45191865e65621b4873c58839bb3d4c1debcf9726e,906,2009,특정사안,사회복지제도 및 전달체계 운영실태,csd
S00682,감사원,BAI,20091116_[특정사안]_사회복지제도 및 전달체계 운영실태_906_v7.bin,.bin,919584,7af6f03a3d907b730344c26e26adfbde949632dd2c3b56c422fe0fd8b79a9659,906,2009,특정사안,사회복지제도 및 전달체계 운영실태,csd
S00683,감사원,BAI,20091118_[특정사안]_군사시설관련 협의 및 민원처리실태_908.bin,.bin,393407,e87765201befe1fe0fac80a629cbc8cdd8c1a30f113d396cd644397014e6d962,908,2009,특정사안,군사시설관련 협의 및 민원처리실태,csd
S00684,감사원,BAI,20091123_[특정사안]_금융감독기구 운영 및 감독실태_909.bin,.bin,1283898,201816c5ca229d7f6cb301f44f3ea0911b9a51af4fe425069669bbc9ee4b6a2e,909,2009,특정사안,금융감독기구 운영 및 감독실태,csd
S00685,감사원,BAI,20091125_[특정사안]_규제개혁 추진실태_910.bin,.bin,1054400,d86d1265889e43298c2b6a21bf909fd82ef45ed11aa3c5ea148d129677faa9cb,910,2009,특정사안,규제개혁 추진실태,csd
S00686,감사원,BAI,20091130_[특정사안]_농업생산기반 관리실태_911.bin,.bin,1353612,1cbac15224f3707fbd5a0fc204467de8bbb1ce5e0dc6cf240ba172e64950a3ec,911,2009,특정사안,농업생산기반 관리실태,csd
S00687,감사원,BAI,20091202_[특정사안]_외교통상부 및 재외공관 운영실태_912.bin,.bin,1434755,d229b4def4951adb5c439d7546826a89bfaa1fc13338b4ea3a4ab2b8fd79eaff,912,2009,특정사안,외교통상부 및 재외공관 운영실태,csd
S00688,감사원,BAI,"20091203_[기관정기]_인천광역시, 제주특별자치도교육청 기관운영감사_913.bin",.bin,625705,f4fc7551362955d0843a744da1cd0c6dbba77b7e12d87d2e2e2fb64bbf8baade,913,2009,기관정기,"인천광역시, 제주특별자치도교육청 기관운영감사",csd
S00689,감사원,BAI,20091207_[기관정기]_해군본부 기관운영 감사_914.bin,.bin,239890,3b56aae202973f955457406e9fe4084b9ee1742fc8da53c9b30faf4bae6b0714,914,2009,기관정기,해군본부 기관운영 감사,csd
S00690,감사원,BAI,20091209_[기관정기]_(주)강원랜드 기관운영감사_915.bin,.bin,2785801,b677e25cb1cac2ba4af8f68d6aedcaec5d8d8a57809c92fb7d60d2d12a445c98,915,2009,기관정기,(주)강원랜드 기관운영감사,csd
S00691,감사원,BAI,20091210_[기관정기]_지식경제부 기관운영감사_916.bin,.bin,834951,3f55bb57b1768de70da496b9f83a06d5963be114e864357d7f51278fa578bc92,916,2009,기관정기,지식경제부 기관운영감사,csd
S00692,감사원,BAI,20091214_[특정사안]_도로교통 안전관리 실태_917.bin,.bin,47581853,2294186b432d02828ac4c450e15228cb30bb212fa4d74607dd6cb37d2f6b32e7,917,2009,특정사안,도로교통 안전관리 실태,csd
S00693,감사원,BAI,20091216_[특정사안]_벌금 및 과태료 징수실태_919.bin,.bin,1967522,e8f1fc65c00efb0ab4666f7b9579f2ffa1e189f74484939474629fd12305643b,919,2009,특정사안,벌금 및 과태료 징수실태,csd
S00694,감사원,BAI,20091216_[특정사안]_학교시설사용료 징수 비리 점검_918.bin,.bin,2855880,3b109de40b4ed15e577db095d013365a2a829355901116695fa80e67e2b94cef,918,2009,특정사안,학교시설사용료 징수 비리 점검,csd
S00695,감사원,BAI,20091218_[미분류]_골프연습장 개발행위허가 등 관련 감사청구_920.bin,.bin,63470,0de7fb5a31f14d575c711043eee86dbda291ab2c84ca78c4d5ee5300a67a2144,920,2009,미분류,골프연습장 개발행위허가 등 관련 감사청구,csd
S00696,감사원,BAI,20091218_[미분류]_양평군의 홍보비 등 예산지출 관련 감사청구_921.bin,.bin,75420,65141830095745a9f805015a4d10b46e5eb1e062081d74b599fe67bcfbe4977b,921,2009,미분류,양평군의 홍보비 등 예산지출 관련 감사청구,csd
S00697,감사원,BAI,20091218_[미분류]_양평군의 홍보비 등 예산지출 관련 감사청구_923.bin,.bin,75420,65141830095745a9f805015a4d10b46e5eb1e062081d74b599fe67bcfbe4977b,923,2009,미분류,양평군의 홍보비 등 예산지출 관련 감사청구,csd
S00698,감사원,BAI,20091218_[미분류]_임대주택 우선분양전환 승인 등 관련_922.bin,.bin,163988,dea47b4fd4b13977634321e7bc2e33ff82075e03bf1614de19a89d5c5718e160,922,2009,미분류,임대주택 우선분양전환 승인 등 관련,csd
S00699,감사원,BAI,20091221_[특정사안]_낙후지역개발사업 추진실태_924.bin,.bin,433951,8920e05ebbcddc9d4a154afaf613bdb269c1eb8fb94bb641f77f6109a81bd124,924,2009,특정사안,낙후지역개발사업 추진실태,csd
S00700,감사원,BAI,20091223_[성과]_소프트웨어사업 계약제도 운영실태_925.bin,.bin,1118105,699a19143242f9e166c5dd0abad412c39c257ac0ef37e8e99da918d35f9d9aaf,925,2009,성과,소프트웨어사업 계약제도 운영실태,csd
S00701,감사원,BAI,20091228_[기관정기]_농림수산식품부 기관운영감사_926.bin,.bin,562245,f868c656059c9ff19fa08ec5568be0e19504bce746a146528d212cc3c68db4f4,926,2009,기관정기,농림수산식품부 기관운영감사,csd
S00702,감사원,BAI,20091230_[기관정기]_한국가스공사 기관운영감사_927.bin,.bin,572894,4a32ad1ef9ed50b72ccb1fbd543255bc6123602eb5ada2d1c98ea29147ff6496,927,2009,기관정기,한국가스공사 기관운영감사,csd
S00703,감사원,BAI,20100105_[특정사안]_조세특례제도 운영 및 사후관리실태_928.bin,.bin,813205,59ba257f9bc70dafc080eb39064d8fa65f2815b9d02ccbf015ce2f9309fd50f9,928,2010,특정사안,조세특례제도 운영 및 사후관리실태,csd
S00704,감사원,BAI,20100106_[특정사안]_중소기업거래보호시책추진실태_929.bin,.bin,2954260,ad9ad0af161740b76767bdd6b942c8d0594b2acae95d4d0225c3ea4d73614594,929,2010,특정사안,중소기업거래보호시책추진실태,csd
S00705,감사원,BAI,20100107_[특정사안]_수출입금융 지원실태_930.bin,.bin,873754,b1486103382dcb1503d29c5cd4d2b1264f7b9bddc74b8081dffbfc81f93291c2,930,2010,특정사안,수출입금융 지원실태,csd
S00706,감사원,BAI,20100108_[특정사안]_방위력개선사업 추진실태_931.bin,.bin,436058,3f3b633af462aec67765adba25d2319c90c353bceb805e98d8dff269eb375a47,931,2010,특정사안,방위력개선사업 추진실태,csd
S00707,감사원,BAI,20100108_[특정사안]_설전후 공직기강 점검(추가)_932.bin,.bin,148923,d5f50863107011cf2c0d91e807bd1dd6618563e7686061e661e0a81070ae6176,932,2010,특정사안,설전후 공직기강 점검(추가),csd
S00708,감사원,BAI,20100112_[미분류]_눈썰매장 및 야외스케이트장 조성공사 관련_933.bin,.bin,58278,88bf9fcc6f4e5a5237291207da213b233c28b598fd615268c2614aec90b603ac,933,2010,미분류,눈썰매장 및 야외스케이트장 조성공사 관련,csd
S00709,감사원,BAI,20100113_[특정사안]_민간투자사업 추진실태_934.bin,.bin,836919,9917a05f80be188d64bd36b0a4045485545753fe8951ec545304bee7506a23e8,934,2010,특정사안,민간투자사업 추진실태,csd
S00710,감사원,BAI,20100114_[특정사안]_부담금 등 부과관리실태_935.bin,.bin,1509293,9e029c65bde2ed8cfc8dd15aaa92718f9dbc6026e41b4dc8cf4a712cdcda3c57,935,2010,특정사안,부담금 등 부과관리실태,csd
S00711,감사원,BAI,20100114_[특정사안]_부담금 등 부과관리실태_936.bin,.bin,1509293,9e029c65bde2ed8cfc8dd15aaa92718f9dbc6026e41b4dc8cf4a712cdcda3c57,936,2010,특정사안,부담금 등 부과관리실태,csd
S00712,감사원,BAI,20100114_[특정사안]_부담금 등 부과관리실태_937.bin,.bin,1509293,9e029c65bde2ed8cfc8dd15aaa92718f9dbc6026e41b4dc8cf4a712cdcda3c57,937,2010,특정사안,부담금 등 부과관리실태,csd
S00713,감사원,BAI,20100119_[재무]_친일반민족행위진상규명위원회 등 6개 한시위원회 운영실태_938.bin,.bin,304844,dcb73d741403aa5f88676738d23d697709cb8e45dfc16519279d97a38eb26be3,938,2010,재무,친일반민족행위진상규명위원회 등 6개 한시위원회 운영실태,csd
S00714,감사원,BAI,20100120_[특정사안]_국도건설사업 추진실태_939.bin,.bin,2032600,508d99bf4d717cda2b7f9545291d18f4baaf65b4fbc27b47a532821815a2903d,939,2010,특정사안,국도건설사업 추진실태,csd
S00715,감사원,BAI,20100121_[기관정기]_한국컨테이너부두공단 및 울산항만공사 기관운영감사_940.hwp,.hwp,1702912,ed777c4dacd0ff372e0fcde05847dccfe01fa9440b263e164b0a7f7ab722f024,940,2010,기관정기,한국컨테이너부두공단 및 울산항만공사 기관운영감사,hwp
S00716,감사원,BAI,20100122_[특정사안]_에너지 관련 갈등중복사업 점검_941.bin,.bin,280663,5b1b73f75c1cb3637a78b205c24e2fac4ef605978ab5deb5771b3a708c3f3f92,941,2010,특정사안,에너지 관련 갈등중복사업 점검,csd
S00717,감사원,BAI,20100125_[특정사안]_공상공무원등국가유공자등록실태_942.bin,.bin,4553589,920e138d57963be81e21b2ec0add73cd6ffe268a2fb22238e4ba10eb9c75c794,942,2010,특정사안,공상공무원등국가유공자등록실태,csd
S00718,감사원,BAI,20100128_[미분류]_금천구시설관리공단 직원의 정년연장 부당승인 등 감사청구_943.bin,.bin,164808,88702ebf37ff665b8e7bf28055be13fc71908cd9f90d7717a5fd00e0c520e05c,943,2010,미분류,금천구시설관리공단 직원의 정년연장 부당승인 등 감사청구,csd
S00719,감사원,BAI,20100129_[미분류]_금천구 시설관리공단 직원의 정년인장 부당 승인 등 관련 감사청구_944.bin,.bin,142027,2fdec4f8991f3afa95c6af65e215a9e8b782f10b54ba3aaee15d4c7db6d95a39,944,2010,미분류,금천구 시설관리공단 직원의 정년인장 부당 승인 등 관련 감사청구,csd
S00720,감사원,BAI,20100129_[특정사안]_도로교통안전관리실태-추가_945.bin,.bin,142027,2fdec4f8991f3afa95c6af65e215a9e8b782f10b54ba3aaee15d4c7db6d95a39,945,2010,특정사안,도로교통안전관리실태-추가,csd
S00721,감사원,BAI,20100203_[미분류]_별정비서직 채용목적 위반 및 일반직으로 특별임용 관련 감사청구_946.bin,.bin,78834,dce19a06df9990d9c28b6a349264db8ca5fc8b30e78512a5a449253d4a68c537,946,2010,미분류,별정비서직 채용목적 위반 및 일반직으로 특별임용 관련 감사청구,csd
S00722,감사원,BAI,20100203_[미분류]_별정비서직 채용목적 위반 및 일반직으로 특별임용 관련_947.bin,.bin,78834,dce19a06df9990d9c28b6a349264db8ca5fc8b30e78512a5a449253d4a68c537,947,2010,미분류,별정비서직 채용목적 위반 및 일반직으로 특별임용 관련,csd
S00723,감사원,BAI,20100206_[특정사안]_교육여건 개선시책 추진실태_948.bin,.bin,207780,3dc18f47b00caf4fa51d08db9fc6c74f5e0ea856cf7dce9c2064e40eb30397a5,948,2010,특정사안,교육여건 개선시책 추진실태,csd
S00724,감사원,BAI,20100209_[기관정기]_농수산물유통공사 기관운영감사_949.bin,.bin,338295,b4e26e3dbe1b7ce086b87df61d2cc94df316af318626369afb9ac88839881d22,949,2010,기관정기,농수산물유통공사 기관운영감사,csd
S00725,감사원,BAI,20100210_[기관정기]_한국수자원공사 기관운영감사_950.bin,.bin,367924,e81c274c653d81b6d37aa6c1058eb0ab9370440485c553e470d12962640b6486,950,2010,기관정기,한국수자원공사 기관운영감사,csd
S00726,감사원,BAI,20100211_[기관정기]_대한무역투자진흥공사 기관운영감사_951.bin,.bin,460440,028e389cf03f0ba6dacc7eaf237bc744daa6c069d7ab0bdaf4c9864541ea2013,951,2010,기관정기,대한무역투자진흥공사 기관운영감사,csd
S00727,감사원,BAI,20100212_[특정사안]_경제자유구역운영 및 사업추진실태_952.hwp,.hwp,37942272,9333f1a2325a41d2c939a7944cc65eef4a489b2223100ff16e5a499de171f4c5,952,2010,특정사안,경제자유구역운영 및 사업추진실태,hwp
S00728,감사원,BAI,20100218_[특정사안]_음식물류 폐기물 처리실태_953.bin,.bin,1199419,6a03398da375c49b17fb2077355f7ef7e30aa58b8ced1fea048196c9d1e931d9,953,2010,특정사안,음식물류 폐기물 처리실태,csd
S00729,감사원,BAI,20100219_[특정사안]_건국 60주년 기념사업 관련 예비비 집행실태_954.bin,.bin,446516,bd638e0f3ed928efa7f6ace71ae5f0acd317f8ba4a3747afc67c107bfc064fb5,954,2010,특정사안,건국 60주년 기념사업 관련 예비비 집행실태,csd
S00730,감사원,BAI,20100223_[국민제안]_통일부 결산감사_955.bin,.bin,49424,31340d78e0efd3442ce278bcdd5196266a66a7b5a5e435b5c6c762bd89c3a5b1,955,2010,국민제안,통일부 결산감사,csd
S00731,감사원,BAI,20100225_[특정사안]_한전 발전자회사 전력생산 및 거래실태_956.bin,.bin,2802506,806a631b46910d0ce7af4861c5fc70488317b522398d75aa9301eca4e3f7e6bb,956,2010,특정사안,한전 발전자회사 전력생산 및 거래실태,csd
S00732,감사원,BAI,20100303_[국민제안]_국방부 결산감사_958.bin,.bin,89077,a41d1becae29b8a2646abc1f6f232ee52d6c4352f6e874b39d4a6df853152f6d,958,2010,국민제안,국방부 결산감사,csd
S00733,감사원,BAI,20100304_[기관정기]_병무청 기관운영감사_960.bin,.bin,558734,2c82d2f476d3f229b4660bded2078c5b25b98d3d7e7a68b9638c5425843dca80,960,2010,기관정기,병무청 기관운영감사,csd
S00734,감사원,BAI,20100304_[특정사안]_주요하천정비사업 추진실태_959.bin,.bin,458302,3a06703a6dab06f144b91b0799208d8fab856d244da264287ab0cecde8ac65f8,959,2010,특정사안,주요하천정비사업 추진실태,csd
S00735,감사원,BAI,20100308_[특정사안]_국회 예산삭감 증액사업 집행 및 이전용 실태_962.bin,.bin,614993,bbab98feb47244eb0497eb4dfb123a65e15086be21ba756c5ce58d9b68d9be64,962,2010,특정사안,국회 예산삭감 증액사업 집행 및 이전용 실태,csd
S00736,감사원,BAI,20100308_[특정사안]_행정중심복합도시 이전대상 변경 고시 미이행 실태_961.bin,.bin,188044,28a2a4efd6b14562333195d5eb3cad3310266c25872c6b23f27dab808785a1b0,961,2010,특정사안,행정중심복합도시 이전대상 변경 고시 미이행 실태,csd
S00737,감사원,BAI,20100309_[기관정기]_국토해양부 기관운영감사_963.bin,.bin,5439386,f23fa116a359baf0fd8ab7a743405b55e5e039f38813cfb30263e4bdfc403588,963,2010,기관정기,국토해양부 기관운영감사,csd
S00738,감사원,BAI,20100311_[기관정기]_산림청 기관운영감사_964.bin,.bin,315370,6d955f90a901f919ee9d9ac97b2e53c2baf2d5fe2f753cd345d802c72a73820a,964,2010,기관정기,산림청 기관운영감사,csd
S00739,감사원,BAI,20100315_[특정사안]_서울지방국세청 기관운영감사_965.bin,.bin,565577,210206981d56f1188a5ca9cce8236ac125207d398679d156acbf25b009c4d10a,965,2010,특정사안,서울지방국세청 기관운영감사,csd
S00740,감사원,BAI,20100317_[특정사안]_모태펀드 조성 및 운용실태_966.bin,.bin,60889,9e4e7e99aa68bba943a57895b75e9e807f3f01835c1e6a7db8925293efc6a97d,966,2010,특정사안,모태펀드 조성 및 운용실태,csd
S00741,감사원,BAI,20100322_[특정사안]_세정신뢰도 개선실태_967.bin,.bin,905276,23e3125daacc7e1c0574029fe14d3bb3806b0a22c735482bc954a191450de356,967,2010,특정사안,세정신뢰도 개선실태,csd
S00742,감사원,BAI,20100324_[특정사안]_2012여수박람회 준비실태_968.bin,.bin,3286736,d85bb73f75a587a7bea73c9902b54d3d6ef7a906827aa2019a65d3fbe628c417,968,2010,특정사안,2012여수박람회 준비실태,csd
S00743,감사원,BAI,20100330_[미분류]_사적 제200호 서삼릉 현상변경허가 관련 감사청구_969.bin,.bin,50934,68813ca6fb49ddca6a8095dd074fa6b2056da188799af7a173494f506a7346b4,969,2010,미분류,사적 제200호 서삼릉 현상변경허가 관련 감사청구,csd
S00744,감사원,BAI,20100331_[특정사안]_증권거래제도운영실태_970.bin,.bin,1079588,937dc17b410fa9b78af18689f10c41332def78c2fa1386d23e686da8c2ce76f6,970,2010,특정사안,증권거래제도운영실태,csd
S00745,감사원,BAI,20100401_[미분류]_의료법 시행규칙 개정 및 질의회신 관련 감사청구_971.bin,.bin,50347,c2b89ddc516bb16666f392e1448d489f9937ce989672ab120408066afc2a7a1b,971,2010,미분류,의료법 시행규칙 개정 및 질의회신 관련 감사청구,csd
S00746,감사원,BAI,20100405_[특정사안]_공유수면 매립 및 관리실태_972.bin,.bin,781112,2401926b0f8918febb8a2d13165e432420d8162d036eabafadf05cadac08fe61,972,2010,특정사안,공유수면 매립 및 관리실태,csd
S00747,감사원,BAI,20100409_[기관정기]_한국방송광고공사 기관운영감사_973.bin,.bin,285880,5728f0c2a6c0677a4f1bd3864714fe13ecbb42042a19608c56c0c37ec5fc5e0d,973,2010,기관정기,한국방송광고공사 기관운영감사,csd
S00748,감사원,BAI,20100413_[특정사안]_자체감사기구 운영실태_974.bin,.bin,664153,5d73d198fde2c70712d125e8c64126cce519025194c262be4763ce2281924216,974,2010,특정사안,자체감사기구 운영실태,csd
S00749,감사원,BAI,"20100414_[국민제안]_행정안전부, 소방방재청 결산감사_975.bin",.bin,246041,d7251500ea549484f954477af3974528930f16d281abf01cb7edd1b67c833278,975,2010,국민제안,"행정안전부, 소방방재청 결산감사",csd
S00750,감사원,BAI,20100420_[미분류]_여객자동차 운송사업 인면허 등 관련 감사청구_976.bin,.bin,193927,ed07e0b1f3671c1ec5aff18d25a4834e591883a538d923b3c86a44314aa60071,976,2010,미분류,여객자동차 운송사업 인면허 등 관련 감사청구,csd
S00751,감사원,BAI,20100421_[기관정기]_법무부 기관운영감사_977.bin,.bin,341784,d8bb1540a266b1a44de089adbd1c218fcf3d994320544ea67ff84392a398fad9,977,2010,기관정기,법무부 기관운영감사,csd
S00752,감사원,BAI,20100426_[특정사안]_중소기업은행 금융지원 실태_979.bin,.bin,1089897,6667b64cc93ee9d9953296932ec5db8d924ac574ed15f1fa1ee6309ebb8dea37,979,2010,특정사안,중소기업은행 금융지원 실태,csd
S00753,감사원,BAI,20100428_[특정사안]_교육여건 개선시책 추진실태_980.bin,.bin,1643424,d7358a21424e2199deaaaf32624f050575056dd57f65e43def751c5815772e91,980,2010,특정사안,교육여건 개선시책 추진실태,csd
S00754,감사원,BAI,20100429_[기관정기]_조달청 기관운영감사_981.bin,.bin,1108340,8317af77ed82152af9791f8581a3a58135e9de9e859ab7e2da445cd22a1a845c,981,2010,기관정기,조달청 기관운영감사,csd
S00755,감사원,BAI,"20100503_[기관정기]_근로복지공단, 한국직업능력개발원 기관운영감사_982.hwp",.hwp,365056,f52b9808ad11ff24717cf25775a4f25b974ebc9eb601c843e6f57b0e994ebb07,982,2010,기관정기,"근로복지공단, 한국직업능력개발원 기관운영감사",hwp
S00756,감사원,BAI,20100504_[미분류]_농촌진흥청 기관운영감사_983.bin,.bin,1360864,a5e0a1adf0152a315b5c80664948fed90998d4e47ddf3691a16d43c38fddfcfb,983,2010,미분류,농촌진흥청 기관운영감사,csd
S00757,감사원,BAI,20100506_[특정사안]_건설교통연구개발사업 추진실태_984.bin,.bin,3935226,bd6ac98ae6ba9d094286b5b6b0ca387d34bbc87b088cd160848ff8747f19801d,984,2010,특정사안,건설교통연구개발사업 추진실태,csd
S00758,감사원,BAI,20100510_[특정사안]_산업원천기술 연구개발사업 지원관리실태_985.bin,.bin,794640,53dd2cc027c0fec8dda348449cdf3e9951448cb110c7ec28d7e450a4569a38de,985,2010,특정사안,산업원천기술 연구개발사업 지원관리실태,csd
S00759,감사원,BAI,20100511_[특정사안]_에너지기술개발사업 연구기자재 구입·정산 실태_986.bin,.bin,245722,cbb5dd2038b8422c604a765c6ca29adeeb73c4fe85ca7ae2d7957859dd4e6bbf,986,2010,특정사안,에너지기술개발사업 연구기자재 구입·정산 실태,csd
S00760,감사원,BAI,20100512_[특정사안]_식품안전관리실태_987.bin,.bin,2900969,440dc134b2f2b1c97820c9a5e2c8053a5ebc1599626ea9bf1b578528fb4a5823,987,2010,특정사안,식품안전관리실태,csd
S00761,감사원,BAI,20100513_[특정사안]_공적연금 여유자금 운용실태_988.bin,.bin,1172921,746ee563a7cbb8e0f81d10a8ce943f2f245613264e94680b28276c6247a829ef,988,2010,특정사안,공적연금 여유자금 운용실태,csd
S00762,감사원,BAI,20100517_[특정사안]_건설교통연구개발사업 연구인건비 집행실태_989.bin,.bin,161095,16bcae69d6b04c02ea3265710c4151d5e3439fffaa893fe57f9d6577b5c62823,989,2010,특정사안,건설교통연구개발사업 연구인건비 집행실태,csd
S00763,감사원,BAI,20100518_[재무]_특허청 재무감사_990.bin,.bin,278446,1863e90c7fceea2b2f0dd787e96e2d78d0254bb941db06e4254c859abc4f7941,990,2010,재무,특허청 재무감사,csd
S00764,감사원,BAI,20100519_[미분류]_고양시 KINTEX의 변전시설 이전설치 관련 감사청구_991.bin,.bin,84149,48e79fab7162d9020e4b24adca101e497a8b5a4d8b6deb7c0ace2f22959a83da,991,2010,미분류,고양시 KINTEX의 변전시설 이전설치 관련 감사청구,csd
S00765,감사원,BAI,20100520_[특정사안]_철도차량 등 물자조달 관리 운영실태_992.bin,.bin,848920,0ad647986160849a89b2663c5e1c56d4f97a469ffe510d0f77d85f202c954cc2,992,2010,특정사안,철도차량 등 물자조달 관리 운영실태,csd
S00766,감사원,BAI,20100524_[특정사안]_문화재 보존 및 관리실태_993.bin,.bin,10096496,4d182539f7e6e60438a04f117ec03515e5e9625775ad417d0961a0e0c923c090,993,2010,특정사안,문화재 보존 및 관리실태,csd
S00767,감사원,BAI,20100525_[기관정기]_공정거래위원회 기관운영감사_994_v1.bin,.bin,382393,29c30cd6091d791835e9113c9b4c40b0c00b1484b71b5463e8810e627fd770aa,994,2010,기관정기,공정거래위원회 기관운영감사,csd
S00768,감사원,BAI,20100525_[기관정기]_공정거래위원회 기관운영감사_994_v2.bin,.bin,89046,70d9244b270c8be0f002f15d2c723067d6e6a6e1c9de31fb16310801ef71e063,994,2010,기관정기,공정거래위원회 기관운영감사,csd
S00769,감사원,BAI,20100526_[특정사안]_우체국금융 여유자금 운용실태_995.bin,.bin,338632,65c7e440210f7d4ea742384af2cb333d1b99bc8bd703734846aac37e1c110443,995,2010,특정사안,우체국금융 여유자금 운용실태,csd
S00770,감사원,BAI,20100528_[기관정기]_중소기업청 기관운영검사_997.bin,.bin,341125,0f99831c83c05abd5ec05529d81b077059bbcdd585e8e8548c24cbdead1e084c,997,2010,기관정기,중소기업청 기관운영검사,csd
S00771,감사원,BAI,20100531_[국민제안]_2009회계연도 결산검사결과_998_v1.bin,.bin,397822,be02cbd1f96500a427f95135aa92ff4b7887fdb8ccfc5a374614144158c5c7ba,998,2010,국민제안,2009회계연도 결산검사결과,csd
S00772,감사원,BAI,20100531_[국민제안]_2009회계연도 결산검사결과_998_v2.bin,.bin,502960,17c3d2e140d65314b8ada3736e8e9ed5a5298c805addb53bffd945c003737f8e,998,2010,국민제안,2009회계연도 결산검사결과,csd
S00773,감사원,BAI,20100531_[국민제안]_2009회계연도 결산검사결과_998_v3.bin,.bin,977604,6517fe88450c5c37f28d725e78fe1c4aadf157c11d02bbd9e55677b3b62b236b,998,2010,국민제안,2009회계연도 결산검사결과,csd
S00774,감사원,BAI,20100531_[국민제안]_2009회계연도 결산검사결과_998_v4.bin,.bin,582700,e098da0baa202833f572bab407fba3dcad9b05473f343f32f705efd295e5ffef,998,2010,국민제안,2009회계연도 결산검사결과,csd
S00775,감사원,BAI,20100531_[국민제안]_2009회계연도 결산검사결과_998_v5.bin,.bin,368721,b4e2064e964dcec7cfdcd1f95f8add94ca9fe30fb684a8c3715349ec69056fc0,998,2010,국민제안,2009회계연도 결산검사결과,csd
S00776,감사원,BAI,20100531_[국민제안]_2009회계연도 결산검사결과_998_v6.bin,.bin,424199,2070e640616ac5bba6e1029b8b66483ccb7351f223942057feb83d2ef36d8744,998,2010,국민제안,2009회계연도 결산검사결과,csd
S00777,감사원,BAI,20100531_[국민제안]_2009회계연도 결산검사결과_998_v7.bin,.bin,785265,fc133e072316fdf5b538933afb9a9b0f254883165a5a1244188a097b717fb295,998,2010,국민제안,2009회계연도 결산검사결과,csd
S00778,감사원,BAI,20100531_[국민제안]_2009회계연도 결산검사결과_998_v8.bin,.bin,129023,1193b86234049aacc1f7ae743577a0610b73dc3572d205c382f68a01438d28b7,998,2010,국민제안,2009회계연도 결산검사결과,csd
S00779,감사원,BAI,20100601_[기관정기]_노동부·한국노동연구원 기관운영감사_999.bin,.bin,902319,f0f7ef788a83215443ac31e0efd97d2284cfd0b326cab798707839711c9251b4,999,2010,기관정기,노동부·한국노동연구원 기관운영감사,csd
S00780,감사원,BAI,20100603_[특정사안]_교육분야 인사조직 관리실태_1000.bin,.bin,785328,f2564a2fec8c08c2f95bf0d833026577754e7e60e4719a05d0f6b1f18f83ec43,1000,2010,특정사안,교육분야 인사조직 관리실태,csd
S00781,감사원,BAI,20100604_[특정사안]_민간단체 보조금 지원 실태_1001.bin,.bin,2871615,ad1dc0a64f688332b90a1e0914f16381f4d726cd9fe298ca64ce140081f51c96,1001,2010,특정사안,민간단체 보조금 지원 실태,csd
S00782,감사원,BAI,20100607_[특정사안]_공직감찰활동(2009년 2차)_1002.bin,.bin,712055,8ce84bd56fd2c06cfef921a2622ea09c879b99654ff49fc5296597b5132ff6ba,1002,2010,특정사안,공직감찰활동(2009년 2차),csd
S00783,감사원,BAI,20100608_[특정사안]_토지거래허가 및 형질변경 등 인허가 비리 점검_1003.bin,.bin,876916,03fc6fa29d9d78c84e99bd06217355369200f01587bea4e4a7c8bff458ba6764,1003,2010,특정사안,토지거래허가 및 형질변경 등 인허가 비리 점검,csd
S00784,감사원,BAI,20100611_[특정사안]_지방재정 운용실태_1005.bin,.bin,1904176,506dd4c469f5c18bd930b44ec4d33cb3a72c04653afe9781287638fa6fb7cf6a,1005,2010,특정사안,지방재정 운용실태,csd
S00785,감사원,BAI,20100614_[특정사안]_지방자치단체 축제-행사 집행실태_1006.bin,.bin,3080370,bdf427a3891b1caee948d32e7153775e2757daf3cf4faab0e9479ea7a4752fa7,1006,2010,특정사안,지방자치단체 축제-행사 집행실태,csd
S00786,감사원,BAI,20100615_[미분류]_무안 기업도시 건설로 인한 예산 낭비 및 비자금 조성 관련 감사 청구_1007.bin,.bin,83406,d2726f1f75aa903ee227eb3ccd4f6b2b9cb2ecb11d3b0a32ffa0831154d7c543,1007,2010,미분류,무안 기업도시 건설로 인한 예산 낭비 및 비자금 조성 관련 감사 청구,csd
S00787,감사원,BAI,"20100616_[기관정기]_보건복지가족부, 대한적십자사 기관운영감사_1008.bin",.bin,420400,ccc73f97f339f023d64045b0bcfd1dacec9ee876a91d03ca41878c919f659dd6,1008,2010,기관정기,"보건복지가족부, 대한적십자사 기관운영감사",csd
S00788,감사원,BAI,20100622_[특정사안]_환경분야 연구개발사업 추진실태_1009.bin,.bin,322452,b77ce9511dfba0cf3f82fedc6a49b5b0dcbb76f3e0c52490d391d98039a6244a,1009,2010,특정사안,환경분야 연구개발사업 추진실태,csd
S00789,감사원,BAI,20100623_[미분류]_김해시 폐기물처리시설 설치에 따른 주민지원사업 관련 감사청구_1010.hwp,.hwp,19968,366da21b83ca503d2351d85f789332606334646d25d95210b9c0ea2b8f169f6c,1010,2010,미분류,김해시 폐기물처리시설 설치에 따른 주민지원사업 관련 감사청구,hwp
S00790,감사원,BAI,20100624_[특정사안]_신-재생에너지 연구개발사업 관리실태_1011.bin,.bin,1607059,8a6bb055f22caf507ef18bb8f0469715ceaaf84eea827cdf68606d1e526ee423,1011,2010,특정사안,신-재생에너지 연구개발사업 관리실태,csd
S00791,감사원,BAI,20100629_[특정사안]_전자부품연구원 연구개발사업 추진 및 관리실태_1012.hwp,.hwp,470016,a71ae98c7c5cafee30ff649ae50046a644f348ae7923f5cf91bfd1d6e904a277,1012,2010,특정사안,전자부품연구원 연구개발사업 추진 및 관리실태,hwp
S00792,감사원,BAI,20100630_[기관정기]_환경부 기관운영감사_1013.bin,.bin,537458,fbef3bacfb6f2385ab7bae871c0cdb633791b70cd950d3cdfa46c5ebb1bfecf7,1013,2010,기관정기,환경부 기관운영감사,csd
S00793,감사원,BAI,20100701_[특정사안]_수산보조금 집행 및 관리실태_1014.bin,.bin,680982,abf482b9a576c4b52817bce5fe85c6fcec64ca1060c0e4600d48165400a64a5d,1014,2010,특정사안,수산보조금 집행 및 관리실태,csd
S00794,감사원,BAI,20100706_[기관정기]_교육과학기술부 외 1개 기관 기관운영감사_1015.bin,.bin,1011050,9427200b85f698d40ee63cc5ff6a7cce570a63302d08f6d2416c6043dddd8c1e,1015,2010,기관정기,교육과학기술부 외 1개 기관 기관운영감사,csd
S00795,감사원,BAI,20100707_[기관정기]_광주지방국세청 기관운영감사_1016.bin,.bin,253172,f23b22ee49184fab8a020b097baf4e398303ddac52cc943fbcb61c305a372558,1016,2010,기관정기,광주지방국세청 기관운영감사,csd
S00796,감사원,BAI,20100708_[기관정기]_부산지방국세청 기관운영감사_1017.bin,.bin,764777,1367a37be513a360bcdd6617998c5c762ad00939a09c9bdffb2ea25efbc98874,1017,2010,기관정기,부산지방국세청 기관운영감사,csd
S00797,감사원,BAI,20100713_[미분류]_서울시립청소년수련시설 위탁운영단체 공개모집 관련 감사청구_1018.bin,.bin,55652,5b26bc1f9d6b12eebb5ccac0ccf0410bd992a87bd74f5180ea4dd6510e9f49c3,1018,2010,미분류,서울시립청소년수련시설 위탁운영단체 공개모집 관련 감사청구,csd
S00798,감사원,BAI,20100714_[특정사안]_무사안일 소극적 업무처리실태_1019_v1.bin,.bin,5519262,fac191495098555f9e788f6693142e97216052d4680fc71c72aac3326494d6bd,1019,2010,특정사안,무사안일 소극적 업무처리실태,csd
S00799,감사원,BAI,20100714_[특정사안]_무사안일 소극적 업무처리실태_1019_v2.hwp,.hwp,71168,b8798b536e6803ddcc4d673459d3dc422295730e218aac9cc2095c956f348682,1019,2010,특정사안,무사안일 소극적 업무처리실태,hwp
S00800,감사원,BAI,20100715_[미분류]_둔촌터널 상부 인접공원지역 내 조경식재공사 관련 감사청구_1020.bin,.bin,55686,a01537eb377a4424606750eec8f25cc5f7fc4e1f1f52956271120f9837c69cd9,1020,2010,미분류,둔촌터널 상부 인접공원지역 내 조경식재공사 관련 감사청구,csd
S00801,감사원,BAI,20100720_[특정사안]_공사용역 등 취약분야 토착비리 점검_1021.bin,.bin,245238,00c5c145020e19c78439b5d05018efcc5a2f7b86ad611f1e59b1a20b52c7c7bc,1021,2010,특정사안,공사용역 등 취약분야 토착비리 점검,csd
S00802,감사원,BAI,20100721_[미분류]_공공기관 회계감사보고서 적정성 점검_1022.bin,.bin,466406,4b3a6b79c07b8e1093da9097fb467f5b316dd48c5e2fb812c0c26c708ca84f9d,1022,2010,미분류,공공기관 회계감사보고서 적정성 점검,csd
S00803,감사원,BAI,20100723_[특정사안]_총기 소지허가 및 안전관리실태_1023.bin,.bin,1502532,1c7fb629ba67de4526f4218ee6e31477f4806fad8f6db77c1c937480f4ecad36,1023,2010,특정사안,총기 소지허가 및 안전관리실태,csd
S00804,감사원,BAI,20100727_[특정사안]_경부(2단계) 및 호남고속철도 건설사업 추진실태_1024_v1.bin,.bin,2115028,f06a155546dab2a959400398e855410d4229fcabb700ddbddd83bf828b5c2498,1024,2010,특정사안,경부(2단계) 및 호남고속철도 건설사업 추진실태,csd
S00805,감사원,BAI,20100727_[특정사안]_경부(2단계) 및 호남고속철도 건설사업 추진실태_1024_v2.bin,.bin,64579,eb8342fb953915fb3dae9eca92f988da58a3c873254c1f902d32a1922d1af9a6,1024,2010,특정사안,경부(2단계) 및 호남고속철도 건설사업 추진실태,csd
S00806,감사원,BAI,20100728_[특정사안]_지역토착비리 등 고위층 비리점검_1025.bin,.bin,781840,76898a38aa41c543a937d26d3dbe8e26530912cec586e712aaaf14fe67e0882d,1025,2010,특정사안,지역토착비리 등 고위층 비리점검,csd
S00807,감사원,BAI,20100804_[특정사안]_외교통상부본부 및 재외공관 운영실태_1026_v1.bin,.bin,1992277,289d40adcd3f8a956ab7813560ccfd1ab1affd546e76b633d414a1802f85afcb,1026,2010,특정사안,외교통상부본부 및 재외공관 운영실태,csd
S00808,감사원,BAI,20100804_[특정사안]_외교통상부본부 및 재외공관 운영실태_1026_v2.bin,.bin,54554,336384d947b04ac24b2f907acb4a21a522f0459e4689ae4e4dbe29af9761891a,1026,2010,특정사안,외교통상부본부 및 재외공관 운영실태,csd
S00809,감사원,BAI,20100806_[특정사안]_공직자 겸직 및 부당영리행위 실태_1027.bin,.bin,742092,907629e4944a960d800ae6ef5067550de8463b34a7aacfc682a1101aea0403f7,1027,2010,특정사안,공직자 겸직 및 부당영리행위 실태,csd
S00810,감사원,BAI,20100810_[국민제안]_한국도로공사 결산감사_1028.bin,.bin,290224,f411174fdb0271c13df4f978c8096e1b58c80022cc0cafcd2d8fca3098efffea,1028,2010,국민제안,한국도로공사 결산감사,csd
S00811,감사원,BAI,20100813_[기관정기]_방송통신위원회 외 3개 기관 기관운영감사_1029.bin,.bin,999389,5a012cde022f5f5da7f6fc1c932f3f38a3c88eb7a6423637dbfad7051e580d07,1029,2010,기관정기,방송통신위원회 외 3개 기관 기관운영감사,csd
S00812,감사원,BAI,20100817_[기관정기]_서울특별시 SH공사 기관운영감사_1030.bin,.bin,835038,bf52cb434846df11964475366840a96023287e2ce915d53c72a437dcc3419b57,1030,2010,기관정기,서울특별시 SH공사 기관운영감사,csd
S00813,감사원,BAI,20100820_[특정사안]_공공기관 선진화 추진실태_1031.bin,.bin,2532366,99d0a00d1e4aefcbae23aeab3eaf1865daabf760afad6892cbf048c44e3056e3,1031,2010,특정사안,공공기관 선진화 추진실태,csd
S00814,감사원,BAI,20100824_[기타손망실]_휴대용 비상조명등 구매업무에 관한 판정청구_1032.bin,.bin,94098,6ac3e36ebea12db1cd7951af3b41dc5bf4915b095d8dd39665c57c9636210314,1032,2010,기타손망실,휴대용 비상조명등 구매업무에 관한 판정청구,csd
S00815,감사원,BAI,20100830_[기관정기]_한국토지주택공사 기관운영감사_1033_v1.bin,.bin,4250740,7f31d875e5670bf9c9d7be8104cdbcb8b1aa0eff86815baef1922baa0d2eb0e9,1033,2010,기관정기,한국토지주택공사 기관운영감사,csd
S00816,감사원,BAI,20100830_[기관정기]_한국토지주택공사 기관운영감사_1033_v2.bin,.bin,98275,500774bbe241c49788d3e1e813f49660ad71122b6b254838db401752f04bdb42,1033,2010,기관정기,한국토지주택공사 기관운영감사,csd
S00817,감사원,BAI,20100902_[기관정기]_농림수산식품부 기관운영감사_1034.bin,.bin,517179,829800a5ef94ea9ecae58d62effee93918fd1b1a53b4b89a92837889252fbe42,1034,2010,기관정기,농림수산식품부 기관운영감사,csd
S00818,감사원,BAI,20100909_[미분류]_대학로 복합문화공간 조성자금의 관리 등 감사청구_1035.bin,.bin,77752,49c72c3eb2cb5e020bfb57100ab790f7b6bb2a94d1874b600897aa08da899bff,1035,2010,미분류,대학로 복합문화공간 조성자금의 관리 등 감사청구,csd
S00819,감사원,BAI,20100914_[미분류]_백운2지구 주거환경개선사업 시행 관련 감사청구_1036.bin,.bin,42550,f1e4c83f9566e4005c99c9ec0ee83b74b755438a91c37f3fd32c9d06ab0bf76b,1036,2010,미분류,백운2지구 주거환경개선사업 시행 관련 감사청구,csd
S00820,감사원,BAI,20100916_[미분류]_대전광역시 교육청 진단평가 파행 관련 감사청구_1037.bin,.bin,72329,91fe83652404f6fc51c81e5415ab2a15d185e42c2bcfafb7f39fa89adc29f329,1037,2010,미분류,대전광역시 교육청 진단평가 파행 관련 감사청구,csd
S00821,감사원,BAI,20100916_[특정사안]_한국투자공사 해외투자실태_1038.bin,.bin,906446,bbd592cec8517f2f83a96c3f96b7a1aaa0da35a2c2c57ab226d9df0ca7d39120,1038,2010,특정사안,한국투자공사 해외투자실태,csd
S00822,감사원,BAI,20100924_[국민제안]_한국관광공사 결산감사_1039.bin,.bin,123592,0cd133be99e3fef661244c73a39e61bd53d399eca7682bcc6995f1f6fa0df7e2,1039,2010,국민제안,한국관광공사 결산감사,csd
S00823,감사원,BAI,20100927_[국민제안]_한국조폐공사 결산감사_1040.bin,.bin,199857,9f031535eb7e917629ebed0561e96cb160c86be4ad039e3bf914bc88baa1438d,1040,2010,국민제안,한국조폐공사 결산감사,csd
S00824,감사원,BAI,20100930_[재무]_한국전력공사 재무감사_1041.bin,.bin,635084,fe45d1327a3d98b3835b8bee8aaa67df39721132500d503ae4e33d356ba8bd24,1041,2010,재무,한국전력공사 재무감사,csd
S00825,감사원,BAI,20101005_[특정사안]_국가업무대행사업 운영실태_1042.bin,.bin,1124294,ed4f2ce24ed581abd508b17768b3d8f989aedcf1d4e20e29c5bea11d0196ed6f,1042,2010,특정사안,국가업무대행사업 운영실태,csd
S00826,감사원,BAI,20101006_[미분류]_세입세출외현금 횡령 및 토지보상금 미공탁에 따른 지체가산금 지급_1043.bin,.bin,202661,69a48dcf5ef2eb3832f0f25c8bd3a6176da2e749e4fb1b56c54d603d2824f4ce,1043,2010,미분류,세입세출외현금 횡령 및 토지보상금 미공탁에 따른 지체가산금 지급,csd
S00827,감사원,BAI,20101007_[특정사안]_국립대학교병원 운영실태_1044.bin,.bin,1063785,7f6e305a3c0010e500114220121639f88e49013e5724bc666cb55c7dfee11e03,1044,2010,특정사안,국립대학교병원 운영실태,csd
S00828,감사원,BAI,"20101019_[특정사안]_금융권 부실자산 및 정부위탁자산 인수,관리실태_1045.hwp",.hwp,1750016,a5356bc538174618a209eb81781295fd0a6f07d47890c54647b742a9803805a7,1045,2010,특정사안,"금융권 부실자산 및 정부위탁자산 인수,관리실태",hwp
S00829,감사원,BAI,20101021_[특정사안]_무사안일ㆍ소극적 업무처리 실태_1046.bin,.bin,81405,36993edeeb94252dfa7def29e6dc1ce81cf97a79ff30de0ba31b7e9856b52680,1046,2010,특정사안,무사안일ㆍ소극적 업무처리 실태,csd
S00830,감사원,BAI,20101025_[특정사안]_한국토지주택공사 청라지구 외자유치 프로젝트 감사_1047.bin,.bin,1070692,ac869bd503a9d73750fd6b0701fb3dc1aae6c0315c9ed6fd12591c4ed55b730f,1047,2010,특정사안,한국토지주택공사 청라지구 외자유치 프로젝트 감사,csd
S00831,감사원,BAI,20101028_[특정사안]_전염병 예방 및 대응 실태_1049.bin,.bin,676327,1efaee4cdcdadf6895fb88d812af6774bcc8a8f1097d43ab821e8662beec0522,1049,2010,특정사안,전염병 예방 및 대응 실태,csd
S00832,감사원,BAI,20101101_[재무]_한국석유공사 재무감사_1050.bin,.bin,285161,73e4a9ca940af0d91dabae5c6af205723deaf4fb9803b880bf4abb859d4a1a5a,1050,2010,재무,한국석유공사 재무감사,csd
S00833,감사원,BAI,20101117_[미분류]_주요사업 추진실태_1051.bin,.bin,528437,450b685ad494ce193c2664ae4a00d17c4ac81c7db6f57c657b2bc22c4c9dd891,1051,2010,미분류,주요사업 추진실태,csd
S00834,감사원,BAI,20101118_[특정사안]_최저가 낙찰공사 관리실태_1053.hwp,.hwp,434176,d79ba25dd1bdccd74c7a85b985206d8ec427d5d1b21ac03d75e1e47d3588308c,1053,2010,특정사안,최저가 낙찰공사 관리실태,hwp
S00835,감사원,BAI,20101119_[기관정기]_서울올림픽기념 체육진흥공단 기관운영감사_1054.bin,.bin,2982815,ec69b0262fef7119e4eaef85e547837304f488552cdc476e9d0e76235877b159,1054,2010,기관정기,서울올림픽기념 체육진흥공단 기관운영감사,csd
S00836,감사원,BAI,20101124_[기관정기]_한국은행 기관운영감사_1058.hwp,.hwp,391168,0a0125649ea8368a3ff01b912a07649586260734a4fa0ec841ce717105e553ec,1058,2010,기관정기,한국은행 기관운영감사,hwp
S00837,감사원,BAI,20101124_[미분류]_재난관리 및 재해대비실태2_1057.hwp,.hwp,650752,1f457c61d87e6091a51c6b0188041122c8a4f2739fb6101b4c1811970cff2809,1057,2010,미분류,재난관리 및 재해대비실태2,hwp
S00838,감사원,BAI,20101124_[특정사안]_재난관리 및 재해대비실태1_1056.bin,.bin,39072003,beaacafead16969c92a0d14d92e0a0024b29e0a886c4dafeb5e7d182c869eb56,1056,2010,특정사안,재난관리 및 재해대비실태1,csd
S00839,감사원,BAI,20101125_[미분류]_테니스장 이전관련 감사청구_1059.bin,.bin,73752,110d7b661cd26319b26565d31b538e3ec5d0055ca93f1e9e5e94c16058bd7d66,1059,2010,미분류,테니스장 이전관련 감사청구,csd
S00840,감사원,BAI,20101129_[특정사안]_한국교직원공제회 투자사업 추진실태_1060.bin,.bin,1020041,92d792fcad3c6ded91a93f02452deaecbbebd85c2edf98e97b05ec477faf1a20,1060,2010,특정사안,한국교직원공제회 투자사업 추진실태,csd
S00841,감사원,BAI,20101201_[기관정기]_공무원연금공단 기관운영감사_1061.hwp,.hwp,111104,da22480608f54c75f49448be62d5224361cc720cc7e63afe933a9e81ad5ab0d1,1061,2010,기관정기,공무원연금공단 기관운영감사,hwp
S00842,감사원,BAI,20101202_[특정사안]_고속국도 건설사업 추진실태_1062.bin,.bin,8207296,6e455b0d42922fb91711bbd8b0621f55f2d28edf3f14aa636536beaeed6f13f7,1062,2010,특정사안,고속국도 건설사업 추진실태,csd
S00843,감사원,BAI,20101207_[특정사안]_기초지방자치단체 공기업 사업추진 실태_1063_v1.bin,.bin,639924,cf47ac3ac1142c5a89eaa9eaa8b557695d673377242d4cac73ecbda7dd3370b8,1063,2010,특정사안,기초지방자치단체 공기업 사업추진 실태,csd
S00844,감사원,BAI,20101207_[특정사안]_기초지방자치단체 공기업 사업추진 실태_1063_v2.bin,.bin,47598,ac2cb8f3108f73d559a8958a33dbb5fe8f2fba0fd7c8bf55c975403fe9d23a7f,1063,2010,특정사안,기초지방자치단체 공기업 사업추진 실태,csd
S00845,감사원,BAI,20101208_[특정사안]_공공기관 광고물 수익사업 운영실태_1064.bin,.bin,3228137,397cbe1b9e9c8f32dfae93bb534e4fde789706707d9d9149517ddea9b3b2a1c9,1064,2010,특정사안,공공기관 광고물 수익사업 운영실태,csd
S00846,감사원,BAI,20101209_[특정사안]_취약시기 공직기강 점검_1065.bin,.bin,365576,a8c9f1003fb60265a30fbdd15d554ebac9377b9321733bbd463514bf517a229b,1065,2010,특정사안,취약시기 공직기강 점검,csd
S00847,감사원,BAI,20101215_[특정사안]_교통사고예방 및 피해자지원 실태_1067.bin,.bin,1161346,64994b57a386ae2e7fc6cf25d8f0c569588e79b81817c9dc06e6c9466a27c01e,1067,2010,특정사안,교통사고예방 및 피해자지원 실태,csd
S00848,감사원,BAI,20101216_[미분류]_파주시 옥외광고물 단속 관련 감사청구_1068.bin,.bin,64797,5864c393375398e06a258ef488e7fb5a47411ac9aaf1d40d44d2d1fa121658ac,1068,2010,미분류,파주시 옥외광고물 단속 관련 감사청구,csd
S00849,감사원,BAI,20101221_[성과]_석면관리실태_1070.bin,.bin,850809,4d70e2fb8d20b1da3f928931f64c7368e9c935c21bcf0f517310d5331e2496af,1070,2010,성과,석면관리실태,csd
S00850,감사원,BAI,20101223_[기관정기]_행정안전부 기관운영 감사_1071.bin,.bin,475637,6a0c2464c41e79a28988af047f548a31fbafe9b8570668fd7acc821570288068,1071,2010,기관정기,행정안전부 기관운영 감사,csd
S00851,감사원,BAI,20101227_[기타기타]_공공기관 경영평가 성과급 중복지급 의혹 관련 서면감사_1072.bin,.bin,73980,bccc43f3d8d444f6ad6006bf5fd3b6ddfc8236740d916af4fdf4027b869bcf11,1072,2010,기타기타,공공기관 경영평가 성과급 중복지급 의혹 관련 서면감사,csd
S00852,감사원,BAI,20101229_[특정사안]_대학경쟁력 강화사업 추진실태_1073_v1.bin,.bin,1156587,9114bd3b0ab1f1c9d12be75fc8e385d13c3f908bce73f3db1b45e551681491a4,1073,2010,특정사안,대학경쟁력 강화사업 추진실태,csd
S00853,감사원,BAI,20101229_[특정사안]_대학경쟁력 강화사업 추진실태_1073_v2.bin,.bin,550865,af7c15aff27949ba5ddcf785a925054d8d2d9bd3a2c7a6c7c2e4ad51f419a00f,1073,2010,특정사안,대학경쟁력 강화사업 추진실태,csd
S00854,감사원,BAI,20110117_[특정사안]_신기술 적용 건설공사 관리실태_1074.bin,.bin,667568,18129374021e523bea9ae698c489247b0ae21083c1aee8004ba27ffc03005c50,1074,2011,특정사안,신기술 적용 건설공사 관리실태,csd
S00855,감사원,BAI,20110121_[미분류]_고양OO지구 크린넷 설치요구 관련 감사청구_1075.bin,.bin,54213,c85a0d9bf4fa1d11ce6d4d7aad6af642cf3cff2afb4864c20f8742bcbc802411,1075,2011,미분류,고양OO지구 크린넷 설치요구 관련 감사청구,csd
S00856,감사원,BAI,20110126_[미분류]_아파트 관리비 부과 및 집행실태_1076.hwp,.hwp,7743488,f53312a531cd686364decc3e876193821aaf7566cb22f03c17f073658455a77a,1076,2011,미분류,아파트 관리비 부과 및 집행실태,hwp
S00857,감사원,BAI,20110127_[특정사안]_4대강 살리기 사업 세부계획 수립 및 이행 실태_1078.hwp,.hwp,11392512,06cd03aaaaf24bb5750848b6443ac84b298161c4a5b13654a97ba8a0747da251,1078,2011,특정사안,4대강 살리기 사업 세부계획 수립 및 이행 실태,hwp
S00858,감사원,BAI,20110127_[특정사안]_교육예산 집행관련 비리점검_1077.bin,.bin,405974,1e48036ca4a14472575f656b43993512fa893e0f1f84c1e0de94cacf71ccb781,1077,2011,특정사안,교육예산 집행관련 비리점검,csd
S00859,감사원,BAI,20110128_[특정사안]_공공기관 공직자 등 비리점검_1079_v1.bin,.bin,1271076,cb18695b4ff8120f289e1c68b07e6ef6b4d4c286dd69c66d13071b9a797ed391,1079,2011,특정사안,공공기관 공직자 등 비리점검,csd
S00860,감사원,BAI,20110128_[특정사안]_공공기관 공직자 등 비리점검_1079_v2.bin,.bin,646275,a299d74845e3ef45728b97177b2d76f5eef94dc83991688c5aad40b99e956d8d,1079,2011,특정사안,공공기관 공직자 등 비리점검,csd
S00861,감사원,BAI,20110128_[특정사안]_공공기관 공직자 등 비리점검_1079_v3.hwp,.hwp,75776,21ecd8a391b81f92e922967972849e8cdcbe403b60befefc8902549aee66d44e,1079,2011,특정사안,공공기관 공직자 등 비리점검,hwp
S00862,감사원,BAI,20110206_[미분류]_기존 채석허가 및 신규 채석단지 지정 관련 감사청구_1080.bin,.bin,45504,719fdf2ea43aa8dfc9088d01a0747d922aa81b6454a391128a94b16ea29d0764,1080,2011,미분류,기존 채석허가 및 신규 채석단지 지정 관련 감사청구,csd
S00863,감사원,BAI,"20110206_[미분류]_남양주 아파트 감사 청구,무주군 관광농원 개발사업 직권취소 등 관련 감사청구_1081_v1.bin",.bin,62599,d7fb72afb9374ee2f773c2d222a5ab5a9a88b5372335d20087c58884f1b206bc,1081,2011,미분류,"남양주 아파트 감사 청구,무주군 관광농원 개발사업 직권취소 등 관련 감사청구",csd
S00864,감사원,BAI,"20110206_[미분류]_남양주 아파트 감사 청구,무주군 관광농원 개발사업 직권취소 등 관련 감사청구_1081_v2.bin",.bin,79711,d51c4937b49eef18381fcb3f483e5664c0c8e956678f310691e009db061611e6,1081,2011,미분류,"남양주 아파트 감사 청구,무주군 관광농원 개발사업 직권취소 등 관련 감사청구",csd
S00865,감사원,BAI,20110208_[기관정기]_대한주택보증 기관운영감사_1082.bin,.bin,710798,dfb4c97333f1cd17995b5856205920573a761347d54ce33cfc34d296d91243db,1082,2011,기관정기,대한주택보증 기관운영감사,csd
S00866,감사원,BAI,20110210_[특정사안]_서비스산업 선진화 추진실태_1083.bin,.bin,951684,3805a20483d4a9e3e00fedc4351399a2dfe857baf10e064b1cfcb4baf691b376,1083,2011,특정사안,서비스산업 선진화 추진실태,csd
S00867,감사원,BAI,20110215_[특정사안]_우정사업본부 등 비위첩보 조사 기동감찰_1084.bin,.bin,140522,b17ea1dc3971bd295eef066ae367ad26d650328e0b80703665f9483e68e73406,1084,2011,특정사안,우정사업본부 등 비위첩보 조사 기동감찰,csd
S00868,감사원,BAI,20110218_[미분류]_국민체육진흥공단의 올림픽스포츠센터 매각 관련 감사청구_1085.bin,.bin,51285,6cde9214dac968c3313968b005d065ed63a46ce2e0bcd0beb0e8d7a144b99460,1085,2011,미분류,국민체육진흥공단의 올림픽스포츠센터 매각 관련 감사청구,csd
S00869,감사원,BAI,20110222_[기관정기]_전남ㆍ경북교육청 기관운영감사_1086.bin,.bin,705098,407b2180d14b310182c5fc1541c09a18d5c272ef82f2ec79dc19882b563cd066,1086,2011,기관정기,전남ㆍ경북교육청 기관운영감사,csd
S00870,감사원,BAI,20110224_[특정사안]_주요 세무관서 조세부과 및 징수실태_1087.bin,.bin,869845,c09861d45f7588d2ceeecf7d30ccc975432c49e8bbfb7ca57d84de277af483e6,1087,2011,특정사안,주요 세무관서 조세부과 및 징수실태,csd
S00871,감사원,BAI,20110225_[특정사안]_공공기관 계약관련 비리 점검_1088.bin,.bin,360775,5565fa29a55c97bc6a1d0e71c5e86421c5945cf44e97937071b28b4ed003e7b7,1088,2011,특정사안,공공기관 계약관련 비리 점검,csd
S00872,감사원,BAI,20110228_[특정사안]_지방공기업 건설공사 집행실태_1089.bin,.bin,8519942,7b2b17bbce07beaad4102ae571ff51f74d09634ee2aaa33ab130275cd2a13d78,1089,2011,특정사안,지방공기업 건설공사 집행실태,csd
S00873,감사원,BAI,20110302_[특정사안]_실업급여 등 근로복지 지원금 집행실태_1090.bin,.bin,3849328,9bce633f839d78383cccc3e6e3faf5294cd9cf07372c2d8d3b7b0972f18181ef,1090,2011,특정사안,실업급여 등 근로복지 지원금 집행실태,csd
S00874,감사원,BAI,20110304_[특정사안]_중소기업 및 선박 선수금환급 보증 지원 실태_1091.bin,.bin,2287294,6e2b4105a87a3e4f31851cc5b953b5b189e60144822d731c564ab0086adb2247,1091,2011,특정사안,중소기업 및 선박 선수금환급 보증 지원 실태,csd
S00875,감사원,BAI,20110307_[미분류]_지방자치단체 장학재단 설립ㆍ운영실태_1092.bin,.bin,5156024,e3de6110d8501d3d947fade0370bcf796e491c50711072540bcc43d66be3bc62,1092,2011,미분류,지방자치단체 장학재단 설립ㆍ운영실태,csd
S00876,감사원,BAI,20110310_[특정사안]_관광진흥시책 추진실태_1093.bin,.bin,1411991,5249066fe91046ceff7f940af9cd049ec314d180d0ca44647aa1c0e516cdb54b,1093,2011,특정사안,관광진흥시책 추진실태,csd
S00877,감사원,BAI,20110316_[특정사안]_하수슬러지 처리실태_1094.bin,.bin,1187619,d31aa699779c8a82ce7ab31cf43fe85fafa542754bfd9f76099ae120f4b97c8d,1094,2011,특정사안,하수슬러지 처리실태,csd
S00878,감사원,BAI,20110317_[미분류]_서민금융 지원시스템 운영 및 감독실태_1095.bin,.bin,4677385,2e2fcb21d5d4e400f1e3d3c473c02656093f392b4fc29be18bc7fe67f701ad85,1095,2011,미분류,서민금융 지원시스템 운영 및 감독실태,csd
S00879,감사원,BAI,20110318_[미분류]_용인시립장례문화센터 건립 관련 감사청구_1096.bin,.bin,79576,75b984f03a56e5ebbc62ae2f5d6bd8dc8ae0e635fca6d350a03edfe90add3729,1096,2011,미분류,용인시립장례문화센터 건립 관련 감사청구,csd
S00880,감사원,BAI,20110321_[기관정기]_한국환경공단 기관운영감사_1097.bin,.bin,352982,d92a4f08189de5acd33803f85acb2ad45cca9a181496334c9cb60bb260aeec70,1097,2011,기관정기,한국환경공단 기관운영감사,csd
S00881,감사원,BAI,20110322_[특정사안]_사업성 기금 여유자금 운영실태_1098.bin,.bin,2040040,1ed3b5038bd27c001fe363383b3c231009d02fac51ed08e05de766777c7a3ace,1098,2011,특정사안,사업성 기금 여유자금 운영실태,csd
S00882,감사원,BAI,20110325_[미분류]_영덕군 액화석유가스 충전사업 허가 등 관련 감사청구_1099.bin,.bin,54801,f35f2dbe9a0fb9b7473ff402f24b2cd329a56ea619952c1cc9790abc94db4933,1099,2011,미분류,영덕군 액화석유가스 충전사업 허가 등 관련 감사청구,csd
S00883,감사원,BAI,20110329_[특정사안]_LNG 생산 및 공급사업 추진실태_1100.bin,.bin,3088621,23830a877ef9619825734c005bb17a9dd67f70df932f66ad88d2eab3b3eed31a,1100,2011,특정사안,LNG 생산 및 공급사업 추진실태,csd
S00884,감사원,BAI,20110331_[미분류]_민자역사 등 철도자산 개발 추진실태_1101.bin,.bin,5959395,a6f2058a854386f90d2e330071eed5f11406710317fa72e6c709abe427d52f2d,1101,2011,미분류,민자역사 등 철도자산 개발 추진실태,csd
S00885,감사원,BAI,20110401_[특정사안]_자동차세 체납·관리실태 기동점검_1102.bin,.bin,162219,b7a62c3621e5023b0aa8024ecfc5e7744c81fc4faa32ea8037688b0f76937549,1102,2011,특정사안,자동차세 체납·관리실태 기동점검,csd
S00886,감사원,BAI,20110405_[특정사안]_집단에너지 공급시설 확충사업 집행실태_1103.bin,.bin,634141,0187399f009fe2fc93bd6047c5f243f7eac45ad6df3364ac5e9c702957261f02,1103,2011,특정사안,집단에너지 공급시설 확충사업 집행실태,csd
S00887,감사원,BAI,20110407_[미분류]_근로여성임대아파트 운영 등 관련 감사청구_1104.bin,.bin,66376,46d92f76d0b2f326a615733b9750b2e10313e12824115011bf374ef981cebf6f,1104,2011,미분류,근로여성임대아파트 운영 등 관련 감사청구,csd
S00888,감사원,BAI,20110412_[특정사안]_군 후생복지사업 추진실태_1105_v1.bin,.bin,1000624,2a65df3ba73af4b30cf725f2954107e6b8bd77518d0518b0f97372c9231ddc82,1105,2011,특정사안,군 후생복지사업 추진실태,csd
S00889,감사원,BAI,20110412_[특정사안]_군 후생복지사업 추진실태_1105_v2.bin,.bin,88873,a170bfd0d9c0a78369892fc8f20dd06ba380629e7575c86e847c61912e273540,1105,2011,특정사안,군 후생복지사업 추진실태,csd
S00890,감사원,BAI,20110414_[특정사안]_경인 아라뱃길 건설사업 추진실태_1106.bin,.bin,5430312,c4e601e5dd7a425e924e87bee42552c6d36a6bb188b4f05c60615ba3e0cb07dc,1106,2011,특정사안,경인 아라뱃길 건설사업 추진실태,csd
S00891,감사원,BAI,20110415_[미분류]_운행차 배출가스 정밀검사 방식 변경 관련 감사청구_1107.bin,.bin,49480,ec4c3b991c0ba85b63dfb997b96e610113a02b2469133b7dbea843811bb2b60a,1107,2011,미분류,운행차 배출가스 정밀검사 방식 변경 관련 감사청구,csd
S00892,감사원,BAI,20110418_[특정사안]_경마산업 관리 및 수익금 집행실태_1108.hwp,.hwp,348672,001d20a207130bdd533f8e0b59453db2079c8d55d37c3150941b284153004b9f,1108,2011,특정사안,경마산업 관리 및 수익금 집행실태,hwp
S00893,감사원,BAI,20110420_[기관정기]_국가보훈처 기관운영감사_1109.bin,.bin,522938,c2af990e1d3cdde0e33a9a195e5d1a94f73355471786592dd001e200ee8a1932,1109,2011,기관정기,국가보훈처 기관운영감사,csd
S00894,감사원,BAI,20110421_[기관정기]_충청남도 및 당진군 기관운영감사_1110.bin,.bin,1042813,cdf727ac0752ece152ee3e355381b76a94e2c6a502626fd9d3d3912f1b7ef2e1,1110,2011,기관정기,충청남도 및 당진군 기관운영감사,csd
S00895,감사원,BAI,20110425_[미분류]_집전화 정액요금제 무단가입 관련 감사청구_1111.bin,.bin,75772,4a49311422e30bb9b3db6678373efc4cedfbd7ba1f849fbb2e3d9985f5ce564b,1111,2011,미분류,집전화 정액요금제 무단가입 관련 감사청구,csd
S00896,감사원,BAI,20110427_[미분류]_정부 홍보비 예산집행 실태_1112.bin,.bin,370346,87ea4cdddfd606dc0aad0de67d209538266ad6affff7570e99eda34c515f428d,1112,2011,미분류,정부 홍보비 예산집행 실태,csd
S00897,감사원,BAI,20110428_[특정사안]_주요시설물 안전 및 유지관리실태_1113.bin,.bin,15852866,03212bd8ba1db7a6498c25d2722dcc326fc8ba0a84153f3efb782a9306f01bad,1113,2011,특정사안,주요시설물 안전 및 유지관리실태,csd
S00898,감사원,BAI,20110429_[미분류]_자본거래 등 주식이동 과세실태_1114.bin,.bin,1214320,c975d0c1108a5434600462f701483cac5dd49a34e1ddd3c320c3db7d22beca74,1114,2011,미분류,자본거래 등 주식이동 과세실태,csd
S00899,감사원,BAI,20110503_[특정사안]_에너지시책 추진실태_1115.bin,.bin,3176664,6a7ced5b74bc07734ee50a8f356f9fe5e05aff0f9de5b3cb1ad4adbc8dc7bb7e,1115,2011,특정사안,에너지시책 추진실태,csd
S00900,감사원,BAI,20110504_[미분류]_문경약돌한우타운 위탁운영자 선정 관련 감사청구_1117.bin,.bin,72296,11f4131af96116d8dd459bdb03a5481dba1f6ab87a15f788bbd40165c482c454,1117,2011,미분류,문경약돌한우타운 위탁운영자 선정 관련 감사청구,csd
S00901,감사원,BAI,20110504_[특정사안]_중앙행정기관 등 고위공직자 비리점검_1116.bin,.bin,2951933,6441bd753f6a099e6e96e854418155cf26ac9796855fb133dd19549c84b78d24,1116,2011,특정사안,중앙행정기관 등 고위공직자 비리점검,csd
S00902,감사원,BAI,20110506_[특정사안]_농업정책자금 집행 및 관리실태_1118.bin,.bin,1432262,c32f9228473add5baa7f93e03c43281c218fac65e62e3767543c3e98764a2170,1118,2011,특정사안,농업정책자금 집행 및 관리실태,csd
S00903,감사원,BAI,20110506_[특정사안]_장비유지 및 수리부속지원 예산 운용실태_1119.bin,.bin,501063,57c01ccd1cd9949b3b1f3ff29e05e8859665aef0b5436678f3f50f0be04fa2b8,1119,2011,특정사안,장비유지 및 수리부속지원 예산 운용실태,csd
S00904,감사원,BAI,20110509_[성과]_다문화가족지원사업 추진실태_1120.bin,.bin,1832345,0966abc8c2444dac81a1f11e575a7d20075f4e79d6d57bf1ecaa3dc0a51bc5ba,1120,2011,성과,다문화가족지원사업 추진실태,csd
S00905,감사원,BAI,20110511_[특정사안]_교원 양성 및 관리실태_1121.bin,.bin,608437,29f0241b931fb62e19968d111f1e90d05ddb695b9e283fa5358764e094439122,1121,2011,특정사안,교원 양성 및 관리실태,csd
S00906,감사원,BAI,20110513_[특정사안]_도시철도 운영 관련 정보사항 조사_1122.bin,.bin,568756,88f7686bc9ede06cf3b410895e4bc799f3ec38cc8a75cef9fafde6cd1ea6500e,1122,2011,특정사안,도시철도 운영 관련 정보사항 조사,csd
S00907,감사원,BAI,20110517_[기관정기]_관세청 기관운영 감사_1123.bin,.bin,236225,bc1ed512890d3a59271e7cf13a0caf4a7f7bdacffcedc4543174e26458b7a570,1123,2011,기관정기,관세청 기관운영 감사,csd
S00908,감사원,BAI,20110518_[특정사안]_서민주택공급 건설사업 집행실태_1124.bin,.bin,525795,d6e1600becc8d22acb2781723540a1d4b63e6350e744488f511f6d11db640958,1124,2011,특정사안,서민주택공급 건설사업 집행실태,csd
S00909,감사원,BAI,20110519_[특정사안]_지방공기업 개발사업 추진실태_1125.bin,.bin,1628024,29d60229495ba82ae755dc29aab7e8ae7c7d32f26d0bf5432b5fc669fadeed5c,1125,2011,특정사안,지방공기업 개발사업 추진실태,csd
S00910,감사원,BAI,20110520_[기관정기]_국립 오페라단 기관운영 감사_1127.bin,.bin,640054,97b42a4641eb18cc46d99a200c6ba1180b15c0da49eebeaed063ef16ca803283,1127,2011,기관정기,국립 오페라단 기관운영 감사,csd
S00911,감사원,BAI,20110520_[기관정기]_지식경제부 기관운영감사_1126.bin,.bin,1435856,817034bf5c0a07475ee9663d053a5d29d17b4480a10d64c8ec78a4fc722e113e,1126,2011,기관정기,지식경제부 기관운영감사,csd
S00912,감사원,BAI,20110523_[기관정기]_중앙선거관리위원회 기관운영감사_1128.bin,.bin,421972,bd882828541d74c10bd0e24c434dca2284d55dd55d57909c54511d3663995356,1128,2011,기관정기,중앙선거관리위원회 기관운영감사,csd
S00913,감사원,BAI,"20110524_[특정사안]_경비,구난장비 등 구매 및 유지관리실태_1129.bin",.bin,12830126,3d74f16fea8a87f0011c260e32022af7b520b7c7c9c1b45acbdd4e0605194c3b,1129,2011,특정사안,"경비,구난장비 등 구매 및 유지관리실태",csd
S00914,감사원,BAI,20110525_[기관정기]_조달청 기관운영 감사_1130.bin,.bin,5491064,4f72fce90010e71512d1d4f38d2aefeaa97a22641270e8171df4a4c1601450cc,1130,2011,기관정기,조달청 기관운영 감사,csd
S00915,감사원,BAI,20110526_[특정사안]_공적개발원조(ODA) 추진실태_1131.bin,.bin,8452973,61dae297029bb93852d00f4adb793074b06650a660f0fdce2edcaeef52ec1813,1131,2011,특정사안,공적개발원조(ODA) 추진실태,csd
S00916,감사원,BAI,20110527_[기관정기]_대구지방국세청 기관운영 감사_1132.bin,.bin,556610,4bef3ff07e1b91a886f36d23a7e28da7be0c6917dd02a39bccf357d5984f26ac,1132,2011,기관정기,대구지방국세청 기관운영 감사,csd
S00917,감사원,BAI,"20110530_[미분류]_2010 회계연도 성과보고서, 결산검사(1)_1133_v1.bin",.bin,173555,e90ad8817be87b077c9806e1d9ec3903f0865c935867b766f4c99481bf7ee50d,1133,2011,미분류,"2010 회계연도 성과보고서, 결산검사(1)",csd
S00918,감사원,BAI,"20110530_[미분류]_2010 회계연도 성과보고서, 결산검사(1)_1133_v2.bin",.bin,131288,dfe2a4c032e15ee93a5757b70c1a9416575fd950697c4b6f9c98d65f8b591007,1133,2011,미분류,"2010 회계연도 성과보고서, 결산검사(1)",csd
S00919,감사원,BAI,"20110530_[미분류]_2010 회계연도 성과보고서, 결산검사(1)_1133_v3.bin",.bin,254334,508d0f6da0ccbc97ba5cf0c431eb54260346c3bc238693d1fd1ff0ff13f06c07,1133,2011,미분류,"2010 회계연도 성과보고서, 결산검사(1)",csd
S00920,감사원,BAI,"20110530_[미분류]_2010 회계연도 성과보고서, 결산검사(1)_1133_v4.bin",.bin,114446,529eb4ad6ec99f3b823ba4e2f2dc9587ae1b317b83c61433ff3ab543bb735431,1133,2011,미분류,"2010 회계연도 성과보고서, 결산검사(1)",csd
S00921,감사원,BAI,"20110530_[미분류]_2010 회계연도 성과보고서, 결산검사(1)_1133_v5.bin",.bin,601482,9b8f5df5e5b742f4608f3c0370cdfd22d4860e10724a70352ebde95781b7f233,1133,2011,미분류,"2010 회계연도 성과보고서, 결산검사(1)",csd
S00922,감사원,BAI,"20110530_[미분류]_2010 회계연도 성과보고서, 결산검사(1)_1133_v6.bin",.bin,378590,6b2aaf09a3648a57599fa862eb89dca64c99540349e8b31035da81a94a91f39f,1133,2011,미분류,"2010 회계연도 성과보고서, 결산검사(1)",csd
S00923,감사원,BAI,"20110530_[미분류]_2010 회계연도 성과보고서, 결산검사(1)_1133_v7.bin",.bin,415354,71bfcbc2f111551755d92fa04c4531b63d67f422ab1a0b22ff30ca7c33b08b6a,1133,2011,미분류,"2010 회계연도 성과보고서, 결산검사(1)",csd
S00924,감사원,BAI,"20110530_[미분류]_2010 회계연도 성과보고서, 결산검사(1)_1133_v8.bin",.bin,709297,ea5b845b2be97ce0ef565cbaf12cee7c1169a1f6d5e1d3950f3879a33b65b4cc,1133,2011,미분류,"2010 회계연도 성과보고서, 결산검사(1)",csd
S00925,감사원,BAI,"20110530_[미분류]_2010 회계연도 성과보고서, 결산검사(1)_1133_v9.bin",.bin,192679,5f174b43d4f88373cc4f7ea66b1d531016028f9a728e764010ddad6a2a324968,1133,2011,미분류,"2010 회계연도 성과보고서, 결산검사(1)",csd
S00926,감사원,BAI,"20110530_[미분류]_2010 회계연도 성과보고서, 결산검사(2)_1134_v1.bin",.bin,297304,f50ee2ff6e651476ab63ff29d133cd6fc06937ec9d2355de166fd70c900ca6ab,1134,2011,미분류,"2010 회계연도 성과보고서, 결산검사(2)",csd
S00927,감사원,BAI,"20110530_[미분류]_2010 회계연도 성과보고서, 결산검사(2)_1134_v2.bin",.bin,163502,3c219357f08399255acb9fca96fab91aac68ceb2f11663a869692abe65ffb14f,1134,2011,미분류,"2010 회계연도 성과보고서, 결산검사(2)",csd
S00928,감사원,BAI,"20110530_[미분류]_2010 회계연도 성과보고서, 결산검사(2)_1134_v3.bin",.bin,170498,45487b4b95b12ef81f20d205b746f62dff551bedb954b52cbdcaaf7aa391b361,1134,2011,미분류,"2010 회계연도 성과보고서, 결산검사(2)",csd
S00929,감사원,BAI,"20110530_[미분류]_2010 회계연도 성과보고서, 결산검사(2)_1134_v4.bin",.bin,391221,d39716894ab685b51d71a9c6ee501687e2ce2840c46ee1aaac6e63e385980b10,1134,2011,미분류,"2010 회계연도 성과보고서, 결산검사(2)",csd
S00930,감사원,BAI,"20110530_[미분류]_2010 회계연도 성과보고서, 결산검사(2)_1134_v5.bin",.bin,301009,cb410167cffe0b0a46a61a79fe821c330ee3a3b1d1e64a6982f2aa7e525081bd,1134,2011,미분류,"2010 회계연도 성과보고서, 결산검사(2)",csd
S00931,감사원,BAI,"20110530_[미분류]_2010 회계연도 성과보고서, 결산검사(2)_1134_v6.bin",.bin,242760,2c92aa7c942d48feb87aa758c883fd863cb846feaf86c6ca7c91edcde07efaea,1134,2011,미분류,"2010 회계연도 성과보고서, 결산검사(2)",csd
S00932,감사원,BAI,"20110530_[미분류]_2010 회계연도 성과보고서, 결산검사(2)_1134_v7.bin",.bin,225635,f9c8349c7f654842fbf30c9c256f362b31342c1a1c0dfaa3f2be5fea3de5c78f,1134,2011,미분류,"2010 회계연도 성과보고서, 결산검사(2)",csd
S00933,감사원,BAI,"20110530_[미분류]_2010 회계연도 성과보고서, 결산검사(2)_1134_v8.bin",.bin,438334,156c161ef19334f8c849aa858e7e2192a6d92873df8652a7cc2f3a638c80c12d,1134,2011,미분류,"2010 회계연도 성과보고서, 결산검사(2)",csd
S00934,감사원,BAI,"20110530_[미분류]_2010 회계연도 성과보고서, 결산검사(2)_1134_v9.bin",.bin,184320,3b3f09b4f0e85239b54830bc7b7447379539d727134680175679b3d606d73f34,1134,2011,미분류,"2010 회계연도 성과보고서, 결산검사(2)",csd
S00935,감사원,BAI,"20110530_[미분류]_2010 회계연도 성과보고서, 결산검사(3)_1135_v1.bin",.bin,486410,efd329ec422cf5328e0d1c2a6b9a615926ee4d9339e155a8925e64fb86ec9e20,1135,2011,미분류,"2010 회계연도 성과보고서, 결산검사(3)",csd
S00936,감사원,BAI,"20110530_[미분류]_2010 회계연도 성과보고서, 결산검사(3)_1135_v2.bin",.bin,263644,fd10759813335ecbc3c8a7a941a2ffa81f9cb89ab940eacd39012b6a91f4008c,1135,2011,미분류,"2010 회계연도 성과보고서, 결산검사(3)",csd
S00937,감사원,BAI,20110531_[특정사안]_콘텐츠산업 지원시책 추진실태_1136.bin,.bin,2189816,2aa13fde613b5f1494386fe4fd96ab32109344f934b49a870f46a31025f4d105,1136,2011,특정사안,콘텐츠산업 지원시책 추진실태,csd
S00938,감사원,BAI,20110601_[특정사안]_지방공무원 및 공공기관 임직원 비리점검_1137.bin,.bin,521808,3812b2d0a22c998555db3fd50ec96d084a030e511e32cc5fd19292be06e6afbe,1137,2011,특정사안,지방공무원 및 공공기관 임직원 비리점검,csd
S00939,감사원,BAI,20110607_[특정사안]_새만금 사업 추진실태_1138_v1.bin,.bin,1273201,d3830533fb637ccbff1c4dc921f7ecfb7537a77f5603aa58eae3e515e3767158,1138,2011,특정사안,새만금 사업 추진실태,csd
S00940,감사원,BAI,20110607_[특정사안]_새만금 사업 추진실태_1138_v2.bin,.bin,194437,d83e5a95d941c23c3f9829f29ef6f73316af6d04375a94efe7061f163b58ed2e,1138,2011,특정사안,새만금 사업 추진실태,csd
S00941,감사원,BAI,20110608_[특정사안]_지방 공기업 경영 개선 실태_1139.bin,.bin,1481590,80a9cae457474eb706cedd01aa82a767c4fe2089d8107b94989adbe7cebf5ec6,1139,2011,특정사안,지방 공기업 경영 개선 실태,csd
S00942,감사원,BAI,20110610_[특정사안]_교육격차 경감대책 추진실태_1140.bin,.bin,1158269,8d3bb4ee90ef924d44ae3fd0b96ba6fde9a8c8a1dc407e1461fd67777b050e1b,1140,2011,특정사안,교육격차 경감대책 추진실태,csd
S00943,감사원,BAI,20110613_[미분류]_유가보조금 지급 시스템 운영 실태_1141.bin,.bin,2361705,7715ccf9feba6d5c1824b4f2611a66ade4ab726dbacf322dee2d9288acf11437,1141,2011,미분류,유가보조금 지급 시스템 운영 실태,csd
S00944,감사원,BAI,20110615_[특정사안]_최소운영수입보장 민자사업 사후관리실태_1142.hwp,.hwp,315904,43e0c0e910e6bb22a9352181e4c59f7aafc8e96dc2f80f565e01c15035f3ef55,1142,2011,특정사안,최소운영수입보장 민자사업 사후관리실태,hwp
S00945,감사원,BAI,20110616_[기관정기]_화성·성남시 기관운영감사_1143.bin,.bin,3824645,9c71146ad36a177b581bb3bd4aae48269ff939bee685fe59f048b28ae6819753,1143,2011,기관정기,화성·성남시 기관운영감사,csd
S00946,감사원,BAI,20110620_[특정사안]_광역자치단체(서울·경기도) 건설공사 집행실태_1145.hwp,.hwp,1374720,3663052a09e7e8c968df7647837335c6115355f6182f0224dd752865b69b4c59,1145,2011,특정사안,광역자치단체(서울·경기도) 건설공사 집행실태,hwp
S00947,감사원,BAI,20110622_[국민제안]_환경부·기상청 결산감사 공개문_1147.bin,.bin,216427,2c47dab7ebfa86308b6d467f6b539db4ebc6dd00789cf1b424582341934dc46a,1147,2011,국민제안,환경부·기상청 결산감사 공개문,csd
S00948,감사원,BAI,20110622_[기타손망실]_한국장애인고용공단 외 2개 기관 손·망실 통보사항 서면감사_1146.bin,.bin,166093,2b7c36de54785c4c9387d7e0d3292431e4df2230d223dab0e84b550c640b54e9,1146,2011,기타손망실,한국장애인고용공단 외 2개 기관 손·망실 통보사항 서면감사,csd
S00949,감사원,BAI,20110623_[특정사안]_공적 서민주택금융 지원실태_1148.bin,.bin,1709417,ea2936f46af396e9db13bbfbbde4b3328c033ddfa1d3251968368e96c7be25e4,1148,2011,특정사안,공적 서민주택금융 지원실태,csd
S00950,감사원,BAI,20110624_[미분류]_국토해양분야 녹색성장시책 추진실태_1149.hwp,.hwp,8865792,25610bc893f4376fcecf31a154a855f3dd8818338002cb19e626a8fd37b10ece,1149,2011,미분류,국토해양분야 녹색성장시책 추진실태,hwp
S00951,감사원,BAI,20110627_[기관정기]_한국수출입은행 기관운영감사_1150.hwp,.hwp,472576,d8a4bb52d3c141a5a24ebb9fe53bb1340d600ebdca379fed20a265c5acfd9cbc,1150,2011,기관정기,한국수출입은행 기관운영감사,hwp
S00952,감사원,BAI,20110628_[성과]_공공기관 경영평가제도 운영실태_1152.hwp,.hwp,188928,8153e0cd26a39d01e0720ebcc5c26034293ae2f51b85b5ce0b66903e76476f40,1152,2011,성과,공공기관 경영평가제도 운영실태,hwp
S00953,감사원,BAI,20110629_[특정사안]_중소기업지원시책 추진실태_1153.hwp,.hwp,204288,57d0a7712c38e017c0b951e12c4a93948b45e262bb8e015805f376dc927f7bd4,1153,2011,특정사안,중소기업지원시책 추진실태,hwp
S00954,감사원,BAI,20110630_[기관정기]_충남교육청 기관운영감사_1154.hwp,.hwp,236544,c80ad5cc71fa328fd8d4d7e7a98e1b32a619edab25f7489df19fca400fc94fe8,1154,2011,기관정기,충남교육청 기관운영감사,hwp
S00955,감사원,BAI,20110704_[미분류]_국가연구개발사업 관리실태_1155.hwp,.hwp,950784,befb7e8ba9909103948beb46fce733405d5d34956d860de82ccafeb0d49f3095,1155,2011,미분류,국가연구개발사업 관리실태,hwp
S00956,감사원,BAI,20110705_[기관정기]_인천국제공항공사 기관운영감사_1156_v1.hwp,.hwp,276992,63526241c043cd5b9a6bdb6bbd85a06ac54569c96ca5ad818251b35db7a91757,1156,2011,기관정기,인천국제공항공사 기관운영감사,hwp
S00957,감사원,BAI,20110705_[기관정기]_인천국제공항공사 기관운영감사_1156_v2.bin,.bin,97361,a87a0e9be9fef68c4a7234d7d8ad8142ef632c2cfea9d8cc8991509db72dacb0,1156,2011,기관정기,인천국제공항공사 기관운영감사,csd
S00958,감사원,BAI,20110705_[미분류]_신안군의 도서종합개발사업 예산 집행 등 관련 감사청구_1157.hwp,.hwp,36864,65b31c239bc883083405a11460dd6c8f78ce3c64c785a28355720f682fa00d44,1157,2011,미분류,신안군의 도서종합개발사업 예산 집행 등 관련 감사청구,hwp
S00959,감사원,BAI,20110706_[기관정기]_한국자산관리공사 기관운영감사_1158.hwp,.hwp,601088,69e30541a85eb5a39042d5d54b88533b0a235a20788d41bfcec3572fb9f8a234,1158,2011,기관정기,한국자산관리공사 기관운영감사,hwp
S00960,감사원,BAI,20110706_[특정사안]_국민연금 자산운용 및 제도운영 실태_1159.hwp,.hwp,740352,b38ca2663df2a81a993b0e73dd840c5536fc7741f849deaa0909bb537b725ea9,1159,2011,특정사안,국민연금 자산운용 및 제도운영 실태,hwp
S00961,감사원,BAI,20110708_[기관정기]_서울특별시 기관운영감사_1160.hwp,.hwp,728576,d1d7f71e2ca47a77cfce470804bb5d94b4536028c306d15766e778dddd3c8cb0,1160,2011,기관정기,서울특별시 기관운영감사,hwp
S00962,감사원,BAI,20110711_[특정사안]_외국인투자 지원제도 운용실태_1161.hwp,.hwp,208384,c33771284900909e8781e52b05bf378d712f81af8c20df0cfb4679ab00c08224,1161,2011,특정사안,외국인투자 지원제도 운용실태,hwp
S00963,감사원,BAI,20110712_[미분류]_새만금영향해역 해저지형변화 연구의 부실과 왜곡 관련 감사청구_1162.hwp,.hwp,17920,f5673bb18153d7e6736a35c0e5b1e16e47706e58a52c16366b0606067e3a4f21,1162,2011,미분류,새만금영향해역 해저지형변화 연구의 부실과 왜곡 관련 감사청구,hwp
S00964,감사원,BAI,20110713_[기관정기]_대전지방국세청 기관운영감사_1163.hwp,.hwp,338944,4de51609f5be9dc69672baee6a193c74d3ff22385b4cbf3b354edaccb9cda1b0,1163,2011,기관정기,대전지방국세청 기관운영감사,hwp
S00965,감사원,BAI,"20110714_[특정사안]_연도말 공직기강 점검, 공유수면매립사업 준공정산 및 일반산업단지계획 승인 관련 감사청구_1164_v1.hwp",.hwp,72192,6390b69cf9d0f8c3b2551c50abea32dfe8c1dcc8afcca9b0d2c6bfd1128c901d,1164,2011,특정사안,"연도말 공직기강 점검, 공유수면매립사업 준공정산 및 일반산업단지계획 승인 관련 감사청구",hwp
S00966,감사원,BAI,"20110714_[특정사안]_연도말 공직기강 점검, 공유수면매립사업 준공정산 및 일반산업단지계획 승인 관련 감사청구_1164_v2.hwp",.hwp,53760,964bf882fb228cc98171131e2cdfc2447b898cd7f0695b2eebfe88fc9b5d789a,1164,2011,특정사안,"연도말 공직기강 점검, 공유수면매립사업 준공정산 및 일반산업단지계획 승인 관련 감사청구",hwp
S00967,감사원,BAI,20110715_[기관정기]_대한지방행정공제회 등 5개 기관 기관운영감사_1165.hwp,.hwp,145920,62debfc2bcfaab8c7d362ca0537755abd478a02b2e1aba8deda4ecc542d2f967,1165,2011,기관정기,대한지방행정공제회 등 5개 기관 기관운영감사,hwp
S00968,감사원,BAI,20110717_[특정사안]_대한생명 매각 관련 공적자금 운용실태_1166.hwp,.hwp,315904,d82a90cba86908cd025c3b13d78344a10094212f23a62924581fa0d97a5ed279,1166,2011,특정사안,대한생명 매각 관련 공적자금 운용실태,hwp
S00969,감사원,BAI,20110718_[성과]_응급의료체계 운영실태_1167.hwp,.hwp,1723392,1650b7278d1c2d3663b6bd82f98fd556b296f69ab371e15b0017920106cbdb94,1167,2011,성과,응급의료체계 운영실태,hwp
S00970,감사원,BAI,20110718_[특정사안]_에너지시책 추진실태 재부의(10-120)_1168.hwp,.hwp,85504,d4d4239a51f978c51437ff306144498a67a82c928eff740ed3538bb39790b515,1168,2011,특정사안,에너지시책 추진실태 재부의(10-120),hwp
S00971,감사원,BAI,20110719_[기관정기]_한국교육과정평가원 외 1개 기관 기관운영감사_1170.hwp,.hwp,627712,51dee546569634d7fc403216f4af4ff63bfdd5ac57e3fc820f9b4b64974a0428,1170,2011,기관정기,한국교육과정평가원 외 1개 기관 기관운영감사,hwp
S00972,감사원,BAI,20110719_[특정사안]_국세 환급 및 체납관리 실태(10-258)_1169.hwp,.hwp,703488,79c92814a7515be408cb07b82f6b01eea44f60f3d1c3513576c3e23593d4515b,1169,2011,특정사안,국세 환급 및 체납관리 실태(10-258),hwp
S00973,감사원,BAI,"20110720_[미분류]_폐기물 수집,운반 민간위탁업체 선정 등 관련 감사청구_1171.hwp",.hwp,56320,dba4f02b42de147398bcae7477ff17901b300a1f887b79b409ae890751171d41,1171,2011,미분류,"폐기물 수집,운반 민간위탁업체 선정 등 관련 감사청구",hwp
S00974,감사원,BAI,20110721_[특정사안]_지방자치단체 조직·인사 운영실태_1172.hwp,.hwp,603648,90d149004355e2a950b7bc30f921e5d666e32bbed25b5ce028b35ee420b8f34e,1172,2011,특정사안,지방자치단체 조직·인사 운영실태,hwp
S00975,감사원,BAI,20110722_[기관정기]_경찰청 기관운영감사_1174.hwp,.hwp,392192,916ded02d83221e84b8f3d0193e6fb7cdd9dd36f3b21a921c0bad58579d33069,1174,2011,기관정기,경찰청 기관운영감사,hwp
S00976,감사원,BAI,20110722_[특정사안]_2011년 상반기 비위첩보 기동점검_1173.hwp,.hwp,64512,5678f0a506cfa9aed369e64bd676d85015addbc3bcfd20dedd7362a8acfe1e62,1173,2011,특정사안,2011년 상반기 비위첩보 기동점검,hwp
S00977,감사원,BAI,20110726_[특정사안]_사립학교교직원연금공단 재정운영 실태_1175.hwp,.hwp,349696,3d849ab78b93c42f66c8f3e2c4e8094864dc9b143ae827ae70dab20bdbde8d21,1175,2011,특정사안,사립학교교직원연금공단 재정운영 실태,hwp
S00978,감사원,BAI,20110727_[기관정기]_한국전기안전공사 외 1개 기관 기관운영감사_1176.hwp,.hwp,206848,b0321c9637ff7651fb82b5addb895e5b03c58d1f9490852251475657dbfb0d35,1176,2011,기관정기,한국전기안전공사 외 1개 기관 기관운영감사,hwp
S00979,감사원,BAI,20110727_[특정사안]_거가대교 통행료 등 산정 실태_1177.hwp,.hwp,332288,cdf3d175a1a252e30f3352d9d3d9676f21cad2d134a2b8249270662e1f2fea3c,1177,2011,특정사안,거가대교 통행료 등 산정 실태,hwp
S00980,감사원,BAI,20110728_[특정사안]_지방공무원 및 공공기관 비리점검_1178.hwp,.hwp,321024,a40bae74b20541715a4e13c8bdbb290fceead8224830d64131cda9246ab4147a,1178,2011,특정사안,지방공무원 및 공공기관 비리점검,hwp
S00981,감사원,BAI,20110728_[특정사안]_지방자치단체 국제행사 유치 및 예산집행실태_1179.hwp,.hwp,2643456,afebb188a4607eb9d4db863699d00c394ac590626d8f2f368ca97aff81b76dc3,1179,2011,특정사안,지방자치단체 국제행사 유치 및 예산집행실태,hwp
S00982,감사원,BAI,20110729_[특정사안]_국제 거래 과세실태_1180.hwp,.hwp,1990656,d8bfa018205b621d18104b3dece6114f039a8edb71d2906172803139df1d2b91,1180,2011,특정사안,국제 거래 과세실태,hwp
S00983,감사원,BAI,20110801_[특정사안]_내부통제 취약기관(영동군) 특별점검_1181.hwp,.hwp,729088,732134592d302285ebc749d349db11aceae8688f8ae24ec211c58f507eac4cc7,1181,2011,특정사안,내부통제 취약기관(영동군) 특별점검,hwp
S00984,감사원,BAI,20110802_[특정사안]_전력공급시설 확충 및 운영실태_1182.bin,.bin,4661770,592acbd562aaa395f276aeaf7dc31b13fa069137777bea708876d0d7dc6d3e8d,1182,2011,특정사안,전력공급시설 확충 및 운영실태,csd
S00985,감사원,BAI,20110803_[미분류]_진도국제씨뮤직페스티벌 행사 보조금 교부 등 관련 감사청구_1183.bin,.bin,83526,3e53e93900f154e1f589166cc9e2592e322e77483f92531077cc2f1c260c4114,1183,2011,미분류,진도국제씨뮤직페스티벌 행사 보조금 교부 등 관련 감사청구,csd
S00986,감사원,BAI,20110805_[특정사안]_국방정보화 추진 실태_1185.hwp,.hwp,3474944,ecf4e7b6fe2f5668558a99bf933b50d5534bede50c1a976fa3df13712ef41c0a,1185,2011,특정사안,국방정보화 추진 실태,hwp
S00987,감사원,BAI,20110805_[특정사안]_수도권 수질 오염원 관리실태_1184.hwp,.hwp,758272,23340951faca1d429bf275e4b38147004a3a232c839191b973f50c010da482ac,1184,2011,특정사안,수도권 수질 오염원 관리실태,hwp
S00988,감사원,BAI,20110809_[기관정기]_경상남도 및 진주시 기관운영감사_1186.hwp,.hwp,382976,d4ea4e953acaee5564f0b1f6993590461b65c779c89fbe2e8550a9633c786669,1186,2011,기관정기,경상남도 및 진주시 기관운영감사,hwp
S00989,감사원,BAI,20110810_[기관정기]_제주특별자치도 기관운영감사_1188.hwp,.hwp,1836544,4c5da3b65ebd12497a98c09ad44b75713bc5e237d69d0a334852c1d1162099ec,1188,2011,기관정기,제주특별자치도 기관운영감사,hwp
S00990,감사원,BAI,20110810_[특정사안]_부산항 등 4대 무역항 운영 및 유지관리 실태_1187.bin,.bin,9233306,4da5d1748214e8753112ea8f12718dc58aa87acf7ea81b9e900595528ab84ded,1187,2011,특정사안,부산항 등 4대 무역항 운영 및 유지관리 실태,csd
S00991,감사원,BAI,20110811_[특정사안]_공공사업 보상실태_1190_v1.bin,.bin,10240969,8bdd708d7bdb645e0b25fef9c84078687502868524da91d242785518077e85de,1190,2011,특정사안,공공사업 보상실태,csd
S00992,감사원,BAI,20110811_[특정사안]_공공사업 보상실태_1190_v2.bin,.bin,90816,e7d76b4d3546e042aca3962a5acfebcfd726658d0ac3f4b95da23bd1b21c8048,1190,2011,특정사안,공공사업 보상실태,csd
S00993,감사원,BAI,20110811_[특정사안]_지방자치단체 지정금고·법인카드사의 지방공무원 국외여비 등 지원실태_1189.hwp,.hwp,543744,eac2b77350bd882a856ac240db6d3dc6d9443e85e44042289059cdd6ff5d8a9c,1189,2011,특정사안,지방자치단체 지정금고·법인카드사의 지방공무원 국외여비 등 지원실태,hwp
S00994,감사원,BAI,20110816_[특정사안]_자체감리 건설공사 집행실태_1191.hwp,.hwp,1878016,4884fd91d388ced824fb3e2ce484ccd95b13924393948a9cd62b256214cd2398,1191,2011,특정사안,자체감리 건설공사 집행실태,hwp
S00995,감사원,BAI,20110817_[기관정기]_문화재청 기관운영감사_1192.hwp,.hwp,184320,dd413d174545e60d2b446d01613bfa32d91afbdf5ee275f45edbb90a498c6d4d,1192,2011,기관정기,문화재청 기관운영감사,hwp
S00996,감사원,BAI,20110819_[특정사안]_도로안전시설 등 부속시설공사 관리실태_1193.hwp,.hwp,20977152,719764c76bd0c338ed334f43dace661165df62fa4454acecf84522d75cd9022b,1193,2011,특정사안,도로안전시설 등 부속시설공사 관리실태,hwp
S00997,감사원,BAI,20110823_[기관정기]_안산·광주시 기관운영감사_1194.hwp,.hwp,299520,d7774eb76926712b0279cc9437c5b6d1ba381b8bdc27a806b7a618f1d88a08ff,1194,2011,기관정기,안산·광주시 기관운영감사,hwp
S00998,감사원,BAI,20110824_[기관정기]_주식회사 강원랜드 기관운영감사_1195.hwp,.hwp,663040,3c5aa8673892a6a2d54a30d87b91347f5b5b898ab07a81db08fa65464d77ccc0,1195,2011,기관정기,주식회사 강원랜드 기관운영감사,hwp
S00999,감사원,BAI,20110825_[특정사안]_공적자금 지원 금융기관 운영실태_1196.hwp,.hwp,906240,9033c5098966c9abff750f36ac11d65c1aa3a267c76dcaf68f21b842dc770ef8,1196,2011,특정사안,공적자금 지원 금융기관 운영실태,hwp
S01000,감사원,BAI,20110826_[기관정기]_포항시 및 구미시 기관운영감사_1197.hwp,.hwp,338432,d981a35792c8960920157f1d1bbad083ee558d4928dc003684ebebe8ddf57938,1197,2011,기관정기,포항시 및 구미시 기관운영감사,hwp
S01001,감사원,BAI,20110901_[미분류]_국악분야예술강사 지원사업 파행 운영 등 관련 감사청구_1198.hwp,.hwp,79360,51f833a0a7340b7b5882135d152341e6eb8ea6b86061667cd23f4281c27c735e,1198,2011,미분류,국악분야예술강사 지원사업 파행 운영 등 관련 감사청구,hwp
S01002,감사원,BAI,20110906_[미분류]_비위첩보 기동점검_1199.hwp,.hwp,124928,0499d3c55d919abd3cd6f96f7f523a345ab22a809f505214a270627c6aa42a14,1199,2011,미분류,비위첩보 기동점검,hwp
S01003,감사원,BAI,20110906_[특정사안]_취약분야 비리점검_1200.bin,.bin,200895,33ad71b4a515f0586b1601d5ea2542ee97a1d8b80250498c0dffaf2f470eb17b,1200,2011,특정사안,취약분야 비리점검,csd
S01004,감사원,BAI,20110907_[기관정기]_충청북도 기관운영감사_1201.hwp,.hwp,1453056,61b51a745dd3610aa4da591d97bfe7bfe4d6b3206271495069015096815c4fc7,1201,2011,기관정기,충청북도 기관운영감사,hwp
S01005,감사원,BAI,20110914_[기관정기]_한국도로공사 기관운영감사_1202.bin,.bin,456599,203d0622ce286ebd10f75c651beb7edf9cdced3cabb532bb9be6bfd219b4edf5,1202,2011,기관정기,한국도로공사 기관운영감사,csd
S01006,감사원,BAI,20110914_[미분류]_오산복합물류센터 교통영향평가 등 관련 감사청구_1203.bin,.bin,57133,966ba809b5b3780f52648cb1ed69b21e0370b71bc4252d5429b408d81ed1c954,1203,2011,미분류,오산복합물류센터 교통영향평가 등 관련 감사청구,csd
S01007,감사원,BAI,20110915_[기관정기]_공군본부 기관운영감사_1204.bin,.bin,450004,45065deb263317a5335538e0feb2ccb1a0b5e3d5027e3c657d115a3d52aa2274,1204,2011,기관정기,공군본부 기관운영감사,csd
S01008,감사원,BAI,20110916_[미분류]_아파트 사용검사 승인관련 감사청구_1205.bin,.bin,35077,4ba3f5421337898b6e445a232d5c86459f177b0553bee95bc682cd37de6cc6dc,1205,2011,미분류,아파트 사용검사 승인관련 감사청구,csd
S01009,감사원,BAI,20110921_[기관정기]_기획재정부 기관운영감사_1206_v1.bin,.bin,288577,5292efda8e696e07686bf2ff40677a0e32b9bea942b77ab13059f6f3e2c77eae,1206,2011,기관정기,기획재정부 기관운영감사,csd
S01010,감사원,BAI,20110921_[기관정기]_기획재정부 기관운영감사_1206_v2.bin,.bin,47059,3fc8f04cbbec7c225583539595fc7a38bdbfae1d692f505922809a7d4823e2c5,1206,2011,기관정기,기획재정부 기관운영감사,csd
S01011,감사원,BAI,20110922_[특정사안]_기관 간 업무협조 실태점검_1207.bin,.bin,220277,25f7cc6f50af9a2a45865ad100b5b44e938656d748388ae52c429d79ddd5da69,1207,2011,특정사안,기관 간 업무협조 실태점검,csd
S01012,감사원,BAI,20110928_[미분류]_아파트 단지 분양 등 관련 감사청구_1208.bin,.bin,36351,bff71d3a1679331531a618f579d4f5b4974e1877f12c68ba5f4929ab4512dae7,1208,2011,미분류,아파트 단지 분양 등 관련 감사청구,csd
S01013,감사원,BAI,20110930_[기관정기]_국토해양부 기관운영감사_1209.bin,.bin,343405,c4ee250abc4ce9a53b60ec8641232d9c64c64760196a933864de94495aa9d408,1209,2011,기관정기,국토해양부 기관운영감사,csd
S01014,감사원,BAI,20111007_[특정사안]_한전 자회사 협력업체 운영 및 계약관리실태_1211.bin,.bin,2233557,c6254f4a759ee4d46dc28e8c574b699d39916cac335c838adb2c3d174fe416a3,1211,2011,특정사안,한전 자회사 협력업체 운영 및 계약관리실태,csd
S01015,감사원,BAI,20111011_[기관정기]_한국공항공사 기관운영감사_1212.bin,.bin,261665,1bb40d23994d54a68a3c3811ecb737b1edb2056bb7b82c741c79d3902fba2ba7,1212,2011,기관정기,한국공항공사 기관운영감사,csd
S01016,감사원,BAI,20111012_[기관정기]_중부지방국세청 기관운영감사_1213.bin,.bin,688607,2399dbdc0ce5da802acf36ff31dd94c0bd9f27f80460860f9b704018357e50a0,1213,2011,기관정기,중부지방국세청 기관운영감사,csd
S01017,감사원,BAI,20111013_[특정사안]_사회서비스 전자바우처 사업자 선정실태_1214.bin,.bin,440608,b57f81720f7c0065f23b780df84f2e3f91986b6ccf20f8eb42b5e36842216ef6,1214,2011,특정사안,사회서비스 전자바우처 사업자 선정실태,csd
S01018,감사원,BAI,20111014_[특정사안]_광역철도 건설사업 추진실태_1215.bin,.bin,942933,9b46227ede2d3d38370379829bda3ed67646e9732871bf74c6f9e66a24c20f86,1215,2011,특정사안,광역철도 건설사업 추진실태,csd
S01019,감사원,BAI,20111018_[특정사안]_한국철도공사 자회사 관리운영실태_1216.bin,.bin,639836,ccc5e528629a55d96ea2bc5057c17c58a08a8e7c9955dd59cc25a222475978b8,1216,2011,특정사안,한국철도공사 자회사 관리운영실태,csd
S01020,감사원,BAI,20111019_[기타서면]_변상판정 청구사항 서면감사_1217.bin,.bin,91812,64e6a1681fedb124d2dc96a97244711dd3c317dd9c1a9e6b33bd7714a5fa46f4,1217,2011,기타서면,변상판정 청구사항 서면감사,csd
S01021,감사원,BAI,20111020_[특정사안]_저소득층 탈빈곤 지원대책 추진실태_1218.bin,.bin,923465,5a597917dae844a44afb5988060f35047bec5e49458ff1534cc6dd48fd7d6bc0,1218,2011,특정사안,저소득층 탈빈곤 지원대책 추진실태,csd
S01022,감사원,BAI,20111024_[특정사안]_정책금융제도 개편 및 운영실태_1219.bin,.bin,1252272,b698533670e46e52902e76c9e92ab2419abfaa97f46f5fb43e3f7b8047c5ceb6,1219,2011,특정사안,정책금융제도 개편 및 운영실태,csd
S01023,감사원,BAI,20111027_[기관정기]_서울특별시 강동구 관악구 기관운영감사_1220.bin,.bin,297098,675e4e41b4f368bfe4a09e03c8cb5597d48219bddda608a50975be176e927b07,1220,2011,기관정기,서울특별시 강동구 관악구 기관운영감사,csd
S01024,감사원,BAI,"20111101_[특정사안]_학사관련 비리점검, 학교시설관련 비리점검_1221_v1.bin",.bin,271416,6baa0f032ad6f7e4fb1779c9304908f80d3045b82f37e3e35152b8f8c4efa4a6,1221,2011,특정사안,"학사관련 비리점검, 학교시설관련 비리점검",csd
S01025,감사원,BAI,"20111101_[특정사안]_학사관련 비리점검, 학교시설관련 비리점검_1221_v2.bin",.bin,330239,4546fa3c616ba1e932de89892f29d5456f33506bdf3699f34bdc5e61ab8043d0,1221,2011,특정사안,"학사관련 비리점검, 학교시설관련 비리점검",csd
S01026,감사원,BAI,20111110_[기관정기]_국방부 기관운영감사_1223_v1.bin,.bin,1548897,ccf77ffbbb37e626e40c93683c077c37d298b460d2edde273d0c672642e8c0c9,1223,2011,기관정기,국방부 기관운영감사,csd
S01027,감사원,BAI,20111110_[기관정기]_국방부 기관운영감사_1223_v2.bin,.bin,243372,ce0f4e4a77c2c06c8ba53eb3053be9a7b59041ab2f24069d3b225a0c9198fb89,1223,2011,기관정기,국방부 기관운영감사,csd
S01028,감사원,BAI,20111117_[특정사안]_무역보험 및 보증지원 실태_1224.bin,.bin,1896791,aa70ce06a3e5aaf19d3a6dcd962e757115794b05b12222144e65fc52f6b65979,1224,2011,특정사안,무역보험 및 보증지원 실태,csd
S01029,감사원,BAI,20111124_[기관정기]_전라북도 기관운영감사_1226.bin,.bin,659378,c9c7b030ed10aa183fe8345ee45115841e86be166c8090fc193b67f72d6794db,1226,2011,기관정기,전라북도 기관운영감사,csd
S01030,감사원,BAI,20111124_[특정사안]_지하철공기업 경영개선실태_1225_v1.bin,.bin,1177286,b6c60ec39803f40a3d6974b812681196993b8c388aa4d0e021a8c96e76803fff,1225,2011,특정사안,지하철공기업 경영개선실태,csd
S01031,감사원,BAI,20111124_[특정사안]_지하철공기업 경영개선실태_1225_v2.bin,.bin,80764,7fd2f6cfc9b21f47e1ff7e635398f17f77467553efc8950725e2c698d4c9827f,1225,2011,특정사안,지하철공기업 경영개선실태,csd
S01032,감사원,BAI,20111130_[기타손망실]_변상판정 청구사항_1227.bin,.bin,97867,f1018adf329dc020452b3038e1068ea9adf9e375aea16210e37d205a2b62ff59,1227,2011,기타손망실,변상판정 청구사항,csd
S01033,감사원,BAI,20111208_[특정사안]_영사업무 및 공직기강 취약공관 특별점검_1228.bin,.bin,3828115,dc7ceebe23f41723d56ba8fad5661b6b87b63890bb9408c22a68d0ca703ab8e3,1228,2011,특정사안,영사업무 및 공직기강 취약공관 특별점검,csd
S01034,감사원,BAI,20111216_[특정사안]_군사시설 이전사업 집행실태_1229.bin,.bin,1313013,b3914f7ff55cf89870ea93113f70509c30f6a64410eda4eaddffa3e1ff7ab3eb,1229,2011,특정사안,군사시설 이전사업 집행실태,csd
S01035,감사원,BAI,20111220_[특정사안]_부천시 생활폐기물 전처리시설 건립공사 추진실태_1230.bin,.bin,2316382,1ea109dfedfc3e1deaae4f611f916ea8dbbcdc12357943a8de2226778a7d3ec3,1230,2011,특정사안,부천시 생활폐기물 전처리시설 건립공사 추진실태,csd
S01036,감사원,BAI,20111223_[특정사안]_구제역 방역 및 관리실태_1231_v1.bin,.bin,12776787,7a697323a62aa1acbbeb2079ee828dee2ce14a1886dd6eda74f21845c09fa57e,1231,2011,특정사안,구제역 방역 및 관리실태,csd
S01037,감사원,BAI,20111223_[특정사안]_구제역 방역 및 관리실태_1231_v2.bin,.bin,10905123,2a01dcf46e4057dba897312a2790f1db53bccc9b0dbe99a5d092e00212a63ec7,1231,2011,특정사안,구제역 방역 및 관리실태,csd
S01038,감사원,BAI,"20111226_[특정사안]_공직자 이권개입 및 비리점검, 고위공직자 이권개입 및 토착비리 점검 등_1232_v1.bin",.bin,544808,ee028eeebee120ce90c681f464e4d5f44667338d2e3f1653c308eb247b219bf7,1232,2011,특정사안,"공직자 이권개입 및 비리점검, 고위공직자 이권개입 및 토착비리 점검 등",csd
S01039,감사원,BAI,"20111226_[특정사안]_공직자 이권개입 및 비리점검, 고위공직자 이권개입 및 토착비리 점검 등_1232_v2.bin",.bin,6321497,85e5b3bbee8de9286290fe2b468c530571a03b958d5f3f67d1af87f46b75ad12,1232,2011,특정사안,"공직자 이권개입 및 비리점검, 고위공직자 이권개입 및 토착비리 점검 등",csd
S01040,감사원,BAI,20120105_[특정사안]_교육관련 지표 부실대학 지도 감독실태_1233.bin,.bin,1492223,84c4f2c55030acf723f36c825668bf4f7a7e72e776f3e95049ceff2cddb7de5c,1233,2012,특정사안,교육관련 지표 부실대학 지도 감독실태,csd
S01041,감사원,BAI,20120110_[성과]_지방재정건전성 진단 및 점검_1234.bin,.bin,2968557,d7886fdfc274d325586d5db7b5fd6d9554eb07176f3a4e12badc9d175d5dd428,1234,2012,성과,지방재정건전성 진단 및 점검,csd
S01042,감사원,BAI,20120112_[미분류]_아파트 기반시설 설치관련 감사청구_1235.bin,.bin,65359,aa7ec5af80d5c2131ac27d1023d6112481fcd62aa1d75430cc02d1457626e63a,1235,2012,미분류,아파트 기반시설 설치관련 감사청구,csd
S01043,감사원,BAI,20120113_[특정사안]_어음대체결제수단 이용 대출 등 운영실태_1236.bin,.bin,480289,768a7567ae92dddfe82e98447ceb9ec423184af6269cf9a62b61cdd0ab075b0d,1236,2012,특정사안,어음대체결제수단 이용 대출 등 운영실태,csd
S01044,감사원,BAI,20120116_[특정사안]_우정사업 경영개선실태_1237.bin,.bin,2044603,793450ed240aa524a9f9ccd45fff75505ba52da78fcaa357226568bc9c9b643a,1237,2012,특정사안,우정사업 경영개선실태,csd
S01045,감사원,BAI,20120119_[미분류]_대학등록금 책정 및 재정운용실태_1239.bin,.bin,3180680,2079ec536caf50191ac6e00c8317c27a228ca7b7c24cb22b77a34e6481b6b4bf,1239,2012,미분류,대학등록금 책정 및 재정운용실태,csd
S01046,감사원,BAI,20120119_[특정사안]_대학연구개발사업 지원 관리 실태_1238.bin,.bin,1657017,f578262f8167bf310a16a1769c6f8318659f20c7a2b192eb94b9cf8b93903c2c,1238,2012,특정사안,대학연구개발사업 지원 관리 실태,csd
S01047,감사원,BAI,20120125_[미분류]_의정부시 산하단체 임직원 채용 등 관련 감사청구_1240.bin,.bin,59006,7c242e29848fb660ac438e725b0aab762229240525c8560a5fae100a2ed5d8fe,1240,2012,미분류,의정부시 산하단체 임직원 채용 등 관련 감사청구,csd
S01048,감사원,BAI,20120126_[특정사안]_외교통상부 보도자료 배포 등에 대한 감사_1242_v1.hwp,.hwp,2479104,0babf008a7fe7a9d2df70880354b430f67ab6b5b836527be6bb7dfe08fd3ab2f,1242,2012,특정사안,외교통상부 보도자료 배포 등에 대한 감사,hwp
S01049,감사원,BAI,20120126_[특정사안]_외교통상부 보도자료 배포 등에 대한 감사_1242_v2.hwp,.hwp,152576,4d5f5d8e44d20665bed397b28230dee76054b0e94bdf9012c5b57707112b4b91,1242,2012,특정사안,외교통상부 보도자료 배포 등에 대한 감사,hwp
S01050,감사원,BAI,20120131_[특정사안]_저수지 둑 높이기 사업추진실태_1243.bin,.bin,962941,ed2eb9eceefb6113321b48a4add89ac26b7cfe7a50c63375b347298e80561dc4,1243,2012,특정사안,저수지 둑 높이기 사업추진실태,csd
S01051,감사원,BAI,20120201_[특정사안]_학사운영 및 관리실태_1244.bin,.bin,2583937,116f913f14051d6bb1340342da68af92dd97f1e66c5f5f523e6cd2c651634d0f,1244,2012,특정사안,학사운영 및 관리실태,csd
S01052,감사원,BAI,20120203_[특정사안]_대학재정운용투명성 점검_1245.bin,.bin,2024099,b954cc8d0364715190a20d6b00da1c6e11b6156011047604b2a94aed98044332,1245,2012,특정사안,대학재정운용투명성 점검,csd
S01053,감사원,BAI,20120206_[미분류]_○○○○지구 클린넷 건축 반대 요구 관련 감사청구사항_1248.bin,.bin,69065,c5bef93d790356ab878884745da1a6c3b24ed05fca50b084c8f68605503f7095,1248,2012,미분류,○○○○지구 클린넷 건축 반대 요구 관련 감사청구사항,csd
S01054,감사원,BAI,20120206_[미분류]_성남시시설관리공단 임원 임명 및 관련 규정 개정 등 관련 감사청구_1246.bin,.bin,61964,41b5a66a8e833901342993b7916c7b7e8401a9bfa73507ae8fda5ea0277f9a43,1246,2012,미분류,성남시시설관리공단 임원 임명 및 관련 규정 개정 등 관련 감사청구,csd
S01055,감사원,BAI,20120206_[미분류]_영상문화관광복합단지 조성사업 관련 감사청구_1247.bin,.bin,433470,b4014f68a04bbb055bfc4989ed024446b13077ee9133501b6094c906a3e89c51,1247,2012,미분류,영상문화관광복합단지 조성사업 관련 감사청구,csd
S01056,감사원,BAI,20120207_[특정사안]_지역토착비리 등 공직기강 점검_1249.bin,.bin,545323,acdacc8f277c44594bc2ca8ebc9112733d2ede599b9fdd137346f6ddac15e196,1249,2012,특정사안,지역토착비리 등 공직기강 점검,csd
S01057,감사원,BAI,20120209_[특정사안]_택지개발사업 추진실태_1250.hwp,.hwp,2052096,5087e485b07946d9769c7923a4740645b754beed60a9a46c14f52b2d8ced6421,1250,2012,특정사안,택지개발사업 추진실태,hwp
S01058,감사원,BAI,20120213_[성과]_금융소비자 보호 등 금융감독실태_1251.hwp,.hwp,1508864,41cf0b1334d177978d175d4e3abd24c19d82a381e668f772d5607ace05e02946,1251,2012,성과,금융소비자 보호 등 금융감독실태,hwp
S01059,감사원,BAI,20120215_[특정사안]_지방자치단체 계약 관련 토착비리 점검_1252.hwp,.hwp,473600,192762a041471f3d794777acccdd68b4fa6ad8ef072f0e841ab6ba770466505e,1252,2012,특정사안,지방자치단체 계약 관련 토착비리 점검,hwp
S01060,감사원,BAI,20120216_[기관정기]_국립공원관리공단 기관운영감사_1253.hwp,.hwp,228352,1b470a1013728c7cde29dd8a820b33053ee0d10d5c071b1c84e2fa11547d055b,1253,2012,기관정기,국립공원관리공단 기관운영감사,hwp
S01061,감사원,BAI,20120220_[특정사안]_정부의 정책연구용역비 집행실태_1254.hwp,.hwp,317440,cd70a48078f20e976508e96fdb8a4abde0022f7b1f610d830650976c60e1abc2,1254,2012,특정사안,정부의 정책연구용역비 집행실태,hwp
S01062,감사원,BAI,20120221_[특정사안]_모범사례 추천사항 확인점검_1255_v1.hwp,.hwp,10070528,54f4406826136f0efac1abd7bb058f5092bc947cf25adb5abd77ff57e4714aa5,1255,2012,특정사안,모범사례 추천사항 확인점검,hwp
S01063,감사원,BAI,20120221_[특정사안]_모범사례 추천사항 확인점검_1255_v2.hwp,.hwp,30744064,121c4a31220d7e78fe04f045bc98c656315687e493e3ad74829f2c068468ddab,1255,2012,특정사안,모범사례 추천사항 확인점검,hwp
S01064,감사원,BAI,20120222_[특정사안]_국방부 피복류 사업체계 및 구매실태_1256.hwp,.hwp,375296,6d33c8767d21f4cb5c6761694f4bdfc35815c3d4bd3d3a540f60aab5fd4e2062,1256,2012,특정사안,국방부 피복류 사업체계 및 구매실태,hwp
S01065,감사원,BAI,20120224_[기관정기]_대한지적공사 기관운영감사_1257.hwp,.hwp,190976,2301eeccacac0f04b228c64ca346aea7ebbe9be4e8cdea41269bf19dd00cb6a1,1257,2012,기관정기,대한지적공사 기관운영감사,hwp
S01066,감사원,BAI,20120228_[특정사안]_행정중심복합도시 건설사업 추진실태_1258.hwp,.hwp,9353216,b6613c933ee697a6a66620c5f79e9313c4cff93c7364eadeaccf18113b456c85,1258,2012,특정사안,행정중심복합도시 건설사업 추진실태,hwp
S01067,감사원,BAI,20120229_[특정사안]_증권시장 운영 및 감독실태_1259.hwp,.hwp,482304,c348322abc04317ae4790fa49620b9ac823bfb282ccd0612f5fafd84d09f433e,1259,2012,특정사안,증권시장 운영 및 감독실태,hwp
S01068,감사원,BAI,20120302_[미분류]_도시지원시설용지 특혜 분양 의혹 관련 감사청구_1260.hwp,.hwp,43008,e40eb741bab079e58fc1e592ff6a8b9e455d03497d745eb635696999161eb382,1260,2012,미분류,도시지원시설용지 특혜 분양 의혹 관련 감사청구,hwp
S01069,감사원,BAI,20120306_[특정사안]_비위첩보 기동점검_1261.hwp,.hwp,107520,14f1fd8b6130db6d2fede4a1de5c5f4cc53c8f1c89deacfc5a65103aeb7aa75a,1261,2012,특정사안,비위첩보 기동점검,hwp
S01070,감사원,BAI,20120308_[특정사안]_교육분야 고위공직자 등 비리점검_1262.hwp,.hwp,118272,ee5b30ab83691095ec085b755422820aad0dd6d9c541e07108e0be731fd66f8e,1262,2012,특정사안,교육분야 고위공직자 등 비리점검,hwp
S01071,감사원,BAI,20120313_[특정사안]_경제인문사회연구회 및 소속 출연연구기관 운영실태_1264.hwp,.hwp,504832,e1b1dbc8cf520d77a21c05e768fc929fab6efb053804ec7bfa9c381ea06d1538,1264,2012,특정사안,경제인문사회연구회 및 소속 출연연구기관 운영실태,hwp
S01072,감사원,BAI,20120313_[특정사안]_민간자본보조사업 실태점검_1263.hwp,.hwp,186880,0a1b26c85a406a5b9951240597a868cc04923b470cbf184212bc5f39b962cc36,1263,2012,특정사안,민간자본보조사업 실태점검,hwp
S01073,감사원,BAI,20120315_[기관정기]_한국국제협력단 기관운영감사_1265.hwp,.hwp,286208,d345f7dc78e0665b13c211f364681735fa4062b67408f4c6a9db91ce54261b82,1265,2012,기관정기,한국국제협력단 기관운영감사,hwp
S01074,감사원,BAI,20120316_[특정사안]_하절기 복무기강 특별점검_1266.hwp,.hwp,271872,a58c434014bacb7eaf5faada2e571e8332ff4933d9d1b6fe38e22ba49bd09e39,1266,2012,특정사안,하절기 복무기강 특별점검,hwp
S01075,감사원,BAI,20120320_[특정사안]_고속국도 건설공사 집행 및 유지관리실태_1267.hwp,.hwp,779776,b1840f469fa7c2c88e1ddec488432f428d918d26fbeccd8010731bfd474be7f8,1267,2012,특정사안,고속국도 건설공사 집행 및 유지관리실태,hwp
S01076,감사원,BAI,20120321_[특정사안]_시도립대학 운영실태_1268.hwp,.hwp,480768,0f0f02ccf59293cec63fd4a888f59889bbbc471f93b9350f8bcec25efad1dbc8,1268,2012,특정사안,시도립대학 운영실태,hwp
S01077,감사원,BAI,20120322_[기관정기]_강원도 기관운영감사_1269.hwp,.hwp,467968,401967534505b810bd7224683855849cdb2276ccf7a765d4390273c1013405b2,1269,2012,기관정기,강원도 기관운영감사,hwp
S01078,감사원,BAI,20120323_[특정사안]_수입농식품 유통관리실태_1270.hwp,.hwp,194560,f6a634794ea1b8ca774eeee28b914368a379f021be35a768927947caed4ddd16,1270,2012,특정사안,수입농식품 유통관리실태,hwp
S01079,감사원,BAI,20120328_[특정사안]_폐자원 에너지화 사업 추진실태_1271.hwp,.hwp,265216,277fa707d0d119e49d93a874283432c58709dc6cfa26535d88f3d1904d4dce11,1271,2012,특정사안,폐자원 에너지화 사업 추진실태,hwp
S01080,감사원,BAI,20120330_[특정사안]_사회복지통합망 등 대국민서비스 정보시스템 구축 및 활용실태_1272.hwp,.hwp,1878528,9b4407d2870fe7bbbcbc6e96a14ca5ef5ed11d1c8897671a2dfe5d2665207c53,1272,2012,특정사안,사회복지통합망 등 대국민서비스 정보시스템 구축 및 활용실태,hwp
S01081,감사원,BAI,20120403_[특정사안]_지식경제부 산하 공공기관 회계관리 실태_1273.hwp,.hwp,401920,b672ac5a5938a1e4d6167acb1cc11f9cc61d8861bb8f60b7afdf2cb58588b797,1273,2012,특정사안,지식경제부 산하 공공기관 회계관리 실태,hwp
S01082,감사원,BAI,20120413_[특정사안]_해외자원개발 및 도입실태_1274_v1.hwp,.hwp,3926016,eb890e04420dfd9fc2e80d8aacbf3410e554282879bd557249fdfc4fa674a51c,1274,2012,특정사안,해외자원개발 및 도입실태,hwp
S01083,감사원,BAI,20120413_[특정사안]_해외자원개발 및 도입실태_1274_v2.hwp,.hwp,89600,26006477b8c30d5dfdf78caaa371e7cb71519378b4ae391bd27cacff4598b5b4,1274,2012,특정사안,해외자원개발 및 도입실태,hwp
S01084,감사원,BAI,20120418_[기관정기]_서울특별시 은평구 영등포구 기관운영감사_1276.hwp,.hwp,325120,b1e1362225be3180a4b14dbd615dc2322f8132717cb9c4ffd91210fadbec044f,1276,2012,기관정기,서울특별시 은평구 영등포구 기관운영감사,hwp
S01085,감사원,BAI,20120419_[기관정기]_대구광역시 및 달성군 기관운영감사_1277.hwp,.hwp,285184,0c219faf198c1a2186dee8fc18a68340e63c61eb8b41b6719db65acb93b5198c,1277,2012,기관정기,대구광역시 및 달성군 기관운영감사,hwp
S01086,감사원,BAI,20120424_[특정사안]_공직기강 특별점검_1278.hwp,.hwp,8103424,d5b06c8e8da8583cee3982021a537b65ad08f7d84a8dbfe0395e9f5236c1d54d,1278,2012,특정사안,공직기강 특별점검,hwp
S01087,감사원,BAI,20120425_[특정사안]_대형화재 대응 및 관리체계 구축실태_1279.hwp,.hwp,414208,3468fe73024dc68f373efa7ba1279bf6f2957199bc6b6d4f9fb5688f4896e4d8,1279,2012,특정사안,대형화재 대응 및 관리체계 구축실태,hwp
S01088,감사원,BAI,20120426_[미분류]_제주국제자유도시개발센터 기관운영감사_1280.hwp,.hwp,875008,8422af04e5441ffb90ea76e0cec12269269753e30ba8c600caec89e285f357ca,1280,2012,미분류,제주국제자유도시개발센터 기관운영감사,hwp
S01089,감사원,BAI,20120427_[특정사안]_KTX 운영 및 안전관리실태_1281_v1.hwp,.hwp,726016,10a1e00f9c7b14d1ff296cd6b9bf71cbdda919f28577cf7308c5f4cc76bdfade,1281,2012,특정사안,KTX 운영 및 안전관리실태,hwp
S01090,감사원,BAI,20120427_[특정사안]_KTX 운영 및 안전관리실태_1281_v2.hwp,.hwp,6924800,ec5f566f280f5d877a8665809c7a7e3fcacaa0e117441f7ea2ca9912e25a0cf8,1281,2012,특정사안,KTX 운영 및 안전관리실태,hwp
S01091,감사원,BAI,20120427_[특정사안]_KTX 운영 및 안전관리실태_1281_v3.hwp,.hwp,18034688,93f230e982b03f382fb58d1db167d3791665c7e3a0b60494671e67a79ec462e5,1281,2012,특정사안,KTX 운영 및 안전관리실태,hwp
S01092,감사원,BAI,20120427_[특정사안]_KTX 운영 및 안전관리실태_1281_v4.hwp,.hwp,10962432,13378773a82ab586d2f636ba1646b6ac24abd268abe7f7430c514d88f729db89,1281,2012,특정사안,KTX 운영 및 안전관리실태,hwp
S01093,감사원,BAI,20120430_[특정사안]_방산원가 분야 기동점검_1282.hwp,.hwp,645120,e39711f2e7127c9bb2a0056cb47f0557d93c650d85f802d8933336008e74c9b9,1282,2012,특정사안,방산원가 분야 기동점검,hwp
S01094,감사원,BAI,20120501_[미분류]_조세법령 및 예규통칙 운영실태_1283.hwp,.hwp,150016,92aca905b670f0789610e307a771d6d816dfc2b83ecd4db8bad9d0cc805fd414,1283,2012,미분류,조세법령 및 예규통칙 운영실태,hwp
S01095,감사원,BAI,20120502_[특정사안]_산업재해보상보험 집행실태_1284.hwp,.hwp,716288,e6ab09e0573cc9fd39a542e07a06c8a61b8e676e0181e7086a243ef6311e69b7,1284,2012,특정사안,산업재해보상보험 집행실태,hwp
S01096,감사원,BAI,20120502_[특정사안]_아시아문화중심도시 조성사업 추진실태_1285.hwp,.hwp,334336,a1b985277b7b1ca304495445e226fd752f8c17c10042e34bb3c472aaeb470c5e,1285,2012,특정사안,아시아문화중심도시 조성사업 추진실태,hwp
S01097,감사원,BAI,20120503_[특정사안]_보육지원시책 추진실태_1286.hwp,.hwp,3315712,48e2d19702d6478d4efd84f27342999ac024feb5cd15103a09f94205c6bdd2dc,1286,2012,특정사안,보육지원시책 추진실태,hwp
S01098,감사원,BAI,20120504_[특정사안]_자체감사기구 운영실태 점검_1287.hwp,.hwp,394752,9a8e31283f076065d639ff025573e15b813af4b3f66fd8037be6d557dd4b62ae,1287,2012,특정사안,자체감사기구 운영실태 점검,hwp
S01099,감사원,BAI,20120508_[기관정기]_통계청 기관운영감사_1288.hwp,.hwp,184832,8b7f1483fd40cd10a3ff0ae0472905419ea94a859b79952c6a647536c7c50896,1288,2012,기관정기,통계청 기관운영감사,hwp
S01100,감사원,BAI,20120509_[기관정기]_한국마사회 기관운영감사_1289.hwp,.hwp,215040,e2af09dd2369c2c53993ae2feacceccdb0f0b35201e00e7708a8e2a42eb12557,1289,2012,기관정기,한국마사회 기관운영감사,hwp
S01101,감사원,BAI,20120510_[특정사안]_정책금융기관 자회사 관리실태_1290.hwp,.hwp,564224,76e449593ee7db52537d9664da8c1a4c8cd1f4bf17efc468f07990802fc93c0b,1290,2012,특정사안,정책금융기관 자회사 관리실태,hwp
S01102,감사원,BAI,20120514_[미분류]_지방행정 취약분야 비리점검_1292_v1.hwp,.hwp,175616,6972ac91013c9b9f1af7692a66d4e208f435684cf0e70df922877d7c5657bfc2,1292,2012,미분류,지방행정 취약분야 비리점검,hwp
S01103,감사원,BAI,20120514_[미분류]_지방행정 취약분야 비리점검_1292_v2.hwp,.hwp,44544,a29b5e4c806f43a95b958990a27215a75ff4006f696f3a07f59181fb80b5ec54,1292,2012,미분류,지방행정 취약분야 비리점검,hwp
S01104,감사원,BAI,20120514_[특정사안]_지방 건설공사 계약제도 운용실태_1291.hwp,.hwp,438784,7eb608c604b5d9a9d166a60c938319a5ba309d4958b7710674b4360d7be417f8,1291,2012,특정사안,지방 건설공사 계약제도 운용실태,hwp
S01105,감사원,BAI,20120515_[특정사안]_불공정거래 조사처리실태_1293.hwp,.hwp,240640,248e7908dc4b961a854c8baa32b4ff51046c63c9c654f683c879edfec2847a37,1293,2012,특정사안,불공정거래 조사처리실태,hwp
S01106,감사원,BAI,20120517_[특정사안]_학교시설 확충 및 관리실태_1294_v1.hwp,.hwp,6991360,da9d6f485deb12963b6c7be09cb74d32aa87d992eac76f31a129c71ee01de6a7,1294,2012,특정사안,학교시설 확충 및 관리실태,hwp
S01107,감사원,BAI,20120517_[특정사안]_학교시설 확충 및 관리실태_1294_v2.hwp,.hwp,16007680,5927d0ae997e7fa3730fb067266220c56e04c53bbc6a58aaf19710ae98f3a2ab,1294,2012,특정사안,학교시설 확충 및 관리실태,hwp
S01108,감사원,BAI,20120517_[특정사안]_학교시설 확충 및 관리실태_1294_v3.hwp,.hwp,5327872,ccd81ea43738f29c91948676afb7149ac73624a34d722658e1e259b08a1feffe,1294,2012,특정사안,학교시설 확충 및 관리실태,hwp
S01109,감사원,BAI,20120522_[특정사안]_문화재 보수 및 정비사업 집행실태_1295.hwp,.hwp,755712,199c93d34d25b9162450e70d03ec0d302980bd5d0ab50eed3d914fad99548d6f,1295,2012,특정사안,문화재 보수 및 정비사업 집행실태,hwp
S01110,감사원,BAI,20120524_[성과]_건강보험 요양급여비용 관리실태_1296.hwp,.hwp,1925120,c32517539808f5ffb37e26a201e6269a0c4d9e1148ee557aed1e07579c0b3cb5,1296,2012,성과,건강보험 요양급여비용 관리실태,hwp
S01111,감사원,BAI,20120525_[특정사안]_고 안현태 전 대통령 경호실장의 국립묘지 안장 심의 의결 실태_1297.hwp,.hwp,74752,93dde7a8acb0846a0c4c42f2863d3f25c414e8f66390722251e4709fe6e8c9a6,1297,2012,특정사안,고 안현태 전 대통령 경호실장의 국립묘지 안장 심의 의결 실태,hwp
S01112,감사원,BAI,20120530_[특정사안]_도시지역 침수예방 및 복구사업 추진실태_1298.hwp,.hwp,37713408,8bcd0fe6ce075ba2e53b3cece1551a93301a9cf668dfd5dd01bdc6e33ad86e5b,1298,2012,특정사안,도시지역 침수예방 및 복구사업 추진실태,hwp
S01113,감사원,BAI,20120531_[국민제안]_2011회계연도 결산검사(2)_1300_v1.hwp,.hwp,152064,4452443a6326c68a1829764ed96f6b4d9c54c237c480402554d4684cf7d43215,1300,2012,국민제안,2011회계연도 결산검사(2),hwp
S01114,감사원,BAI,20120531_[국민제안]_2011회계연도 결산검사(2)_1300_v2.hwp,.hwp,145920,f6c492cdb2e1428d68764b9cebb886df847fb3fb2afb2571a526cc272360603b,1300,2012,국민제안,2011회계연도 결산검사(2),hwp
S01115,감사원,BAI,20120531_[국민제안]_2011회계연도 결산검사(2)_1300_v3.hwp,.hwp,131584,855e1384486d164a45eebbcb3e16431cc25c8d2c3dc8de8c801ed9968b6f888b,1300,2012,국민제안,2011회계연도 결산검사(2),hwp
S01116,감사원,BAI,20120531_[국민제안]_2011회계연도 결산검사(2)_1300_v4.hwp,.hwp,93696,cb944c2ad3b277cd7f4f556cafdef7add95507c3e2a6d82712f8a3d470822684,1300,2012,국민제안,2011회계연도 결산검사(2),hwp
S01117,감사원,BAI,20120531_[국민제안]_2011회계연도 결산검사(2)_1300_v5.hwp,.hwp,99840,e709445f0ee48c656df7d3d9c4fc12030e7e6972ad33662c4dcdbd8c3d0456d2,1300,2012,국민제안,2011회계연도 결산검사(2),hwp
S01118,감사원,BAI,20120531_[국민제안]_2011회계연도 결산검사(2)_1300_v6.hwp,.hwp,318464,361ba917df1835e17bc867800a77d9f44409182381f49128cfc96e5cb8253e55,1300,2012,국민제안,2011회계연도 결산검사(2),hwp
S01119,감사원,BAI,20120531_[국민제안]_2011회계연도 결산검사(2)_1300_v7.hwp,.hwp,114688,c581c901e6110c2606180ba2064f9ef158043982bda8cdd055e2d5a7576466f6,1300,2012,국민제안,2011회계연도 결산검사(2),hwp
S01120,감사원,BAI,20120531_[국민제안]_2011회계연도 결산검사(2)_1300_v8.hwp,.hwp,46080,0fe2c30ddcaaa329af88efe5aef496f183fe7b776af7272dd960702b6d6949f3,1300,2012,국민제안,2011회계연도 결산검사(2),hwp
S01121,감사원,BAI,20120531_[국민제안]_2011회계연도 결산검사(2)_1300_v9.hwp,.hwp,146432,2097c5f65370904ab8a7814b70dfd4295aa85d464818e19284c5896dd4636c82,1300,2012,국민제안,2011회계연도 결산검사(2),hwp
S01122,감사원,BAI,20120531_[재무]_2011회계연도 결산검사(3)_1301_v1.hwp,.hwp,763904,61c019512f6bb1a7127f401f8b6c59e6a9f0136b3e4c778e0aef4969526d1d16,1301,2012,재무,2011회계연도 결산검사(3),hwp
S01123,감사원,BAI,20120531_[재무]_2011회계연도 결산검사(3)_1301_v2.hwp,.hwp,104448,d1ab415304c5bcf962106f3916e4abcb1541d6cd8dc622932d83fe241cca0d53,1301,2012,재무,2011회계연도 결산검사(3),hwp
S01124,감사원,BAI,20120531_[재무]_2011회계연도 결산검사(3)_1301_v3.hwp,.hwp,69120,cc382d0fdfd2afd0ae218a995d29e85eeac5fbfcc7ce9e53268a9410b40f6e33,1301,2012,재무,2011회계연도 결산검사(3),hwp
S01125,감사원,BAI,20120531_[재무]_2011회계연도 결산검사(3)_1301_v4.hwp,.hwp,97792,0186c8bd5ea8a5549d3b9ca16dec1e55d92c3882ac2d6371e45378beb9d50da0,1301,2012,재무,2011회계연도 결산검사(3),hwp
S01126,감사원,BAI,20120531_[재무]_2011회계연도 결산검사(3)_1301_v5.hwp,.hwp,177152,b3a814139d7acc37bf86da552b5c1c6dec67a3dc73af00794b98cbc163287ecd,1301,2012,재무,2011회계연도 결산검사(3),hwp
S01127,감사원,BAI,20120531_[재무]_2011회계연도 결산검사(3)_1301_v6.hwp,.hwp,244736,0c856860db88d098e4c174ded1fef0ce61e0630101757703e92b0798cc428709,1301,2012,재무,2011회계연도 결산검사(3),hwp
S01128,감사원,BAI,20120531_[재무]_2011회계연도 결산검사(3)_1301_v7.hwp,.hwp,91648,02b8bb3b523cc00ea8405c7f02448c1adad4d8c99d3f9a0c07e61afb137ed845,1301,2012,재무,2011회계연도 결산검사(3),hwp
S01129,감사원,BAI,20120531_[특정사안]_2011회계연도 결산검사(1)_1299_v1.hwp,.hwp,81920,38f9892def33ef126f49d8c9fc288c0631013248fbea7654f32086dafdd79596,1299,2012,특정사안,2011회계연도 결산검사(1),hwp
S01130,감사원,BAI,20120531_[특정사안]_2011회계연도 결산검사(1)_1299_v2.hwp,.hwp,61952,cdc2aadf0fd78eb9367cd42270149fddf8ecccc041c93c45c7853a496cf7bc5b,1299,2012,특정사안,2011회계연도 결산검사(1),hwp
S01131,감사원,BAI,20120531_[특정사안]_2011회계연도 결산검사(1)_1299_v3.hwp,.hwp,190976,ca446d78ed0d3b3fb1c3843c7dade1638878ed244383fd6ac2a62f410aea785c,1299,2012,특정사안,2011회계연도 결산검사(1),hwp
S01132,감사원,BAI,20120531_[특정사안]_2011회계연도 결산검사(1)_1299_v4.hwp,.hwp,59904,88a28c80f4f22b4a076924325bb7f10547ad06706833f688824a12e44974bf90,1299,2012,특정사안,2011회계연도 결산검사(1),hwp
S01133,감사원,BAI,20120531_[특정사안]_2011회계연도 결산검사(1)_1299_v5.hwp,.hwp,85504,f41ea0207ed7156c61bc8f967499f26ed1302cad2241f555e60aa1c145790a6d,1299,2012,특정사안,2011회계연도 결산검사(1),hwp
S01134,감사원,BAI,20120531_[특정사안]_2011회계연도 결산검사(1)_1299_v6.hwp,.hwp,149504,e4e26f89335964c38ea802950c4460dd72486e9a760bbac9765519bece2d917f,1299,2012,특정사안,2011회계연도 결산검사(1),hwp
S01135,감사원,BAI,20120531_[특정사안]_2011회계연도 결산검사(1)_1299_v7.hwp,.hwp,132608,a66974bb21309eac7e9b59bccca00161fd76339fafdf4c2bed4bd376881b9f31,1299,2012,특정사안,2011회계연도 결산검사(1),hwp
S01136,감사원,BAI,20120531_[특정사안]_2011회계연도 결산검사(1)_1299_v8.hwp,.hwp,177664,21fed79aab7e56d62ff2d4fca2ce97dd0a0890cbd29c1f27830bb188a00612ae,1299,2012,특정사안,2011회계연도 결산검사(1),hwp
S01137,감사원,BAI,20120531_[특정사안]_2011회계연도 결산검사(1)_1299_v9.hwp,.hwp,181760,6e1436d72214f75155411b6e4d36255d3f0d57fb722edd620ce2495c5c614963,1299,2012,특정사안,2011회계연도 결산검사(1),hwp
S01138,감사원,BAI,20120601_[특정사안]_세무조사 운영실태_1302.hwp,.hwp,690176,4cf1846e449693e6588d414232d292d3b8d5f468701bd300802306b9b3946cc3,1302,2012,특정사안,세무조사 운영실태,hwp
S01139,감사원,BAI,20120605_[기관정기]_중소기업청 기관운영감사_1303.hwp,.hwp,293888,13edfb2360ec4fda4ac8e151d91abf0f3e07775fa4c5c87b44135cbc151d6070,1303,2012,기관정기,중소기업청 기관운영감사,hwp
S01140,감사원,BAI,20120605_[미분류]_유성구의회 부당한 해외연수실시 관련 감사청구_1305.hwp,.hwp,38912,0b22ea3145ace477bb6e69e2d87b7738b3f23355630975fedd19a1de0c8f4066,1305,2012,미분류,유성구의회 부당한 해외연수실시 관련 감사청구,hwp
S01141,감사원,BAI,20120605_[특정사안]_친환경 농업단지 조성사업관련 감사청구_1304.hwp,.hwp,36864,af436447db56669b3fb2e8a40f8f9f0e2b5f9995e4b9b29234462740a07a29d2,1304,2012,특정사안,친환경 농업단지 조성사업관련 감사청구,hwp
S01142,감사원,BAI,"20120607_[특정사안]_취약분야 공직자 비리점검, 교육비리 등 특별점검_1306_v1.hwp",.hwp,192000,f34bc28f3f2f286bf52896a2806c0ae2c2ae4321957f1822780e4333eab6ebc6,1306,2012,특정사안,"취약분야 공직자 비리점검, 교육비리 등 특별점검",hwp
S01143,감사원,BAI,"20120607_[특정사안]_취약분야 공직자 비리점검, 교육비리 등 특별점검_1306_v2.hwp",.hwp,184320,7ee54d3af8bbdc96d8cb8890bfd0366222628ec23f3f1cf83d1a0cefd111a344,1306,2012,특정사안,"취약분야 공직자 비리점검, 교육비리 등 특별점검",hwp
S01144,감사원,BAI,"20120607_[특정사안]_취약분야 공직자 비리점검, 교육비리 등 특별점검_1306_v3.hwp",.hwp,56320,48fd7271ea2ce56cf7b9e132a20f68bc1b17c131a45e6d389cc340cb00902df2,1306,2012,특정사안,"취약분야 공직자 비리점검, 교육비리 등 특별점검",hwp
S01145,감사원,BAI,20120608_[기관정기]_부산지방해양항만청 기관운영감사_1307.hwp,.hwp,674816,cbd41043908800d05a838f8cf8d32cd27a9cef203b847aed76e0b6bb44bec240,1307,2012,기관정기,부산지방해양항만청 기관운영감사,hwp
S01146,감사원,BAI,20120611_[기관정기]_서울 원주지방국토관리청 기관운영감사_1308.hwp,.hwp,645632,00d54a33693fdb6e0262e705b7a4326c9f305b85bde95319ed784e36f5c6ec43,1308,2012,기관정기,서울 원주지방국토관리청 기관운영감사,hwp
S01147,감사원,BAI,20120612_[특정사안]_공적자금 지원 금융기관 경영관리실태_1309.hwp,.hwp,473600,5a0b78744dd3c537d751b412f7506e516c0d10f709262e235254f351b6bdc4ec,1309,2012,특정사안,공적자금 지원 금융기관 경영관리실태,hwp
S01148,감사원,BAI,20120614_[기관정기]_보건복지부 기관운영감사_1311.hwp,.hwp,1393152,684c4de07f4fce1e9280752b22979b14e4ff8e853d0cfae5716d46d90fde094e,1311,2012,기관정기,보건복지부 기관운영감사,hwp
S01149,감사원,BAI,20120614_[특정사안]_방산비리 기동점검_1310.hwp,.hwp,126464,c3f4b5ec694e9d9085f5431253f4de4404a40fc80646704fe39c1d43935ece30,1310,2012,특정사안,방산비리 기동점검,hwp
S01150,감사원,BAI,20120615_[기관정기]_전라남도 기관운영 감사_1312.hwp,.hwp,616448,93a1496638c6d5eab1784943102e4f34b7a573618d8718aa59c7882a9ef0cbfc,1312,2012,기관정기,전라남도 기관운영 감사,hwp
S01151,감사원,BAI,20120619_[미분류]_인천항만공사의 예산낭비 관련 감사청구_1314.hwp,.hwp,52736,54a6d2915dc0011d329ae82055558f6ef2f95de664e0348b94e078b5693d8948,1314,2012,미분류,인천항만공사의 예산낭비 관련 감사청구,hwp
S01152,감사원,BAI,20120619_[특정사안]_산업기술분야 정부출연 연구기관 운영실태_1313.hwp,.hwp,468480,6b094c78089973682dccf8b9331c7a8e28e369c4176c70c61ec15d0c38efaf61,1313,2012,특정사안,산업기술분야 정부출연 연구기관 운영실태,hwp
S01153,감사원,BAI,20120620_[특정사안]_공공기관 등 공직자 이권개입 비리점검_1315.hwp,.hwp,162816,a05dda70460cbb261e912619b65e9215b2aef78af431d87eaf218af89db9d98c,1315,2012,특정사안,공공기관 등 공직자 이권개입 비리점검,hwp
S01154,감사원,BAI,20120621_[특정사안]_병역비리 근절대책 추진실태_1316.hwp,.hwp,203776,60c7b7cd607563103b03bde7d0d3a90268f011a7b105cdf29aa1d0fe0acd482a,1316,2012,특정사안,병역비리 근절대책 추진실태,hwp
S01155,감사원,BAI,20120622_[기관정기]_한국환경공단 기관운영감사_1317.hwp,.hwp,329216,e6f17297c251c5939095e37777bc8abac08b99865c2b1eb10360e2c94e7cab9d,1317,2012,기관정기,한국환경공단 기관운영감사,hwp
S01156,감사원,BAI,20120622_[미분류]_전원주택단지 원룸허가 관련 감사청구_1318.hwp,.hwp,47616,9e99099e2cd14484d6651a9506bf99579eea68b8fc9f02525cc9ca87c4c43af2,1318,2012,미분류,전원주택단지 원룸허가 관련 감사청구,hwp
S01157,감사원,BAI,20120625_[기타손망실]_임차보증금 망실 관련 변상판정_1319.hwp,.hwp,54784,1e59b854b29fd89e4b9e20b398d4173ea45e0acbf5e87e0fd755d44005c59233,1319,2012,기타손망실,임차보증금 망실 관련 변상판정,hwp
S01158,감사원,BAI,20120625_[미분류]_두륜산 도립공원 축구장 부실공사 관련 감사청구_1320.hwp,.hwp,38400,de2a6c0fb7e49e882e8fff9e6fcfdac514babafb8a7102f9219e070974a49f94,1320,2012,미분류,두륜산 도립공원 축구장 부실공사 관련 감사청구,hwp
S01159,감사원,BAI,20120627_[기관정기]_인천국제공항공사 기관운영감사_1322.hwp,.hwp,1862144,f269103de7cb522677d943acb1ecb94bf38bb3db629c0ddd38c271b4ea1e7383,1322,2012,기관정기,인천국제공항공사 기관운영감사,hwp
S01160,감사원,BAI,20120627_[기관정기]_한국관광공사 기관운영감사_1321.hwp,.hwp,219136,ddd50cf4e003c530a09268c2c0794782bed842bc25671d5fd151d51e5eac2c2f,1321,2012,기관정기,한국관광공사 기관운영감사,hwp
S01161,감사원,BAI,20120628_[기관정기]_한국가스공사 기관운영감사_1323.hwp,.hwp,103424,0fad0604b1990bee6d46645a0ae00b074671cb85c5540765dbb51b7946241496,1323,2012,기관정기,한국가스공사 기관운영감사,hwp
S01162,감사원,BAI,20120628_[미분류]_가력도 선착장 점사용 허가 등 관련 감사청구_1324.hwp,.hwp,38912,da5cf1ea3fa79f85aee18445a43c0a27646544311f5283a1ea04d335a77dbc78,1324,2012,미분류,가력도 선착장 점사용 허가 등 관련 감사청구,hwp
S01163,감사원,BAI,20120629_[특정사안]_농업경쟁력 강화사업 추진실태_1325.hwp,.hwp,2641920,cf9e451b5d16440a3b58d8c21821baeea9aab31c6963cd30b21c965f5fa6972d,1325,2012,특정사안,농업경쟁력 강화사업 추진실태,hwp
S01164,감사원,BAI,20120702_[특정사안]_농수산식품유통공사 재무감사_1326.hwp,.hwp,275968,ef168b30fb3133eff79ad6978465000822778f037dfbdad42dcd97b7078feacc,1326,2012,특정사안,농수산식품유통공사 재무감사,hwp
S01165,감사원,BAI,20120704_[특정사안]_전시 관광 등 시설사업 추진실태_1327.hwp,.hwp,7801344,a45c9058db814ba60c67c29d7f3a017e26e7795b66b1d83c21b5008235ff7f51,1327,2012,특정사안,전시 관광 등 시설사업 추진실태,hwp
S01166,감사원,BAI,20120705_[특정사안]_사회복지시설 후원금 등 관리실태_1328.hwp,.hwp,239616,e5790daa63c84aacae137f3eb4f720b627a120dfe0bd5e5d236ccd650bd04c7f,1328,2012,특정사안,사회복지시설 후원금 등 관리실태,hwp
S01167,감사원,BAI,20120706_[기관정기]_한국지역난방공사 및 대한석탄공사 기관운영감사_1329.hwp,.hwp,547840,b07669f724317d60e982959b85b1a6a4803524cbdea03439837a50195cc94d6a,1329,2012,기관정기,한국지역난방공사 및 대한석탄공사 기관운영감사,hwp
S01168,감사원,BAI,20120709_[기관정기]_국토해양부 기관운영감사_1330.hwp,.hwp,628224,53edbedd19c977237a3db89d2e514ed9e9e38a6ffd6ce831f5ec1935147faa25,1330,2012,기관정기,국토해양부 기관운영감사,hwp
S01169,감사원,BAI,20120711_[기관정기]_울산 부산광역시 기관운영감사_1331.hwp,.hwp,2247680,9769df13701370d1de3419b401ba2bb5f5dd6400b4ca3b2825386bf88fd7240b,1331,2012,기관정기,울산 부산광역시 기관운영감사,hwp
S01170,감사원,BAI,20120713_[성과]_기금의 자산운용 등 평가실태_1332.hwp,.hwp,783360,ca7576f5a649c239c4b92c1140bd475eb63ce1643e5c3f73e3d8e856f85fa566,1332,2012,성과,기금의 자산운용 등 평가실태,hwp
S01171,감사원,BAI,20120717_[기관정기]_충청북도교육청 기관운영감사_1333.hwp,.hwp,335872,3b06cbc24dece18cbab731aaae8fd35e2a18b3601b9f24959f8056d7a92dc4cd,1333,2012,기관정기,충청북도교육청 기관운영감사,hwp
S01172,감사원,BAI,20120719_[특정사안]_경제자유구역 개발사업 추진실태_1334.hwp,.hwp,273408,93777b863188512bf13fd0425b4b767bf00e60af5c6eb59ce0a3a2bcc6199902,1334,2012,특정사안,경제자유구역 개발사업 추진실태,hwp
S01173,감사원,BAI,20120723_[특정사안]_금융권역별 감독실태_1335_v1.hwp,.hwp,145920,694b30760950736a07eafda9c878c98302bdc6eca5500ab6073c8460ea836fba,1335,2012,특정사안,금융권역별 감독실태,hwp
S01174,감사원,BAI,20120723_[특정사안]_금융권역별 감독실태_1335_v2.hwp,.hwp,707072,62a0f81714fee911c18cccb6fdca6773df506a726294a30923c3fb95098f9a3c,1335,2012,특정사안,금융권역별 감독실태,hwp
S01175,감사원,BAI,20120723_[특정사안]_금융권역별 감독실태_1335_v3.hwp,.hwp,743936,312e8e4523f8665e121855dda4eb9b93c1d6dc8c15a4d77d35d1077e18973e56,1335,2012,특정사안,금융권역별 감독실태,hwp
S01176,감사원,BAI,20120727_[특정사안]_전문직업인 양성 지원실태_1336.hwp,.hwp,967168,8c56eb443ff1b90f7ddd4e10b26cbca9622480c32fabe92ec96c85086cab0c25,1336,2012,특정사안,전문직업인 양성 지원실태,hwp
S01177,감사원,BAI,20120731_[기관정기]_한국주택금융공사 기관운영감사_1337.hwp,.hwp,294912,15e9e37eac990a0a1cc4bf57ad4d15f591d31dc3cbf6f8a4e93895085234c93f,1337,2012,기관정기,한국주택금융공사 기관운영감사,hwp
S01178,감사원,BAI,20120803_[기관정기]_서울특별시 기관운영감사_1338.hwp,.hwp,253952,cbce1c816acc5d9c48c7f382018f27a1fbdbea6245ccb057d538b02afb1b3730,1338,2012,기관정기,서울특별시 기관운영감사,hwp
S01179,감사원,BAI,20120807_[기관정기]_서울지방국세청 기관운영감사_1339.hwp,.hwp,342528,ec80bcc74aa0f070e2d00cc2ca4a391ea5a8b96703f4b923b4327c0cc246a990,1339,2012,기관정기,서울지방국세청 기관운영감사,hwp
S01180,감사원,BAI,20120810_[미분류]_토지관련 인허가 등 실태점검_1340.hwp,.hwp,806912,cd9743af9c4814f357f61e17a6cb553991ab3c1dd5bad6a082b42a7c55831bc0,1340,2012,미분류,토지관련 인허가 등 실태점검,hwp
S01181,감사원,BAI,20120813_[특정사안]_경남지역 건설사업 집행실태_1341.hwp,.hwp,274432,22dad165911a92804512244ac85acd7c777c5d5f18914de33e5bb10728954223,1341,2012,특정사안,경남지역 건설사업 집행실태,hwp
S01182,감사원,BAI,20120817_[기관정기]_인천광역시·남동구 기관운영감사_1342.hwp,.hwp,167936,df41d9029aaffe61e36ff0bd802239f9da8d436c9ce58c849fe4e39985ee69f6,1342,2012,기관정기,인천광역시·남동구 기관운영감사,hwp
S01183,감사원,BAI,20120821_[특정사안]_공무원연금 및 사학연금 운용실태_1343.hwp,.hwp,773632,ca578073a140926ee8c68fde923bfb22a3f2ce0f3f2d302c8b31cb81790db43d,1343,2012,특정사안,공무원연금 및 사학연금 운용실태,hwp
S01184,감사원,BAI,20120824_[특정사안]_군수품(비무기) 조달 및 관리실태_1344.hwp,.hwp,466944,700c51e6962db0e82bc5c87a27a19906e939f747caf470338e8b089af95f6fe5,1344,2012,특정사안,군수품(비무기) 조달 및 관리실태,hwp
S01185,감사원,BAI,20120829_[특정사안]_교육분야 산학협력 추진실태_1345.hwp,.hwp,605696,aafb1e54ac858d1eced40000724f497ebcf6c58b1dcd68d48129958704b5dc84,1345,2012,특정사안,교육분야 산학협력 추진실태,hwp
S01186,감사원,BAI,20120831_[기관정기]_부산지방국세청 기관운영감사_1346.hwp,.hwp,113664,1e952e4f17e37c7747a3239d903850247f57bb5b41abc21696c89033c98435ec,1346,2012,기관정기,부산지방국세청 기관운영감사,hwp
S01187,감사원,BAI,20120904_[기관정기]_국가과학기술위원회 원자력안전위원회기관운영감사_1347.hwp,.hwp,94208,8cbc2e6aa3ca9e7684b05119440a1ffc1d2de69d8336bfaaf23dbdcae081af10,1347,2012,기관정기,국가과학기술위원회 원자력안전위원회기관운영감사,hwp
S01188,감사원,BAI,20120906_[기관정기]_방위사업청 기관운영감사_1348.hwp,.hwp,364544,5287cceb53cb1297f9f0b04fd2b11abfec51cf500b598ee6a432525635b847ff,1348,2012,기관정기,방위사업청 기관운영감사,hwp
S01189,감사원,BAI,20120910_[미분류]_은평뉴타운 종교용지 특혜분양 등 관련 감사청구_1349.hwp,.hwp,44544,5c06a86bb50f99f85c6e323a354f73d4bb8b84418083fec021905e72ceb00958,1349,2012,미분류,은평뉴타운 종교용지 특혜분양 등 관련 감사청구,hwp
S01190,감사원,BAI,20120910_[미분류]_의왕시 노인복지관 위법 운영 관련 감사청구_1350.hwp,.hwp,33280,8bfca8d2d7cfa05da1586b4ed329009db7b6b63603710a187335751c52e1c970,1350,2012,미분류,의왕시 노인복지관 위법 운영 관련 감사청구,hwp
S01191,감사원,BAI,20120912_[특정사안]_취약시기 공직기강 특별점검_1351.hwp,.hwp,323584,738a4cefc4cfea4c4f15a94979de1f704226244250a51bc4d30cc10ff9f6be1c,1351,2012,특정사안,취약시기 공직기강 특별점검,hwp
S01192,감사원,BAI,20120919_[특정사안]_경기지역 도로하천 등 건설사업 추진실태_1352.hwp,.hwp,4096000,8a57ae582c07659cb009f0691e6007acfe298fcca1641778022888bc974bef92,1352,2012,특정사안,경기지역 도로하천 등 건설사업 추진실태,hwp
S01193,감사원,BAI,20120921_[미분류]_홍성군 브랜드택시 보조금사업 관련 감사청구_1354.hwp,.hwp,46080,884413c8c147414e979dd02a5c8130bf7401c953610b591fe3be074bb7c8abde,1354,2012,미분류,홍성군 브랜드택시 보조금사업 관련 감사청구,hwp
S01194,감사원,BAI,20120921_[특정사안]_용인시 주민센터 건립 관련 감사청구_1353.hwp,.hwp,38912,e36cbcd700156fd55cb54331e5e4ed29104749949cab8c4694d0eff18373e4fe,1353,2012,특정사안,용인시 주민센터 건립 관련 감사청구,hwp
S01195,감사원,BAI,20120925_[기타손망실]_소득세 및 보험료 횡령 관련 변상판정 청구사항_1356.hwp,.hwp,85504,1a878f0077f7a38aabe09d7d7ffd8b3727aec5c704acb620298f1f5ab83f4840,1356,2012,기타손망실,소득세 및 보험료 횡령 관련 변상판정 청구사항,hwp
S01196,감사원,BAI,20120925_[미분류]_구상금 결정업무 태만관련 변상판정 청구사항_1355.hwp,.hwp,116224,5539a304522b1c67a482f1bb15e93eaf8a80d47774df7bba9b35e4c4204430d4,1355,2012,미분류,구상금 결정업무 태만관련 변상판정 청구사항,hwp
S01197,감사원,BAI,20120926_[특정사안]_무기체계 유지보수 실태_1357.hwp,.hwp,867328,c23c21373d5b90c10b6759ede92c7898461ace5543008f492f8e2c9b417a48f6,1357,2012,특정사안,무기체계 유지보수 실태,hwp
S01198,감사원,BAI,20121010_[미분류]_흥덕 OO아파트 실내소음도 관련 감사청구_1358.hwp,.hwp,43520,0208e361120fc3ee0ea86a7a722ec27659fc71248893026407d2ecb447902c40,1358,2012,미분류,흥덕 OO아파트 실내소음도 관련 감사청구,hwp
S01199,감사원,BAI,20121017_[특정사안]_공공기관 대형건설공사 추진실태_1359.hwp,.hwp,539136,31f8a18654025af990326aa26a8d40af385a9c71ff470c81c7aec19287c50947,1359,2012,특정사안,공공기관 대형건설공사 추진실태,hwp
S01200,감사원,BAI,20121019_[성과]_건강보험 약제 관리실태_1360.hwp,.hwp,2052608,dc160d569ab8b51e0c4fbebe7e8be68754c7d9ab018b1e180c0413d6fc6f3d93,1360,2012,성과,건강보험 약제 관리실태,hwp
S01201,감사원,BAI,"20121024_[재무]_해양환경관리공단, 한국해양수산연수원 기관운영감사_1361.hwp",.hwp,316416,07d46514e6dfad1ea1f63329fdc64462c52d0c37ff0200e71592d3587ca95795,1361,2012,재무,"해양환경관리공단, 한국해양수산연수원 기관운영감사",hwp
S01202,감사원,BAI,20121026_[특정사안]_울산시 남구 생활폐기물 수집운반 대행계약 관련 감사청구_1362.hwp,.hwp,33792,25c543d7d6d147b68c4b123ec12183850b97f1c3bc7a194028cfdff5e150d250,1362,2012,특정사안,울산시 남구 생활폐기물 수집운반 대행계약 관련 감사청구,hwp
S01203,감사원,BAI,20121031_[특정사안]_행정기관 등의 위법 부당한 민원업무 처리실태_1363.hwp,.hwp,291840,d0e1c4f9c68877ac85fd4fbe6a728e8eebe92ef43431bbdc10b883d931e40ea8,1363,2012,특정사안,행정기관 등의 위법 부당한 민원업무 처리실태,hwp
S01204,감사원,BAI,20121101_[특정사안]_부산대학교 OO회관 건립운영 관련 공익감사청구_1364.hwp,.hwp,135680,43ff3647d28db563e111253f49612a03f0efdd2e8317d9a956211f2b2c296824,1364,2012,특정사안,부산대학교 OO회관 건립운영 관련 공익감사청구,hwp
S01205,감사원,BAI,20121101_[특정사안]_서울특별시교육감 관련 공익감사청구_1365.hwp,.hwp,49664,0e855cb6cdb1d34e33415d1d764bb190f47a389190e25653186078cf2c0365db,1365,2012,특정사안,서울특별시교육감 관련 공익감사청구,hwp
S01206,감사원,BAI,20121112_[특정사안]_지방교육행정 운영실태(주요사업)_1366.hwp,.hwp,1853952,7f5c97cb336cf625d8b1e19130de533213558fce6975db10a869d7cd4d2c5cac,1366,2012,특정사안,지방교육행정 운영실태(주요사업),hwp
S01207,감사원,BAI,20121113_[특정사안]_GGGI정부지원예산의 회계집행에 대한 감사_1367.hwp,.hwp,252928,aa8de02f8dc57cff835f4eda2265cf45be886ccf36c97926cbb942073a465167,1367,2012,특정사안,GGGI정부지원예산의 회계집행에 대한 감사,hwp
S01208,감사원,BAI,20121116_[특정사안]_재외공관 및 해외사무소 운영실태_1368.hwp,.hwp,644608,42176d871d0f263875df8e4657765d22ac743b8ec408a5479958c5825ce8ecc9,1368,2012,특정사안,재외공관 및 해외사무소 운영실태,hwp
S01209,감사원,BAI,20121119_[특정사안]_재산제세 과세실태_1369.hwp,.hwp,169472,5d6577c9d98ed6df11f626970372b3ee0915001173e8a912528ac7bd85e32846,1369,2012,특정사안,재산제세 과세실태,hwp
S01210,감사원,BAI,20121121_[특정사안]_부정불량식품 유통관리실태_1370_v1.hwp,.hwp,279552,87a807905f5d5f7722a9b7dd625479bbc6aaa3eb0a5175e11aa0bf416af73289,1370,2012,특정사안,부정불량식품 유통관리실태,hwp
S01211,감사원,BAI,20121121_[특정사안]_부정불량식품 유통관리실태_1370_v2.hwp,.hwp,36352,f8ddd0c0c7386c4b378c27bae483be92b6aa1738e07effaea097885321ef1363,1370,2012,특정사안,부정불량식품 유통관리실태,hwp
S01212,감사원,BAI,20121127_[미분류]_고양 원흥지구 강매역 건설 적정성 관련 감사청구_1372.hwp,.hwp,56832,9131345f8bb8ff90dbc48fcae98a7a6d2c06b1cfe208873641c92e509353cc69,1372,2012,미분류,고양 원흥지구 강매역 건설 적정성 관련 감사청구,hwp
S01213,감사원,BAI,20121127_[특정사안]_인천 동구 새마을회관 부당사용 감독 관련 감사청구_1371.hwp,.hwp,34304,3d88cdc80f9ced2bfff6c47309ae9fccf820f42359b812130f3643f6cf9d9355,1371,2012,특정사안,인천 동구 새마을회관 부당사용 감독 관련 감사청구,hwp
S01214,감사원,BAI,20121129_[특정사안]_중소기업 금융지원실태_1373.hwp,.hwp,963072,9442115024afcc1662007e711ef64421daada7a5bcec958ae2b5506c8558e336,1373,2012,특정사안,중소기업 금융지원실태,hwp
S01215,감사원,BAI,20121130_[특정사안]_주요 재정사업 예산운용실태_1374.hwp,.hwp,17551360,9bdd279bb526bf5686f4fb9ac2bba4fd9747178a1a6e6d4df5fee02c1821abd4,1374,2012,특정사안,주요 재정사업 예산운용실태,hwp
S01216,감사원,BAI,20121205_[특정사안]_국가핵심기반시설 위기관리실태_1375.hwp,.hwp,14117888,74cb73350e2a53d80fb2fa24594b0f93ed93fa20a215a9063ea092581da9a45b,1375,2012,특정사안,국가핵심기반시설 위기관리실태,hwp
S01217,감사원,BAI,20121207_[기관정기]_한국은행 기관운영감사_1376.hwp,.hwp,137728,d66769771f588a764e6080e376be32ef471d6eb2997d029c10db7bb849a7739e,1376,2012,기관정기,한국은행 기관운영감사,hwp
S01218,감사원,BAI,20121211_[성과]_복지사업 현장실태 종합점검_1377.hwp,.hwp,1785856,0c92c9b11665521f0544df5389abdb595dedce171fdd4ef486e4ab2747d8b2ed,1377,2012,성과,복지사업 현장실태 종합점검,hwp
S01219,감사원,BAI,20121213_[특정사안]_지방교육행정 운영실태(회계집행 및 지도감독분야)_1378.hwp,.hwp,548352,8f7bc630a5098f052f83b021f9a1462054656324f84b0f76c2f4455d06b98b02,1378,2012,특정사안,지방교육행정 운영실태(회계집행 및 지도감독분야),hwp
S01220,감사원,BAI,20121214_[미분류]_(주)하이원 엔터테인먼트 손망실 통보사항 서면감사_1379.hwp,.hwp,90112,daada77f172a9e1d4ea7e4fab38231fd097de8872c41bfe28316320faa6222c9,1379,2012,미분류,(주)하이원 엔터테인먼트 손망실 통보사항 서면감사,hwp
S01221,감사원,BAI,20121214_[특정사안]_공동도급제도 운용실태_1380.hwp,.hwp,1214976,9aa03eb8a22c7cbbaaeb1ba93552e4a41048a4ee826153fe9d5d8e25d97abc54,1380,2012,특정사안,공동도급제도 운용실태,hwp
S01222,감사원,BAI,20121227_[특정사안]_한국전력공사 등 11개 기관 계약관리실태_1381_v1.hwp,.hwp,323072,baa78942518f88839b73e51e08b1ae4df63b3c876c43db8feae3a53378e7fb8a,1381,2012,특정사안,한국전력공사 등 11개 기관 계약관리실태,hwp
S01223,감사원,BAI,20121227_[특정사안]_한국전력공사 등 11개 기관 계약관리실태_1381_v2.hwp,.hwp,364032,3e327ba1b987fbbcadfdafb144784cd881942c06da384a3fcfac07ef93ba066e,1381,2012,특정사안,한국전력공사 등 11개 기관 계약관리실태,hwp
S01224,감사원,BAI,20121227_[특정사안]_한국전력공사 등 11개 기관 계약관리실태_1381_v3.hwp,.hwp,169984,1fadd6796b7800e53928c0b4f64ca52211f56843c21ebaaf1d9eaeafe4c35e4a,1381,2012,특정사안,한국전력공사 등 11개 기관 계약관리실태,hwp
S01225,감사원,BAI,20121227_[특정사안]_한국전력공사 등 11개 기관 계약관리실태_1381_v4.hwp,.hwp,490496,3b6c1752a920bee7ec0e4a92fef3e9ad72691731cc26cafe86fdec64374a062b,1381,2012,특정사안,한국전력공사 등 11개 기관 계약관리실태,hwp
S01226,감사원,BAI,20130104_[특정사안]_OO의 부당이득 행위에 대한 방송통신위원회의 묵인 관련 감사청구_1384.hwp,.hwp,37376,1f5472a3c88118caa634f420f6685b618d030ce8e43b8421e5422802b407fa46,1384,2013,특정사안,OO의 부당이득 행위에 대한 방송통신위원회의 묵인 관련 감사청구,hwp
S01227,감사원,BAI,20130104_[특정사안]_제주도의 세계 7대 자연경관 선정행사 참여과정 관련 감사청구_1383.hwp,.hwp,36352,67e6dd6ab394cb59b82eae949487a2902bf61f7e5eb805e842d875bad1150254,1383,2013,특정사안,제주도의 세계 7대 자연경관 선정행사 참여과정 관련 감사청구,hwp
S01228,감사원,BAI,20130109_[특정사안]_국영무역 주요농산물 판매수입실태_1385.hwp,.hwp,67753472,57dfca4043425a8b036d4ed374e723da06e95169e4405281d3b2be298d29cf89,1385,2013,특정사안,국영무역 주요농산물 판매수입실태,hwp
S01229,감사원,BAI,20130110_[특정사안]_지방자치단체 취약분야 업무처리실태_1386_v1.hwp,.hwp,896512,c8f6a2125cf7ad04f19d616a6fbef62546f3b6499877660019a3e1540535d564,1386,2013,특정사안,지방자치단체 취약분야 업무처리실태,hwp
S01230,감사원,BAI,20130110_[특정사안]_지방자치단체 취약분야 업무처리실태_1386_v2.hwp,.hwp,616960,6419698dfe0802592024f8b9b478e594cb60cc92796dc75432c5dc883e3050ac,1386,2013,특정사안,지방자치단체 취약분야 업무처리실태,hwp
S01231,감사원,BAI,20130110_[특정사안]_지방자치단체 취약분야 업무처리실태_1386_v3.hwp,.hwp,2776576,ca88ccbca1faace9675a05bd605486220c4d05e0a809ff8b5ef872445be4cae3,1386,2013,특정사안,지방자치단체 취약분야 업무처리실태,hwp
S01232,감사원,BAI,20130115_[특정사안]_국민연금 운용실태_1388.hwp,.hwp,907776,5b9b883c7fb53bb18d443ed0715c65b5e57be9eb1eef73701dfbc0276158f46d,1388,2013,특정사안,국민연금 운용실태,hwp
S01233,감사원,BAI,20130117_[기타손망실]_변상판정 청구사항_1389.hwp,.hwp,60416,deada7c96eb9afd64fe85eecbf661dbbf59e7defcff476d97c63d84d0cc4650b,1389,2013,기타손망실,변상판정 청구사항,hwp
S01234,감사원,BAI,20130117_[특정사안]_4대강 살리기 사업 주요시설물 품질 및 수질 관리실태_1391_v1.hwp,.hwp,521216,b27041d6863e16c2fa88cf1c8b341c945b12ecf291621d738591c25802d36ffa,1391,2013,특정사안,4대강 살리기 사업 주요시설물 품질 및 수질 관리실태,hwp
S01235,감사원,BAI,20130117_[특정사안]_4대강 살리기 사업 주요시설물 품질 및 수질 관리실태_1391_v2.hwp,.hwp,52124672,bbdc3323b6983376c2ff0e6c071f822b7a6bba809dac12dbc1e8c706e4f8ddbe,1391,2013,특정사안,4대강 살리기 사업 주요시설물 품질 및 수질 관리실태,hwp
S01236,감사원,BAI,20130117_[특정사안]_4대강 살리기 사업 주요시설물 품질 및 수질 관리실태_1391_v3.hwp,.hwp,1502720,beca3e1bf4512e664c07033f333458ce4126381dfe865c1df5e4cf5db5e7823d,1391,2013,특정사안,4대강 살리기 사업 주요시설물 품질 및 수질 관리실태,hwp
S01237,감사원,BAI,20130117_[특정사안]_군 의료체계 개선 추진실태_1390.hwp,.hwp,442880,d6e1264df1bd12c292417087bb982b2db5c144d6c26163bd71c762b3528d4458,1390,2013,특정사안,군 의료체계 개선 추진실태,hwp
S01238,감사원,BAI,20130121_[특정사안]_문경 온천지구 관리운영 관련 감사청구_1392.hwp,.hwp,39424,bd78b569475f27407e2ad5bb07b1bfaa6f8a9009f34a96edc01ed4c30be00a67,1392,2013,특정사안,문경 온천지구 관리운영 관련 감사청구,hwp
S01239,감사원,BAI,20130121_[특정사안]_창원시 철강산업단지 선정비리 의혹 감사청구_1393.hwp,.hwp,46592,93cb3ab2da2c4a261c5c986add604cfbd9bea495536368e700e8d71b62504a9e,1393,2013,특정사안,창원시 철강산업단지 선정비리 의혹 감사청구,hwp
S01240,감사원,BAI,20130122_[특정사안]_전자발찌 착용자 등 보호관찰대상자 관리실태 국회감사청구_1394.hwp,.hwp,1191936,ef619e355e0ce798f2d3b4ec69318e0524f9c44936928a24cc4d08d8ba184c0f,1394,2013,특정사안,전자발찌 착용자 등 보호관찰대상자 관리실태 국회감사청구,hwp
S01241,감사원,BAI,20130125_[미분류]_부안 농공단지 조성사업 변경용역 관련 변상판정청구사항_1395.hwp,.hwp,43008,0395a054c1d2da173461e034a49d34afe465ed41c90343ffccca4be142e1f965,1395,2013,미분류,부안 농공단지 조성사업 변경용역 관련 변상판정청구사항,hwp
S01242,감사원,BAI,20130201_[특정사안]_방송문화진흥회의 경영관리 및 감독실태_1396.hwp,.hwp,305152,6cea523e930c7d33741fd4b4787a231e5abc1cb9c567acfc65c28fa6ee15ef7a,1396,2013,특정사안,방송문화진흥회의 경영관리 및 감독실태,hwp
S01243,감사원,BAI,20130204_[특정사안]_FMS방식의 해외무기 구매실태(국회감사요구사항)_1397.hwp,.hwp,365056,c197503de483e85bb31d02c336d803683c296dca45ce0f0eafefd3a594164150,1397,2013,특정사안,FMS방식의 해외무기 구매실태(국회감사요구사항),hwp
S01244,감사원,BAI,20130205_[특정사안]_기업 R&D투자 조세감면 실태(국회감사요구사항)_1399.hwp,.hwp,197120,eb3a6037f1a8aeb5b5df5c23d90cc1025ef59bce114bbfe6e1aa9fddb6859297,1399,2013,특정사안,기업 R&D투자 조세감면 실태(국회감사요구사항),hwp
S01245,감사원,BAI,20130205_[특정사안]_예산 외 재정사업 운영실태(국회감사요구사항)_1398.hwp,.hwp,393216,fabe361a88c073f561b1c495ce9e609121a96f7c7c70e588c7e6025c65fd9af0,1398,2013,특정사안,예산 외 재정사업 운영실태(국회감사요구사항),hwp
S01246,감사원,BAI,20130207_[특정사안]_취약기관 고위공직자 비리 등 점검_1400.hwp,.hwp,273408,cfa2f458db6ee01eb609462ca87fdc02a032e0b8d4083c2872b713e491ac48a8,1400,2013,특정사안,취약기관 고위공직자 비리 등 점검,hwp
S01247,감사원,BAI,20130213_[특정사안]_재정 누수 관련 취약분야 비리점검_1401_v1.hwp,.hwp,92160,e71c8898e36afe94636fc6617f70ce664b6002e965b33b266aa656bb4cffb628,1401,2013,특정사안,재정 누수 관련 취약분야 비리점검,hwp
S01248,감사원,BAI,20130213_[특정사안]_재정 누수 관련 취약분야 비리점검_1401_v2.hwp,.hwp,371712,adcea5ab81f72baac316941b4cdfd60de0e6858dd6f276af48285d33779aad63,1401,2013,특정사안,재정 누수 관련 취약분야 비리점검,hwp
S01249,감사원,BAI,20130214_[특정사안]_지방교육행정 운영실태_1402_v1.hwp,.hwp,460800,670dd884dd0034f34d90a51229453bd133aa91a599cf4d0e902b91e193991812,1402,2013,특정사안,지방교육행정 운영실태,hwp
S01250,감사원,BAI,20130214_[특정사안]_지방교육행정 운영실태_1402_v2.hwp,.hwp,12337152,6b78445fd73b966be59a97e2c7635630078b4a6d39e17a5d13e3cf74280c9983,1402,2013,특정사안,지방교육행정 운영실태,hwp
S01251,감사원,BAI,20130219_[특정사안]_국방 연구개발비 집행 분야 기동점검_1403.hwp,.hwp,271360,e8a1efce24adce14a5bb9da9c54d7d4d194e669f3f7c2e0c9032fa9512622ac9,1403,2013,특정사안,국방 연구개발비 집행 분야 기동점검,hwp
S01252,감사원,BAI,20130221_[기관정기]_한국정보화진흥원 기관운영감사_1404.hwp,.hwp,232960,a8d30a29d0d60b08ea26f5ddfaab519b4fe009ae23db2e6db3657793ac358912,1404,2013,기관정기,한국정보화진흥원 기관운영감사,hwp
S01253,감사원,BAI,20130221_[기타기타]_이사회 수당 지급관련 변상판정_1405.hwp,.hwp,37376,b126c37b1dcac860d4beb619f43859be72b870fb1d5c5ef479a2cdf757b25d54,1405,2013,기타기타,이사회 수당 지급관련 변상판정,hwp
S01254,감사원,BAI,20130227_[특정사안]_공공기관 임직원 비리점검_1406.hwp,.hwp,136704,6a4709a34ca579253269c742849a4e5d9ce1d2a0dc1f8a492de969e22deb7260,1406,2013,특정사안,공공기관 임직원 비리점검,hwp
S01255,감사원,BAI,20130306_[특정사안]_공공기관 정보보호 및 사이버 안전관리실태_1407.hwp,.hwp,3916800,d55f54b3382b0dc4025eec5af0f864186f7ca5b714a505dd4a0f3e3856191e43,1407,2013,특정사안,공공기관 정보보호 및 사이버 안전관리실태,hwp
S01256,감사원,BAI,20130307_[기관정기]_광주광역시 기관운영감사_1408.hwp,.hwp,458752,628f35c7908cf30fbb6ef9559544f6268f4ff11db354c2fa21889ed7af4b6832,1408,2013,기관정기,광주광역시 기관운영감사,hwp
S01257,감사원,BAI,20130308_[특정사안]_혁신도시 건설사업 추진실태(국회감사요구사항)_1409.hwp,.hwp,1036288,afba617dce01f165da60b7ea7f252ed381f67e39b64f8f1279dcb70fc99071c5,1409,2013,특정사안,혁신도시 건설사업 추진실태(국회감사요구사항),hwp
S01258,감사원,BAI,20130312_[특정사안]_지방자치단체 취약분야 업무처리실태Ⅱ_1410_v1.hwp,.hwp,2632704,0268211cb7cf5e70a4fc23ae62a185c117226d2a3be4eb7ecc767d423b3fddfa,1410,2013,특정사안,지방자치단체 취약분야 업무처리실태Ⅱ,hwp
S01259,감사원,BAI,20130312_[특정사안]_지방자치단체 취약분야 업무처리실태Ⅱ_1410_v2.hwp,.hwp,592384,59c28b5672bfbd2a58069d6cea3c70e52eb238c0e7eb417bacc8f225c13e290a,1410,2013,특정사안,지방자치단체 취약분야 업무처리실태Ⅱ,hwp
S01260,감사원,BAI,"20130314_[특정사안]_금융공기업 경영관리실태 1, 3_1411_v1.hwp",.hwp,542720,ddadf65b4f5f401a095c29ac37e97a2c99a47b857cb406b5a5be1771d111a645,1411,2013,특정사안,"금융공기업 경영관리실태 1, 3",hwp
S01261,감사원,BAI,"20130314_[특정사안]_금융공기업 경영관리실태 1, 3_1411_v2.hwp",.hwp,243712,c65d39813168e5783de0f8cfb8f1e6dc895670afbc2c8f7c094cbd0f13d303c7,1411,2013,특정사안,"금융공기업 경영관리실태 1, 3",hwp
S01262,감사원,BAI,20130319_[특정사안]_부품·소재산업 육성 및 지원 실태_1412.hwp,.hwp,3954688,e84e9c6ea94296dad6451441fc912a306a2120086c20be8436ff605e3d618aa6,1412,2013,특정사안,부품·소재산업 육성 및 지원 실태,hwp
S01263,감사원,BAI,20130321_[특정사안]_취약 복지법인 기동점검_1413.hwp,.hwp,123904,859e3c971413c9a035309c75d858f4e69f8a608a165b39f009851cda0dcdc587,1413,2013,특정사안,취약 복지법인 기동점검,hwp
S01264,감사원,BAI,20130326_[특정사안]_자체감사기구 운영실태_1414.hwp,.hwp,495616,e2f0e1d947696dd05c72e6450ba1f3ae37f84c55a72bbb1913328a027821b40f,1414,2013,특정사안,자체감사기구 운영실태,hwp
S01265,감사원,BAI,20130328_[기타서면]_사천시 소관 변상판정 청구사항 서면감사_1415.hwp,.hwp,65024,fd5e65c36805f342e6f8aac62ec37e0e26714fb58f99a0bcb3ca4e335111af12,1415,2013,기타서면,사천시 소관 변상판정 청구사항 서면감사,hwp
S01266,감사원,BAI,20130329_[기타손망실]_부가가치세 가산세 납부 관련 변상책임에 관한 무책판정_1416.hwp,.hwp,41984,6ba59ccaaada14fb13f81f27297895e91745202bf28ccd702c9226660b4b8ae1,1416,2013,기타손망실,부가가치세 가산세 납부 관련 변상책임에 관한 무책판정,hwp
S01267,감사원,BAI,20130401_[특정사안]_산림자원 조성 및 관리실태_1417.hwp,.hwp,7455744,2cb90799bacbac4252342f9d00673038554f25930021ce72436bef3262b0d94c,1417,2013,특정사안,산림자원 조성 및 관리실태,hwp
S01268,감사원,BAI,"20130403_[특정사안]_금융공기업 경영관리실태Ⅱ,Ⅳ_1418_v1.hwp",.hwp,856576,987bd55a28fb977e6b2270abab5b990e32412e4e2391be5bf6115782fe3490e9,1418,2013,특정사안,"금융공기업 경영관리실태Ⅱ,Ⅳ",hwp
S01269,감사원,BAI,"20130403_[특정사안]_금융공기업 경영관리실태Ⅱ,Ⅳ_1418_v2.hwp",.hwp,890368,070ed384fb8880fa13f084435a56254a45a235e3a2b518678b519f61da502c09,1418,2013,특정사안,"금융공기업 경영관리실태Ⅱ,Ⅳ",hwp
S01270,감사원,BAI,20130410_[특정사안]_주식변동 및 자본거래 과세실태_1419.hwp,.hwp,506368,8ba85703fecfa917ab9d319a0c8c86e77db1c0a7d8e84823f7f3a16c63bb4c18,1419,2013,특정사안,주식변동 및 자본거래 과세실태,hwp
S01271,감사원,BAI,20130411_[성과]_창의교육시책 추진실태_1420.hwp,.hwp,1792512,356afb82d8966057cc1b6971b33b41179a71525ae4e2daeb05a9aea04f36cbab,1420,2013,성과,창의교육시책 추진실태,hwp
S01272,감사원,BAI,20130412_[기관정기]_한국방송통신대학교 기관운영감사_1421.hwp,.hwp,213504,0eaf1b19b4fbf394b384fffca026ea21da60588ce4e16ddb2d3cec9156569de3,1421,2013,기관정기,한국방송통신대학교 기관운영감사,hwp
S01273,감사원,BAI,20130412_[특정사안]_행정기관 등의 위법 부당한 민원업무 처리실태_1422.hwp,.hwp,12464640,c915ff609057b9c7928b8482f678f18d390ebae679c334f2343405062f95bfce,1422,2013,특정사안,행정기관 등의 위법 부당한 민원업무 처리실태,hwp
S01274,감사원,BAI,20130416_[특정사안]_고령사회대비 노인복지시책 추진실태_1423.hwp,.hwp,2526720,69ff791210d92d3cf732dfcef88129f02318d0704145cc94d06d23128c803d31,1423,2013,특정사안,고령사회대비 노인복지시책 추진실태,hwp
S01275,감사원,BAI,20130418_[특정사안]_지방교육행정 운영실태(조직인사 제도운영)_1424.hwp,.hwp,547328,761393a5fbb43cbb7078e98a6d47692ac86524a9efa7e1b4a2ffd935a45e7c15,1424,2013,특정사안,지방교육행정 운영실태(조직인사 제도운영),hwp
S01276,감사원,BAI,20130419_[기관정기]_인천광역시 남동구 기관운영감사(별도처리)_1425.hwp,.hwp,113152,dc574ae3c605ca020024b7c6c0f4a589c8dbe01f4134b37c6988d19d66bca5b8,1425,2013,기관정기,인천광역시 남동구 기관운영감사(별도처리),hwp
S01277,감사원,BAI,20130422_[특정사안]_체육진흥시책 추진실태_1426.hwp,.hwp,377344,90e7074ed4b6746bba772189a64bde8317098cd11a1a92941b4d6230af24c787,1426,2013,특정사안,체육진흥시책 추진실태,hwp
S01278,감사원,BAI,20130424_[특정사안]_청년 및 여성 장애인 고용정책추진실태_1427.hwp,.hwp,634368,d04b6b510b9307aa72f965b968cb78b45aedde3ca35ab7abc7aad35825f3a5ea,1427,2013,특정사안,청년 및 여성 장애인 고용정책추진실태,hwp
S01279,감사원,BAI,20130426_[특정사안]_성남시시설관리공단 인사업무 처리 관련 감사청구_1428.hwp,.hwp,36352,4f505b128b902d8f5ced4ab678f277bfca7d730a0c63f4cd2cd576474d8ad6c6,1428,2013,특정사안,성남시시설관리공단 인사업무 처리 관련 감사청구,hwp
S01280,감사원,BAI,20130430_[특정사안]_경전철 건설사업 추진실태_1429_v1.hwp,.hwp,46228992,90cfb9443773296ba31a602422ad6e337e5ca6588497fb7f86844ae9d1b98b78,1429,2013,특정사안,경전철 건설사업 추진실태,hwp
S01281,감사원,BAI,20130430_[특정사안]_경전철 건설사업 추진실태_1429_v2.hwp,.hwp,8781824,678582caeb84d57f7177e6662d66fb71bd404c8c24db77b7592ebd074ca208a9,1429,2013,특정사안,경전철 건설사업 추진실태,hwp
S01282,감사원,BAI,20130501_[특정사안]_지역토착비리 기동점검_1430.hwp,.hwp,797696,d8d456f7d289cbf6bef9bcb56e3d9d0c0616e81905050ef7f71ebe11df1f51e6,1430,2013,특정사안,지역토착비리 기동점검,hwp
S01283,감사원,BAI,20130502_[특정사안]_보훈병원 관리 및 운영실태_1431.hwp,.hwp,1236992,cb580081c03488dd821f30a898cb12d29a55f137736eea95cd5ea9e25da030c9,1431,2013,특정사안,보훈병원 관리 및 운영실태,hwp
S01284,감사원,BAI,20130503_[특정사안]_도로교통공단 승진인사 비리 등 관련_1432.hwp,.hwp,39424,8e1c409290b858351e430e18f5a56a79585aa6c708209f4d006bd5980eaca004,1432,2013,특정사안,도로교통공단 승진인사 비리 등 관련,hwp
S01285,감사원,BAI,20130503_[특정사안]_상수도 누수점 보수공사 시행 관련_1434.hwp,.hwp,37376,80641442335962362bdb9ec0f0865e54c038fa83df73b02d8cb825941109fae7,1434,2013,특정사안,상수도 누수점 보수공사 시행 관련,hwp
S01286,감사원,BAI,20130503_[특정사안]_판교택지개발사업지구 내 공장 이주대책 추진 관련 감사청구_1433.hwp,.hwp,52224,c59b2648a163392f1c9dc982b20b04d84fc91e2df2451c49fcd4ef058d7aa6c9,1433,2013,특정사안,판교택지개발사업지구 내 공장 이주대책 추진 관련 감사청구,hwp
S01287,감사원,BAI,20130506_[미분류]_기초기술분야 정부출연연구기관 운영실태_1435.hwp,.hwp,2061824,87a3722ccd781492482cc94eb7dde784a0daf53d3ef25810972cb6f2419b7b4c,1435,2013,미분류,기초기술분야 정부출연연구기관 운영실태,hwp
S01288,감사원,BAI,20130508_[성과]_서민주거안정시책 추진실태_1437_v1.hwp,.hwp,1101824,ac56aceb307b5f0741ed7100a1296382f83da872a4ac63203c618d8f0be3507a,1437,2013,성과,서민주거안정시책 추진실태,hwp
S01289,감사원,BAI,20130508_[성과]_서민주거안정시책 추진실태_1437_v2.hwp,.hwp,2191872,a38ffaf6ff4c5a6a42538f00b00325fa07fba2f19e4ee67340ef89a77fcc3467,1437,2013,성과,서민주거안정시책 추진실태,hwp
S01290,감사원,BAI,20130508_[성과]_서민주거안정시책 추진실태_1437_v3.hwp,.hwp,2043392,1eed279a01abe233052761522fb1d831d97700765ccfb54244e20c8b6a438099,1437,2013,성과,서민주거안정시책 추진실태,hwp
S01291,감사원,BAI,20130509_[특정사안]_도로교통 안전관리시책 추진실태_1438.hwp,.hwp,1776640,0ba4189a5383022e050963f0b607927f05e7c6b3b079f25e85a01b804b3d89d9,1438,2013,특정사안,도로교통 안전관리시책 추진실태,hwp
S01292,감사원,BAI,20130510_[특정사안]_특수지 재외공관 등 운영실태_1439.hwp,.hwp,313344,7a85710d8d696f3d68fb1f1ec2e55d1d94a2dcf5a04add5bf8f139b41135f8d1,1439,2013,특정사안,특수지 재외공관 등 운영실태,hwp
S01293,감사원,BAI,20130513_[특정사안]_기관 간 업무협조실태_1440.hwp,.hwp,416768,732977bcdf37fb830a3d79957670c150091bda77b379d36e11ef11d89c5cc361,1440,2013,특정사안,기관 간 업무협조실태,hwp
S01294,감사원,BAI,20130514_[특정사안]_무기체계 획득 및 관리실태_1441.hwp,.hwp,449536,6db4e882a969b4f460272984e451e620ddb2b72c734113d23b57b7ba24c505d5,1441,2013,특정사안,무기체계 획득 및 관리실태,hwp
S01295,감사원,BAI,20130520_[기관정기]_군인공제회 기관운영감사_1442.hwp,.hwp,277504,fadc9a4e363c492a9217daa82da7bf0d2b5e3c214c30588a9eb2d4e80ddda3dd,1442,2013,기관정기,군인공제회 기관운영감사,hwp
S01296,감사원,BAI,20130521_[특정사안]_대전 등 4개 지역 테크노파크 운영실태(국회 요구사항)_1443.hwp,.hwp,1349632,4b4e315f95bbdb9f6e1bc6356f4a3f7c8a93c10b2b3952fe9db679fd5a81dad6,1443,2013,특정사안,대전 등 4개 지역 테크노파크 운영실태(국회 요구사항),hwp
S01297,감사원,BAI,20130523_[특정사안]_주요기관 회계취약분야 비리 점검_1444.hwp,.hwp,941568,eba0b27bca3fcf308de044facec3e9ff715c5130749c313185a4c2c8be747f2b,1444,2013,특정사안,주요기관 회계취약분야 비리 점검,hwp
S01298,감사원,BAI,20130524_[미분류]_선금급 채권확보 부당처리 관련 변상판정_1445.hwp,.hwp,40448,bbbd56fc94de6d638cc62faeb77fede61d76587083c6419709671a3f0e57ab53,1445,2013,미분류,선금급 채권확보 부당처리 관련 변상판정,hwp
S01299,감사원,BAI,20130524_[특정사안]_부실과세 방지 및 납세자 권익보호실태_1446.hwp,.hwp,272384,00fcc7b0914c27f4833c807cfd2e107550cbb25d5d4bff2c6d1b32fbd5bef27d,1446,2013,특정사안,부실과세 방지 및 납세자 권익보호실태,hwp
S01300,감사원,BAI,20130528_[특정사안]_취약 복지시설 기동점검_1447.hwp,.hwp,139776,59c1b342d40bc75ca539f5b190051c5eea7a3fa6a8c9b43437345bed8cbfbff2,1447,2013,특정사안,취약 복지시설 기동점검,hwp
S01301,감사원,BAI,20130530_[특정사안]_우리금융지주 및 자회사 경영관리실태_1448_v1.hwp,.hwp,364544,845d3f0fe545609803d9d0c7e98df94c5a34a88f499d87f12aaae0fe8638cbef,1448,2013,특정사안,우리금융지주 및 자회사 경영관리실태,hwp
S01302,감사원,BAI,20130530_[특정사안]_우리금융지주 및 자회사 경영관리실태_1448_v2.hwp,.hwp,408576,903dc2071e919f051ca4ed55f93d5c00e854864d779376c15c1e47b7a397f235,1448,2013,특정사안,우리금융지주 및 자회사 경영관리실태,hwp
S01303,감사원,BAI,20130531_[재무]_2012회계연도 결산검사(1)_1449_v1.hwp,.hwp,165888,d30cf12833a2dbecbc4c6ba2f1e74fbbb5222a985d3c75ad6f20ea6e5bac0809,1449,2013,재무,2012회계연도 결산검사(1),hwp
S01304,감사원,BAI,20130531_[재무]_2012회계연도 결산검사(1)_1449_v2.hwp,.hwp,220672,98ce3c719c938106b2766d089398ce1fad261d674b31a2ac725182edea62a839,1449,2013,재무,2012회계연도 결산검사(1),hwp
S01305,감사원,BAI,20130531_[재무]_2012회계연도 결산검사(1)_1449_v3.hwp,.hwp,90112,913e29397e100e957244809d1c564a73b08dd705eff57181ad29ded4f4735eb3,1449,2013,재무,2012회계연도 결산검사(1),hwp
S01306,감사원,BAI,20130531_[재무]_2012회계연도 결산검사(1)_1449_v4.hwp,.hwp,103936,3d64746fd31a8bab4198fa67df46952dbae5914737dd62789a947a55b0341e9d,1449,2013,재무,2012회계연도 결산검사(1),hwp
S01307,감사원,BAI,20130531_[재무]_2012회계연도 결산검사(1)_1449_v5.hwp,.hwp,86016,39fcc21fc5eba7d1e6fa84019b6bbe4b4ba592e03a4887a06a7f35760f064418,1449,2013,재무,2012회계연도 결산검사(1),hwp
S01308,감사원,BAI,20130531_[재무]_2012회계연도 결산검사(1)_1449_v6.hwp,.hwp,120832,41d4c69d50ce3837302fb6f93e6a79ab4dd5f8f8181ba4379bdf2576274743d0,1449,2013,재무,2012회계연도 결산검사(1),hwp
S01309,감사원,BAI,20130531_[재무]_2012회계연도 결산검사(1)_1449_v7.hwp,.hwp,55296,48d74af5eb68e399d2ae192e5812ba1c8d2ceac1590a71d3f4d2e0a0d1468160,1449,2013,재무,2012회계연도 결산검사(1),hwp
S01310,감사원,BAI,20130531_[재무]_2012회계연도 결산검사(1)_1449_v8.hwp,.hwp,124928,ea26b71e080161608fa5bddf706a27d9ddc073f23a5a2c072668d9963b24ea28,1449,2013,재무,2012회계연도 결산검사(1),hwp
S01311,감사원,BAI,20130531_[재무]_2012회계연도 결산검사(1)_1449_v9.hwp,.hwp,67072,d4511b23dec232cf196391acc7f87b90e5a41d7cd5ea59ebc63ecc6a6cd6b8de,1449,2013,재무,2012회계연도 결산검사(1),hwp
S01312,감사원,BAI,20130531_[재무]_2012회계연도 결산검사(2)_1450_v1.hwp,.hwp,49152,dc4d46975eb44f7144ce9569a94807beb6be323413497970e436ad5439cae745,1450,2013,재무,2012회계연도 결산검사(2),hwp
S01313,감사원,BAI,20130531_[재무]_2012회계연도 결산검사(2)_1450_v2.hwp,.hwp,139776,62f02e702708104577ae5e86136749e1d670020c5753cdbe89b0eec160a41376,1450,2013,재무,2012회계연도 결산검사(2),hwp
S01314,감사원,BAI,20130531_[재무]_2012회계연도 결산검사(2)_1450_v3.hwp,.hwp,151552,f70b727b131aac2d3f2dfce7a717a9cc8e34e2794d6e9c7d3bae8af57c3cf895,1450,2013,재무,2012회계연도 결산검사(2),hwp
S01315,감사원,BAI,20130531_[재무]_2012회계연도 결산검사(2)_1450_v4.hwp,.hwp,96256,ee12464ed9a142d27c108686c83f7d2b2bd5d669192bb51725104e3f9528b14a,1450,2013,재무,2012회계연도 결산검사(2),hwp
S01316,감사원,BAI,20130531_[재무]_2012회계연도 결산검사(2)_1450_v5.hwp,.hwp,63488,d04196b3c159fc05fb07cde670afffbd966d4eb5088127991bd7b7bbc2ee4f94,1450,2013,재무,2012회계연도 결산검사(2),hwp
S01317,감사원,BAI,20130531_[재무]_2012회계연도 결산검사(2)_1450_v6.hwp,.hwp,51200,145b38b9fb756d556e63e54e8975445309c5159cadf5a7957fb766d9ca756c1b,1450,2013,재무,2012회계연도 결산검사(2),hwp
S01318,감사원,BAI,20130531_[재무]_2012회계연도 결산검사(2)_1450_v7.hwp,.hwp,130048,7293bdd088e66453d80d9eb9478224959334569ae75efe3f233a7338188596a6,1450,2013,재무,2012회계연도 결산검사(2),hwp
S01319,감사원,BAI,20130531_[재무]_2012회계연도 결산검사(2)_1450_v8.hwp,.hwp,74752,fe263c0919f345c1375ee64b260e7d745d011bb3c27586157a29aacade735d6e,1450,2013,재무,2012회계연도 결산검사(2),hwp
S01320,감사원,BAI,20130531_[재무]_2012회계연도 결산검사(2)_1450_v9.hwp,.hwp,27648,728e69ac1d985f1281dce6e9d8d88fcd07245e2fa20f4f119458fd99f45368f9,1450,2013,재무,2012회계연도 결산검사(2),hwp
S01321,감사원,BAI,20130531_[재무]_2012회계연도 결산검사(3)_1451_v1.hwp,.hwp,154624,6c42315ef3997b31b359cef34b13438af3648df5fb89520d354162b5b69e294e,1451,2013,재무,2012회계연도 결산검사(3),hwp
S01322,감사원,BAI,20130531_[재무]_2012회계연도 결산검사(3)_1451_v2.hwp,.hwp,112640,de75d9dde9d5bf80d1e403c12410d108c14009d0e6d1ac32250d6d1a90266e1b,1451,2013,재무,2012회계연도 결산검사(3),hwp
S01323,감사원,BAI,20130531_[재무]_2012회계연도 결산검사(3)_1451_v3.hwp,.hwp,54784,d17ca3c077d27191fa125f52bb8427ed73849a22c2a3e4f2ec8e6d8cbaff2f6f,1451,2013,재무,2012회계연도 결산검사(3),hwp
S01324,감사원,BAI,20130531_[재무]_2012회계연도 결산검사(3)_1451_v4.hwp,.hwp,68096,c2fbbf8de947b4523d9e4600feb910f430dbc14e300e10b83f15ee306b7fc014,1451,2013,재무,2012회계연도 결산검사(3),hwp
S01325,감사원,BAI,20130531_[재무]_2012회계연도 결산검사(3)_1451_v5.hwp,.hwp,134656,9296c4cd53d13dce54de85de2aeda3d23d201af3df1030585d1f539d9dbb0967,1451,2013,재무,2012회계연도 결산검사(3),hwp
S01326,감사원,BAI,20130604_[특정사안]_도서지역 개발사업 추진실태_1452.hwp,.hwp,2299392,77be79fe251821e9c851ff7d178dcc6e96e989a2db8d2cb43b906a52ec0c02f7,1452,2013,특정사안,도서지역 개발사업 추진실태,hwp
S01327,감사원,BAI,20130612_[특정사안]_공기업 재무 및 사업구조 관리실태_1453.hwp,.hwp,2165760,0e8d32943ee1a9f44fe5794e226fbae8d9db0c3f03498a06e0bd27834a2b5ad8,1453,2013,특정사안,공기업 재무 및 사업구조 관리실태,hwp
S01328,감사원,BAI,20130613_[특정사안]_공유수면 점용 사용허가 관련 감사청구_1454.hwp,.hwp,32768,d40cf60cd75342f9a30b6da82d69a127d6c186a7a02ec484f8c0d5f38fd59a5f,1454,2013,특정사안,공유수면 점용 사용허가 관련 감사청구,hwp
S01329,감사원,BAI,20130613_[특정사안]_종중 임야 도로편입 취소 관련_1455.hwp,.hwp,36864,38490ea1380813716f8f0a14f9af1207fbcb271ea798c94caa85e63444c84ebb,1455,2013,특정사안,종중 임야 도로편입 취소 관련,hwp
S01330,감사원,BAI,20130620_[특정사안]_지방자치단체 주요 투자사업 추진실태_1457.hwp,.hwp,692224,8cde25b398cd3a27fec5c18a62939c54f9aaaac91e2b7a1835527feb5dee3226,1457,2013,특정사안,지방자치단체 주요 투자사업 추진실태,hwp
S01331,감사원,BAI,20130621_[미분류]_함안군 주택건설사업계획 승인 관련 감사청구_1459.hwp,.hwp,36864,a7ef8b63c8bfcf8484762fa8ed731db0816c346e5e6447c9d536903385787575,1459,2013,미분류,함안군 주택건설사업계획 승인 관련 감사청구,hwp
S01332,감사원,BAI,20130621_[특정사안]_울산광역시 관하 청소대행계약관련 감사청구_1458.hwp,.hwp,56320,2b7717a8df2ef93326081c448b0a9490f47bb0987908810b96818de26d80923c,1458,2013,특정사안,울산광역시 관하 청소대행계약관련 감사청구,hwp
S01333,감사원,BAI,20130621_[특정사안]_한식세계화 지원 사업 집행실태 관련 국회감사요구사항_1460.hwp,.hwp,321024,a5958794dc99dd2be33ec6a3900b4963d18c3a328ddf3746ac951225626961c6,1460,2013,특정사안,한식세계화 지원 사업 집행실태 관련 국회감사요구사항,hwp
S01334,감사원,BAI,20130624_[특정사안]_교육복지시책 추진실태_1461.hwp,.hwp,1242112,5091e9f5453964db46f850c81642bd525de4d1cb168ed370aa42a651918b1c7e,1461,2013,특정사안,교육복지시책 추진실태,hwp
S01335,감사원,BAI,20130625_[특정사안]_한국철도시설공단 임금체불 등 노사문제 처리실태 관련 국회감사요구사항_1462.hwp,.hwp,173568,88d453c20bb5ac2bb3cd87bd439374d292eaba5c153125dec6775cf497042266,1462,2013,특정사안,한국철도시설공단 임금체불 등 노사문제 처리실태 관련 국회감사요구사항,hwp
S01336,감사원,BAI,20130626_[성과]_학교폭력 근절대책 추진실태_1463_v1.hwp,.hwp,1045504,4c494add98a46182182708b7ee7b30792567518e7911e552f5509898cc33859d,1463,2013,성과,학교폭력 근절대책 추진실태,hwp
S01337,감사원,BAI,20130626_[성과]_학교폭력 근절대책 추진실태_1463_v2.hwp,.hwp,544768,1da0e996a1a7a87e07df3a619dc59b1020e4abbc95e7c97efa9dddf95767d544,1463,2013,성과,학교폭력 근절대책 추진실태,hwp
S01338,감사원,BAI,20130701_[특정사안]_급여횡령 등 회계비리 점검_1464.hwp,.hwp,239104,fe86e96fdab9d0c7be2b76e4abcc29d2c0b664956c89a02c0195dda2222647af,1464,2013,특정사안,급여횡령 등 회계비리 점검,hwp
S01339,감사원,BAI,20130705_[특정사안]_공영주차장 조성 및 구립 어린이집 확장이전 관련 감사청구_1467.hwp,.hwp,51712,4e21e57a374cd617224b7668026ad9b7e83b74d2787b45e6c893d5831c91ece4,1467,2013,특정사안,공영주차장 조성 및 구립 어린이집 확장이전 관련 감사청구,hwp
S01340,감사원,BAI,20130705_[특정사안]_종합센터 운영에 대한 간섭 관련 감사청구_1466.hwp,.hwp,37376,c11c66c78fca0ed08d5e6dc92e6c09aa4018aa170e95e8d0efae36600cbf9db8,1466,2013,특정사안,종합센터 운영에 대한 간섭 관련 감사청구,hwp
S01341,감사원,BAI,20130710_[미분류]_4대강 살리기 사업 설계 시공 일괄입찰 등 주요계약 집행실태_1468_v1.hwp,.hwp,870912,5a30d0d36652c0a69e044b41ebdcbf9941345a45b8c09e5bc7653cd8637f4b4d,1468,2013,미분류,4대강 살리기 사업 설계 시공 일괄입찰 등 주요계약 집행실태,hwp
S01342,감사원,BAI,20130710_[미분류]_4대강 살리기 사업 설계 시공 일괄입찰 등 주요계약 집행실태_1468_v2.hwp,.hwp,227328,8606fed16bc47cd7068c274278c6102821089fcb5b4c0608229d421b8e90357f,1468,2013,미분류,4대강 살리기 사업 설계 시공 일괄입찰 등 주요계약 집행실태,hwp
S01343,감사원,BAI,20130711_[성과]_FTA 국내지원대책 추진실태_1469.hwp,.hwp,974848,e4c794829abfc93ca1b1b1f5eb71ad2f4f87a8840b58b32bb5aac752b6986922,1469,2013,성과,FTA 국내지원대책 추진실태,hwp
S01344,감사원,BAI,20130712_[재무]_통일부 국민권익위원회 재무감사(별도처리)_1470.hwp,.hwp,43520,624725a8752a2c78c167c7364f748cc55ddac683a88c8faad636fab9ea515756,1470,2013,재무,통일부 국민권익위원회 재무감사(별도처리),hwp
S01345,감사원,BAI,20130715_[특정사안]_구미 불산가스 유출사고 대응실태 관련 국회감사요구사항_1471.hwp,.hwp,819712,d747263b6307a7910533fca0354cb312f1aff6a97770b681aa39c3726ff79569,1471,2013,특정사안,구미 불산가스 유출사고 대응실태 관련 국회감사요구사항,hwp
S01346,감사원,BAI,20130717_[특정사안]_공적 서민주택금융 지원실태_1472.hwp,.hwp,290304,5089c3d31816b2c6d0030ea1039e9f2400ffa4ecfbba9bacf62a26ed69188078,1472,2013,특정사안,공적 서민주택금융 지원실태,hwp
S01347,감사원,BAI,20130718_[특정사안]_공직비리 기동점검_1473_v1.hwp,.hwp,120832,9d3e2a702460e21088e58ebc67c2fbacb600f2fc27b91643ea42df4519e3ae9e,1473,2013,특정사안,공직비리 기동점검,hwp
S01348,감사원,BAI,20130718_[특정사안]_공직비리 기동점검_1473_v2.hwp,.hwp,49664,8044e82b354b3457b7332a97bb97a91d41d7cbd1e6b41ef1fb79f42708fa208c,1473,2013,특정사안,공직비리 기동점검,hwp
S01349,감사원,BAI,20130719_[특정사안]_(주)문경레저타운 관리 운영 관련 감사청구_1475.hwp,.hwp,42496,89c790efb72d1439a1aab5747a5b718d480447d1aa1a0ae6a58adaddb6c631d2,1475,2013,특정사안,(주)문경레저타운 관리 운영 관련 감사청구,hwp
S01350,감사원,BAI,20130719_[특정사안]_공공기관 임직원 비리점검_1474.hwp,.hwp,57344,5fa67c61f6832912f5eb658cbcc16d02e4becffb969f80748df432ce24f4ebda,1474,2013,특정사안,공공기관 임직원 비리점검,hwp
S01351,감사원,BAI,20130723_[특정사안]_충청지역 기반시설(도로 하천 등) 건설 관리실태_1476.hwp,.hwp,1453056,8d73cd9b04fb0e48330351a2b81b5f1e2579a7e5d73c63bd98ec3595c9dbbce9,1476,2013,특정사안,충청지역 기반시설(도로 하천 등) 건설 관리실태,hwp
S01352,감사원,BAI,20130724_[특정사안]_영종도 제3연륙교 건설사업 추진실태(국회감사요구사항)_1477.hwp,.hwp,282624,70a54ff1a4ab7bbe7484257df0beeafe8190bc714f45e0522746e83c58476b8f,1477,2013,특정사안,영종도 제3연륙교 건설사업 추진실태(국회감사요구사항),hwp
S01353,감사원,BAI,20130725_[특정사안]_공공정보 공유 및 개방실태_1478.hwp,.hwp,3425280,2258f05bb23b4becb75272c3df71c3a08e1680a62c8b68d24cf4b06cf02177fd,1478,2013,특정사안,공공정보 공유 및 개방실태,hwp
S01354,감사원,BAI,20130730_[특정사안]_진천군 화장장 건립 추진 관련 감사청구_1479.hwp,.hwp,36864,5218dd64a47f69c650675307728de223103c2c936587b15ed5830a006b5b9661,1479,2013,특정사안,진천군 화장장 건립 추진 관련 감사청구,hwp
S01355,감사원,BAI,20130801_[특정사안]_국방자원 운용실태_1480.hwp,.hwp,398848,6572023a5a0487661f3f8b5f7cc1482fa223a5c97299f7447e1f6eaed4d30524,1480,2013,특정사안,국방자원 운용실태,hwp
S01356,감사원,BAI,20130805_[특정사안]_전환기 공직기강 특별점검_1481.hwp,.hwp,7416832,dff70b80482684c02011dff709f988bece5c9cf40ac4df434a758c511f73bdd6,1481,2013,특정사안,전환기 공직기강 특별점검,hwp
S01357,감사원,BAI,20130808_[미분류]_충남도청 이전 신도시 토지보상 관련 서면감사_1482.hwp,.hwp,41472,7db2c1721a44d232d8eaad79f8b65811c7286a51bd02d570914281cb0d4d5c97,1482,2013,미분류,충남도청 이전 신도시 토지보상 관련 서면감사,hwp
S01358,감사원,BAI,20130813_[특정사안]_복지전달체계 운영실태_1483.hwp,.hwp,1919488,e6dae3e26265dc76ae07e82bf18bc22bdaf9ef22965426cfbde05cc1cd4d8164,1483,2013,특정사안,복지전달체계 운영실태,hwp
S01359,감사원,BAI,20130821_[특정사안]_2014인천아시아경기대회 준비실태_1484_v1.hwp,.hwp,10205696,86c3f88e6f2321bd88feb880e99c8a78e0eef2c21691714f1c2639bfd5ebcf8d,1484,2013,특정사안,2014인천아시아경기대회 준비실태,hwp
S01360,감사원,BAI,20130821_[특정사안]_2014인천아시아경기대회 준비실태_1484_v2.hwp,.hwp,39936,7e1d99c072bcbc87062f65fb1c6ae290ff277a3fb3adf991abfd27109fce8ac6,1484,2013,특정사안,2014인천아시아경기대회 준비실태,hwp
S01361,감사원,BAI,20130904_[특정사안]_민간투자 교통사업의 수요예측 및 타당성 조사 관리실태(국회감사요구사항)_1485.hwp,.hwp,6294016,d11e35ec09543e2a8035d9d03e8191f2d0ae180ab957fe943b25d915f8887d85,1485,2013,특정사안,민간투자 교통사업의 수요예측 및 타당성 조사 관리실태(국회감사요구사항),hwp
S01362,감사원,BAI,20130911_[특정사안]_포항영일만항 1공구사업 입찰 관리실태(국회요구사항)_1486.hwp,.hwp,9378304,d518526b36a5b42b2625e395e8dd249096124e648b2f55ef2660e69a47619005,1486,2013,특정사안,포항영일만항 1공구사업 입찰 관리실태(국회요구사항),hwp
S01363,감사원,BAI,20130916_[특정사안]_공기업 주요사업 및 경영관리실태_1487_v1.hwp,.hwp,3199488,67140f1bf9733def2114b6cb832f09144e19efe424c3c0a5ec8a1107a3f5f713,1487,2013,특정사안,공기업 주요사업 및 경영관리실태,hwp
S01364,감사원,BAI,20130916_[특정사안]_공기업 주요사업 및 경영관리실태_1487_v2.hwp,.hwp,352768,f247eb3697dd759ebe7d40c7e5d6f697f38553d9233ae291517dd7acdb5cd567,1487,2013,특정사안,공기업 주요사업 및 경영관리실태,hwp
S01365,감사원,BAI,20130916_[특정사안]_공기업 주요사업 및 경영관리실태_1487_v3.hwp,.hwp,4648448,7d87762c2a72b667c7e74e37415a3cb3f344b6cf7ff6da4c19e8632b06ac6b92,1487,2013,특정사안,공기업 주요사업 및 경영관리실태,hwp
S01366,감사원,BAI,20130926_[특정사안]_대규모 국고보조사업 등 집행실태_1488.hwp,.hwp,1134080,39d1833c673fb3a07ff57ed5cbb926878803dfd9dd4cc2f3f18d237602c2396b,1488,2013,특정사안,대규모 국고보조사업 등 집행실태,hwp
S01367,감사원,BAI,20131007_[특정사안]_세출구조조정 및 주요 재정사업 추진실태_1489_v1.hwp,.hwp,182784,b5569a13fdbf3b5eba66d0c0768cdb766f95d66e091a032f51fe064a8a8422dc,1489,2013,특정사안,세출구조조정 및 주요 재정사업 추진실태,hwp
S01368,감사원,BAI,20131007_[특정사안]_세출구조조정 및 주요 재정사업 추진실태_1489_v2.hwp,.hwp,186880,d70f78e76e461d2ef483ea2059cf91442871010ff23e462387db501a14096451,1489,2013,특정사안,세출구조조정 및 주요 재정사업 추진실태,hwp
S01369,감사원,BAI,20131007_[특정사안]_세출구조조정 및 주요 재정사업 추진실태_1489_v3.hwp,.hwp,412160,449e4861e8a3a86313afe176ba617d66b53b1d251bbb9c1156b0ff382ef562d6,1489,2013,특정사안,세출구조조정 및 주요 재정사업 추진실태,hwp
S01370,감사원,BAI,20131017_[특정사안]_교육복지시책 추진실태(별도처리)_1491.hwp,.hwp,49152,6b0509948ec162a0ebd256d47323b7030245cdc698b2e1936d14463dd0815367,1491,2013,특정사안,교육복지시책 추진실태(별도처리),hwp
S01371,감사원,BAI,20131018_[특정사안]_4대강 살리기 사업 매장문화재 조사 및 보호실태(국회요구사항)_1492.hwp,.hwp,505856,e1e9c2b4ea87d9e0d3cef872d94ac2c811960e946f125412b45c110402509122,1492,2013,특정사안,4대강 살리기 사업 매장문화재 조사 및 보호실태(국회요구사항),hwp
S01372,감사원,BAI,20131022_[기타서면]_토지수용 재결신청 지연처리에 따른 가산금 지급 관련 서면감사_1493.hwp,.hwp,50688,2a93291b517303c5173e9d83f85f3d8f9de41bb16552cfc191cb0863b19e35d1,1493,2013,기타서면,토지수용 재결신청 지연처리에 따른 가산금 지급 관련 서면감사,hwp
S01373,감사원,BAI,20131025_[특정사안]_민생비리 특별점검(회계 세무분야)_1494.hwp,.hwp,1105408,f3dbde59f7d2933ff98f9720a892f606122cd2c3c8c8eecd5f03e1df0cfb09a4,1494,2013,특정사안,민생비리 특별점검(회계 세무분야),hwp
S01374,감사원,BAI,20131029_[특정사안]_대전도안 택지개발사업지구 인근 침수피해 관련 감사청구_1495.hwp,.hwp,40448,3bd24d640852b3fdaf1fd2e05753ce5bd6310f08c91a0d01889a98abf06d4428,1495,2013,특정사안,대전도안 택지개발사업지구 인근 침수피해 관련 감사청구,hwp
S01375,감사원,BAI,20131031_[특정사안]_우정사업 운영실태_1496.hwp,.hwp,564224,097f8831153e225d4a95667115471ff78a3d60deb10381879ed5f280dbbe817c,1496,2013,특정사안,우정사업 운영실태,hwp
S01376,감사원,BAI,20131107_[특정사안]_사이버대학 등 특수대학 운영실태_1497_v1.hwp,.hwp,341504,420bef912d6cf22b495b32a5e1511fef91ecb7b2975033ecfa32646a79bc4d36,1497,2013,특정사안,사이버대학 등 특수대학 운영실태,hwp
S01377,감사원,BAI,20131107_[특정사안]_사이버대학 등 특수대학 운영실태_1497_v2.hwp,.hwp,172032,87d32a19aab650e8b5b7280cb9e41621d0e3890f0068ef1ab61c87b6d150fd13,1497,2013,특정사안,사이버대학 등 특수대학 운영실태,hwp
S01378,감사원,BAI,20131113_[특정사안]_서민금융 지원 및 감독실태_1498_v1.hwp,.hwp,1728000,80a6c1d9c9d78112306261d392e66b2d8dbbd0743522a0bf62930f53c81ef3b9,1498,2013,특정사안,서민금융 지원 및 감독실태,hwp
S01379,감사원,BAI,20131113_[특정사안]_서민금융 지원 및 감독실태_1498_v2.hwp,.hwp,1754624,b15e4befe9d9f2603ff2ce3b5d811f1141382ed557c8e0bf780652e187c30eac,1498,2013,특정사안,서민금융 지원 및 감독실태,hwp
S01380,감사원,BAI,20131120_[특정사안]_건설 환경분야 주요사업 세출예산 편성 및 집행실태_1499.hwp,.hwp,2285056,d4ad9d90461ab7b4f25e27f68038ad31ad0bb63c4344178c31c743dab1614fb8,1499,2013,특정사안,건설 환경분야 주요사업 세출예산 편성 및 집행실태,hwp
S01381,감사원,BAI,20131126_[특정사안]_사이버대학 등 특수대학 운영실태(국립대학 분야)_1500.hwp,.hwp,144384,e0b4814e89d807ff7f949ca97a416eae146accf59466d730a1ed4a47c56a3938,1500,2013,특정사안,사이버대학 등 특수대학 운영실태(국립대학 분야),hwp
S01382,감사원,BAI,20131128_[특정사안]_진안군 농어촌지방상수도 확충사업 관련 감사청구_1501.hwp,.hwp,47104,d72fd6292c2faccb0eaad90e119e3b83f4e451afd65c10c0d734950ea7207fbc,1501,2013,특정사안,진안군 농어촌지방상수도 확충사업 관련 감사청구,hwp
S01383,감사원,BAI,20131129_[특정사안]_금융소비자 보호 및 감독실태_1502.hwp,.hwp,216064,dafabae3a07d3dabd9fe0038ae5e6ee6bc8c98a1b0f12d80828ce78a74f449e0,1502,2013,특정사안,금융소비자 보호 및 감독실태,hwp
S01384,감사원,BAI,20131203_[특정사안]_가평군 토지불법사용 방치 관련 감사청구_1503.hwp,.hwp,39936,10e5ffd319c3bb5b3ad8c8e5f416e4d1fb98af85c7e73cd7a88d16bf52acabb1,1503,2013,특정사안,가평군 토지불법사용 방치 관련 감사청구,hwp
S01385,감사원,BAI,20131203_[특정사안]_상주시의 가로등 원격제어 감시시스템 준공검사 등 관련 감사청구_1504.hwp,.hwp,36352,4ad0454726388467d9d0616ce7abc6b49ba13257cbf04eb5a02245ec004a7865,1504,2013,특정사안,상주시의 가로등 원격제어 감시시스템 준공검사 등 관련 감사청구,hwp
S01386,감사원,BAI,20131204_[특정사안]_항만시설 확충사업 및 운영관리실태_1505.hwp,.hwp,9943040,2113553a8011e6732ddab11b6e1369ba4c93746f3ab09e6642eb71ecad64a7f4,1505,2013,특정사안,항만시설 확충사업 및 운영관리실태,hwp
S01387,감사원,BAI,20131210_[특정사안]_국가R&D 재정 효율화실태_1506.hwp,.hwp,398848,6d7f843d921216c562d8225dc4e83b2ee43e3a7525a704239706a2312ea7c4b5,1506,2013,특정사안,국가R&D 재정 효율화실태,hwp
S01388,감사원,BAI,20131211_[특정사안]_복지전달체계 운영실태_1507.hwp,.hwp,3136000,bb0456f812d0cfb8a5bcab52811593dae143484c516593821eab1be8f2896bef,1507,2013,특정사안,복지전달체계 운영실태,hwp
S01389,감사원,BAI,20131212_[특정사안]_민생비리 특별점검(토착건설분야)_1508.hwp,.hwp,348160,ef6b39748b4ad81a7a1c244bc8489c329298f7637b756a1dac3114991714bd4f,1508,2013,특정사안,민생비리 특별점검(토착건설분야),hwp
S01390,감사원,BAI,20131213_[특정사안]_강릉원주대학교 기성회계 예산 부당집행 등 관련 감사청구_1509.hwp,.hwp,40448,92575fa67c5f11549f485a326339bb63b8098633d7e2c3626c3fd777a77856fb,1509,2013,특정사안,강릉원주대학교 기성회계 예산 부당집행 등 관련 감사청구,hwp
S01391,감사원,BAI,20131216_[특정사안]_지방자치단체 채무보증사업 관리실태_1510.hwp,.hwp,386048,13997d98401ae36e7142db14e043401969b2bf970b85c1489d7d30853cd8604e,1510,2013,특정사안,지방자치단체 채무보증사업 관리실태,hwp
S01392,감사원,BAI,20131218_[특정사안]_원전부품 안전성 확보 추진실태_1511.hwp,.hwp,635904,c976c30fffe1078c80c629732163986150053164509b99f6e1fa2ec8b7ab08db,1511,2013,특정사안,원전부품 안전성 확보 추진실태,hwp
S01393,감사원,BAI,20131220_[특정사안]_특정업무경비 집행실태_1513.hwp,.hwp,585216,1a16f6cd5db42722650ca632aeb241b40ba343c676a01cb9ead5b99930ddd821,1513,2013,특정사안,특정업무경비 집행실태,hwp
S01394,감사원,BAI,"20131223_[특정사안]_민생비리 특별점검(교육,경찰,소방분야)_1514.hwp",.hwp,1111552,602cb060bb1bec3f24dbf53aca5fa898ae66de02c85e50446b4b594884ea9184,1514,2013,특정사안,"민생비리 특별점검(교육,경찰,소방분야)",hwp
S01395,감사원,BAI,20131227_[특정사안]_물류·관광 공공기관 출자회사 관리실태_1515.hwp,.hwp,74240,8320a5a602925cee4bcffb97df35d3e65ab418c277565f20a194a4c729bbcffa,1515,2013,특정사안,물류·관광 공공기관 출자회사 관리실태,hwp
S01396,감사원,BAI,20140107_[특정사안]_공직비리 기동점검_1516.hwp,.hwp,121344,e996886b9b43323bf1826aa4682fc60e66153ff7e8842dd285794cd4e1d2a132,1516,2014,특정사안,공직비리 기동점검,hwp
S01397,감사원,BAI,20140109_[특정사안]_고속국도 건설 및 주요구조물 안전관리실태_1517.hwp,.hwp,3092992,5554a79bcaa8697f3cb8650a9f14d37cf5e2129cdcd0725331ff0dcb24f66201,1517,2014,특정사안,고속국도 건설 및 주요구조물 안전관리실태,hwp
S01398,감사원,BAI,20140114_[특정사안]_여수엑스포 기간 시내버스 손실보조금 부당 지급_1518.hwp,.hwp,103936,e6ebbf97d47a3c200712cb415795b8a7b19fdb6e5c801dc4facc9129b7bc556c,1518,2014,특정사안,여수엑스포 기간 시내버스 손실보조금 부당 지급,hwp
S01399,감사원,BAI,20140116_[특정사안]_보육료 등 집행관리실태_1519.hwp,.hwp,509440,54c6df9e7beecb27f8ddb1d4126bce2cfa7002b801552f6c68c6a99185a9ae08,1519,2014,특정사안,보육료 등 집행관리실태,hwp
S01400,감사원,BAI,20140121_[특정사안]_해안권 개발사업 추진실태_1520.hwp,.hwp,688640,d2b8c4646f016a4a0ae268c5e24183cda08af9b29443001519b7f7c79ce56229,1520,2014,특정사안,해안권 개발사업 추진실태,hwp
S01401,감사원,BAI,20140123_[특정사안]_지자체 주요사업 예산편성 및 집행실태_1521.hwp,.hwp,608256,dab51636732c387c2bf33c1424ad9b1733f45deb12cd9eee0e4a9da0bc5753cb,1521,2014,특정사안,지자체 주요사업 예산편성 및 집행실태,hwp
S01402,감사원,BAI,20140128_[미분류]_주택건설사업계획승인 관련 부패행위신고 사항_1522.hwp,.hwp,40960,0747a432ab496d31f354525bbf2e5f6cefd17aa6b9fe99b80ff2989c0c665903,1522,2014,미분류,주택건설사업계획승인 관련 부패행위신고 사항,hwp
S01403,감사원,BAI,20140128_[특정사안]_보건교사 보수교육과정 개선 및 운영 관련 감사청구_1523.hwp,.hwp,39424,bdfa67c96d518be31ddadc11424b29ef91752c6e0ef1a688e6873dad85c5bfdb,1523,2014,특정사안,보건교사 보수교육과정 개선 및 운영 관련 감사청구,hwp
S01404,감사원,BAI,20140204_[특정사안]_계약 등 취약분야 비리점검_1524.hwp,.hwp,250880,622f5f2182bdd374d707f797ab11005bba4453666be1d9071d5531d51db017df,1524,2014,특정사안,계약 등 취약분야 비리점검,hwp
S01405,감사원,BAI,20140206_[특정사안]_주요 민생분야 민원업무 처리실태_1525.hwp,.hwp,2022912,edf0c3d68afc3378108f3f3a46b96d3de0e753ce611255adcdedd5cfdff56ddd,1525,2014,특정사안,주요 민생분야 민원업무 처리실태,hwp
S01406,감사원,BAI,20140211_[특정사안]_과세자료 수집 관리 및 활용실태_1526.hwp,.hwp,260608,7796754822a0e73cdbc3b114b22f6d67fac3f04c4ee2d459ab7a90df845fbdd7,1526,2014,특정사안,과세자료 수집 관리 및 활용실태,hwp
S01407,감사원,BAI,20140213_[특정사안]_LH공사의 공동주택 건설관리실태_1527.hwp,.hwp,500224,3e0a0a668e06bbd2bb5ab972495009bb80c73284616437249a1288585b37d640,1527,2014,특정사안,LH공사의 공동주택 건설관리실태,hwp
S01408,감사원,BAI,20140218_[기관정기]_조달청 기관운영감사_1528.hwp,.hwp,280576,d2c7f4806f39f19843649d2fccd01c86551aabe8a9de824ddd00a5afcc867d59,1528,2014,기관정기,조달청 기관운영감사,hwp
S01409,감사원,BAI,20140227_[기타손망실]_청사취득 중 과태료 및 취득세 등 가산세 납부에 관한 변상판정 청구사항_1529.hwp,.hwp,50688,2a09056a2344ddaec851ed1201276fd0dec5b57734c3694eec5ea079eb1c6146,1529,2014,기타손망실,청사취득 중 과태료 및 취득세 등 가산세 납부에 관한 변상판정 청구사항,hwp
S01410,감사원,BAI,20140305_[특정사안]_전력지원체계 획득 관리실태_1530.hwp,.hwp,439296,17f37f40578ffa2a1727f6a6ded8240a4eb8d709e968f67d48e4433f9c17c47b,1530,2014,특정사안,전력지원체계 획득 관리실태,hwp
S01411,감사원,BAI,20140312_[특정사안]_주요 공공기관 수익금 집행 및 관리실태(우선처리)_1531.hwp,.hwp,46592,f9aae265581c496674eac31afed6f82f86fc70dc209fcb2dff3579e74ac4896a,1531,2014,특정사안,주요 공공기관 수익금 집행 및 관리실태(우선처리),hwp
S01412,감사원,BAI,20140313_[특정사안]_농식품 인증제도 운영실태_1532.hwp,.hwp,616960,5369ddab6b780e3114079a4cdd583df50363878e5de8fbea444bb7eacf4bac17,1532,2014,특정사안,농식품 인증제도 운영실태,hwp
S01413,감사원,BAI,20140318_[특정사안]_지상전력 운용 및 관리실태_1533.hwp,.hwp,361472,72c0e06277904a3be78a7507006cd5f53d0ce28c6dd229d345598e30adfd6bdb,1533,2014,특정사안,지상전력 운용 및 관리실태,hwp
S01414,감사원,BAI,20140320_[특정사안]_부산대병원 계약 및 건설공사 집행실태_1534.hwp,.hwp,3836928,ef91587ff8cb3bb047365e66b7ba29a75b7544c907b13a8cd7979101a84ef621,1534,2014,특정사안,부산대병원 계약 및 건설공사 집행실태,hwp
S01415,감사원,BAI,20140325_[특정사안]_공공 안전 신뢰 저해행위 등 비리점검_1535.hwp,.hwp,307200,3d4acf3fc43e21c623ad6673d2a9f3d0a6a8a468b9f4aec1969e676253c3343a,1535,2014,특정사안,공공 안전 신뢰 저해행위 등 비리점검,hwp
S01416,감사원,BAI,20140328_[특정사안]_한국방송공사 및 자회사 운영실태_1536.hwp,.hwp,224256,f833ba39bbff98c1f32e460e8eb07e264e8b3474e0275cec3639fd34e1d4ff2f,1536,2014,특정사안,한국방송공사 및 자회사 운영실태,hwp
S01417,감사원,BAI,20140331_[특정사안]_재활용품 및 대형폐기물 처리 민간위탁행정 관련 감사청구_1537.hwp,.hwp,40448,8cd760da72c426b509ab8806baeaaf8bf8f16d1d804705049a8f1ef0709af4ef,1537,2014,특정사안,재활용품 및 대형폐기물 처리 민간위탁행정 관련 감사청구,hwp
S01418,감사원,BAI,20140401_[기관정기]_서울지방국세청 기관운영감사_1538.hwp,.hwp,565760,41b80332d67624672ea85af8bdd0914804b6fdfa99a90d99167e3275abdb1420,1538,2014,기관정기,서울지방국세청 기관운영감사,hwp
S01419,감사원,BAI,20140403_[특정사안]_국도 등 도로건설사업 집행실태_1539.hwp,.hwp,12995584,63571d9272c602e27169f7a1d32269b7474139b97899767906d3f1381e8699a4,1539,2014,특정사안,국도 등 도로건설사업 집행실태,hwp
S01420,감사원,BAI,20140407_[특정사안]_공직비리 기동점검_1540.hwp,.hwp,173568,7da03245ab24f1e03351a76d789052b25ca671dc4d3772eeefcab23f71cf31e8,1540,2014,특정사안,공직비리 기동점검,hwp
S01421,감사원,BAI,20140408_[특정사안]_지자체 건설사업(전라남도 제주특별자치도)안전 및 품질관리실태_1541.hwp,.hwp,19294208,e06192df544454f9f855c9a2e7e9dec59cd2b41f42cb08df1636b9302bd333c4,1541,2014,특정사안,지자체 건설사업(전라남도 제주특별자치도)안전 및 품질관리실태,hwp
S01422,감사원,BAI,20140409_[특정사안]_유해화학물질 관리실태_1542.hwp,.hwp,1797632,b2732265785c457d0693d2c39cb616c726ea18957c0d3ce757fe180174685c6d,1542,2014,특정사안,유해화학물질 관리실태,hwp
S01423,감사원,BAI,20140410_[특정사안]_방산비리 기동점검_1543.hwp,.hwp,77824,15836780050a6f208b805e64408f8ded708a0a5816fb12eac604e76fed525907,1543,2014,특정사안,방산비리 기동점검,hwp
S01424,감사원,BAI,20140416_[특정사안]_전파자원 관리실태_1544.hwp,.hwp,321536,71d6c5033b4a26094216a87e0ccff58550aabc4eb8d35a26e5957b0d57529007,1544,2014,특정사안,전파자원 관리실태,hwp
S01425,감사원,BAI,20140417_[특정사안]_금융권 정보보호 및 사이버안전 관리 감독실태_1545.hwp,.hwp,833024,df81f03cc1ad1123d226ccf2789846b6751b3f0651db3943790f556b2ae6adfd,1545,2014,특정사안,금융권 정보보호 및 사이버안전 관리 감독실태,hwp
S01426,감사원,BAI,20140423_[특정사안]_대국민 안보교육 추진실태(국회감사요구사항)_1546.hwp,.hwp,231936,ab48c11ad2558d655f4edfb3e665bf1caa094a7b7333ac4ef29feca2ef2569a6,1546,2014,특정사안,대국민 안보교육 추진실태(국회감사요구사항),hwp
S01427,감사원,BAI,20140424_[특정사안]_재정집행 관리실태_1547_v1.hwp,.hwp,287744,c75b7d48b0fab7903a898f1b3d2e5377bc7edec3fc33c557fb4603438e9985e5,1547,2014,특정사안,재정집행 관리실태,hwp
S01428,감사원,BAI,20140424_[특정사안]_재정집행 관리실태_1547_v2.hwp,.hwp,361472,c000b04d37e26b794b69d0a396f6240cbb425e6d04518df5b5a9aaef5632f8f7,1547,2014,특정사안,재정집행 관리실태,hwp
S01429,감사원,BAI,20140424_[특정사안]_재정집행 관리실태_1547_v3.hwp,.hwp,6277120,013f2c7169dad07605a4813e14a04ef21b8c1a0cb8624c348a13dfae3b1e361d,1547,2014,특정사안,재정집행 관리실태,hwp
S01430,감사원,BAI,20140424_[특정사안]_재정집행 관리실태_1547_v4.hwp,.hwp,280576,65bcc796f5f08d1df5e194bba9747ea40bb9306bf4370622e44dff82299d163d,1547,2014,특정사안,재정집행 관리실태,hwp
S01431,감사원,BAI,20140424_[특정사안]_재정집행 관리실태_1547_v5.hwp,.hwp,123392,b588e36a0a1e6917b0018063a92fd47ae91c0bf56c525facd089d77c85ecc14a,1547,2014,특정사안,재정집행 관리실태,hwp
S01432,감사원,BAI,20140424_[특정사안]_재정집행 관리실태_1547_v6.hwp,.hwp,222208,0e9d80dbc12819f1d4efa130a88dd0eeda2ba86447766c4745520dbafe3e9fd9,1547,2014,특정사안,재정집행 관리실태,hwp
S01433,감사원,BAI,20140430_[특정사안]_물류·관광 공공기관 출자회사 관리실태_1548.hwp,.hwp,1271296,6f939188e379ab9bd218511081c0fa9c92b952530c890c2a5ef5231674abbd5f,1548,2014,특정사안,물류·관광 공공기관 출자회사 관리실태,hwp
S01434,감사원,BAI,20140501_[특정사안]_조세감면제도 운영실태_1549.hwp,.hwp,702976,49f01333066393f919092a05b4ff8dcfd7c3dce06dd0ae0db71b770cd29dfc78,1549,2014,특정사안,조세감면제도 운영실태,hwp
S01435,감사원,BAI,20140508_[특정사안]_지방공기업 경영관리실태Ⅰ_1550.hwp,.hwp,570368,d74811c79a42542d282dcc1d5a4ca3f1d9ce49218f6c7045622fab26a0330ace,1550,2014,특정사안,지방공기업 경영관리실태Ⅰ,hwp
S01436,감사원,BAI,20140512_[기관정기]_경상북도 및 경산시 기관운영감사_1552.hwp,.hwp,231424,34d32535fe9f506150a6819b5481c7e1312de21f8a95901e578095df5185fcd9,1552,2014,기관정기,경상북도 및 경산시 기관운영감사,hwp
S01437,감사원,BAI,20140512_[기관정기]_대전광역시 및 서구 기관운영감사_1551.hwp,.hwp,343552,22b979c3b61b48d48e6452f0c14e7264ee87bf045cf1ea4f88eb6c5244d382c0,1551,2014,기관정기,대전광역시 및 서구 기관운영감사,hwp
S01438,감사원,BAI,20140516_[미분류]_대학 교육역량 강화시책 추진실태_1554.hwp,.hwp,898560,47d6bb5136bef0d9159a4481b808cee9302400278a3b8889726758150c7e9ee7,1554,2014,미분류,대학 교육역량 강화시책 추진실태,hwp
S01439,감사원,BAI,20140519_[특정사안]_민생침해 범죄예방 및 관리실태_1555.hwp,.hwp,16702976,85a46f4bffc47934c8e48d0817d33cda5bf8ddcbd0eec8fad20cbcdcb59e39e9,1555,2014,특정사안,민생침해 범죄예방 및 관리실태,hwp
S01440,감사원,BAI,20140520_[특정사안]_철도시설안전 및 경영관리실태_1556.hwp,.hwp,3861504,6eacd7fe9c6526c48fe7f6b1408817eb7b840186a789d350c35efe51ac9f6ce3,1556,2014,특정사안,철도시설안전 및 경영관리실태,hwp
S01441,감사원,BAI,20140521_[미분류]_충청북도 도금고 협력사업비 집행에 대한 감사청구_1558.hwp,.hwp,38912,16cd010f3a3e5f0682b816697c4d4551894094e88f04b89a91ae4d979f99a0c9,1558,2014,미분류,충청북도 도금고 협력사업비 집행에 대한 감사청구,hwp
S01442,감사원,BAI,"20140522_[특정사안]_자사고, 외고 등 입시전형 감사관련_1559.hwp",.hwp,33280,1fe411e0f4b429c8dd2905ee3dd7542db71e41da604a7c7323b3683a83013fe0,1559,2014,특정사안,"자사고, 외고 등 입시전형 감사관련",hwp
S01443,감사원,BAI,20140522_[특정사안]_학교급식 공급 및 안전관리실태_1565.hwp,.hwp,3815424,19f7a6152752c8ac4f6cbe02aab27119dc82f46fad1a9ccc2d0007e504e7d908,1565,2014,특정사안,학교급식 공급 및 안전관리실태,hwp
S01444,감사원,BAI,20140526_[기관정기]_행정중심복합도시건설청 등 2개기관 기관운영감사_1560.hwp,.hwp,111104,8c107bf7e8f687c7080287c3dce3b3b678a9d3b3c1f09322bdfc1c85f1925c70,1560,2014,기관정기,행정중심복합도시건설청 등 2개기관 기관운영감사,hwp
S01445,감사원,BAI,20140528_[특정사안]_직업능력개발사업 추진실태_1561.hwp,.hwp,391168,e9240c3e34a23a21d3cf9ee164421aa6363e3b60dd5fb1ecc2cec4f0fcf473cd,1561,2014,특정사안,직업능력개발사업 추진실태,hwp
S01446,감사원,BAI,20140530_[기관정기]_2013회계연도 결산감사(3)_1564_v1.hwp,.hwp,35840,f6e1fff039a83fc2d63a4b09a258a4f7c767e7ee0a3e80af1ed2931f40062bf0,1564,2014,기관정기,2013회계연도 결산감사(3),hwp
S01447,감사원,BAI,20140530_[기관정기]_2013회계연도 결산감사(3)_1564_v2.hwp,.hwp,242688,c84e4747e36f9e26e3de935324c997075826da0f8fc6e9e9ff4c5acc093f6a4d,1564,2014,기관정기,2013회계연도 결산감사(3),hwp
S01448,감사원,BAI,20140530_[기관정기]_2013회계연도 결산감사(3)_1564_v3.hwp,.hwp,78336,9defb50e8c3bf0d70aceced59dd67be1017eb96069c8c88e71e84888493a8fd3,1564,2014,기관정기,2013회계연도 결산감사(3),hwp
S01449,감사원,BAI,20140530_[기관정기]_2013회계연도 결산감사(3)_1564_v4.hwp,.hwp,150528,64047257f9bba14d27765e424774fb9959af506cf81ccd5b03f575f4c4b89351,1564,2014,기관정기,2013회계연도 결산감사(3),hwp
S01450,감사원,BAI,20140530_[기관정기]_2013회계연도 결산감사(3)_1564_v5.hwp,.hwp,278016,72171740e0f08b103829f1d90b9e94f43dbe86dd97c80225b7a301a1d2fd6fbe,1564,2014,기관정기,2013회계연도 결산감사(3),hwp
S01451,감사원,BAI,20140530_[기관정기]_2013회계연도 결산감사(3)_1564_v6.hwp,.hwp,50688,ffed42da9572a698df18e93b0057b19d15160bf051f325a14d6bc099c38610a0,1564,2014,기관정기,2013회계연도 결산감사(3),hwp
S01452,감사원,BAI,20140530_[기관정기]_2013회계연도 결산감사(3)_1564_v7.hwp,.hwp,74752,a973cf3d5e47ff90fe6664e1295b0af64fa55fdb82f2f488a6a48de4ba00cc84,1564,2014,기관정기,2013회계연도 결산감사(3),hwp
S01453,감사원,BAI,20140530_[재무]_2013회계연도 결산감사(1)_1562_v1.hwp,.hwp,51200,5aa07b68853d3cb94fdbc0202619a823fd2c01a3a0d60680d4ea470f1dc2fc54,1562,2014,재무,2013회계연도 결산감사(1),hwp
S01454,감사원,BAI,20140530_[재무]_2013회계연도 결산감사(1)_1562_v2.hwp,.hwp,78848,a6b4a83c2ca60c163b8d1c1bab14a7d569b48975d833e4e218e609e2a5210e05,1562,2014,재무,2013회계연도 결산감사(1),hwp
S01455,감사원,BAI,20140530_[재무]_2013회계연도 결산감사(1)_1562_v3.hwp,.hwp,111104,2814bf1363ad56072dbd71f6f5ada60f71c416cea362e407d37832445509108f,1562,2014,재무,2013회계연도 결산감사(1),hwp
S01456,감사원,BAI,20140530_[재무]_2013회계연도 결산감사(1)_1562_v4.hwp,.hwp,68608,ebb13f6c6d77e35899f80a3cacff8e2ef8d4c6b7ac146e3c0f2f4653553ff7d8,1562,2014,재무,2013회계연도 결산감사(1),hwp
S01457,감사원,BAI,20140530_[재무]_2013회계연도 결산감사(1)_1562_v5.hwp,.hwp,196608,3e8b919657105bf048501df1799dc345692e8559c9cc64213c6cc111841526ef,1562,2014,재무,2013회계연도 결산감사(1),hwp
S01458,감사원,BAI,20140530_[재무]_2013회계연도 결산감사(1)_1562_v6.hwp,.hwp,75264,90dde306febb687323b5dcbc5e85e93fb0782707e25a017dcc3c51a12b41763c,1562,2014,재무,2013회계연도 결산감사(1),hwp
S01459,감사원,BAI,20140530_[재무]_2013회계연도 결산감사(1)_1562_v7.hwp,.hwp,127488,fc3f3782c64ec8bca2693fd828113e054f2246ccd3c0eab444c443543e2db26d,1562,2014,재무,2013회계연도 결산감사(1),hwp
S01460,감사원,BAI,20140530_[재무]_2013회계연도 결산감사(2)_1563_v1.hwp,.hwp,175104,3af08d5ea2f3514ffafa5cf51a40e9680f05e71a29106a00ff217e85496d1498,1563,2014,재무,2013회계연도 결산감사(2),hwp
S01461,감사원,BAI,20140530_[재무]_2013회계연도 결산감사(2)_1563_v2.hwp,.hwp,46592,5732772e3c6745267d2ea5904341bbcd2e1c8b57d7f15edf5b87f3b7aeed9148,1563,2014,재무,2013회계연도 결산감사(2),hwp
S01462,감사원,BAI,20140530_[재무]_2013회계연도 결산감사(2)_1563_v3.hwp,.hwp,92160,e70b8857ae6494ca31fbdd33d5a2df824440adeb671c0e7f2f2499ec062f3a51,1563,2014,재무,2013회계연도 결산감사(2),hwp
S01463,감사원,BAI,20140530_[재무]_2013회계연도 결산감사(2)_1563_v4.hwp,.hwp,65024,bdd83b6c1bbf665e1575465d32581d0758c5462a13e6d27ddd2861d68e82ff96,1563,2014,재무,2013회계연도 결산감사(2),hwp
S01464,감사원,BAI,20140530_[재무]_2013회계연도 결산감사(2)_1563_v5.hwp,.hwp,110592,aee5e22b3d681a7028d3901157525cbd35fa2e7b0c0856bfcc8a2dd306b12b7c,1563,2014,재무,2013회계연도 결산감사(2),hwp
S01465,감사원,BAI,20140530_[재무]_2013회계연도 결산감사(2)_1563_v6.hwp,.hwp,162304,2d86422b281a14b2da1790bade47bbc04aaf5dcd09abe53b13fff016c6b0995e,1563,2014,재무,2013회계연도 결산감사(2),hwp
S01466,감사원,BAI,20140530_[재무]_2013회계연도 결산감사(2)_1563_v7.hwp,.hwp,55808,dfd07c701b6dd47cc7d7e1e8392c02b04b6210f639a4fd3b8c53c0f75ef701ef,1563,2014,재무,2013회계연도 결산감사(2),hwp
S01467,감사원,BAI,20140530_[재무]_2013회계연도 결산감사(2)_1563_v8.hwp,.hwp,65536,e4103888707bdd5ee3926b6f861a704b7c615056aa1f8fe43770f1243354f7ef,1563,2014,재무,2013회계연도 결산감사(2),hwp
S01468,감사원,BAI,20140603_[기타손망실]_화훼생산(수출)단지 조성사업 변상판정_1566.hwp,.hwp,64512,148a00e6862fe99ecedd46f52b65a39e764bfacc9415cc2bf098553fc0558394,1566,2014,기타손망실,화훼생산(수출)단지 조성사업 변상판정,hwp
S01469,감사원,BAI,20140609_[특정사안]_재외공관 운영 및 외교부 주요사업 추진실태_1567.hwp,.hwp,1580544,018cf7fe706c797185910e002999e60b7b8e9d5a087bb38147ce2cc5287afd4f,1567,2014,특정사안,재외공관 운영 및 외교부 주요사업 추진실태,hwp
S01470,감사원,BAI,20140611_[특정사안]_한국마사회 등 주요 공공기관 수익금 집행 및 관리실태_1568.hwp,.hwp,557568,ea84b9049424c793b4db82a74d8c62390a9a4b3ad813c50e52b27036f22f41ba,1568,2014,특정사안,한국마사회 등 주요 공공기관 수익금 집행 및 관리실태,hwp
S01471,감사원,BAI,20140612_[특정사안]_하반기 민원 정보사항 점검_1569.hwp,.hwp,227840,dd92f9ed9710d6071d7fd0dd6a180ffc0dbaf15c403424941444d384504669ef,1569,2014,특정사안,하반기 민원 정보사항 점검,hwp
S01472,감사원,BAI,20140616_[미분류]_광양만권경제자유구역 신대배후단지 조성사업 관련 감사청구_1571.hwp,.hwp,1852928,41954d524533fb685a22f8bfc053b4a2ceefcc18e5e52a5c5f75344ce8683dc2,1571,2014,미분류,광양만권경제자유구역 신대배후단지 조성사업 관련 감사청구,hwp
S01473,감사원,BAI,20140616_[특정사안]_서울서초 보금자리주택지구 내 상수도 오염 발생 관련 감사청구_1570.hwp,.hwp,34816,f8b7abdac7bc540b720ce35e6441bd0ac31254eb0029f0647a1462bcf4187f5d,1570,2014,특정사안,서울서초 보금자리주택지구 내 상수도 오염 발생 관련 감사청구,hwp
S01474,감사원,BAI,20140618_[특정사안]_군사시설 이전 및 군용지 관리실태_1572.hwp,.hwp,291328,3f96f2490b72e7864ef53970c9e2935023dfa1b573e0b1f15f12e12f53b44e23,1572,2014,특정사안,군사시설 이전 및 군용지 관리실태,hwp
S01475,감사원,BAI,20140619_[특정사안]_공직비리 기동점검(13년-4차)_1573.hwp,.hwp,178176,fe86da5fe33b831cd0ee26fa66457322e825a27d1a0edaabd4a067701513e5f5,1573,2014,특정사안,공직비리 기동점검(13년-4차),hwp
S01476,감사원,BAI,20140623_[기관정기]_보건복지부 기관운영감사_1574.hwp,.hwp,284160,c5d9b81bd21233002b349bbd6e2e6e9a4dc5d92fe985fca25bcdf3bc38e148cd,1574,2014,기관정기,보건복지부 기관운영감사,hwp
S01477,감사원,BAI,20140625_[특정사안]_수출입 및 해외투자 금융지원실태_1575.hwp,.hwp,773120,c3cc50e31b52fb3aafb56e5484101e961180697eb33f7fadcb59f36fc97f3e33,1575,2014,특정사안,수출입 및 해외투자 금융지원실태,hwp
S01478,감사원,BAI,20140627_[특정사안]_구룡마을 개발사업 추진실태_1576.hwp,.hwp,2343936,f4056ca6728a8e728942ca56a6a61ffb6e6422d7dd0603909c4439b164ca343f,1576,2014,특정사안,구룡마을 개발사업 추진실태,hwp
S01479,감사원,BAI,20140630_[미분류]_창업 및 벤처기업 지원 육성실태_1577.hwp,.hwp,2092032,a72b67d2edeedf9cfc317ddce5085e839c015e4d5ab07aa3819caab8d02aea17,1577,2014,미분류,창업 및 벤처기업 지원 육성실태,hwp
S01480,감사원,BAI,20140702_[특정사안]_자체감사기구 운영실태_1578.hwp,.hwp,534016,a19396d81f829910cd3ae9c7c59eaf6254f739f24e0a4531f1570de1a925345c,1578,2014,특정사안,자체감사기구 운영실태,hwp
S01481,감사원,BAI,"20140703_[특정사안]_건설공기업 투자 특수목적법인 운영관리실태, 에너지 공기업 투자 특수목적법인 운영 관리실태_1579_v1.hwp",.hwp,122880,0876a44892ae5f255b0217ec2c6126de6b3d8cfe3751db88937c38216b17f05a,1579,2014,특정사안,"건설공기업 투자 특수목적법인 운영관리실태, 에너지 공기업 투자 특수목적법인 운영 관리실태",hwp
S01482,감사원,BAI,"20140703_[특정사안]_건설공기업 투자 특수목적법인 운영관리실태, 에너지 공기업 투자 특수목적법인 운영 관리실태_1579_v2.hwp",.hwp,584704,776cdb1a440d248ab7dcd702bb7ab533455b5c6528fb17cadf1b45b77d01c7ec,1579,2014,특정사안,"건설공기업 투자 특수목적법인 운영관리실태, 에너지 공기업 투자 특수목적법인 운영 관리실태",hwp
S01483,감사원,BAI,20140709_[기관정기]_한국교직원공제회 기관운영감사_1581.hwp,.hwp,372736,9c7c2e6fbc6b7c2de30a960e5efb43d5f93a0a325da7b03027c426a30e1fbb60,1581,2014,기관정기,한국교직원공제회 기관운영감사,hwp
S01484,감사원,BAI,20140709_[특정사안]_사이버대학 등 특수대학 운영실태(국립대학분야)_1582.hwp,.hwp,39936,29ce767528de10e2e900edb2ffb088b25ee07b2483beb098a27827bd65a58c1d,1582,2014,특정사안,사이버대학 등 특수대학 운영실태(국립대학분야),hwp
S01485,감사원,BAI,20140711_[특정사안]_지자체 주요사업 예산편성 및 집행실태(별도처리)_1583.hwp,.hwp,61440,c6841db32146c661126a7bd8baa3b334bd853149bda3f1eb25538a8c7d8b624b,1583,2014,특정사안,지자체 주요사업 예산편성 및 집행실태(별도처리),hwp
S01486,감사원,BAI,20140714_[특정사안]_기업어음 회사채 등 시장성 차입금 관리 감독 실태(공익)_1584.hwp,.hwp,537600,6e8eab4552ec6149406344b00e54d7ab0ef02e64d3f56721b9410e3236432452,1584,2014,특정사안,기업어음 회사채 등 시장성 차입금 관리 감독 실태(공익),hwp
S01487,감사원,BAI,20140716_[기관정기]_공군본부 기관운영감사_1585.hwp,.hwp,82432,7044815f13ffff6d774307d227d9e3656f470f774efc21a51ffab5eab046758c,1585,2014,기관정기,공군본부 기관운영감사,hwp
S01488,감사원,BAI,20140722_[특정사안]_교정시설 운영 및 수용 관리 실태_1586.hwp,.hwp,3889152,7e2611471e1c791d42ad1961361c9eede528341712adbefcaf57d6ebd0107d51,1586,2014,특정사안,교정시설 운영 및 수용 관리 실태,hwp
S01489,감사원,BAI,20140723_[특정사안]_방사선 안전관리실태_1587.hwp,.hwp,9621504,63fbed6f2fe933d93f22ccf7d5dc9d2b60f20ab19a544c4a5c915c9410ce4524,1587,2014,특정사안,방사선 안전관리실태,hwp
S01490,감사원,BAI,20140725_[기관정기]_농림축산식품부 등 3개 기관 기관운영감사_1588.hwp,.hwp,276992,1611d5628c33996ae8850fbbd50d4532c7879ae9fb04974c433e16ebf2c4604d,1588,2014,기관정기,농림축산식품부 등 3개 기관 기관운영감사,hwp
S01491,감사원,BAI,20140728_[특정사안]_금융회사 개인정보 유출관련 검사 감독실태_1589.hwp,.hwp,237568,618185d31571ee7399aced2f9ba794e2baf3cf5b0ad6f14541c6f4211a04febd,1589,2014,특정사안,금융회사 개인정보 유출관련 검사 감독실태,hwp
S01492,감사원,BAI,20140730_[특정사안]_로봇물고기 등 산업기술분야 R&D관리실태(국회)_1590.hwp,.hwp,1140224,c4bb7a187f792a02b7e6afbaeabc1e5fd7a0f79c8b35139cee08fd9449a44c74,1590,2014,특정사안,로봇물고기 등 산업기술분야 R&D관리실태(국회),hwp
S01493,감사원,BAI,20140801_[기관정기]_해양수산부 기관운영감사_1591.hwp,.hwp,3970560,6056d13d50feebce2318b1e4857bd58b9863aa87ee689487aee060b370b40753,1591,2014,기관정기,해양수산부 기관운영감사,hwp
S01494,감사원,BAI,20140804_[특정사안]_국고보조금 등 회계취약분야 비리점검_1592.hwp,.hwp,488960,deb63c27b989e1e9314b348cd8e938605d341357de1fcfc1a59b6b3b84bffd9f,1592,2014,특정사안,국고보조금 등 회계취약분야 비리점검,hwp
S01495,감사원,BAI,20140806_[미분류]_영산강 하구둑 구조개선사업 지체상금 관련 부패신고_1593.hwp,.hwp,7264768,22323ec3df4dbb0ae7b2476e1cb9c3547309442acfb4b2a16ea56bb60cd74ec0,1593,2014,미분류,영산강 하구둑 구조개선사업 지체상금 관련 부패신고,hwp
S01496,감사원,BAI,20140807_[기관정기]_중부지방국세청 기관운영감사_1594.hwp,.hwp,304640,e43a7a68c4f309b57eb0cdad14e1b937285c2bfe9914a033aeda6ccd6a64f3c6,1594,2014,기관정기,중부지방국세청 기관운영감사,hwp
S01497,감사원,BAI,20140807_[특정사안]_조세감면제도 운영실태 별도처리_1595.hwp,.hwp,36352,85676adbe0a6f54534a6eb4bfd69f160a441cc24498bd2b97e79e45053595d96,1595,2014,특정사안,조세감면제도 운영실태 별도처리,hwp
S01498,감사원,BAI,20140811_[특정사안]_지방세 부과 및 징수 실태_1596.hwp,.hwp,716288,9117c4c98d2472cb4a222f9bbd41f1d73fd948473938d7458311f0b78693354b,1596,2014,특정사안,지방세 부과 및 징수 실태,hwp
S01499,감사원,BAI,20140813_[기관정기]_기상청 기관운영감사_1597.hwp,.hwp,2712064,11f41d2077b8ec00a9f883f1b3b2aeaa6a783fb62fb5a403589f8ee1b92419ed,1597,2014,기관정기,기상청 기관운영감사,hwp
S01500,감사원,BAI,20140818_[특정사안]_금융부실자산 인수 및 경영관리 실태_1598.hwp,.hwp,422400,2e7af7219a094dc3595285aa416a83b8a0c96607974f38b4bdda4f1f3cabdd2b,1598,2014,특정사안,금융부실자산 인수 및 경영관리 실태,hwp
S01501,감사원,BAI,20140820_[기관정기]_안전행정부 기관운영감사_1599.hwp,.hwp,292352,70ddeee59ebaaf460e73337f910e73f66a77ebe51edd5f1c68c1a0b9b5008925,1599,2014,기관정기,안전행정부 기관운영감사,hwp
S01502,감사원,BAI,20140821_[기관정기]_경기도 및 수원시 기관운영감사_1600.hwp,.hwp,163840,5fd1fa238d1ad9f84c922f6ea0c161265acabe2dc0fb019761447c3bfef46de4,1600,2014,기관정기,경기도 및 수원시 기관운영감사,hwp
S01503,감사원,BAI,20140825_[특정사안]_조달청 대행 건설사업 집행실태_1601.hwp,.hwp,587264,481a5efbd06d56348dcf7a3df983a054d32d0d26019dee92a11ef59a5f6be0ea,1601,2014,특정사안,조달청 대행 건설사업 집행실태,hwp
S01504,감사원,BAI,20140827_[기관정기]_방위사업청 기관운영감사_1602.hwp,.hwp,147968,54c12c7131e3d3c2917b867e0eaabe2438af197b2969c6fe0a9f4f6eb3d53a62,1602,2014,기관정기,방위사업청 기관운영감사,hwp
S01505,감사원,BAI,20140902_[미분류]_상반기 민원업무 처리실태_1603.hwp,.hwp,367616,38de75b3da93811ed2c11ba2ff07b19280753dcd17921db40ef7ce051706d0eb,1603,2014,미분류,상반기 민원업무 처리실태,hwp
S01506,감사원,BAI,20140904_[특정사안]_부산광역시 공무원 노동조합 간부에 대한 관리 감독 관련_1604.hwp,.hwp,55808,517c6f5fbdbb6e86ea20acf3d5510de946cae795f74f67d7b8be77a15388f9fa,1604,2014,특정사안,부산광역시 공무원 노동조합 간부에 대한 관리 감독 관련,hwp
S01507,감사원,BAI,20140911_[특정사안]_LH공사의 조성용지 매각 관리 실태_1605.hwp,.hwp,365568,cb7021198053b038e0d52f65fbe9ccd52da60a74d3fd07490a454c7d47a7961b,1605,2014,특정사안,LH공사의 조성용지 매각 관리 실태,hwp
S01508,감사원,BAI,"20140916_[특정사안]_지방자치단체 부담금 부과,징수실태_1606.hwp",.hwp,555520,45dfc4e486c423db998648448912812009f826672135cc431d50673fcd7b1121,1606,2014,특정사안,"지방자치단체 부담금 부과,징수실태",hwp
S01509,감사원,BAI,20140918_[미분류]_드림스타트센터 임대차 계약업무 관련 변상판정_1607.hwp,.hwp,53760,c7d478d5022e60f48097504e42fc3ca3590ae56d01fe3164f596ae75c5636de7,1607,2014,미분류,드림스타트센터 임대차 계약업무 관련 변상판정,hwp
S01510,감사원,BAI,20140922_[특정사안]_국고보조금 등 회계취약분야 비리점검(별도처리)_1608.hwp,.hwp,147968,a85c5f5e0f6aa883296ddf31eff17bd07041efcabc234254b21aaace5f804853,1608,2014,특정사안,국고보조금 등 회계취약분야 비리점검(별도처리),hwp
S01511,감사원,BAI,20140924_[특정사안]_초중고 방과후 학교 운영실태_1609.hwp,.hwp,691712,483ab335c89431271aeae6b5098bb6901ae4da01c56e43676fefec9756e60d8f,1609,2014,특정사안,초중고 방과후 학교 운영실태,hwp
S01512,감사원,BAI,20140930_[특정사안]_체육진흥투표권 사업 운영 및 감독실태(국회감사요구)_1610.hwp,.hwp,112128,82e8f3afcefb2aca564bf2ced06e8dd29894c18207c07ceb81f133808500382a,1610,2014,특정사안,체육진흥투표권 사업 운영 및 감독실태(국회감사요구),hwp
S01513,감사원,BAI,20141001_[성과]_공공의료체계 구축 관리실태_1611.hwp,.hwp,1704448,2818fe34e1c74cade3c0611a3dd9d9f95ea9986f7e6b373ad1bcec7e9e403ef8,1611,2014,성과,공공의료체계 구축 관리실태,hwp
S01514,감사원,BAI,20141006_[특정사안]_스포츠의류 후원계약 특혜의혹 점검(국회감사요구)_1612.hwp,.hwp,79360,744adf7e2944826ba54f0842fed796a1eb5be24074beb66dafdf5cea4a2379a1,1612,2014,특정사안,스포츠의류 후원계약 특혜의혹 점검(국회감사요구),hwp
S01515,감사원,BAI,20141007_[특정사안]_공공기관 경영 관리감독실태_1613_v1.hwp,.hwp,645632,dcb57aa858f73374ad559f275bc3fd1ca23ab810ef0037f06b1887bd132a7af8,1613,2014,특정사안,공공기관 경영 관리감독실태,hwp
S01516,감사원,BAI,20141007_[특정사안]_공공기관 경영 관리감독실태_1613_v2.hwp,.hwp,78848,bca36ebec3590059b97a8ee1badc97faf93c4b3016aef884ee8761b405b8bb65,1613,2014,특정사안,공공기관 경영 관리감독실태,hwp
S01517,감사원,BAI,20141007_[특정사안]_공공기관 경영관리실태(한국가스공사)_1616.hwp,.hwp,632832,290e155103606c5be8d3332b52c824551ba6a7f1f1984ebf2ded451fc2c7f55c,1616,2014,특정사안,공공기관 경영관리실태(한국가스공사),hwp
S01518,감사원,BAI,20141007_[특정사안]_공공기관 경영관리실태(한국철도공사)_1614.hwp,.hwp,833536,68e5fc3a89bb5ed4dbc3c7669d0bd52bae1b57975034cb0eda19c856c23c6518,1614,2014,특정사안,공공기관 경영관리실태(한국철도공사),hwp
S01519,감사원,BAI,20141007_[특정사안]_공공기관 경영비리 특별점검_1617.hwp,.hwp,851968,5e18dc1d53fdb9d62d685a8b2f106f039a0e285885d3e8f97b1fe1ffcb66b722,1617,2014,특정사안,공공기관 경영비리 특별점검,hwp
S01520,감사원,BAI,20141007_[특정사안]_인천국제공항 운영실태_1615_v1.hwp,.hwp,107520,66b8aa5ca78b0646336d0bb44fe2f38e6510eff10dd71720ef18e8925111f570,1615,2014,특정사안,인천국제공항 운영실태,hwp
S01521,감사원,BAI,20141007_[특정사안]_인천국제공항 운영실태_1615_v2.hwp,.hwp,203264,3ab56d87b094041d468960856ea09ed71e5c0405b9a156c1f9a9dc37cffad8d7,1615,2014,특정사안,인천국제공항 운영실태,hwp
S01522,감사원,BAI,20141010_[특정사안]_세월호 침몰사고 대응 및 연안여객선 안전관리감독실태_1620_v1.hwp,.hwp,2880000,703a89b6e6e0018dc8925cb184e30f53cd5fd5395a5f18ce099440ca3b5c74b1,1620,2014,특정사안,세월호 침몰사고 대응 및 연안여객선 안전관리감독실태,hwp
S01523,감사원,BAI,20141010_[특정사안]_세월호 침몰사고 대응 및 연안여객선 안전관리감독실태_1620_v2.hwp,.hwp,11395584,3a0e0e45173ee4e32e9c3d756eb0675246afdd76d2937725b18eac9fcc4b3380,1620,2014,특정사안,세월호 침몰사고 대응 및 연안여객선 안전관리감독실태,hwp
S01524,감사원,BAI,20141010_[특정사안]_세월호 침몰사고 대응 및 연안여객선 안전관리감독실태_1620_v3.hwp,.hwp,2197504,aaeb99f245a2b7ac33108e68843abdb0521d3622f57927250777f8e9f6bd3ffb,1620,2014,특정사안,세월호 침몰사고 대응 및 연안여객선 안전관리감독실태,hwp
S01525,감사원,BAI,20141010_[특정사안]_세월호 침몰사고 대응 및 연안여객선 안전관리감독실태_1620_v4.hwp,.hwp,619520,a5a4710d7c31d1979299920a5b37f1d17b5b769aeac4c91c2ecde3273ef04f66,1620,2014,특정사안,세월호 침몰사고 대응 및 연안여객선 안전관리감독실태,hwp
S01526,감사원,BAI,20141010_[특정사안]_세월호 침몰사고 대응 및 연안여객선 안전관리감독실태_1620_v5.hwp,.hwp,611840,ebbef458f712ccd8ce1a257c1fda40ad15988f826a0ae5aca01443bd79932bc0,1620,2014,특정사안,세월호 침몰사고 대응 및 연안여객선 안전관리감독실태,hwp
S01527,감사원,BAI,20141010_[특정사안]_음식물류 폐기물 바이오가스화 시설사업 관리실태_1618.hwp,.hwp,7247872,45c3c4c7de93c5569eec0cb4850da12516805cee1c61316abfd709d3606241a4,1618,2014,특정사안,음식물류 폐기물 바이오가스화 시설사업 관리실태,hwp
S01528,감사원,BAI,20141010_[특정사안]_학예연구사 특별채용실태_1619.hwp,.hwp,131072,8f77ff70395eff93855789c7376d25e63117c0cff6982305ab3a6073dc446987,1619,2014,특정사안,학예연구사 특별채용실태,hwp
S01529,감사원,BAI,20141016_[특정사안]_대구경북지역 건설사업 집행실태_1621.hwp,.hwp,4862464,08115cd6b0a5bd9ea29ed8b8d479d226d8404c48d4c6ca9c1fb66f00d037a88c,1621,2014,특정사안,대구경북지역 건설사업 집행실태,hwp
S01530,감사원,BAI,20141022_[특정사안]_국민 기업 불편 유발관행 특별점검_1622.hwp,.hwp,1195520,37688b1068216ca93ac01f84d51656a1153951ffc670c732c18672512753b689,1622,2014,특정사안,국민 기업 불편 유발관행 특별점검,hwp
S01531,감사원,BAI,20141027_[특정사안]_자메이카전력공사 투자실태(한국동서발전)(국회요구)_1623.hwp,.hwp,258048,f7049fcb0e436cfc35260986f242c5495d0f984718dbc6f6012b0cf696d1ceaf,1623,2014,특정사안,자메이카전력공사 투자실태(한국동서발전)(국회요구),hwp
S01532,감사원,BAI,20141030_[특정사안]_함양 본백-용평 간 도로 확포장사업 관련 감사청구_1624.hwp,.hwp,39936,e9019fd727160723cca78b25999da2fbd35fe0d932a20dbfb7f6b01a4d93a46a,1624,2014,특정사안,함양 본백-용평 간 도로 확포장사업 관련 감사청구,hwp
S01533,감사원,BAI,20141104_[특정사안]_전력수급기본계획 관련 발전사업자 선정실태(국회)_1625.hwp,.hwp,626176,18274e79cb449f1e080fb37895212469cb736097878e7364516dfc1c1cfa4ccb,1625,2014,특정사안,전력수급기본계획 관련 발전사업자 선정실태(국회),hwp
S01534,감사원,BAI,20141106_[특정사안]_지방상수도 건설사업 집행실태_1626.hwp,.hwp,8920064,70b51ab8d3fbc5c31cc1793d4ba59c0c230389dec3dfecb192bdb6da51dc7ad7,1626,2014,특정사안,지방상수도 건설사업 집행실태,hwp
S01535,감사원,BAI,20141112_[특정사안]_공공기관 경영관리실태(LH공사)_1627.hwp,.hwp,3151872,7d35003ef5647b6c1d9f7c1cdc87c62d59a6eb8b44e0d2a1966186112f84347f,1627,2014,특정사안,공공기관 경영관리실태(LH공사),hwp
S01536,감사원,BAI,20141119_[특정사안]_부천 ○○교회의 불법건축 관련 감사청구_1628.hwp,.hwp,31744,ae696ba29c6e9eae303dc146c336cf172ca99746fe032d122ba9a9e4f4c8c992,1628,2014,특정사안,부천 ○○교회의 불법건축 관련 감사청구,hwp
S01537,감사원,BAI,20141127_[특정사안]_공공기관 경영관리실태(한국관광공사 및 한국방송광고진흥공사)_1629.hwp,.hwp,267264,f76a11e618b22d9a7ec7fa863fbfccb35a44be11e71a4b7445d61aa1a30f6b07,1629,2014,특정사안,공공기관 경영관리실태(한국관광공사 및 한국방송광고진흥공사),hwp
S01538,감사원,BAI,20141203_[특정사안]_공공기관 경영관리실태(수공 및 도공)_1630.hwp,.hwp,247296,79d290595c1d81310ef9da5af3c018abd7f9f44a4418101c5492279eb2fbf1af,1630,2014,특정사안,공공기관 경영관리실태(수공 및 도공),hwp
S01539,감사원,BAI,20141210_[특정사안]_국고보조금 등 회계취약분야 비리점검(별도)_1631.hwp,.hwp,45056,ec87691d609cd0ffb17116ec6f06e0e671337c6d81fe1a8fd44cf7bb6aba35f7,1631,2014,특정사안,국고보조금 등 회계취약분야 비리점검(별도),hwp
S01540,감사원,BAI,20141210_[특정사안]_전력계통운영시스템 운영 및 한국형 계통운영시스템 개발구축실태_1632.hwp,.hwp,1121280,1eaabb8b67ba734747be4e30776c48fc647fcf8ac66d6fcbdaa748a1c55a4444,1632,2014,특정사안,전력계통운영시스템 운영 및 한국형 계통운영시스템 개발구축실태,hwp
S01541,감사원,BAI,20141211_[특정사안]_송도관광단지 내 불법 중고차매매단지 조성 관련 감사청구_1633.hwp,.hwp,48640,68c90b45a8f008d73e873baf9e24651e1312ec232a10d35ce3e889c31e0865e1,1633,2014,특정사안,송도관광단지 내 불법 중고차매매단지 조성 관련 감사청구,hwp
S01542,감사원,BAI,20141216_[미분류]_공공기관 R&D 투자 관리실태_1636.hwp,.hwp,560640,edef8c260fe54e960b7b6d8bb181c2c1807953e35c7888da7d7ed37da55bfaaa,1636,2014,미분류,공공기관 R&D 투자 관리실태,hwp
S01543,감사원,BAI,20141218_[미분류]_지능형 조세회피 과세실태_1638.hwp,.hwp,688640,21dad583d86278d5350c2ea10f67eda2df626eab105c7dd8ba2542b997fe6e13,1638,2014,미분류,지능형 조세회피 과세실태,hwp
S01544,감사원,BAI,20141222_[미분류]_공공기관 관련 비위첩보 등 기동점검_1639.hwp,.hwp,186880,62c2fa73557c762893a6123b09dd73b99da7454387afe8e52baa23bc533727b9,1639,2014,미분류,공공기관 관련 비위첩보 등 기동점검,hwp
S01545,감사원,BAI,"20141230_[특정사안]_공공기관 경영관리실태(대한주택보증, 한국지역난방공사)_1640.hwp",.hwp,298496,186b6986a7304ac1f2ada9847c30a26a531c430fedb215e68895f479ff0005a8,1640,2014,특정사안,"공공기관 경영관리실태(대한주택보증, 한국지역난방공사)",hwp
S01546,감사원,BAI,"20150102_[특정사안]_공공기관 경영관리실태(한국광물자원공사, 대한석탄공사, 한국산업단지공단)_1642.hwp",.hwp,432128,962958e54ed239be770f2d64ff9b67ddc5941304e09148fe85d3b3cc479014e5,1642,2015,특정사안,"공공기관 경영관리실태(한국광물자원공사, 대한석탄공사, 한국산업단지공단)",hwp
S01547,감사원,BAI,20150102_[특정사안]_공공기관 경영관리실태(한국석유공사)_1641.hwp,.hwp,9800192,4eeaecc1e154547b3a76704b7af13ac79ea5f8a78604d07ddc0a3fc32d63bdf6,1641,2015,특정사안,공공기관 경영관리실태(한국석유공사),hwp
S01548,감사원,BAI,20150107_[특정사안]_방산제도 운용 및 관리실태_1643.hwp,.hwp,2881536,0b1828b59cb46b30fa8b42c2d17c55e93f82e328f0a48e841ea4c0213b3423e8,1643,2015,특정사안,방산제도 운용 및 관리실태,hwp
S01549,감사원,BAI,20150108_[특정사안]_강릉시의 주문진 항만부지 관리 관련_1644.hwp,.hwp,43008,1edf3e340502086dbb59a116534529e206b1b48dfbe163185a43ccdfd21e4443,1644,2015,특정사안,강릉시의 주문진 항만부지 관리 관련,hwp
S01550,감사원,BAI,20150108_[특정사안]_동학농민군 지도자 유골 안장사업 추진_1645.hwp,.hwp,38400,8c48725f21dcdecb19871d69f7baa4915dd350a544f16e3d15d113740e75e22d,1645,2015,특정사안,동학농민군 지도자 유골 안장사업 추진,hwp
S01551,감사원,BAI,20150113_[특정사안]_교통 관련 보조금 집행 실태_1646.hwp,.hwp,550400,284ddde1b7b5f7100bc7fcb584ef2c01a31e0cfeca42dae7aec5f62a6b12e7d3,1646,2015,특정사안,교통 관련 보조금 집행 실태,hwp
S01552,감사원,BAI,20150115_[특정사안]_금융공공기관 경영관리실태I(중소기업은행 외 3개 기관)_1647.hwp,.hwp,1212928,25e9edd71f4dad3a4cc076a82cc01387da967fa76d11247e31ff8c49c200f161,1647,2015,특정사안,금융공공기관 경영관리실태I(중소기업은행 외 3개 기관),hwp
S01553,감사원,BAI,20150115_[특정사안]_금융공공기관 경영관리실태II(한국은행 외 3개 기관)_1648.hwp,.hwp,428544,4d79c90862272e7f05ab466c289dec0dc5a961154ca885b4ab5ced0a4ff07f04,1648,2015,특정사안,금융공공기관 경영관리실태II(한국은행 외 3개 기관),hwp
S01554,감사원,BAI,20150115_[특정사안]_금융공공기관 경영관리실태III(한국수출입은행 외 2개 기관)_1649.hwp,.hwp,465408,89e9e4f51b8ead2cc6f95c973ccd7bb65df31f95570ca196c9daa4ab9b4093d0,1649,2015,특정사안,금융공공기관 경영관리실태III(한국수출입은행 외 2개 기관),hwp
S01555,감사원,BAI,20150120_[기관정기]_국세청 기관운영감사_1650.hwp,.hwp,155136,ae7e92a56c8eceb6d25ac4a8101519c7a9a66b0f9cb8127e83825c479dcaa77b,1650,2015,기관정기,국세청 기관운영감사,hwp
S01556,감사원,BAI,20150122_[기관정기]_기초과학연구원 기관운영감사_1651.hwp,.hwp,430080,98ac2c76bc8c66ac95f4064bc3180410b98a1616331187b2a2b062ae50ad6c38,1651,2015,기관정기,기초과학연구원 기관운영감사,hwp
S01557,감사원,BAI,20150127_[기관정기]_부산지방국세청 기관운영감사_1652.hwp,.hwp,182784,85ce46a37abb7c40bfbb545305d5cb200057e4155c672bcc95fcfd24289dc44e,1652,2015,기관정기,부산지방국세청 기관운영감사,hwp
S01558,감사원,BAI,"20150129_[기관정기]_한국조폐공사, 대한무역투자진흥공사 기관운영감사_1653.hwp",.hwp,307712,8e6bb552a1c32201b8286dfafbc29ed7c4be6b853984351f808c56dd3231411b,1653,2015,기관정기,"한국조폐공사, 대한무역투자진흥공사 기관운영감사",hwp
S01559,감사원,BAI,"20150203_[기관정기]_부산,여수광양항만공사 기관운영감사_1654.hwp",.hwp,7851520,807136befa551f5869a42ad287ad82a91d3de63f0cea5cf0121deda8a9e3304c,1654,2015,기관정기,"부산,여수광양항만공사 기관운영감사",hwp
S01560,감사원,BAI,"20150205_[기관정기]_충청북도, 청주시 기관운영감사_1655.hwp",.hwp,392192,9e3894f4cbae4f44dea1b9e42a493262a22ddb16e5b2f6f9129420bb2052527a,1655,2015,기관정기,"충청북도, 청주시 기관운영감사",hwp
S01561,감사원,BAI,"20150206_[성과]_공공의료체계 구축,관리실태(재부의)_1657.hwp",.hwp,115200,e41f5b5d5142755e85acae5aea86ceddc39ca2d217bcdb878cd7892a0381b36a,1657,2015,성과,"공공의료체계 구축,관리실태(재부의)",hwp
S01562,감사원,BAI,20150206_[특정사안]_구 동해고속도로 도로구역 결정고시 관련_1656.hwp,.hwp,36864,393d7676e60d94e7bbbbf227654dd6426853a3632428c85c93c6144253db48e7,1656,2015,특정사안,구 동해고속도로 도로구역 결정고시 관련,hwp
S01563,감사원,BAI,20150209_[특정사안]_동북아역사재단의 예산낭비 등 관련_1659.hwp,.hwp,40448,b7a17b9a4dfc3a514eb0a2f8bd214221cb6f4c2a7332878be48bd1eb37a1429f,1659,2015,특정사안,동북아역사재단의 예산낭비 등 관련,hwp
S01564,감사원,BAI,20150209_[특정사안]_인천 부평동-장고개 간 도로개설공사 관련_1658.hwp,.hwp,33280,f64555803fd65c02076a97c2dc6389905ac7d2bbca89d86de7c4fac335d2cb49,1658,2015,특정사안,인천 부평동-장고개 간 도로개설공사 관련,hwp
S01565,감사원,BAI,20150210_[특정사안]_노인요양시설 등 화재안전 관리실태_1660.hwp,.hwp,177664,2c7e6b882665250d9b26b53b57a66e7230ecdf29f4c04eb55d4de4def511ef6b,1660,2015,특정사안,노인요양시설 등 화재안전 관리실태,hwp
S01566,감사원,BAI,20150211_[기타기타]_비품 구매관련 변상판정 청구사항_1662.hwp,.hwp,183296,130ca8881ca358cacfe11edbc49b631842f247b4264541e4552233d72cf3c58e,1662,2015,기타기타,비품 구매관련 변상판정 청구사항,hwp
S01567,감사원,BAI,20150211_[특정사안]_공공기관 R&D 투자관리실태(별도처리)_1661.hwp,.hwp,136704,77999bc13eb758ec057806e061ae55fabeaa9aeb502c89f9323b80f330a03bb3,1661,2015,특정사안,공공기관 R&D 투자관리실태(별도처리),hwp
S01568,감사원,BAI,20150212_[특정사안]_공공부문의 불공정 관행 특별점검_1663.hwp,.hwp,315392,5fcec6b4ae2fecdfac6bdf5a43f1c7d28daecd24239156d621c354801a669a4c,1663,2015,특정사안,공공부문의 불공정 관행 특별점검,hwp
S01569,감사원,BAI,20150216_[기관정기]_기획재정부 기관운영감사_1664.hwp,.hwp,146432,680cfe251dfd5dc43da7a766258468f455235ba83bacc425958c9c2011ea2717,1664,2015,기관정기,기획재정부 기관운영감사,hwp
S01570,감사원,BAI,20150216_[기관정기]_대한지적공사 기관운영감사_1665.hwp,.hwp,101888,ae3860abead7a936acb750e0178402079833cc9b9adef7f2a484897b7b2bb790,1665,2015,기관정기,대한지적공사 기관운영감사,hwp
S01571,감사원,BAI,20150216_[특정사안]_○○교육대학교의 업무처리 등 관련 감사청구_1666.hwp,.hwp,57344,7fe7c37041988ca803ea803d1062c7fdfd265d5223161e20881ff90e648e12ef,1666,2015,특정사안,○○교육대학교의 업무처리 등 관련 감사청구,hwp
S01572,감사원,BAI,20150224_[기관정기]_대구광역시 및 달서구 기관운영감사_1667.hwp,.hwp,266240,401f35317f07157a5b07154be482863e98fb679ccc1d50ad3c1d5c090cae1b22,1667,2015,기관정기,대구광역시 및 달서구 기관운영감사,hwp
S01573,감사원,BAI,20150225_[특정사안]_인천광역버스 노선변경인가업무 처리 관련 감사청구_1669.hwp,.hwp,36352,25d1b43f2734c0dacd6bafdedb19cdc883821d4f0a4c950b5731e08241ea5a03,1669,2015,특정사안,인천광역버스 노선변경인가업무 처리 관련 감사청구,hwp
S01574,감사원,BAI,"20150225_[특정사안]_인천송도 6,8공구 개별공시지가 결정 관련 감사청구_1668.hwp",.hwp,28160,dd79925c013d04c8614b281ade6bb5022b3d3c98fb604fe09107918196047997,1668,2015,특정사안,"인천송도 6,8공구 개별공시지가 결정 관련 감사청구",hwp
S01575,감사원,BAI,20150226_[기관정기]_국토연구원 기관운영감사_1671.hwp,.hwp,124928,79be7af2641572af9733ad241b13db65f728958aa33fc8d28038d869be5f1788,1671,2015,기관정기,국토연구원 기관운영감사,hwp
S01576,감사원,BAI,20150226_[특정사안]_인천국제공항 운영실태(별도)_1670.hwp,.hwp,64000,4eb1279f856be84bc1acc94a4d11909f99e9755541f6750b2eef07109f33468a,1670,2015,특정사안,인천국제공항 운영실태(별도),hwp
S01577,감사원,BAI,20150302_[기관정기]_한국산업기술진흥원 기관운영감사_1673.hwp,.hwp,140288,ed91803424cec486e7191c28ed4387aedcaa49cdf6e1e46f15ab919e52611d70,1673,2015,기관정기,한국산업기술진흥원 기관운영감사,hwp
S01578,감사원,BAI,"20150302_[특정사안]_민생비리 특별점검(교육, 경찰, 소방분야)(재부의)_1672.hwp",.hwp,47104,b2ab83fd229d88c9a625e1410fddd961734bb92c87f89dffed054cf28383fbd0,1672,2015,특정사안,"민생비리 특별점검(교육, 경찰, 소방분야)(재부의)",hwp
S01579,감사원,BAI,20150303_[특정사안]_공적개발원조사업(ODA) 추진실태_1674.hwp,.hwp,839680,96b5c75f32d5af8274666e9918a94ad2652f357830f66e9d374dc722e9ee26d6,1674,2015,특정사안,공적개발원조사업(ODA) 추진실태,hwp
S01580,감사원,BAI,20150304_[특정사안]_인증제도 운영실태_1675.hwp,.hwp,1260544,7c6223abf37f870ec76fdc296b4e0fb9eaae25ecd6f5b771c17da623920d977f,1675,2015,특정사안,인증제도 운영실태,hwp
S01581,감사원,BAI,20150304_[특정사안]_콘텐츠 지원사업 추진실태_1676.hwp,.hwp,427008,7919d265d0b2b9cd393015299d7ca50abc9399ae2ee74b8b8a6b5169c3afe8f8,1676,2015,특정사안,콘텐츠 지원사업 추진실태,hwp
S01582,감사원,BAI,20150305_[특정사안]_경제자유구역사업특별회계 재산 부당 전용 관련 감사청구_1678.hwp,.hwp,23040,00cb6db944b91f2b43c9516208a23bfda4cd12307c054fb3196c163dfd3cbf17,1678,2015,특정사안,경제자유구역사업특별회계 재산 부당 전용 관련 감사청구,hwp
S01583,감사원,BAI,20150305_[특정사안]_선거철 취약시기 공직기강 특별점검_1677.hwp,.hwp,299008,74d501293d3467bf2790016687c07b6cf069f388b4535053e9178728c02f2c0d,1677,2015,특정사안,선거철 취약시기 공직기강 특별점검,hwp
S01584,감사원,BAI,20150309_[기관정기]_한국감정원 및 제주국제자유도시개발센터 기관운영감사_1680.hwp,.hwp,275968,d5f442e0bfc19e868be819d97563403a1f2a77fb2d02c0cb341b1f8326bafc87,1680,2015,기관정기,한국감정원 및 제주국제자유도시개발센터 기관운영감사,hwp
S01585,감사원,BAI,20150309_[특정사안]_과학기술 ICT 진흥사업 연구비 집행 실태_1679.hwp,.hwp,2575360,25655d3716ec5f2bd13d8d7eca9c25a4cb3d9d7cb8a4ebba8aed5a3d3cf52330,1679,2015,특정사안,과학기술 ICT 진흥사업 연구비 집행 실태,hwp
S01586,감사원,BAI,20150310_[특정사안]_건강보험 등 사회보험 운영실태_1681.hwp,.hwp,799744,3a18e31e9c152a2468de2ce6d0793993ae3e535cc59ffdac246dd0905f1d4405,1681,2015,특정사안,건강보험 등 사회보험 운영실태,hwp
S01587,감사원,BAI,20150312_[기관정기]_식품의약품안전처 기관운영감사_1682.hwp,.hwp,152576,66993559255466178db10b0de571c5fc6de020f5f2fdb0a511945aee56c3a7b3,1682,2015,기관정기,식품의약품안전처 기관운영감사,hwp
S01588,감사원,BAI,"20150316_[특정사안]_계약, 인사 등 취약분야 기동 감찰_1684.hwp",.hwp,160256,ef6ead3500664bacd93885e08acf59fbbf751394e0dac27b046b20c7f863cba2,1684,2015,특정사안,"계약, 인사 등 취약분야 기동 감찰",hwp
S01589,감사원,BAI,20150316_[특정사안]_국민연금 운용 및 경영관리실태_1683.hwp,.hwp,637952,49113c2c677c2a00662b50d2fc100bb538477698ed3bc48cbe21f5bef67b5ab9,1683,2015,특정사안,국민연금 운용 및 경영관리실태,hwp
S01590,감사원,BAI,20150317_[특정사안]_지방교육재정 운용 실태_1685.hwp,.hwp,6477824,8d4bd0830c80637f6481dde6e768de09f3cf7a9e3ee2550c3d46c35a34b3a9bc,1685,2015,특정사안,지방교육재정 운용 실태,hwp
S01591,감사원,BAI,20150318_[특정사안]_재난·재해기금 운영 실태(국회요구)_1686.hwp,.hwp,540160,65113d6169660d012f970d28c0f5ba1259b458579a61e73223a81676dd0d4dca,1686,2015,특정사안,재난·재해기금 운영 실태(국회요구),hwp
S01592,감사원,BAI,20150319_[특정사안]_재정지원 일자리사업 추진실태_1687.hwp,.hwp,391680,0e92beedf057445a5775f33585cb8365f04a75fba9282cb151dc4e59a77c22e3,1687,2015,특정사안,재정지원 일자리사업 추진실태,hwp
S01593,감사원,BAI,"20150323_[특정사안]_지방자치단체 출자, 출연기관 운영실태_1688.hwp",.hwp,628224,631a88777543aac659827a1e74a29ce91b7c24e47fb3f0e392ac4a3be6488fda,1688,2015,특정사안,"지방자치단체 출자, 출연기관 운영실태",hwp
S01594,감사원,BAI,20150325_[특정사안]_선박 등 안전규제 관리실태(국회감사요구)_1689.hwp,.hwp,10533888,c8fe6e6852f8e5c7950df1ed5fad9d05ddbc266cd3929d4a823c9db521f93f37,1689,2015,특정사안,선박 등 안전규제 관리실태(국회감사요구),hwp
S01595,감사원,BAI,20150326_[기관정기]_환경부 기관운영감사_1690.hwp,.hwp,1004032,ed8ef3276659ddccca1f1ebbb163aaa6c88fbd11fe7ca711a7081182e7fd535e,1690,2015,기관정기,환경부 기관운영감사,hwp
S01596,감사원,BAI,20150326_[특정사안]_세무대리 등 납세협력제도 운용실태_1691.hwp,.hwp,584192,c91f1ce62abb7263c463f344865f78ebad87b623af5ad550af2e27afd07cce3f,1691,2015,특정사안,세무대리 등 납세협력제도 운용실태,hwp
S01597,감사원,BAI,20150330_[특정사안]_축산물 안전관리실태_1692.hwp,.hwp,464384,b919421c7f3e0f2757932dd4ea8af112afc34db5e42dfc1d8dcdadcf627feeb2,1692,2015,특정사안,축산물 안전관리실태,hwp
S01598,감사원,BAI,20150331_[기관정기]_한국농수산식품유통공사 기관운영감사_1693.hwp,.hwp,160256,32fdcaea24612ab8f7e1fec85f3d313612205a3e85d5b435abc0e3c3fc91549b,1693,2015,기관정기,한국농수산식품유통공사 기관운영감사,hwp
S01599,감사원,BAI,20150402_[기관정기]_한국임업진흥원 등 2개 기관 기관운영감사_1694.hwp,.hwp,229376,5a8048676cff6511696b21ebf57dca05c979fa667337cb0cc317607bb8450396,1694,2015,기관정기,한국임업진흥원 등 2개 기관 기관운영감사,hwp
S01600,감사원,BAI,20150406_[기관정기]_법무부 기관운영감사_1695.hwp,.hwp,203776,945c3d6e61ccaa948bfdb9a67b1cb63b66b781e966ac252ab490017ec9f80037,1695,2015,기관정기,법무부 기관운영감사,hwp
S01601,감사원,BAI,20150408_[특정사안]_서울지하철 건설 안전 및 품질 관리실태_1696.hwp,.hwp,1769472,a4d3052af7725b2d72e5c57e1305e3a9609943adffdb6d07478cda998f315679,1696,2015,특정사안,서울지하철 건설 안전 및 품질 관리실태,hwp
S01602,감사원,BAI,20150408_[특정사안]_호남 및 수도권 고속철도 건설사업 추진실태_1697.hwp,.hwp,3323904,045cc010757bc1840b27edb82ebec2ceacaae35a5784afec2acff4c02a421be5,1697,2015,특정사안,호남 및 수도권 고속철도 건설사업 추진실태,hwp
S01603,감사원,BAI,20150410_[기관정기]_경찰청 기관운영감사_1698.hwp,.hwp,543744,6188d6b110f052388a7f304834a6154f631440e35a2a410350ccbbc470e01440,1698,2015,기관정기,경찰청 기관운영감사,hwp
S01604,감사원,BAI,"20150413_[기타기타]_재심의판정(영암군, 선금급 채권확보업무 부당처리 관련)에 따른 서면감사_1700.hwp",.hwp,58880,a2e313c30ce47f89174e6036d7c7f7e3935ce5f5cc3ffcb2b078ecd7c6f0f090,1700,2015,기타기타,"재심의판정(영암군, 선금급 채권확보업무 부당처리 관련)에 따른 서면감사",hwp
S01605,감사원,BAI,20150413_[성과]_산업인력 양성 교육시책 추진실태_1699.hwp,.hwp,1007616,9f46b857bf0ce055d78bb7729c8ef47ec613806475e2c2b2e8be2e54210a6801,1699,2015,성과,산업인력 양성 교육시책 추진실태,hwp
S01606,감사원,BAI,20150414_[성과]_의료서비스 관리실태_1701.hwp,.hwp,2004480,66676693602f40b2d41f6a1e1998575c045280859ce55eb5cd4cbf3a5ba6a207,1701,2015,성과,의료서비스 관리실태,hwp
S01607,감사원,BAI,20150415_[특정사안]_공공기관 경영관리실태(한전 및 6개 발전자회사)_1702.hwp,.hwp,1397760,9af67fc4179dcff0315b8544713743903dc2d55d6e4e3043b0f78dedfaa8a09b,1702,2015,특정사안,공공기관 경영관리실태(한전 및 6개 발전자회사),hwp
S01608,감사원,BAI,20150420_[특정사안]_화력발전소 건설사업 추진실태_1703.hwp,.hwp,254464,842f789f5c9cb27ef5e3694603e3f74df74facde34e9866541a2fa969d9342bd,1703,2015,특정사안,화력발전소 건설사업 추진실태,hwp
S01609,감사원,BAI,20150421_[특정사안]_공공 안전 신뢰 저해행위 등 비리점검(재부의)_1704.hwp,.hwp,72192,3cc137f385d1e8a50fcd55803083dc3b47e75dc798596e38253399fd693737ac,1704,2015,특정사안,공공 안전 신뢰 저해행위 등 비리점검(재부의),hwp
S01610,감사원,BAI,20150421_[특정사안]_대한체육회의 관리직 성과연봉 지급 부적정 등 관련 감사청구_1705.hwp,.hwp,35328,12fe7e72fa1e00041d916398933caeba4606109ed84b13a64ddb8c268851f5b8,1705,2015,특정사안,대한체육회의 관리직 성과연봉 지급 부적정 등 관련 감사청구,hwp
S01611,감사원,BAI,20150423_[기관정기]_금융감독원 기관운영감사_1707.hwp,.hwp,670208,0fb0204a8894a964ac43ff02a764a3e239bf4f798a8799cae35a74e4b40b49cb,1707,2015,기관정기,금융감독원 기관운영감사,hwp
S01612,감사원,BAI,20150423_[특정사안]_일반국도 등 도로건설사업 추진 실태_1706.hwp,.hwp,30382592,d868305cd4222e219c17af297f8952f39ea9256b99d0e24a8e3b0aceab6ed525,1706,2015,특정사안,일반국도 등 도로건설사업 추진 실태,hwp
S01613,감사원,BAI,20150428_[기관정기]_문화체육관광부 기관운영감사_1708.hwp,.hwp,239104,195d60d543ee2992c2b945184b81cdb0bcd3617754b8d99283e5b77aeb04b34c,1708,2015,기관정기,문화체육관광부 기관운영감사,hwp
S01614,감사원,BAI,20150430_[기관정기]_제주특별자치도 기관운영감사_1709.hwp,.hwp,312832,a4108877f3ea44dae71fc431bdd1b2af137f4c77738177ea2fe1873b038bc613,1709,2015,기관정기,제주특별자치도 기관운영감사,hwp
S01615,감사원,BAI,"20150506_[기관정기]_서울특별시, 강서구, 서초구 기관운영감사_1710.hwp",.hwp,5261312,2e2e4f9d4a39bac0b1cff3d69cef18094b7ba7029fefd9afc4dcb94f0a7a2a6e,1710,2015,기관정기,"서울특별시, 강서구, 서초구 기관운영감사",hwp
S01616,감사원,BAI,20150506_[특정사안]_서울시 도로 등 건설사업 추진실태_1711.hwp,.hwp,325514240,e093b524b5bb738bcac806c5a331ba7b025497c5592aa9b8eb4988dec5946c80,1711,2015,특정사안,서울시 도로 등 건설사업 추진실태,hwp
S01617,감사원,BAI,20150507_[특정사안]_재외공관 및 외교부 본부 운영실태_1712.hwp,.hwp,411648,22f96e1aae23a905b9757afbcd6ecf9479a9076985c199c53f9428bf4322bea1,1712,2015,특정사안,재외공관 및 외교부 본부 운영실태,hwp
S01618,감사원,BAI,20150512_[특정사안]_법인의 에너지사업에 대한 타당성 검토 관련 감사청구_1714.hwp,.hwp,39424,43b11ffa5aa265d813fac3e93eb29b2c4880f26390838fbb66a26aa6b43e9b50,1714,2015,특정사안,법인의 에너지사업에 대한 타당성 검토 관련 감사청구,hwp
S01619,감사원,BAI,"20150512_[특정사안]_학교 안전관리(시설, 교육) 실태_1715.hwp",.hwp,986624,76ec750639ed297ed9d154843e2bed32df38834b568f328b747adab6e2cca7db,1715,2015,특정사안,"학교 안전관리(시설, 교육) 실태",hwp
S01620,감사원,BAI,20150514_[기관정기]_한국농어촌공사 기관운영감사_1716.hwp,.hwp,624640,e39c9588a3c9bdcbea1430c4dcbbb48cae03a89e597cbcde61b7a38d0c6cf7b6,1716,2015,기관정기,한국농어촌공사 기관운영감사,hwp
S01621,감사원,BAI,20150519_[특정사안]_고위공직자 등 공직비리 기동점검_1717.hwp,.hwp,119296,a28fe6caae7ccc8c029d36b4013c472e4a96d0505d5a3f525ddfa8b6c780fada,1717,2015,특정사안,고위공직자 등 공직비리 기동점검,hwp
S01622,감사원,BAI,20150519_[특정사안]_주요 취약분야 점검_1718_v1.hwp,.hwp,175104,7ce55ac33bb79bdc7a5173258712fd08248dd57eef5d12ed6a2d4cd390f6a060,1718,2015,특정사안,주요 취약분야 점검,hwp
S01623,감사원,BAI,20150519_[특정사안]_주요 취약분야 점검_1718_v2.hwp,.hwp,60416,b4a512a8208157917f5bc9954bdebf0200f129bff27b1438531f218e217ae8f5,1718,2015,특정사안,주요 취약분야 점검,hwp
S01624,감사원,BAI,20150520_[특정사안]_광해방지사업 추진실태_1719.hwp,.hwp,1667072,f0d044a82df0d022443e23caa5cb2aad10b5ae4acdc4577b213c097efd787381,1719,2015,특정사안,광해방지사업 추진실태,hwp
S01625,감사원,BAI,20150521_[기관정기]_산림청 기관운영감사_1720.hwp,.hwp,147968,de4425b6a4900e60b6903c07f14b94701f4826810c378987c2c50f3590e722b1,1720,2015,기관정기,산림청 기관운영감사,hwp
S01626,감사원,BAI,20150526_[특정사안]_국가 R&D 참여연구원 관리실태_1721.hwp,.hwp,651264,914a249746d4a3c362d6d7a9e5be2a394f651016a954fc6eb098b08840913623,1721,2015,특정사안,국가 R&D 참여연구원 관리실태,hwp
S01627,감사원,BAI,"20150527_[기관정기]_김포시, 양주시, 구리시 기관운영감사_2100.hwp",.hwp,208896,a98d3c3e3fd497f214c48f9820052c31438fa3d1ff87c6ef4dcd03c49cb57d5a,2100,2015,기관정기,"김포시, 양주시, 구리시 기관운영감사",hwp
S01628,감사원,BAI,20150528_[기관정기]_대전지방국세청 기관운영감사_1722.hwp,.hwp,252928,5fc7e8b39dbe26cf88e1119e6c21e4835da60da16c839a559458a90e8f336aab,1722,2015,기관정기,대전지방국세청 기관운영감사,hwp
S01629,감사원,BAI,20150529_[기관정기]_국토교통부 기관운영감사(우선처리)_1741.hwp,.hwp,47616,1ee4c79c1dc3257580b72f1f9c1a33dea58b72f7e355632fff9e9b75f3e48c91,1741,2015,기관정기,국토교통부 기관운영감사(우선처리),hwp
S01630,감사원,BAI,20150529_[재무]_감사원 재무감사_1740.hwp,.hwp,43008,883bcd1629398476f555cf28cc76431d5e2bc74aac7e3a78fbf0bc763eee3857,1740,2015,재무,감사원 재무감사,hwp
S01631,감사원,BAI,20150529_[재무]_고용노동부 외 2개 기관 재무감사_1732.hwp,.hwp,115200,115ae3420541d895215fe06a42e4934057c2cb1bfd3dc220a1de14e6081fff40,1732,2015,재무,고용노동부 외 2개 기관 재무감사,hwp
S01632,감사원,BAI,20150529_[재무]_교육부 재무감사_1734.hwp,.hwp,48128,e3bdbdd52176f73919345748a5d924318b46ac89c055caf1ccf3792e2a4693c9,1734,2015,재무,교육부 재무감사,hwp
S01633,감사원,BAI,20150529_[재무]_국방부 등 3개 기관 재무감사_1739.hwp,.hwp,53760,2dd5f7c9721eab2fc8e9d608232469ae3c65ddf297dfb726ba58bc814d101a8e,1739,2015,재무,국방부 등 3개 기관 재무감사,hwp
S01634,감사원,BAI,20150529_[재무]_국세청 재무감사_1725.hwp,.hwp,72704,4b881a3877e37d0e5cd791c86bca812cff28a681068b9b2879b788e7a684f94a,1725,2015,재무,국세청 재무감사,hwp
S01635,감사원,BAI,20150529_[재무]_국회 등 7개 기관 재무감사_1736.hwp,.hwp,152064,74a7fe242959a7572b86d53cb386c6d408c000f5d59f5f9e522e3ba633483c4c,1736,2015,재무,국회 등 7개 기관 재무감사,hwp
S01636,감사원,BAI,20150529_[재무]_금융위원회 재무감사_1728.hwp,.hwp,233472,1e34dfcdf6061e19f62b0764c1a133498233aa5983e88c008b3f99a5760f8fcd,1728,2015,재무,금융위원회 재무감사,hwp
S01637,감사원,BAI,20150529_[재무]_기획재정부 등 3개 기관 재무감사_1723.hwp,.hwp,86016,65e7d3b96cf2bfc070a1a0eb9c64818d984d0157a5706c266a32a5f393e8adac,1723,2015,재무,기획재정부 등 3개 기관 재무감사,hwp
S01638,감사원,BAI,20150529_[재무]_농림축산식품부 등 2개 기관 재무감사_1727.hwp,.hwp,74752,5a872534ab9937362e720a02ca7453d50b4ac9f7af2a80fb7949a52c5942d83b,1727,2015,재무,농림축산식품부 등 2개 기관 재무감사,hwp
S01639,감사원,BAI,20150529_[재무]_대통령비서실 등 7개 기관 재무감사_1735.hwp,.hwp,175616,8f9e273f1a16b7ba75168a7925f427cf97bbdba2d7965dbe789df2b15c5cded3,1735,2015,재무,대통령비서실 등 7개 기관 재무감사,hwp
S01640,감사원,BAI,20150529_[재무]_문화재청 등 2개 기관 재무감사_1738.hwp,.hwp,106496,77b18c18cd450793beae47845d1171259443dc7a923f848156a716284cd4e312,1738,2015,재무,문화재청 등 2개 기관 재무감사,hwp
S01641,감사원,BAI,20150529_[재무]_미래창조과학부 등 3개 기관 재무감사_1724.hwp,.hwp,92672,b6816e1246f328015b17313e713ffbd19c4c8d346c7e0c6b9d2ec84e942c27bf,1724,2015,재무,미래창조과학부 등 3개 기관 재무감사,hwp
S01642,감사원,BAI,20150529_[재무]_보건복지부 재무감사_1731.hwp,.hwp,112128,d902c0e873afc2272577001055226148ac4c37f9d9c9c312d8c096e9a9788ff2,1731,2015,재무,보건복지부 재무감사,hwp
S01643,감사원,BAI,20150529_[재무]_산업통상자원부 등 3개 기관 재무감사_1726.hwp,.hwp,147968,85e6ac64373bb6e2188c6bf5214871af70510d7731e2d4e74549eac758bfcd22,1726,2015,재무,산업통상자원부 등 3개 기관 재무감사,hwp
S01644,감사원,BAI,20150529_[재무]_식품의약품안전처 재무감사_1733.hwp,.hwp,60416,6b13ad1385a4b211c398fb240b5cbeb3365dfafa3967fa4851b65741a29af62c,1733,2015,재무,식품의약품안전처 재무감사,hwp
S01645,감사원,BAI,20150529_[재무]_외교부 등 7개 기관 재무감사_1737.hwp,.hwp,91136,aa37cec37fa890a0ebeaaa09afbb047f74c8a4039f97f9bbed21aec28b01d91f,1737,2015,재무,외교부 등 7개 기관 재무감사,hwp
S01646,감사원,BAI,20150529_[재무]_행정중심복합도시건설청 등 2개 기관 재무감사_1729.hwp,.hwp,53248,794f83b8bb9659b4488a9869f9ccf8cf1ced64850001b7c129a7cbd1dc4627b9,1729,2015,재무,행정중심복합도시건설청 등 2개 기관 재무감사,hwp
S01647,감사원,BAI,"20150529_[재무]_환경부, 해양수산부, 기상청 재무감사_1730.hwp",.hwp,76800,d1bf394c543a3b43d7a51e26bce138cc271c35e2dbf329df59adfe173aea10e1,1730,2015,재무,"환경부, 해양수산부, 기상청 재무감사",hwp
S01648,감사원,BAI,20150601_[특정사안]_전력지원 공공기관 경영관리 실태(한국전력기술 등 4개 한전 비발전자회사)_1742.hwp,.hwp,1769472,f7036c7cddb2a2d9d70a2a78d43f9d5b75e58bb29ad4e31d2efd7184cde03d74,1742,2015,특정사안,전력지원 공공기관 경영관리 실태(한국전력기술 등 4개 한전 비발전자회사),hwp
S01649,감사원,BAI,20150602_[특정사안]_국가 주요 정보화사업 추진 및 관리실태_1743.hwp,.hwp,4200448,706588f8db524269c0b0380d811960a9fcd6827cc3b51a14fed67103607792d3,1743,2015,특정사안,국가 주요 정보화사업 추진 및 관리실태,hwp
S01650,감사원,BAI,20150604_[특정사안]_계약분야 회계비리 특별점검_1744_v1.hwp,.hwp,371200,6cd29c629f76108befe168581ea11fbbea01b656fbf741db3dd355bbab2dafb6,1744,2015,특정사안,계약분야 회계비리 특별점검,hwp
S01651,감사원,BAI,20150604_[특정사안]_계약분야 회계비리 특별점검_1744_v2.hwp,.hwp,67584,ee3d61d7dcaf136291ee0d1fb78ae083484d57923397beac670f1d841ec308f5,1744,2015,특정사안,계약분야 회계비리 특별점검,hwp
S01652,감사원,BAI,20150609_[특정사안]_계약 등 취약분야 공직기강 특별점검_1745.hwp,.hwp,291840,4578eaf14746ade557476988438171cddce9baa44be9eee307fe78925876afb7,1745,2015,특정사안,계약 등 취약분야 공직기강 특별점검,hwp
S01653,감사원,BAI,20150610_[기관정기]_통계청 기관운영감사_1746.hwp,.hwp,156160,c9dae6e94381b575c5761c103e4f14cd681095e89eedfdc663380920078be951,1746,2015,기관정기,통계청 기관운영감사,hwp
S01654,감사원,BAI,20150610_[특정사안]_인천 북항 배후단지 내 에코단지 조성사업 추진 관련 감사청구_1747.hwp,.hwp,56832,431a0a2264ddfb4b832292a8b95658c43ea155f2ef2b4f5ed76d325b0a6bb772,1747,2015,특정사안,인천 북항 배후단지 내 에코단지 조성사업 추진 관련 감사청구,hwp
S01655,감사원,BAI,20150611_[특정사안]_국가공간정보체계 구축 및 운용실태_1748.hwp,.hwp,4262400,cce1c9945debdaca05eee2feb86d4db6b2f3cdfc32f8f63e24cb17ec8537c591,1748,2015,특정사안,국가공간정보체계 구축 및 운용실태,hwp
S01656,감사원,BAI,20150616_[특정사안]_국가사무의 민간위탁 업무 관리실태_1749.hwp,.hwp,704512,1027cb4d952b761fb6c0489381cfc5303add11f4b6f1d7fc82a16b77672c833d,1749,2015,특정사안,국가사무의 민간위탁 업무 관리실태,hwp
S01657,감사원,BAI,20150617_[기관정기]_강원도 및 원주시 기관운영감사_1751.hwp,.hwp,234496,f685fea16ed844951c76a8c5b484cdc8303e862000a2cf65e1d8bcbe2c332977,1751,2015,기관정기,강원도 및 원주시 기관운영감사,hwp
S01658,감사원,BAI,"20150618_[기관정기]_인천광역시,강화군 기관운영감사_1752.hwp",.hwp,314880,dce07645d09e3d0ccfb1796fa6c3ee922f8ec0edd009d10376fec372d3af3700,1752,2015,기관정기,"인천광역시,강화군 기관운영감사",hwp
S01659,감사원,BAI,20150623_[특정사안]_투자활성화 대책 추진실태_1753.hwp,.hwp,2370560,9cfd43635cbc94876324083390882f6e989e68ccf272623cec7d490e56ce9aef,1753,2015,특정사안,투자활성화 대책 추진실태,hwp
S01660,감사원,BAI,20150624_[특정사안]_가축매몰지 주변 오염관리 실태_1754.hwp,.hwp,1166336,1779818775f0db389a72ff2ad049a44fc9964a8f1afa8c80cf1a3bece443f819,1754,2015,특정사안,가축매몰지 주변 오염관리 실태,hwp
S01661,감사원,BAI,20150629_[특정사안]_납세조합 지도감독 실태_1755.hwp,.hwp,350720,5cd4f2cc12353172f3607a906815acffd476464e166013f3e2b048b8154d5ac2,1755,2015,특정사안,납세조합 지도감독 실태,hwp
S01662,감사원,BAI,20150630_[기타손망실]_토지보상금 공탁업무 관련 서면감사_1757.hwp,.hwp,49664,fde874f4c8c26e10714cba7fe716e8378a51dc1a49e7b357945aea6150e4a9d5,1757,2015,기타손망실,토지보상금 공탁업무 관련 서면감사,hwp
S01663,감사원,BAI,20150630_[특정사안]_화성동탄(2) 신도시 개발사업 추진실태_1756.hwp,.hwp,15393280,5bbdc804ff8506c02a7901e04410b01d5ae967759a212484cf25767c454a284e,1756,2015,특정사안,화성동탄(2) 신도시 개발사업 추진실태,hwp
S01664,감사원,BAI,20150702_[특정사안]_국방연구개발 추진실태_1758.hwp,.hwp,13923328,f29b9f48910ef029d7e6c218d7547870742b0b234eda27706358395052d0ef31,1758,2015,특정사안,국방연구개발 추진실태,hwp
S01665,감사원,BAI,20150706_[기관정기]_국립공원관리공단 및 수도권매립지관리공사 기관운영감사_1759.hwp,.hwp,1924096,29644597c0a38afc7f8ebc7b7800fa40edf174555e0525361a3df02881395206,1759,2015,기관정기,국립공원관리공단 및 수도권매립지관리공사 기관운영감사,hwp
S01666,감사원,BAI,20150707_[특정사안]_○○ 전국마라톤대회 대행사 담합 등 관련 감사청구_1761.hwp,.hwp,52224,b710d2a776b4531446755008453dde762027c82878956215770db5021d64283c,1761,2015,특정사안,○○ 전국마라톤대회 대행사 담합 등 관련 감사청구,hwp
S01667,감사원,BAI,20150707_[특정사안]_○○대 기숙사 건립 관련 감사청구_1760.hwp,.hwp,56320,3400cf2e31e1ed5fbb87160b2654d27b5c536ab2b0e31d690691e07104528b6a,1760,2015,특정사안,○○대 기숙사 건립 관련 감사청구,hwp
S01668,감사원,BAI,20150708_[특정사안]_복지사업 재정지원 실태(교육분야)_1764.hwp,.hwp,202752,116294c74342da2854aead061b89c8f61b590afc73dcb93b9e1f8b207052df60,1764,2015,특정사안,복지사업 재정지원 실태(교육분야),hwp
S01669,감사원,BAI,20150708_[특정사안]_복지사업 재정지원 실태(복지분야)_1762.hwp,.hwp,437248,c61af1af75fe9996e0b5d88b7392554055a617b7ad930527e5fbc91ebfa412ed,1762,2015,특정사안,복지사업 재정지원 실태(복지분야),hwp
S01670,감사원,BAI,20150708_[특정사안]_복지사업 재정지원 실태(의료분야)_1763.hwp,.hwp,621056,5a77080e8d81b4021da3baa10c1b870951607802b8918372882d257d671724fd,1763,2015,특정사안,복지사업 재정지원 실태(의료분야),hwp
S01671,감사원,BAI,20150709_[특정사안]_농림수산업자신용보증기금 보증지원 실태_1765.hwp,.hwp,190976,dbe78ac42177dce0cf180efceea1684f43cf823499ea951ee53989b11c2694d9,1765,2015,특정사안,농림수산업자신용보증기금 보증지원 실태,hwp
S01672,감사원,BAI,20150713_[특정사안]_신대배후단지 조성사업 추진 관련 감사청구_1766.hwp,.hwp,1825280,059e8e563c648e957b58c3d73879cb05c30d49214d31847496c0b1c1fc780d1b,1766,2015,특정사안,신대배후단지 조성사업 추진 관련 감사청구,hwp
S01673,감사원,BAI,20150715_[특정사안]_서울보증보험(주)의 주요보증보험 심사 및 사후관리 실태_1767.hwp,.hwp,244224,5bfcc3cd43ec7af7bb9b6ef7f2300d305880523cc548c794091c66f7b0e3806a,1767,2015,특정사안,서울보증보험(주)의 주요보증보험 심사 및 사후관리 실태,hwp
S01674,감사원,BAI,20150716_[특정사안]_금융유관기관 공적업무 수행 및 감독실태_1768.hwp,.hwp,275968,ecef778a77c42a245525d5b70b2e7d218c5746e6d4515aefd8bcb2de83403a5d,1768,2015,특정사안,금융유관기관 공적업무 수행 및 감독실태,hwp
S01675,감사원,BAI,20150722_[특정사안]_자체감사기구 운영실태_1769.hwp,.hwp,510976,8be5f89f773edea2db5472c28cc8f182a6c7f44b422cc742a25317af3494e2d7,1769,2015,특정사안,자체감사기구 운영실태,hwp
S01676,감사원,BAI,20150723_[특정사안]_한국가스공사 예선사업 관리실태_1770.hwp,.hwp,316928,42b067f82fbc911d3ee77d08c735eca2a8bb81f2a56afb0071169e771a14a722,1770,2015,특정사안,한국가스공사 예선사업 관리실태,hwp
S01677,감사원,BAI,20150723_[특정사안]_한전산업개발(주) 경영관리실태_1771.hwp,.hwp,323584,09924740cfc2b87e97532f71ec1b652c78beeec0a6f6c1987ec7532bc3e1f27b,1771,2015,특정사안,한전산업개발(주) 경영관리실태,hwp
S01678,감사원,BAI,20150727_[기관정기]_광주지방국세청 기관운영감사_1772.hwp,.hwp,354816,4484ea974c29ee852cc638bb85ed96694dd7ad9ce680c77330a659e06e405c31,1772,2015,기관정기,광주지방국세청 기관운영감사,hwp
S01679,감사원,BAI,20150728_[특정사안]_학교교육정상화시책 추진실태_1773.hwp,.hwp,310272,b3ef76d79ce7e590b2a0cdc25ccfeebdf0374c1692fa4981c2249ce17a861a8a,1773,2015,특정사안,학교교육정상화시책 추진실태,hwp
S01680,감사원,BAI,20150729_[특정사안]_질병관리본부 유전체사업 등 연구사업 추진실태_1775.hwp,.hwp,2493952,d7bcde9403c4bdce00c670fe36def0c28b5db5353e8a65bd5aac90f7758079c8,1775,2015,특정사안,질병관리본부 유전체사업 등 연구사업 추진실태,hwp
S01681,감사원,BAI,20150729_[특정사안]_천연물신약 연구개발 실태_1774.hwp,.hwp,300032,ea39fd4f834707b9cd2c6c47e824203c710f54d727584452414b6fa1c895cca8,1774,2015,특정사안,천연물신약 연구개발 실태,hwp
S01682,감사원,BAI,20150730_[기관정기]_국토교통부 기관운영감사_1776.hwp,.hwp,694272,fe5ed840f4e51357faf2e52e00451562ae3f33b7acedb45877442fddb4879efd,1776,2015,기관정기,국토교통부 기관운영감사,hwp
S01683,감사원,BAI,20150730_[특정사안]_ㄱ구역 사업시행변경인가 관련 감사청구_1777.hwp,.hwp,36864,915e372046a49c945f40aff0b55283570669691a605cc7a88ca8f65b463ef4aa,1777,2015,특정사안,ㄱ구역 사업시행변경인가 관련 감사청구,hwp
S01684,감사원,BAI,20150805_[특정사안]_소극적 업무처리 및 국민부담 유발행위 점검_1778.hwp,.hwp,5042688,19d8a6fae4d5a39b51b72a28334ad2e9caf1eb55118c48a080766cb33811261f,1778,2015,특정사안,소극적 업무처리 및 국민부담 유발행위 점검,hwp
S01685,감사원,BAI,20150806_[특정사안]_중소기업 R&D 지원실태_1779.hwp,.hwp,897024,7d3ca0e85b458fdcf5801bbdc9afec3cbd5334938426544eb65110a2bf32104d,1779,2015,특정사안,중소기업 R&D 지원실태,hwp
S01686,감사원,BAI,20150812_[특정사안]_학교시설 건설사업 추진실태_1780.hwp,.hwp,4656128,53ebeec72004e2bb39908c3ce33c11ecd52247530afb340c9ee28852c676cc57,1780,2015,특정사안,학교시설 건설사업 추진실태,hwp
S01687,감사원,BAI,"20150819_[기관정기]_인천,포항지방해양수산청 기관운영감사_1781.hwp",.hwp,1473024,e2f2afe7600a8e7623db3e426858ff83cef651fc19bed4360f50a9a298684030,1781,2015,기관정기,"인천,포항지방해양수산청 기관운영감사",hwp
S01688,감사원,BAI,"20150825_[특정사안]_공공기관 계약관리실태(건설, 물류)_1783.hwp",.hwp,951808,f2bd4abcb8fa21ce2434ce2cbb07fb10b752f714293784705d740d8772cf7737,1783,2015,특정사안,"공공기관 계약관리실태(건설, 물류)",hwp
S01689,감사원,BAI,20150827_[특정사안]_금정산성 다목적광장 조성사업 추진 관련 감사청구_1785.hwp,.hwp,45568,d7f39468681fcb660d944b61e58f0e3ead944324033bbc2903326a824a577000,1785,2015,특정사안,금정산성 다목적광장 조성사업 추진 관련 감사청구,hwp
S01690,감사원,BAI,20150827_[특정사안]_긴급출동구조체계 구축운영실태_1784.hwp,.hwp,4264960,5971bb5cba90577c053ee1881a23396cec947a73974e0dd67ca4ef012df61733,1784,2015,특정사안,긴급출동구조체계 구축운영실태,hwp
S01691,감사원,BAI,20150901_[특정사안]_춘천시 중도 청동기시대 유물 일부 이전 관련 감사청구_1786.hwp,.hwp,30208,f5b72fc5682899845a8c5c07cb394dc665b71c078700d11978296f34ff365fde,1786,2015,특정사안,춘천시 중도 청동기시대 유물 일부 이전 관련 감사청구,hwp
S01692,감사원,BAI,20150902_[특정사안]_고속도로 휴게시설 및 정보시스템 관리실태_1787.hwp,.hwp,94208,1cc9b509df0388b893d6ebb35dbd43639b4062355e54e18105dc0895b1ade4f7,1787,2015,특정사안,고속도로 휴게시설 및 정보시스템 관리실태,hwp
S01693,감사원,BAI,20150907_[특정사안]_무형문화재 전승활동 지원실태_1790.hwp,.hwp,350208,85623c289e91386893b2f959517cbcce3e16b2100a355fc2920cf21236ce2b6d,1790,2015,특정사안,무형문화재 전승활동 지원실태,hwp
S01694,감사원,BAI,"20150908_[특정사안]_전문생산기술연구소에 대한 산업통상자원부, 국세청의 관리감독 관련 감사청구_1791.hwp",.hwp,51200,c2dbc464b5c4d7a10b96a2bbdad4eb63681602d17dca12e39078e6e90d36659c,1791,2015,특정사안,"전문생산기술연구소에 대한 산업통상자원부, 국세청의 관리감독 관련 감사청구",hwp
S01695,감사원,BAI,20150909_[특정사안]_4대강 사업 준설토 처리 실태(국회감사요구)_1792.hwp,.hwp,1008128,b11eb95a7bc3daec4e98ccd6c8ff121b0e10be6eedadb2801a89b3db1849eef6,1792,2015,특정사안,4대강 사업 준설토 처리 실태(국회감사요구),hwp
S01696,감사원,BAI,20150916_[기관정기]_강원도 및 원주시 기관운영감사(별도처리)_1793.hwp,.hwp,65536,2abd6a12f8e8386bcb909b009db1d8d4698582196e1f27280c8582918d4429ad,1793,2015,기관정기,강원도 및 원주시 기관운영감사(별도처리),hwp
S01697,감사원,BAI,"20150922_[기관정기]_인천광역시, 강화군 기관운영감사(재부의)_1794.hwp",.hwp,41472,f0b0b63d0be6c94caff57600317cb2cdbc4fd4bdcdace603ccb4f76ac8fe0e20,1794,2015,기관정기,"인천광역시, 강화군 기관운영감사(재부의)",hwp
S01698,감사원,BAI,20150923_[특정사안]_송파관광정보센터 건립 예산낭비 등 관련 감사청구_1795.hwp,.hwp,54784,509fa95bed848be3104419af551bcb6809650017f0eab916e0d4a6709a47bec2,1795,2015,특정사안,송파관광정보센터 건립 예산낭비 등 관련 감사청구,hwp
S01699,감사원,BAI,20151001_[기타손망실]_공사 선금급 관련 변상판정청구_1796.hwp,.hwp,65024,b43fdb31babc223ed9bd3848344fa22e651e60cdc57737712e4149953b1c4dbf,1796,2015,기타손망실,공사 선금급 관련 변상판정청구,hwp
S01700,감사원,BAI,20151006_[기타손망실]_변상판정 청구사항 서면감사_1797.hwp,.hwp,150528,63dc37f87f1d3cc03ee0dadcc6f5d80937f76ec0b842226ee50a2e7a87450d22,1797,2015,기타손망실,변상판정 청구사항 서면감사,hwp
S01701,감사원,BAI,20151012_[특정사안]_무기체계 등 방산비리 기동점검(1차)_1799.hwp,.hwp,440320,ab7a4c4fcb8c4beef70366499bbf35fd7086db75c5b80d094c4b90506f6728dc,1799,2015,특정사안,무기체계 등 방산비리 기동점검(1차),hwp
S01702,감사원,BAI,20151012_[특정사안]_취약분야 방산비리 기동점검_1798.hwp,.hwp,195584,1818f4c691fbffe232857405444dd2c7bfacee8d7be4ba7ccb34ee27214b1915,1798,2015,특정사안,취약분야 방산비리 기동점검,hwp
S01703,감사원,BAI,20151013_[특정사안]_외국인 출입국 등 관리실태_1801.hwp,.hwp,839168,f3703ac98540aee99920c91c001e974f6fbb4a2672737609f511594ba9e1912c,1801,2015,특정사안,외국인 출입국 등 관리실태,hwp
S01704,감사원,BAI,20151015_[특정사안]_지방자치단체 건설사업 타당성 등 점검_1802.hwp,.hwp,18356224,9aa6240c02214da8e7ee7fe3aaad9553fee4f25a61dae672d97f8a1c603e80b8,1802,2015,특정사안,지방자치단체 건설사업 타당성 등 점검,hwp
S01705,감사원,BAI,20151019_[특정사안]_지방자치단체 재정운영실태(우선처리)_1803.hwp,.hwp,54272,5145aa6e6cca753b12611a876740d2c5590e0497237a23f6cdccf89a8c280443,1803,2015,특정사안,지방자치단체 재정운영실태(우선처리),hwp
S01706,감사원,BAI,20151020_[특정사안]_지방자치단체 등 기동점검_1804.hwp,.hwp,287232,718163dbc05118253adc92f968148c73ac4d135e9913704c457eec195ba26fc6,1804,2015,특정사안,지방자치단체 등 기동점검,hwp
S01707,감사원,BAI,20151021_[특정사안]_국고보조금 등 정부지원금 집행실태_1805.hwp,.hwp,1519616,d2cebe2598527a05080ffed315a97c54b86d857c02bf8be56f0a6eb0df5c64d9,1805,2015,특정사안,국고보조금 등 정부지원금 집행실태,hwp
S01708,감사원,BAI,20151022_[특정사안]_국가통합교통정보체계 구축 및 운영실태_1806.hwp,.hwp,20628480,07f5c079496cbe11977cf8b310b6a55c8c6fd943d1c3fd60fbd57b3f9341e602,1806,2015,특정사안,국가통합교통정보체계 구축 및 운영실태,hwp
S01709,감사원,BAI,20151027_[특정사안]_농식품산업 육성 및 지원 실태_1807.hwp,.hwp,222208,553e88e772f1a8bf14003780236ff19a05095acd1ac7b5779b35b9adc6e72a40,1807,2015,특정사안,농식품산업 육성 및 지원 실태,hwp
S01710,감사원,BAI,20151028_[특정사안]_성공불융자제도 운영실태_1809.hwp,.hwp,380928,3e01d779370b75ed8f92d3b8e71f0bca3b44b9cba03ff91011091a51d39a8959,1809,2015,특정사안,성공불융자제도 운영실태,hwp
S01711,감사원,BAI,20151028_[특정사안]_해외자원개발 성공불융자 회수에 관한 사항_1808.hwp,.hwp,280576,283d12f282e1c7fb31466d88d50eb24054e93065c8d291b9e03d35034f2f0666,1808,2015,특정사안,해외자원개발 성공불융자 회수에 관한 사항,hwp
S01712,감사원,BAI,20151029_[특정사안]_해군전력 증강사업 추진실태_1810.hwp,.hwp,971264,1518a39a55e8fe2afbb52f3f2852626c8c9c9de3ac0988e7889321bf0b1382a2,1810,2015,특정사안,해군전력 증강사업 추진실태,hwp
S01713,감사원,BAI,20151111_[특정사안]_한국투자공사 운영 실태_1811.hwp,.hwp,689152,f042f62e03d45d86aeedefb33a7854b2154a854ef5842872908d63d82182978a,1811,2015,특정사안,한국투자공사 운영 실태,hwp
S01714,감사원,BAI,"20151124_[특정사안]_부산, 울산지역 건설사업 추진실태_1813.hwp",.hwp,522752,91db083e6fdcedac85fe7af74fceb4d1721e8bc98379add339dea65a2123d037,1813,2015,특정사안,"부산, 울산지역 건설사업 추진실태",hwp
S01715,감사원,BAI,20151125_[기관정기]_한국공항공사 기관운영감사_1814.hwp,.hwp,1004544,6a68a61c4e26687c0d6798b257f0dd21829fecf0af8b27ba3b87a9104932076a,1814,2015,기관정기,한국공항공사 기관운영감사,hwp
S01716,감사원,BAI,20151130_[성과]_해외자원개발사업 성과분석_1815.hwp,.hwp,2553856,d8f2a293712ade1b21a3062b9d45a1718ff8237027080a7af104bc3ad11ae0c2,1815,2015,성과,해외자원개발사업 성과분석,hwp
S01717,감사원,BAI,20151201_[특정사안]_수산업 육성 및 관리실태_1816.hwp,.hwp,15200768,b1b2684c9aae9cb20a76893a5dc12f99a51cb50585340d86e81e40443add956d,1816,2015,특정사안,수산업 육성 및 관리실태,hwp
S01718,감사원,BAI,20151203_[기관정기]_해양환경관리공단 기관운영감사_1817.hwp,.hwp,2143232,d65f757631124030b57dd47b9d9b2a5b2303b7b7add745dfb7a120a153dabdf8,1817,2015,기관정기,해양환경관리공단 기관운영감사,hwp
S01719,감사원,BAI,20151207_[특정사안]_일반철도 건설사업 추진실태_1827.hwp,.hwp,1697280,589501f444642868c08dee4dacac64507932b4beaee4771df573bf9305ba02c8,1827,2015,특정사안,일반철도 건설사업 추진실태,hwp
S01720,감사원,BAI,20151209_[특정사안]_경제자유구역 지정 운영 실태_1828.hwp,.hwp,823296,cad2fa6f4f103f6cea85b936ccee70342c81ed090bb179de7519132be27c25ee,1828,2015,특정사안,경제자유구역 지정 운영 실태,hwp
S01721,감사원,BAI,20151210_[특정사안]_자본금융거래 과세실태_1829.hwp,.hwp,429056,ec7a1bb2b8f6507b34f806f0eafa09de3946ced40a8a7014a76b927e094bb8dd,1829,2015,특정사안,자본금융거래 과세실태,hwp
S01722,감사원,BAI,20151214_[기관정기]_대한지방행정공제회 등 4개 공제회 기관운영감사_1830.hwp,.hwp,467456,519a7c5d6d9fd03836fccbd2e196e9dec502eac6f1ef2ca40a081c5cdf1ca3c4,1830,2015,기관정기,대한지방행정공제회 등 4개 공제회 기관운영감사,hwp
S01723,감사원,BAI,20151215_[특정사안]_지방교육청 재정운용 실태(1)_1831.hwp,.hwp,512000,33501a95bcf9d89a40885dd319ff322f20405f74f077f6133edd331c932cd55b,1831,2015,특정사안,지방교육청 재정운용 실태(1),hwp
S01724,감사원,BAI,20151215_[특정사안]_지방교육청 재정운용 실태(2)_1832.hwp,.hwp,248832,24ff974c36711b04e6e0bbeeab5019d663af647948435e92979d170bce361289,1832,2015,특정사안,지방교육청 재정운용 실태(2),hwp
S01725,감사원,BAI,20151215_[특정사안]_지방교육청 재정운용 실태(3)_1833.hwp,.hwp,267264,6a8dc3832b083f91d7cbda6942f1155db8ea243ca82c960c56a3db2db2abfa84,1833,2015,특정사안,지방교육청 재정운용 실태(3),hwp
S01726,감사원,BAI,20151215_[특정사안]_지방교육청 재정운용 실태(4)_1834.hwp,.hwp,6441984,c4311b14e3d5a58988c64f57d4f3640728c4a76152d407f7c542048dca3ea81a,1834,2015,특정사안,지방교육청 재정운용 실태(4),hwp
S01727,감사원,BAI,20151215_[특정사안]_지방교육청 재정운용 실태(5)_1835.hwp,.hwp,417792,9229688920bee0b03201524c7e1b9647b65597e20d7c35a00a9918c3d72a57f9,1835,2015,특정사안,지방교육청 재정운용 실태(5),hwp
S01728,감사원,BAI,20151216_[특정사안]_출연·출자금 예산편성 및 관리실태_1836.hwp,.hwp,470016,67fa8b9d377620ba50b7e6efaa05aaaefa8ad42e8e331506b8db6e98160aa627,1836,2015,특정사안,출연·출자금 예산편성 및 관리실태,hwp
S01729,감사원,BAI,20151217_[특정사안]_금융규제 운영 및 개선실태_1837.hwp,.hwp,869376,3284f09934f1df84beaf8e3def6b9e521c63752b80ca1fcfe65b1f5cd9cb9a76,1837,2015,특정사안,금융규제 운영 및 개선실태,hwp
S01730,감사원,BAI,20151221_[기관정기]_한국공항공사 기관운영감사(별도처리)_1839.hwp,.hwp,58368,4dd534495060c912f82b5f8a01c99e8837a630971da6df2267945a62f3781301,1839,2015,기관정기,한국공항공사 기관운영감사(별도처리),hwp
S01731,감사원,BAI,20151221_[특정사안]_재외공관 및 외교부 본부 운영실태_1838_v1.hwp,.hwp,452096,9098d9242c6ca7eb1102a2a98e10b9905c803c0eee279dca7461176b9075e61e,1838,2015,특정사안,재외공관 및 외교부 본부 운영실태,hwp
S01732,감사원,BAI,20151221_[특정사안]_재외공관 및 외교부 본부 운영실태_1838_v2.hwp,.hwp,61440,ff169b27c713bee974aeb015bc46bd2e34b5ced98aa915572ca2985c1fe15884,1838,2015,특정사안,재외공관 및 외교부 본부 운영실태,hwp
S01733,감사원,BAI,20151222_[특정사안]_지방자치단체 재정운영 실태_1840.hwp,.hwp,896000,5735a49bf8f3f356c0d7098cfcf40ee4b6a42e776bcde6d7a5ce05a706bba32a,1840,2015,특정사안,지방자치단체 재정운영 실태,hwp
S01734,감사원,BAI,20151223_[특정사안]_제주한라대학교 운영 및 지도감독 실태_1841.hwp,.hwp,117248,84859f46b5a8da93255b628c90b455747c835487a8f63f22cc89a4a73344f517,1841,2015,특정사안,제주한라대학교 운영 및 지도감독 실태,hwp
S01735,감사원,BAI,20151223_[특정사안]_한민고등학교 설립 지원실태_1842.hwp,.hwp,136192,8e153f5d731a46d414402404bce442aca49b3a26ebd311ff5ba3484806f0b96e,1842,2015,특정사안,한민고등학교 설립 지원실태,hwp
S01736,감사원,BAI,20151224_[특정사안]_소극적 업무처리 등 민원사항 점검_1843_v1.hwp,.hwp,461312,d6d82473fc7ce3736cde510fd713d7854e2001d75911b3bf4cc6b477c2afd3cc,1843,2015,특정사안,소극적 업무처리 등 민원사항 점검,hwp
S01737,감사원,BAI,20151224_[특정사안]_소극적 업무처리 등 민원사항 점검_1843_v2.hwp,.hwp,53248,32cca0c13ebdd893c277dac78289d9ee852a7a23256eb1cf4f3ae1eb554ad59b,1843,2015,특정사안,소극적 업무처리 등 민원사항 점검,hwp
S01738,감사원,BAI,20151224_[특정사안]_직무관련 취약분야 비리점검_1844.hwp,.hwp,117248,6c607415d7ec07288a243b1e7a1c9960c3fb7292bf8fa274172b81e3182ba8dd,1844,2015,특정사안,직무관련 취약분야 비리점검,hwp
S01739,감사원,BAI,20151228_[특정사안]_도시지역 침수예방 및 복구사업 추진실태_1845.hwp,.hwp,2460160,595d540aebd446c234281a8c3389eb1d5dc0bc2169619d5c1db51ebb9497c425,1845,2015,특정사안,도시지역 침수예방 및 복구사업 추진실태,hwp
S01740,감사원,BAI,20151229_[특정사안]_취약 세무분야 관리실태_1846.hwp,.hwp,173056,c0f278cef6fc3dda1cffe97dcc1d41074754740beafe88b488df71b586cfd608,1846,2015,특정사안,취약 세무분야 관리실태,hwp
S01741,감사원,BAI,20151230_[기관정기]_경기도 기관운영감사_1847.hwp,.hwp,251904,4a3c972f79712140e1af9fc6c75ebca707798af0db56bda6ebd05a7c05ea3879,1847,2015,기관정기,경기도 기관운영감사,hwp
S01742,감사원,BAI,20151230_[특정사안]_세종특별자치시 공무원 성과 상여금 재분배 관련 감사청구_1848.hwp,.hwp,44544,a35afef5c1a50b5e1d8af3a314be6e4857d12444af36eb69a75079f5361c401a,1848,2015,특정사안,세종특별자치시 공무원 성과 상여금 재분배 관련 감사청구,hwp
S01743,감사원,BAI,20160106_[기관정기]_서울메트로·서울특별시도시철도공사 기관운영감사_1849.hwp,.hwp,330240,84390a9e411eac929fb2bf53419f92103813cffe1bb1cca1ff43af24a6314986,1849,2016,기관정기,서울메트로·서울특별시도시철도공사 기관운영감사,hwp
S01744,감사원,BAI,20160114_[특정사안]_메르스 예방 및 대응실태_1850.hwp,.hwp,2276864,2819948c4c1e35f271e1fb1c7d57e433982c87a30f416993703e06226ab124e8,1850,2016,특정사안,메르스 예방 및 대응실태,hwp
S01745,감사원,BAI,20160126_[성과]_수출입 통관 관리체계 개선실태_1851.hwp,.hwp,2515456,90a19019f7936938c74e6843e468dd4183b4360e6a6fbbdbffe341ea18a35b61,1851,2016,성과,수출입 통관 관리체계 개선실태,hwp
S01746,감사원,BAI,20160202_[특정사안]_민생분야 행정처벌기준 운용실태_1852.hwp,.hwp,2131456,34d1ac0eb5d3dbe6d761f3dd5984c259c17f19704f4205c3e54fc8ad17f694f1,1852,2016,특정사안,민생분야 행정처벌기준 운용실태,hwp
S01747,감사원,BAI,20160204_[특정사안]_지상전력 증강사업 추진실태_1853.hwp,.hwp,1802752,70bc392ac5eca26f9ff3ec21d2090b7b6a948d6d44245b4baa118e57b84bf016,1853,2016,특정사안,지상전력 증강사업 추진실태,hwp
S01748,감사원,BAI,20160211_[특정사안]_문화예술진흥시책 추진실태_1854.hwp,.hwp,390656,d9dc45d6825f54bb132184e47a5c148276660c6db00564d95bb91f87385d6045,1854,2016,특정사안,문화예술진흥시책 추진실태,hwp
S01749,감사원,BAI,20160216_[특정사안]_소방 물품·장비 구매 및 운용실태_1855.hwp,.hwp,1089024,5db7b3bc8e99e6a9d6ca662db0f2187a019d9a878777a1d2e161d12fece43161,1855,2016,특정사안,소방 물품·장비 구매 및 운용실태,hwp
S01750,감사원,BAI,20160217_[미분류]_한국농어촌공사 일용직 인건비 집행실태_1856.hwp,.hwp,789504,c63aca0dac49d3b9ea25e45af2793d931487769fad769c39bd0ee8050d6232dc,1856,2016,미분류,한국농어촌공사 일용직 인건비 집행실태,hwp
S01751,감사원,BAI,20160218_[특정사안]_항공안전 기술개발 및 시스템 구축실태_1857.hwp,.hwp,1960960,f5ef7b614ac31d2961499f264226311c67c1e101aae48fb00c3e8812c5e6a252,1857,2016,특정사안,항공안전 기술개발 및 시스템 구축실태,hwp
S01752,감사원,BAI,20160223_[미분류]_감사결과 이행실태_1860.hwp,.hwp,119296,576639e860ccfca5f7705180592bbcd3b872831deea96d35eb3837ccd719b328,1860,2016,미분류,감사결과 이행실태,hwp
S01753,감사원,BAI,20160224_[기관정기]_여수시 기관운영감사_1861.hwp,.hwp,104960,e1e70a787d49b6efbbaefa7f308b92fa5e699511dbd8f2e7c6ecf3461058221d,1861,2016,기관정기,여수시 기관운영감사,hwp
S01754,감사원,BAI,20160224_[미분류]_논산경찰서 관사 임차보증금 망실 통보 등에 따른 변상책임 검토_1862.hwp,.hwp,64512,8d408b8307a65c5b1dd88a473b8a6575124890b87e81b43338081e0d813a838a,1862,2016,미분류,논산경찰서 관사 임차보증금 망실 통보 등에 따른 변상책임 검토,hwp
S01755,감사원,BAI,20160225_[특정사안]_공공기관 등 기동점검_1863.hwp,.hwp,318464,576f5b305f6967d3a99864d601a51eba83adbc717ff8ec6facce87724d73875e,1863,2016,특정사안,공공기관 등 기동점검,hwp
S01756,감사원,BAI,20160229_[기관정기]_행정자치부·인사혁신처 기관운영감사_1865.hwp,.hwp,466944,66385bb9c53164829db1afee3c916096118c7afc3e3f5d78a57be09462664ffc,1865,2016,기관정기,행정자치부·인사혁신처 기관운영감사,hwp
S01757,감사원,BAI,20160229_[특정사안]_서울시교육청 감사관 및 직원 직무수행 관련 감사청구_1864.hwp,.hwp,83456,24dacac9b050cad38ebb8bfed5e3308cc1eea3b3efbe76929c980bc1e7c286fd,1864,2016,특정사안,서울시교육청 감사관 및 직원 직무수행 관련 감사청구,hwp
S01758,감사원,BAI,20160302_[특정사안]_지방도 건설사업 추진실태_1866.hwp,.hwp,9150976,1bd3fc25a1f16c4657e8714146966f5d129fcfd273864ee68478d72bfdc7f2be,1866,2016,특정사안,지방도 건설사업 추진실태,hwp
S01759,감사원,BAI,20160303_[특정사안]_건설·환경 국고보조금 관리 및 집행실태_1867.hwp,.hwp,760320,b13100e8babf30497ed6e054fba51604f4a70ee238596ecc5e99d2780c966e08,1867,2016,특정사안,건설·환경 국고보조금 관리 및 집행실태,hwp
S01760,감사원,BAI,20160308_[특정사안]_주요 사업성기금 조성 및 관리실태_1868.hwp,.hwp,367104,6fae5139cc282e16d2cb753421fd675dfe3dce4be4f17a2b7dc5f3c6aa402876,1868,2016,특정사안,주요 사업성기금 조성 및 관리실태,hwp
S01761,감사원,BAI,20160309_[기관정기]_중앙선거관리위원회 기관운영감사_1869.hwp,.hwp,150528,0453ad4c9c204695acfaefddc9d1e2627a82954dfc947f74fadbfd9fbc6158bd,1869,2016,기관정기,중앙선거관리위원회 기관운영감사,hwp
S01762,감사원,BAI,20160310_[특정사안]_농업법인 지원 및 관리 실태_1870.hwp,.hwp,514048,cea2ef92ff8dd655dbe1374e7f4b831a7f5fc72bd36d2c904ea2c20ff5a658e7,1870,2016,특정사안,농업법인 지원 및 관리 실태,hwp
S01763,감사원,BAI,20160315_[특정사안]_공공분야 회계관리실태_1871.hwp,.hwp,307200,dd38307bd93ab8372697920d9d8f67837d7d50e741992b596a16e09fc1218efc,1871,2016,특정사안,공공분야 회계관리실태,hwp
S01764,감사원,BAI,20160316_[성과]_대형 국가연구개발사업 추진실태_1872.hwp,.hwp,623616,070445e0a96c3a8e6ad0c37013085260d544ee5646c628f5912bc76448941156,1872,2016,성과,대형 국가연구개발사업 추진실태,hwp
S01765,감사원,BAI,20160317_[특정사안]_한의약·인쇄골목 재생사업 공사 관련 감사청구_1873.hwp,.hwp,363008,fa81a622b5fdad342d9caa4f98e4b9dd3d856b377a31abaaa29c485f2f2dc3c3,1873,2016,특정사안,한의약·인쇄골목 재생사업 공사 관련 감사청구,hwp
S01766,감사원,BAI,20160322_[기관정기]_서울지방국세청 기관운영감사_1874.hwp,.hwp,186368,2e246add9637c85b221b92f5ee433cc67f083f5d152f50c278cdfa1c08d53cbf,1874,2016,기관정기,서울지방국세청 기관운영감사,hwp
S01767,감사원,BAI,20160323_[특정사안]_군용 차량 및 유류 사용실태_1877.hwp,.hwp,153600,72e6e63052d06b66584fa6a67c114b94771bfd460436f22ce42c3babf9ac7e8c,1877,2016,특정사안,군용 차량 및 유류 사용실태,hwp
S01768,감사원,BAI,20160323_[특정사안]_무기 및 비무기체계 방산비리 기동점검 Ⅰ·Ⅱ_1875.hwp,.hwp,4507136,4e92f4648acdefebb7c7f15172b4d8518242d9f2121bb6eae0c2fd197708d0c9,1875,2016,특정사안,무기 및 비무기체계 방산비리 기동점검 Ⅰ·Ⅱ,hwp
S01769,감사원,BAI,20160323_[특정사안]_전력지원 물자 획득비리 기동점검_1876.hwp,.hwp,3710464,a8e6f649a28774048e106c8910642eb22c2b25e2c6cc6de616ebcdcf280c82a8,1876,2016,특정사안,전력지원 물자 획득비리 기동점검,hwp
S01770,감사원,BAI,20160324_[특정사안]_인천국제공항 건설사업 추진실태_1878.hwp,.hwp,370176,bafc3cd35936d9566c85f8579c1bdfdca7d98b7d4496f29053f36c22fdf503c4,1878,2016,특정사안,인천국제공항 건설사업 추진실태,hwp
S01771,감사원,BAI,20160329_[특정사안]_공공기관 경영개선 이행실태_1879.hwp,.hwp,816128,ad71cb8e49b45a1e5177b5294e4d4abfb5f7cedd889f1ed92e9d9a323c57e778,1879,2016,특정사안,공공기관 경영개선 이행실태,hwp
S01772,감사원,BAI,20160330_[기관정기]_세종특별자치시 기관운영감사_1880.hwp,.hwp,133120,c127c1adb6cf2ba417d015dcd8c8ddaa98f6cdb2a8eba9d9fb6831c5059adbeb,1880,2016,기관정기,세종특별자치시 기관운영감사,hwp
S01773,감사원,BAI,20160331_[기관정기]_병무청 기관운영감사_1881.hwp,.hwp,199680,5684da919b82acd43735e70bbf56f06b4825d18e7b45d0521f8eb77d5805a55e,1881,2016,기관정기,병무청 기관운영감사,hwp
S01774,감사원,BAI,20160405_[특정사안]_재외국민보호 등 영사업무 운영실태_1883.hwp,.hwp,323584,075264336716b46c3a35df7b0e3eab00cfe4d9df9d352aab34064b7eefdac2c7,1883,2016,특정사안,재외국민보호 등 영사업무 운영실태,hwp
S01775,감사원,BAI,20160406_[특정사안]_국가기관 등 기동점검_1884.hwp,.hwp,263680,e47f06eb1a8ab0baaf1396009d020aaead59342c639632ea7b68fedb359cdf5c,1884,2016,특정사안,국가기관 등 기동점검,hwp
S01776,감사원,BAI,20160407_[특정사안]_자체감사기구 운영실태_1885.hwp,.hwp,559104,8dfe6072ae27ed1f7aec39e614a7616fd940a191fdcaca3e2789792c457c43c1,1885,2016,특정사안,자체감사기구 운영실태,hwp
S01777,감사원,BAI,20160414_[기관정기]_한국마사회 기관운영감사_1886.hwp,.hwp,179200,c552968b6ad740ace5219e9bcb54edd026748a4d8659dae728ea07969c2c9306,1886,2016,기관정기,한국마사회 기관운영감사,hwp
S01778,감사원,BAI,20160418_[특정사안]_국가 사이버안전 관리 실태_1887.hwp,.hwp,13342208,3f8044d61ee519ebfee156df4d9444c37923a7ff9973f487edb8dcec186765bf,1887,2016,특정사안,국가 사이버안전 관리 실태,hwp
S01779,감사원,BAI,20160419_[기관정기]_한국전력공사 기관운영감사_1888.hwp,.hwp,5607936,a64aaab9c1c9dfbe40a02275a635ce21923c187cb2dbefcf9f722a6c0fc2d63f,1888,2016,기관정기,한국전력공사 기관운영감사,hwp
S01780,감사원,BAI,20160420_[특정사안]_지역산업 육성사업 추진실태_1889.hwp,.hwp,2551808,73f189858de28fc815a4229591ae16bd45fa87a2f867cdb59c0f9a39b83adc49,1889,2016,특정사안,지역산업 육성사업 추진실태,hwp
S01781,감사원,BAI,20160421_[특정사안]_고속도로 안전관리 실태_1890.hwp,.hwp,10805760,6ca7dda90d2b05b1d32961b00800fe1d08de2fa9d93d149befac2ad27fd65052,1890,2016,특정사안,고속도로 안전관리 실태,hwp
S01782,감사원,BAI,20160425_[특정사안]_계약관리 등 취약분야 비리점검_1891_v1.hwp,.hwp,299008,766fd837c849532e433983a0785d92d97a6536a2e96d2178de088eef394bcc76,1891,2016,특정사안,계약관리 등 취약분야 비리점검,hwp
S01783,감사원,BAI,20160425_[특정사안]_계약관리 등 취약분야 비리점검_1891_v2.hwp,.hwp,201728,5845e1f799c48905a26ca0a873eadaa55545a2f308440e5842933609a326a7ed,1891,2016,특정사안,계약관리 등 취약분야 비리점검,hwp
S01784,감사원,BAI,20160426_[특정사안]_공적연금기금 자산운용실태_1892.hwp,.hwp,613888,ca3da358f97104707d5b711a35a736860ff7d9d75d47aa66f707c4b740060618,1892,2016,특정사안,공적연금기금 자산운용실태,hwp
S01785,감사원,BAI,20160426_[특정사안]_찜통교실 해소대책 추진실태_1893.hwp,.hwp,403456,ec38d36bb00b51d9230b4ea528df80a578ebbfdb5080f4ec52dde9aeb9b74cb5,1893,2016,특정사안,찜통교실 해소대책 추진실태,hwp
S01786,감사원,BAI,20160427_[특정사안]_철도차량 및 시설물 안전관리실태_1894.hwp,.hwp,4468736,6cdf292dbfcdd5441e7f47094823207f3483c709084ccc2e56e64aa78f4faa71,1894,2016,특정사안,철도차량 및 시설물 안전관리실태,hwp
S01787,감사원,BAI,20160502_[기관정기]_경상남도 기관운영감사_1895_v1.hwp,.hwp,190976,d09bc372913948a42994beeb5ebc14c371c5bd8f06db342c62eb55ce50cd17e9,1895,2016,기관정기,경상남도 기관운영감사,hwp
S01788,감사원,BAI,20160502_[기관정기]_경상남도 기관운영감사_1895_v2.hwp,.hwp,48640,6753fadcdb9a12367fba308c8f5cf384cf2ef89a9415e7f4a6bbd9316f2fb25d,1895,2016,기관정기,경상남도 기관운영감사,hwp
S01789,감사원,BAI,20160502_[특정사안]_한국항공우주연구원 등 5개 정부출연연구기관 R&D 관리실태_1896.hwp,.hwp,1766912,d3ca95a292ed346d41f4aa58d57f281ad0e265849f46d000d7da1a1c75ced7c7,1896,2016,특정사안,한국항공우주연구원 등 5개 정부출연연구기관 R&D 관리실태,hwp
S01790,감사원,BAI,20160503_[특정사안]_건설자재 품질관리실태_1897.hwp,.hwp,3383296,61be9ed5f1147fc53679253d2bf2f707d6e06250d08bb009637ad1569b7014c6,1897,2016,특정사안,건설자재 품질관리실태,hwp
S01791,감사원,BAI,20160504_[특정사안]_과세사각 관리실태_1898.hwp,.hwp,387584,fed1eaad15fecdc821fef74e77904701a305df1f7ae581578f70d4969f28eaf9,1898,2016,특정사안,과세사각 관리실태,hwp
S01792,감사원,BAI,20160510_[특정사안]_수도권 대기환경 개선사업 추진실태_1899.hwp,.hwp,1179648,691414d2c89c33e87ef4c3eafd84e07260f89b3e5285e5ac6884bab4742decf1,1899,2016,특정사안,수도권 대기환경 개선사업 추진실태,hwp
S01793,감사원,BAI,20160511_[특정사안]_무기 및 비무기체계 방산비리 기동점검Ⅲ_1901.hwp,.hwp,8731136,f8e73820eb84e2c6c31e1e476475f4760964f0f686f1095b93e609b33cb1d69c,1901,2016,특정사안,무기 및 비무기체계 방산비리 기동점검Ⅲ,hwp
S01794,감사원,BAI,20160517_[특정사안]_법인화된 국립대학 운영실태_1902.hwp,.hwp,582144,b54e1c3105a05b5c509957b83afb33e086c846a7f67d0efa70f2bdad34bf9637,1902,2016,특정사안,법인화된 국립대학 운영실태,hwp
S01795,감사원,BAI,20160518_[특정사안]_물품 및 장비 구매·개발 등 실태점검_1903.hwp,.hwp,286720,b6fe908c898e813f6983bf66d169e7cf590e69ea3293c643684da1228964b50f,1903,2016,특정사안,물품 및 장비 구매·개발 등 실태점검,hwp
S01796,감사원,BAI,20160523_[특정사안]_영양고추유통공사의 회계사무 및 대형화재 관련 공익감사청구_1908.hwp,.hwp,49664,001526be9b79aeca4f5d0213b74d5799548289a2c39db0d24a59d441d9b9f037,1908,2016,특정사안,영양고추유통공사의 회계사무 및 대형화재 관련 공익감사청구,hwp
S01797,감사원,BAI,20160524_[특정사안]_누리과정 예산편성실태_1909.hwp,.hwp,619008,ec3ae7f0bb86199c38c5c1ec3501b64d8f79c13534ba282d361f28b1ebeecf0f,1909,2016,특정사안,누리과정 예산편성실태,hwp
S01798,감사원,BAI,20160525_[기관정기]_한국철도시설공단 기관운영감사_1910.hwp,.hwp,1863168,bef444bcb03815e577466d23ccf16ed2c16e21bf40be9a2b1e15eadd3e692e39,1910,2016,기관정기,한국철도시설공단 기관운영감사,hwp
S01799,감사원,BAI,20160531_[재무]_2015회계연도 국가결산 검사 및 감사활동 결과(1)_1911_v1.hwp,.hwp,117760,1498645fc705bc91965904c944be5376efdca9d29db5176cbf37c96d443cb82f,1911,2016,재무,2015회계연도 국가결산 검사 및 감사활동 결과(1),hwp
S01800,감사원,BAI,20160531_[재무]_2015회계연도 국가결산 검사 및 감사활동 결과(1)_1911_v10.hwp,.hwp,59392,4982824a3af7654b2eb1db82acf5a2086baf6151571ec35f568d7f852df89b70,1911,2016,재무,2015회계연도 국가결산 검사 및 감사활동 결과(1),hwp
S01801,감사원,BAI,20160531_[재무]_2015회계연도 국가결산 검사 및 감사활동 결과(1)_1911_v2.hwp,.hwp,131072,7142a88b8a024bced3687986827346d357cb843eddbec5bd4f4b7280a575fc3b,1911,2016,재무,2015회계연도 국가결산 검사 및 감사활동 결과(1),hwp
S01802,감사원,BAI,20160531_[재무]_2015회계연도 국가결산 검사 및 감사활동 결과(1)_1911_v3.hwp,.hwp,282624,3b0b6527b87151c657f3dd1ec1eee6543f6820bd78ba90a6c58596e05f620501,1911,2016,재무,2015회계연도 국가결산 검사 및 감사활동 결과(1),hwp
S01803,감사원,BAI,20160531_[재무]_2015회계연도 국가결산 검사 및 감사활동 결과(1)_1911_v4.hwp,.hwp,54272,2918f33fa56f0194b1137d410d29a14db927a2fbddcdc2b12788f79fc50866a5,1911,2016,재무,2015회계연도 국가결산 검사 및 감사활동 결과(1),hwp
S01804,감사원,BAI,20160531_[재무]_2015회계연도 국가결산 검사 및 감사활동 결과(1)_1911_v5.hwp,.hwp,75264,89177f214ce9862d1f18a36e3c0a6bc744bd0a8ac19a74cbe3827014eaf46cf2,1911,2016,재무,2015회계연도 국가결산 검사 및 감사활동 결과(1),hwp
S01805,감사원,BAI,20160531_[재무]_2015회계연도 국가결산 검사 및 감사활동 결과(1)_1911_v6.hwp,.hwp,103424,227784d1d5a45ae492e7301161c3c60c947da4c98c9b5e068523445c68b8dd5c,1911,2016,재무,2015회계연도 국가결산 검사 및 감사활동 결과(1),hwp
S01806,감사원,BAI,20160531_[재무]_2015회계연도 국가결산 검사 및 감사활동 결과(1)_1911_v7.hwp,.hwp,94208,3f4be74db56d8e28e87be73e99a8054e96110c0308a6a9843455e63845eb9409,1911,2016,재무,2015회계연도 국가결산 검사 및 감사활동 결과(1),hwp
S01807,감사원,BAI,20160531_[재무]_2015회계연도 국가결산 검사 및 감사활동 결과(1)_1911_v8.hwp,.hwp,40448,a40d2b9487b9280b10070df394fc316a3e2a86657027450a379e71c6fddadc69,1911,2016,재무,2015회계연도 국가결산 검사 및 감사활동 결과(1),hwp
S01808,감사원,BAI,20160531_[재무]_2015회계연도 국가결산 검사 및 감사활동 결과(1)_1911_v9.hwp,.hwp,70144,35e4d6facf65726265bdab21d02c291afcb6aab5ef268dec3d77908ff84b5456,1911,2016,재무,2015회계연도 국가결산 검사 및 감사활동 결과(1),hwp
S01809,감사원,BAI,20160531_[재무]_2015회계연도 국가결산 검사 및 감사활동 결과(2)_1912_v1.hwp,.hwp,41984,97df2be22163b3c9b6bfcd78607ca3b3044e1a8a0dfe9e4225d1ea1ea3786bfa,1912,2016,재무,2015회계연도 국가결산 검사 및 감사활동 결과(2),hwp
S01810,감사원,BAI,20160531_[재무]_2015회계연도 국가결산 검사 및 감사활동 결과(2)_1912_v10.hwp,.hwp,41472,09ebdf0776b88ad2145240e1d759c0222685ce5f3f5e3c0a95f3d2d3dac51ff3,1912,2016,재무,2015회계연도 국가결산 검사 및 감사활동 결과(2),hwp
S01811,감사원,BAI,20160531_[재무]_2015회계연도 국가결산 검사 및 감사활동 결과(2)_1912_v2.hwp,.hwp,107520,f7e3213237c5b38818f6e6a656467ece2296353a1a08c63a14789051379237ea,1912,2016,재무,2015회계연도 국가결산 검사 및 감사활동 결과(2),hwp
S01812,감사원,BAI,20160531_[재무]_2015회계연도 국가결산 검사 및 감사활동 결과(2)_1912_v3.hwp,.hwp,165888,053f3d3d1b175a78d192b191180fd9e00efe115eec52d95e7a8034f4ce0ae258,1912,2016,재무,2015회계연도 국가결산 검사 및 감사활동 결과(2),hwp
S01813,감사원,BAI,20160531_[재무]_2015회계연도 국가결산 검사 및 감사활동 결과(2)_1912_v4.hwp,.hwp,147456,6b86ed2523f2b16e9df957edc0fb918515794d9f997f5f72519fcd4653812c68,1912,2016,재무,2015회계연도 국가결산 검사 및 감사활동 결과(2),hwp
S01814,감사원,BAI,20160531_[재무]_2015회계연도 국가결산 검사 및 감사활동 결과(2)_1912_v5.hwp,.hwp,107008,1373799b6bea478f5f247b197a06d3b221367b7ac3b3a14f6261fa059ed8b040,1912,2016,재무,2015회계연도 국가결산 검사 및 감사활동 결과(2),hwp
S01815,감사원,BAI,20160531_[재무]_2015회계연도 국가결산 검사 및 감사활동 결과(2)_1912_v6.hwp,.hwp,207360,f7ca95c5b01f019da5223ff90052d2dd0157401a7113e5e6418500f8a58df405,1912,2016,재무,2015회계연도 국가결산 검사 및 감사활동 결과(2),hwp
S01816,감사원,BAI,20160531_[재무]_2015회계연도 국가결산 검사 및 감사활동 결과(2)_1912_v7.hwp,.hwp,195072,b605ffc705c1925cddb38a632ba9d588e7834057766c5bb0b36e456cb16c0a5f,1912,2016,재무,2015회계연도 국가결산 검사 및 감사활동 결과(2),hwp
S01817,감사원,BAI,20160531_[재무]_2015회계연도 국가결산 검사 및 감사활동 결과(2)_1912_v8.hwp,.hwp,61952,cca6ab41a136c3563fa024e8565251890e27a3ce5822cc7373c08d39be3daafb,1912,2016,재무,2015회계연도 국가결산 검사 및 감사활동 결과(2),hwp
S01818,감사원,BAI,20160531_[재무]_2015회계연도 국가결산 검사 및 감사활동 결과(2)_1912_v9.hwp,.hwp,88064,dbe1e68882d4cbd791d7def34467d5d6a52bce9994396f8cba11bc5d4b51936f,1912,2016,재무,2015회계연도 국가결산 검사 및 감사활동 결과(2),hwp
S01819,감사원,BAI,20160531_[재무]_2015회계연도 국가결산 검사 및 감사활동 결과(3)_1913_v1.hwp,.hwp,97280,ba8c2f1e47c2c7cedc6f5e45ae0b1369e6c4c7f3f84bd56493d37ada72981237,1913,2016,재무,2015회계연도 국가결산 검사 및 감사활동 결과(3),hwp
S01820,감사원,BAI,20160531_[재무]_2015회계연도 국가결산 검사 및 감사활동 결과(3)_1913_v2.hwp,.hwp,78848,b0c0591b310777c09ad5a129c0b315733f89ff5a05656c7a3e8b4411a55e608f,1913,2016,재무,2015회계연도 국가결산 검사 및 감사활동 결과(3),hwp
S01821,감사원,BAI,20160601_[특정사안]_침낭·배낭·천막 획득비리 점검_1914.hwp,.hwp,2384896,6cdc565551fd228857d255286fa2250c67ebeacc03a8d473550176d416cd7d61,1914,2016,특정사안,침낭·배낭·천막 획득비리 점검,hwp
S01822,감사원,BAI,20160602_[특정사안]_취약시기 공직기강 특별점검_1915.hwp,.hwp,607232,3c170730a0fb3769917c851fe4df96592f5c2ccab48bd8a2d2c5bcb930d0003d,1915,2016,특정사안,취약시기 공직기강 특별점검,hwp
S01823,감사원,BAI,20160607_[기관정기]_해양수산부 기관운영감사_1916.hwp,.hwp,757248,9f6e53e5e8470f4a573a55af9637fa2a97080c36450fa808da61e7e1d0ed48ec,1916,2016,기관정기,해양수산부 기관운영감사,hwp
S01824,감사원,BAI,20160608_[특정사안]_담양 성곡리 농축순환자원화시설 조성사업 관련 공익 감사청구_1917.hwp,.hwp,53760,971fd56587ad13e02558d7b48516213de9dfaf4134e1cba2d261f69a7b2fa6b4,1917,2016,특정사안,담양 성곡리 농축순환자원화시설 조성사업 관련 공익 감사청구,hwp
S01825,감사원,BAI,20160609_[특정사안]_공정거래업무 관리실태_1918.hwp,.hwp,514560,9d7bc6af8401a44acc55047633ebfd67047e275b4aa10d70afde82cb52caa552,1918,2016,특정사안,공정거래업무 관리실태,hwp
S01826,감사원,BAI,20160610_[특정사안]_서울행 직행 좌석버스 노선 임의변경 등 관련 공익감사청구_1919.hwp,.hwp,41472,9a7f1adda780d5427618b2eb9c3fd88faf9ddd51211617c2a8f22012ddea6974,1919,2016,특정사안,서울행 직행 좌석버스 노선 임의변경 등 관련 공익감사청구,hwp
S01827,감사원,BAI,20160614_[기관정기]_노원구·송파구 기관운영감사_1920.hwp,.hwp,233984,a0b6d4a159e42ff4e9a9023fcb2740d170dc98a7917fd13cc09446851a7556fa,1920,2016,기관정기,노원구·송파구 기관운영감사,hwp
S01828,감사원,BAI,20160615_[특정사안]_금융공공기관 출자회사 관리실태_1922.hwp,.hwp,1629184,6cd130e906b8ccf79a3d9759d7e87431c941421d686e4abfcfe06afe559a5271,1922,2016,특정사안,금융공공기관 출자회사 관리실태,hwp
S01829,감사원,BAI,20160616_[특정사안]_KF-16 전투기 성능개량사업 추진실태_1923.hwp,.hwp,213504,9650eb78a06681ea739db6c713ab820e75d2c432aa9f0e30ecf76a986f5898fb,1923,2016,특정사안,KF-16 전투기 성능개량사업 추진실태,hwp
S01830,감사원,BAI,20160616_[특정사안]_경인전력관제센터 신설·운영실태_1924.hwp,.hwp,6961664,78cd25e02b5dfa8706b2adcfa7278e14707df441f08151ce218ed45d06b49218,1924,2016,특정사안,경인전력관제센터 신설·운영실태,hwp
S01831,감사원,BAI,20160621_[기관정기]_국세청 본청 기관운영감사_1925.hwp,.hwp,252928,0feb157ba519723ddf0fc2ee06733746dfccf3e5544d7f38593ee4730c1d715c,1925,2016,기관정기,국세청 본청 기관운영감사,hwp
S01832,감사원,BAI,20160621_[기관정기]_중부지방국세청 기관운영감사_1926.hwp,.hwp,165376,65b66452489520f62a94e109b8b0922c7f11bbadeb61e89a7ae4ca2eedb0fa74,1926,2016,기관정기,중부지방국세청 기관운영감사,hwp
S01833,감사원,BAI,20160623_[특정사안]_소극적 업무처리 등 국민불편사례 점검_2011_v1.hwp,.hwp,695808,224309c50d537cd9d63f3c677cc7c9e893a832fca685be62f43745efa3cc03cc,2011,2016,특정사안,소극적 업무처리 등 국민불편사례 점검,hwp
S01834,감사원,BAI,20160623_[특정사안]_소극적 업무처리 등 국민불편사례 점검_2011_v2.hwp,.hwp,54272,070d5bc33cd545403012b1118d486178157fb2446397bc021186bd08ae077238,2011,2016,특정사안,소극적 업무처리 등 국민불편사례 점검,hwp
S01835,감사원,BAI,20160624_[기관정기]_기상청 기관운영감사_1927.hwp,.hwp,271360,97edaf3d157165e42a6a91a9afb50b249f76a48419c0d4d02e20232a81f5c82f,1927,2016,기관정기,기상청 기관운영감사,hwp
S01836,감사원,BAI,20160628_[기관정기]_서울특별시시설관리공단·서울특별시농수산식품공사 기관운영감사_1928.hwp,.hwp,177664,9c4c6525664035817a4097fb9dc367d508b40b27d78d4e0802e956ff2f2b412d,1928,2016,기관정기,서울특별시시설관리공단·서울특별시농수산식품공사 기관운영감사,hwp
S01837,감사원,BAI,20160629_[기관정기]_남양주시 및 파주시 기관운영감사_1929.hwp,.hwp,237056,94fb5a297bf1e3ab6af3e45b2e2062097bff99206a39234701935f4bac67bc49,1929,2016,기관정기,남양주시 및 파주시 기관운영감사,hwp
S01838,감사원,BAI,20160630_[기관정기]_구미시 기관운영감사_1930.hwp,.hwp,352256,021cf18f439313d53680352dfddd6e2bd3ec1794f785fc68ef227df694cc32ee,1930,2016,기관정기,구미시 기관운영감사,hwp
S01839,감사원,BAI,20160705_[기관정기]_인천광역시 부평구 기관운영감사_1931.hwp,.hwp,195072,0510529add1b200ecdbd2722838631c8b860792e7e5656faf7c8d979a7847398,1931,2016,기관정기,인천광역시 부평구 기관운영감사,hwp
S01840,감사원,BAI,20160706_[기관정기]_평택시·시흥시 기관운영감사_1932.hwp,.hwp,116224,ebbe5294532ae1fca8fb1967a6d6a2733179fdd50c3eff51fa1aae6ec43fbdb7,1932,2016,기관정기,평택시·시흥시 기관운영감사,hwp
S01841,감사원,BAI,20160707_[기관정기]_천안시 기관운영감사_1933.hwp,.hwp,3035648,d18f6b5e584aba17d5f7de04c249dbc57eee85ca9394d21e9bae4d44af656984,1933,2016,기관정기,천안시 기관운영감사,hwp
S01842,감사원,BAI,20160712_[특정사안]_공직비리 기동점검Ⅰ_1934.hwp,.hwp,161792,eee590fe94c7d592baeb6ecc00d30c927dd62b1377dc324aecef9dc235c17e92,1934,2016,특정사안,공직비리 기동점검Ⅰ,hwp
S01843,감사원,BAI,20160713_[기관정기]_한국지역난방공사 기관운영감사_1935.hwp,.hwp,1369600,533554d3cae8af949ddb81c4e9a4977aa353dfd03c5417306f62c4b9cebe1c9f,1935,2016,기관정기,한국지역난방공사 기관운영감사,hwp
S01844,감사원,BAI,20160713_[특정사안]_경상남도교육청 직원 채용과 상여금 지급 등 관련 공익감사청구_1936.hwp,.hwp,42496,6259ba37b6a5f6d9bb65aac7fb902cd52d2a669e8e6d11e37ff920642d25d2d6,1936,2016,특정사안,경상남도교육청 직원 채용과 상여금 지급 등 관련 공익감사청구,hwp
S01845,감사원,BAI,20160714_[기관정기]_주택도시보증공사 기관운영감사_1937.hwp,.hwp,161280,31163258222baef16064c2747c4b6ab8557673718e3d734b8d9aab74677ae903,1937,2016,기관정기,주택도시보증공사 기관운영감사,hwp
S01846,감사원,BAI,20160714_[특정사안]_한약제제인 ㄱ의 조제실제제 신고 관련 공익감사청구_1938.hwp,.hwp,45056,52ddd738f07215193db181ff60f27cc76d067377c784499eb812e87457e880e2,1938,2016,특정사안,한약제제인 ㄱ의 조제실제제 신고 관련 공익감사청구,hwp
S01847,감사원,BAI,20160719_[특정사안]_수도권고속철도 건설사업 추진실태_1939.hwp,.hwp,6616576,59a7d9afd724e527e84b7e352690a7dacc392aedfb2969653ccc97f878e85af2,1939,2016,특정사안,수도권고속철도 건설사업 추진실태,hwp
S01848,감사원,BAI,20160720_[특정사안]_2018평창동계올림픽 준비실태_1940.hwp,.hwp,3974656,6fd8603820406083db9bb5bffa7b0e5846c565806b034a6d3bed4141b4f75c25,1940,2016,특정사안,2018평창동계올림픽 준비실태,hwp
S01849,감사원,BAI,20160726_[특정사안]_사행산업 관련 공공기관 수익금 집행실태_1941.hwp,.hwp,3578368,28fba7b929edb9b2fdebe862cf96709d976411f0c13702e15d531bf8d68c3d1d,1941,2016,특정사안,사행산업 관련 공공기관 수익금 집행실태,hwp
S01850,감사원,BAI,20160727_[기관정기]_한국자산관리공사 기관운영감사_1942.hwp,.hwp,448512,7055f118ff0c6c4d5e666aee9636d51e47be63157fe22081a4dd2333db84e92b,1942,2016,기관정기,한국자산관리공사 기관운영감사,hwp
S01851,감사원,BAI,20160728_[미분류]_관사 임차보증금 망실 관련 변상판정_1943.hwp,.hwp,60928,7abdfd623652f484d6c86ab59309b891402eda7e131e2e12b045d0778634b4a1,1943,2016,미분류,관사 임차보증금 망실 관련 변상판정,hwp
S01852,감사원,BAI,20160809_[특정사안]_선거철 공직기강 점검_1944.hwp,.hwp,5568512,f3e02de00aacaa9823a5a01232eb82203aa090de57ce6da5a6f7dd3142d9b30d,1944,2016,특정사안,선거철 공직기강 점검,hwp
S01853,감사원,BAI,20160810_[기관정기]_전주시 기관운영감사_1990_v1.hwp,.hwp,3253760,3cd4ed26d98dc15a19fb4149e27888ee890f22cfdf94f68a37f68ef258926ce4,1990,2016,기관정기,전주시 기관운영감사,hwp
S01854,감사원,BAI,20160810_[기관정기]_전주시 기관운영감사_1990_v2.hwp,.hwp,1848320,616f299fcc7a1c6206d01c6733e1d507fe8c2a79ff1214d2678210623b8090dd,1990,2016,기관정기,전주시 기관운영감사,hwp
S01855,감사원,BAI,20160811_[기관정기]_금융위원회 기관운영감사_1945.hwp,.hwp,290304,fcc70c454291b60008f8443140040f54beacfc4dc98b23d613e8958da44c6e42,1945,2016,기관정기,금융위원회 기관운영감사,hwp
S01856,감사원,BAI,20160817_[기관정기]_부산 등 4개 항만공사 기관운영감사_1946.hwp,.hwp,2323456,0433203323fa3224faccc83fed204869ce94879530fd5f90373b0891ea15ae74,1946,2016,기관정기,부산 등 4개 항만공사 기관운영감사,hwp
S01857,감사원,BAI,20160818_[특정사안]_주요 정보화사업 계약업무 추진실태_1947.hwp,.hwp,4838400,7f19779b6de62936762c75ee7c81e0ffcf0e1994a745b35c4bc345e3a0e15152,1947,2016,특정사안,주요 정보화사업 계약업무 추진실태,hwp
S01858,감사원,BAI,20160824_[특정사안]_계약 및 인허가 비리점검_1988_v1.hwp,.hwp,194048,9bcb0832e863d5efe553f47a6211a513ff454404a12b966f20d3d877320fcc61,1988,2016,특정사안,계약 및 인허가 비리점검,hwp
S01859,감사원,BAI,20160824_[특정사안]_계약 및 인허가 비리점검_1988_v2.hwp,.hwp,98816,220604521b5a9160b23286ee9958d15dfc3a4f547393984ad3e628fae3002029,1988,2016,특정사안,계약 및 인허가 비리점검,hwp
S01860,감사원,BAI,20160831_[성과]_재정융자사업 예산편성 및 관리실태_1948.hwp,.hwp,1233920,0dea72174049dcd17f1ff3208bb39d366ccc6e4a4771c273d12359e8e12f9f0f,1948,2016,성과,재정융자사업 예산편성 및 관리실태,hwp
S01861,감사원,BAI,20160906_[미분류]_장애연금 과다지급 관련 변상판정청구 사항_1949.hwp,.hwp,68096,7cc95c6627ec8d494ffd6105d29f99e8a6c0d0b05bb6a2061fe479ac0382169a,1949,2016,미분류,장애연금 과다지급 관련 변상판정청구 사항,hwp
S01862,감사원,BAI,20160912_[특정사안]_국민안전 위협요소 대응·관리 실태(공항안전 및 총기ㆍ폭발물 분야)_1950.hwp,.hwp,18679296,4679691c77bb29b396c334cf7fb4bb810b7a818bcc48f5bd6ca700ec6e3b5769,1950,2016,특정사안,국민안전 위협요소 대응·관리 실태(공항안전 및 총기ㆍ폭발물 분야),hwp
S01863,감사원,BAI,20160912_[특정사안]_국민안전 위협요소 대응·관리 실태(범죄예방 및 도로교통 안전 분야)_1951.hwp,.hwp,2500096,99bbdf2f812be925d5b2d90051a0d251e4887a757e4c783ee9c37f72311ea3fc,1951,2016,특정사안,국민안전 위협요소 대응·관리 실태(범죄예방 및 도로교통 안전 분야),hwp
S01864,감사원,BAI,20160912_[특정사안]_국민안전 위협요소 대응·관리 실태(항만안전분야)_1952.hwp,.hwp,696320,799c853ada47e1e08223ff7fd20d613d12219111cd71bac987b7e081eff79c27,1952,2016,특정사안,국민안전 위협요소 대응·관리 실태(항만안전분야),hwp
S01865,감사원,BAI,"20160912_[특정사안]_국민안전 위협요소 대응·관리실태(지하철,공동구 분야)_2062_v1.hwp",.hwp,9871360,b067e52a29b579423ed86e9be4c302d5471b6357dc2c003bf46c16a46800d570,2062,2016,특정사안,"국민안전 위협요소 대응·관리실태(지하철,공동구 분야)",hwp
S01866,감사원,BAI,"20160912_[특정사안]_국민안전 위협요소 대응·관리실태(지하철,공동구 분야)_2062_v2.hwp",.hwp,87552,8d22c9ad76007a5ff6de9eb4f2abc505416da6980b986ad81ae35d4562a572af,2062,2016,특정사안,"국민안전 위협요소 대응·관리실태(지하철,공동구 분야)",hwp
S01867,감사원,BAI,20160922_[특정사안]_담뱃세 등 인상 관련 재고차익 관리실태_1991_v1.hwp,.hwp,1174016,88a90ace9c0c71124e0c0fe0f46816c4addc7f234cfedb1d890f49f8c491a928,1991,2016,특정사안,담뱃세 등 인상 관련 재고차익 관리실태,hwp
S01868,감사원,BAI,20160922_[특정사안]_담뱃세 등 인상 관련 재고차익 관리실태_1991_v2.hwp,.hwp,76288,5cf01a7d3e92a90f0701c42142d95b67cca314287aae895f6fe34aa519556596,1991,2016,특정사안,담뱃세 등 인상 관련 재고차익 관리실태,hwp
S01869,감사원,BAI,20160927_[기관정기]_한국관광공사 기관운영감사_1953.hwp,.hwp,334848,bc707a4f5a14a425152c8ce3d0bf21cb67a75773dccdfe1b91db1a1cdc1e14e2,1953,2016,기관정기,한국관광공사 기관운영감사,hwp
S01870,감사원,BAI,20161004_[기관정기]_미래창조과학부 기관운영감사_1954.hwp,.hwp,474624,043862d473523a1a95fce2d0ae0a31024a4b37c038d757f4ea8d67f50745c9b5,1954,2016,기관정기,미래창조과학부 기관운영감사,hwp
S01871,감사원,BAI,20161013_[특정사안]_중소기업자간 경쟁제도 등 운영실태_1955.hwp,.hwp,1252864,1208f68158a52d14b06656d2403af907746b87e1992289a9d43acb38021b48a3,1955,2016,특정사안,중소기업자간 경쟁제도 등 운영실태,hwp
S01872,감사원,BAI,20161014_[특정사안]_서울대 비정규직 관련 법률 위반 및 운영 실태_1956.hwp,.hwp,182784,df151dc718940603d65b03a347973d3bceede16b6fdb572e9cf964c6ebce0cc9,1956,2016,특정사안,서울대 비정규직 관련 법률 위반 및 운영 실태,hwp
S01873,감사원,BAI,20161019_[기관정기]_부산광역시 기관운영감사_1989_v1.hwp,.hwp,439296,e197dd4f7b46b7969ba261fe5d482b672df4aeb5f37afe2563a364ecf0cfb438,1989,2016,기관정기,부산광역시 기관운영감사,hwp
S01874,감사원,BAI,20161019_[기관정기]_부산광역시 기관운영감사_1989_v2.hwp,.hwp,39424,2437149525274347868b040053a135e36706cf2f759a4ad71a2e46e05b8900e0,1989,2016,기관정기,부산광역시 기관운영감사,hwp
S01875,감사원,BAI,20161020_[성과]_청년고용대책 성과분석_1957.hwp,.hwp,836096,3c5cc5ce9bede9d7c74541cf449bc39a0f73c719d3961b596d81e9b068d381fa,1957,2016,성과,청년고용대책 성과분석,hwp
S01876,감사원,BAI,20161021_[특정사안]_함양군 관급공사 시공업체 부당변경 등 관련 공익감사청구_1958.hwp,.hwp,56832,04b920ba3e8b4632b28cc403c2b87415e65a8de68f07c324beb5fbae439fa394,1958,2016,특정사안,함양군 관급공사 시공업체 부당변경 등 관련 공익감사청구,hwp
S01877,감사원,BAI,20161025_[특정사안]_실업급여 등 고용안전망 운영실태_1959.hwp,.hwp,622080,8f4f12c702be5d6a15c5d9e6e13b5b4b9c16be66a32e5e13fc896801a548101d,1959,2016,특정사안,실업급여 등 고용안전망 운영실태,hwp
S01878,감사원,BAI,20161027_[특정사안]_자체감사기구 운영실태(국가ㆍ공공기관)_1961.hwp,.hwp,268800,5b85d00553d22717fa8d28c26a8ef1d9616f2f3dd2fc98bcc29a42f74de3195a,1961,2016,특정사안,자체감사기구 운영실태(국가ㆍ공공기관),hwp
S01879,감사원,BAI,20161101_[성과]_보육 등 지원사업 성과관리실태_1962.hwp,.hwp,699392,cbc58f56c781b8aa4b211f231255d400141f4d54514f56f50d0bf1ce03148136,1962,2016,성과,보육 등 지원사업 성과관리실태,hwp
S01880,감사원,BAI,20161102_[특정사안]_자격·인증 관리실태 점검_1992_v1.hwp,.hwp,627712,4096080e68e5f5360c0512f14fe34291f5d414876c9ddaa96f7071bc1528d24a,1992,2016,특정사안,자격·인증 관리실태 점검,hwp
S01881,감사원,BAI,20161102_[특정사안]_자격·인증 관리실태 점검_1992_v2.hwp,.hwp,102912,b917e7b68977e2e14d8a5958d3520c2e1fd96e0afb0e9c340d9775cfede728fe,1992,2016,특정사안,자격·인증 관리실태 점검,hwp
S01882,감사원,BAI,20161103_[특정사안]_서산시 ㄱ 재개발 정비사업 관련_1963.hwp,.hwp,64000,7dc7eac860f8bdb044c4ee4b00a09d524449f5cbfc96ed513181c6b5b3e3b995,1963,2016,특정사안,서산시 ㄱ 재개발 정비사업 관련,hwp
S01883,감사원,BAI,20161108_[특정사안]_세무조사 운영실태_1964.hwp,.hwp,583168,c07c1d5268fcfdbf263e0fd3bea95c2f186ab8561798cf80c4bccc3aaa452448,1964,2016,특정사안,세무조사 운영실태,hwp
S01884,감사원,BAI,"20161109_[기관정기]_인천남·서구, 강릉·동해시 기관운영감사_1965.hwp",.hwp,1546752,4ce4dbc53be7d4126b9ad5246318043433fdfa71f3aedf366e94ee38ffc001b5,1965,2016,기관정기,"인천남·서구, 강릉·동해시 기관운영감사",hwp
S01885,감사원,BAI,20161110_[기관정기]_전라북도 기관운영감사_1966.hwp,.hwp,953344,29ba6e51ac461cbe36dcfba098e82dd11af24370be9f02bddbdf58b4ee4dc66d,1966,2016,기관정기,전라북도 기관운영감사,hwp
S01886,감사원,BAI,20161115_[성과]_규제개혁 추진 및 이행실태_1967.hwp,.hwp,1930752,a4084955dce80586a5456e5dc81ea5764033346f275a2d9740f6f64d80a8f863,1967,2016,성과,규제개혁 추진 및 이행실태,hwp
S01887,감사원,BAI,20161117_[특정사안]_감사결과 이행실태_1968.hwp,.hwp,158720,6b8ee313850fadb50f7d1935661ef7b68af02821330b391abc73d6cfba5f7b15,1968,2016,특정사안,감사결과 이행실태,hwp
S01888,감사원,BAI,20161122_[특정사안]_군수장비 획득 및 운용관련 비리 기동점검_1969.hwp,.hwp,2611712,6126df8916ca7abcdcb2cc4a960e480f95be2ec5f919d6b1b84267daa614c54d,1969,2016,특정사안,군수장비 획득 및 운용관련 비리 기동점검,hwp
S01889,감사원,BAI,20161123_[특정사안]_포항시 생활폐기물 등 수집·운반 용역업체 관리 감독 관련_1970.hwp,.hwp,24576,60a75e4bd6848da8e5280de41c0832c50bd1bdbe367ca0dd0d4643d184b75c7d,1970,2016,특정사안,포항시 생활폐기물 등 수집·운반 용역업체 관리 감독 관련,hwp
S01890,감사원,BAI,20161124_[특정사안]_한국가스공사 계약 등 비리점검_1971.hwp,.hwp,526848,1f302e51c39a3417d32be34a919f0a543b2a85053b061ace48d3d3372419901a,1971,2016,특정사안,한국가스공사 계약 등 비리점검,hwp
S01891,감사원,BAI,20161129_[특정사안]_인ㆍ허가 등 대민업무 처리실태[1](하남시ㆍ용인시ㆍ성남시ㆍ광주시)_2042_v1.hwp,.hwp,2763776,bb6d869f67c4b9c4c9b7dd3cc1711810faa7a1e82a2ab99999fe19b75b485bfc,2042,2016,특정사안,인ㆍ허가 등 대민업무 처리실태[1](하남시ㆍ용인시ㆍ성남시ㆍ광주시),hwp
S01892,감사원,BAI,20161129_[특정사안]_인ㆍ허가 등 대민업무 처리실태[1](하남시ㆍ용인시ㆍ성남시ㆍ광주시)_2042_v2.hwp,.hwp,68608,3d270e4235d0d2a36dc29941511baebfd182cb53883dccf7849ca6e5b7d5d176,2042,2016,특정사안,인ㆍ허가 등 대민업무 처리실태[1](하남시ㆍ용인시ㆍ성남시ㆍ광주시),hwp
S01893,감사원,BAI,20161129_[특정사안]_인ㆍ허가 등 대민업무 처리실태[2](강동구ㆍ강서구ㆍ성동구ㆍ영등포구)_1972.hwp,.hwp,41428992,2573962a70992253f8124b7546ad088dd79699f5c258548f75c8562360405b14,1972,2016,특정사안,인ㆍ허가 등 대민업무 처리실태[2](강동구ㆍ강서구ㆍ성동구ㆍ영등포구),hwp
S01894,감사원,BAI,20161129_[특정사안]_인ㆍ허가 등 대민업무 처리실태[3] (고양시ㆍ구리시ㆍ양주시ㆍ포천시)_1973.hwp,.hwp,1453056,7a0838dec5d5db63b060b6d07405a30260dfc311b3c4d6c303dccafe75ba6ee6,1973,2016,특정사안,인ㆍ허가 등 대민업무 처리실태[3] (고양시ㆍ구리시ㆍ양주시ㆍ포천시),hwp
S01895,감사원,BAI,20161129_[특정사안]_인ㆍ허가 등 대민업무 처리실태[4](오산시ㆍ수원시ㆍ김포시ㆍ부천시)_1974.hwp,.hwp,55808,30499e50583f8eff00b40d1b1dbb573c9a57ba2a3fa158b2ffcf004fff1254d2,1974,2016,특정사안,인ㆍ허가 등 대민업무 처리실태[4](오산시ㆍ수원시ㆍ김포시ㆍ부천시),hwp
S01896,감사원,BAI,20161201_[기관정기]_충청남도 기관운영감사_2054_v1.hwp,.hwp,400896,2ed5388ae429ff835dd2c21b57d4b31cc6ad31b0425f6c9c764d211c3c671f6c,2054,2016,기관정기,충청남도 기관운영감사,hwp
S01897,감사원,BAI,20161201_[기관정기]_충청남도 기관운영감사_2054_v2.hwp,.hwp,85504,32994d64da368c3a5dc3ecd2b35676f108ffc48d0305ef8a628217a0d54d0d8a,2054,2016,기관정기,충청남도 기관운영감사,hwp
S01898,감사원,BAI,20161206_[특정사안]_국가 주요기반시설 안전 및 관리실태_1975.hwp,.hwp,19855360,a4b8f7a288ab0bda44c5bb1989b194aaf92066417b8b80d15b9ec8cc6f0e196a,1975,2016,특정사안,국가 주요기반시설 안전 및 관리실태,hwp
S01899,감사원,BAI,20161208_[특정사안]_공직비리 기동점검Ⅱ_1976.hwp,.hwp,218624,1bbd066f54e1a07c4c28474062d95b09dde01b5e61f9e4d34320fc0211987ec5,1976,2016,특정사안,공직비리 기동점검Ⅱ,hwp
S01900,감사원,BAI,20161209_[특정사안]_차량기지 구내 운전업무 위탁용역 관련 공익감사청구_1977.hwp,.hwp,34304,acd9aa4300f41fc5c7bbf49960d26b47b2e9d4ab287b882e21c760ecd0f2c1ff,1977,2016,특정사안,차량기지 구내 운전업무 위탁용역 관련 공익감사청구,hwp
S01901,감사원,BAI,20161214_[특정사안]_국토이용 및 개발계획 수립추진실태_1978.hwp,.hwp,6230528,237e716e208880e47256207602a1e8df433bdf67193a85e5e62cda37c801a579,1978,2016,특정사안,국토이용 및 개발계획 수립추진실태,hwp
S01902,감사원,BAI,20161221_[특정사안]_기업금융시스템 운영 및 감독실태_1979.hwp,.hwp,969216,00fd06d2abe18f05543658c6c5ffa88fe44fce63b84a75968abd87bba39db8bc,1979,2016,특정사안,기업금융시스템 운영 및 감독실태,hwp
S01903,감사원,BAI,20161222_[미분류]_변상판정 청구사항 등 조사 처리_2049_v1.hwp,.hwp,78848,51e6733fdbc2135320e6e8374aeff4305fb96d514d25c84f2c16f7b89bf05968,2049,2016,미분류,변상판정 청구사항 등 조사 처리,hwp
S01904,감사원,BAI,20161222_[미분류]_변상판정 청구사항 등 조사 처리_2049_v2.hwp,.hwp,44544,ccbc2fce33cde40403079546f91f5fb4346ed8e6554e76b09e925072d6a13c21,2049,2016,미분류,변상판정 청구사항 등 조사 처리,hwp
S01905,감사원,BAI,20161228_[특정사안]_민원사항 관련 즉시(Spot)감사_1987_v1.hwp,.hwp,76288,8f051e1aee057ae77fb10eb217ac8c4d9bbbc51ae6d3d72a575c2056b50954f4,1987,2016,특정사안,민원사항 관련 즉시(Spot)감사,hwp
S01906,감사원,BAI,20161228_[특정사안]_민원사항 관련 즉시(Spot)감사_1987_v2.hwp,.hwp,109056,078520f1796da75009996afb62b1b1bfb4573fab8ea73e1d7f0eb697b763e9eb,1987,2016,특정사안,민원사항 관련 즉시(Spot)감사,hwp
S01907,감사원,BAI,20170104_[특정사안]_기금의 미수납채권 관리실태_1980.hwp,.hwp,146944,b481eb5bf32244bb6536ca35a3301c8c7d0c313506446c8dd6daa4d2df650bd0,1980,2017,특정사안,기금의 미수납채권 관리실태,hwp
S01908,감사원,BAI,20170105_[특정사안]_신성장동력 에너지사업 추진실태_1981.hwp,.hwp,27965952,f5946a89d055c8f22d8bccbd1d5030e6feb61f5b30ec8b9dad8475dbf216b246,1981,2017,특정사안,신성장동력 에너지사업 추진실태,hwp
S01909,감사원,BAI,20170110_[특정사안]_수출지원사업 추진실태_2010_v1.hwp,.hwp,972800,fe1b33d72a4b3a1cbefa119efae178831c1c1a49cc68953e056e06e6e03e5c7d,2010,2017,특정사안,수출지원사업 추진실태,hwp
S01910,감사원,BAI,20170110_[특정사안]_수출지원사업 추진실태_2010_v2.hwp,.hwp,847872,e8900912efcdf735ffdda4d58a097df36727e16c7001ad020dbd271b4097cd07,2010,2017,특정사안,수출지원사업 추진실태,hwp
S01911,감사원,BAI,20170111_[특정사안]_하수관로정비 임대형 민자사업 추진실태_1982.hwp,.hwp,18463744,1aca06816057197b6d3a52ca8cbecfc7182deefd709591b323db39bd00edaa1b,1982,2017,특정사안,하수관로정비 임대형 민자사업 추진실태,hwp
S01912,감사원,BAI,20170117_[특정사안]_탄약 폐기처리 사업 운영실태_1983.hwp,.hwp,5503488,40ca560180c5fe1940068cc2302a4d776ecae2f66e296ff4bb6d9aea7731014a,1983,2017,특정사안,탄약 폐기처리 사업 운영실태,hwp
S01913,감사원,BAI,20170118_[특정사안]_국세정보시스템 활용 및 보안 실태_1984.hwp,.hwp,32847360,31ad3c765d9270061541f6390f1c0f39fa38c3c28d62de72753541dc9b45683e,1984,2017,특정사안,국세정보시스템 활용 및 보안 실태,hwp
S01914,감사원,BAI,20170119_[특정사안]_건강기능식품 안전 및 품질 관리실태_1994.hwp,.hwp,1210368,2fa5e7b46b8770722c513484d86b823953cb61fc5b43d82bcd730cf22b3b7e57,1994,2017,특정사안,건강기능식품 안전 및 품질 관리실태,hwp
S01915,감사원,BAI,20170124_[특정사안]_보건의료산업 육성사업 등 관리실태_1985.hwp,.hwp,710144,9b988d3f23635a3aa127c27c7792b2326d5306f2f75422a3cc1c6949ce548e31,1985,2017,특정사안,보건의료산업 육성사업 등 관리실태,hwp
S01916,감사원,BAI,20170125_[기관정기]_부산지방국토관리청 기관운영감사_1986.hwp,.hwp,1768448,ea7e71fea0d75f7ea6ca893f3a720f37d7a2dd4c9e0e9d539e955bb67581d2c4,1986,2017,기관정기,부산지방국토관리청 기관운영감사,hwp
S01917,감사원,BAI,20170201_[특정사안]_농산물 수급 관리실태_1993.hwp,.hwp,783872,c654287d2ad4c2840d35ccf7e39d1c72d04b0a2944ecfd051dadedaec8bcc7d5,1993,2017,특정사안,농산물 수급 관리실태,hwp
S01918,감사원,BAI,20170208_[특정사안]_주요장비 등 물품 구입 및 관리실태_1995.hwp,.hwp,708096,f17e0979a0857d40343cc9bcf07a9ded15c99d935c244fd21e429df36ff7b4c5,1995,2017,특정사안,주요장비 등 물품 구입 및 관리실태,hwp
S01919,감사원,BAI,20170214_[기관정기]_한국교육방송공사 기관운영감사_1996.hwp,.hwp,329216,0127cefc22b6db8c8e3c99768190d99d3e235d4fdf923dcb7a548270fbdeedb3,1996,2017,기관정기,한국교육방송공사 기관운영감사,hwp
S01920,감사원,BAI,20170215_[특정사안]_건설자재 인증 및 품질관리 실태_1997.hwp,.hwp,126976,2510ac64651e4fbad42eed57e7fcaf8094b519c70e71de8a465947ec221a3071,1997,2017,특정사안,건설자재 인증 및 품질관리 실태,hwp
S01921,감사원,BAI,20170221_[기관정기]_국립농산물품질관리원 기관운영감사_2005_v1.hwp,.hwp,114176,f376d7619f21b67a5d1380056fecae989663a260cc542bbe83e4af09e0622f4f,2005,2017,기관정기,국립농산물품질관리원 기관운영감사,hwp
S01922,감사원,BAI,20170221_[기관정기]_국립농산물품질관리원 기관운영감사_2005_v2.hwp,.hwp,25600,a0c25c5b9a8a59eb3d4220624270d95b0a4cc8124ca1a83e4bcbd52ba891264d,2005,2017,기관정기,국립농산물품질관리원 기관운영감사,hwp
S01923,감사원,BAI,20170222_[특정사안]_국가공간정보 데이터 구축 및 활용 실태_1998.hwp,.hwp,28404736,d3d1fce3b23d5d7856e3bc414ddf7468cbe9fa6d31e61de61128cf7fa9298937,1998,2017,특정사안,국가공간정보 데이터 구축 및 활용 실태,hwp
S01924,감사원,BAI,20170228_[특정사안]_가스기반시설 안전 및 관리 실태_1999.hwp,.hwp,11462656,a21021c3501e96b8c80a85bc58947bf58733ce02200f46d72957da328e99f13d,1999,2017,특정사안,가스기반시설 안전 및 관리 실태,hwp
S01925,감사원,BAI,20170302_[기관정기]_동두천시·가평군 기관운영감사_2000.hwp,.hwp,1648640,4e02721f23b2953e110f9b85be58acc47f4648c71aee6f35d07e2960a03be66a,2000,2017,기관정기,동두천시·가평군 기관운영감사,hwp
S01926,감사원,BAI,20170303_[미분류]_변상판정 청구사항 서면감사_2001.hwp,.hwp,1330688,b6fc158f83783084625a09473bd1db7255e721605d9e83edc36405946961268a,2001,2017,미분류,변상판정 청구사항 서면감사,hwp
S01927,감사원,BAI,20170307_[특정사안]_교육정보시스템 구축·운영 실태_2002.hwp,.hwp,727040,e13a1263fa2dd5342443c4f510bb00576bfde593fd4337c0f345f5531e62bb72,2002,2017,특정사안,교육정보시스템 구축·운영 실태,hwp
S01928,감사원,BAI,20170308_[특정사안]_양도소득 과세실태_2003.hwp,.hwp,598016,4124d16603b54488c37195727accff78a6375a79490b107d1263a8a883b0a6f5,2003,2017,특정사안,양도소득 과세실태,hwp
S01929,감사원,BAI,20170309_[특정사안]_주요 재정사업 유사·중복 통폐합 등 추진실태_2004.hwp,.hwp,966144,bea2c7fed6120fe0d46a0b5051e9187b7824767df9ac0a904f68d37062a3d72c,2004,2017,특정사안,주요 재정사업 유사·중복 통폐합 등 추진실태,hwp
S01930,감사원,BAI,20170314_[기관정기]_안양시·군포시 기관운영감사_2006.hwp,.hwp,194560,f1c93337fc2f687ec4c6658c8d99846e3192995b2604a5210a1e38c908a38780,2006,2017,기관정기,안양시·군포시 기관운영감사,hwp
S01931,감사원,BAI,"20170316_[기관정기]_국무조정실·국무총리비서실, 국민권익위원회 기관운영감사_2023.hwp",.hwp,1210880,4b478a6c13490730d5908d22e5871dfa2be76cc2bd230465a690ede44bd8938f,2023,2017,기관정기,"국무조정실·국무총리비서실, 국민권익위원회 기관운영감사",hwp
S01932,감사원,BAI,20170320_[특정사안]_취약계층 주거 공급 및 관리실태_2007.hwp,.hwp,967168,354de3d41316fcd6f1605995d6301ff81c6ad1ae2f8b1b239f90b6cb0e0f1e16,2007,2017,특정사안,취약계층 주거 공급 및 관리실태,hwp
S01933,감사원,BAI,20170322_[특정사안]_연안정비사업 추진실태_2008.hwp,.hwp,34528256,cbfcdcc57571caf5efaf02183f824d449f032ed7ea00eb23d3f0b6213e42e7b4,2008,2017,특정사안,연안정비사업 추진실태,hwp
S01934,감사원,BAI,"20170323_[특정사안]_대학 재정지원사업 및 구조개혁 추진실태, 이화여자대학교 재정지원사업 특혜의혹에 대한 감사_2009_v1.hwp",.hwp,1371648,7a45bea3a3323c40df26f2a54672c5b0ec10b9603ea8e51f741e2194d143e846,2009,2017,특정사안,"대학 재정지원사업 및 구조개혁 추진실태, 이화여자대학교 재정지원사업 특혜의혹에 대한 감사",hwp
S01935,감사원,BAI,"20170323_[특정사안]_대학 재정지원사업 및 구조개혁 추진실태, 이화여자대학교 재정지원사업 특혜의혹에 대한 감사_2009_v2.hwp",.hwp,216064,c6d1d427d8dd3d9261518861f365b3a7d10276377f02f6f8200188ee54723a2a,2009,2017,특정사안,"대학 재정지원사업 및 구조개혁 추진실태, 이화여자대학교 재정지원사업 특혜의혹에 대한 감사",hwp
S01936,감사원,BAI,20170324_[특정사안]_재외공관 및 외교부 본부 운영실태_2018.hwp,.hwp,1666048,a87d5aef1be550eb55883cf89b8383eaac746f472b5df86316067b70c788ea97,2018,2017,특정사안,재외공관 및 외교부 본부 운영실태,hwp
S01937,감사원,BAI,20170328_[특정사안]_관광인프라 조성 및 활성시책 추진실태_2012.hwp,.hwp,4557312,583d5cb30e9ed3dc0437d46fc49c3e21889d1e48b7d6837cf0bf026b16230d96,2012,2017,특정사안,관광인프라 조성 및 활성시책 추진실태,hwp
S01938,감사원,BAI,20170329_[특정사안]_서울대학교병원 전자의무기록 무단 열람 및 유출 실태_2014.pdf,.pdf,2877221,fa04a51efba8a34b524f3c5feadcd436e60a1ee1132437a7a33d0d80b26649c4,2014,2017,특정사안,서울대학교병원 전자의무기록 무단 열람 및 유출 실태,pdf
S01939,감사원,BAI,20170329_[특정사안]_소녀보건 교육프로그램 영상물제작 등 계약 추진실태_2013.hwp,.hwp,88576,b6006b278052401245017e34db5728d84762bdeb1a810cdc15dfb0f75294b7e9,2013,2017,특정사안,소녀보건 교육프로그램 영상물제작 등 계약 추진실태,hwp
S01940,감사원,BAI,20170330_[특정사안]_자체감사기구 운영실태(지방자치단체)_2016.hwp,.hwp,161792,deaba3bd30c099ef641ebcb827a5371368395cf85b41629bf88da8b9d682e461,2016,2017,특정사안,자체감사기구 운영실태(지방자치단체),hwp
S01941,감사원,BAI,20170330_[특정사안]_지방자치단체 부담금 예산의 편성 및 집행 관련 공익감사청구_2015.hwp,.hwp,57856,2b7fe5c6cb509d0981c2a190c516b0462d7aed63a0ec550c790a779aeb35dc79,2015,2017,특정사안,지방자치단체 부담금 예산의 편성 및 집행 관련 공익감사청구,hwp
S01942,감사원,BAI,20170403_[특정사안]_금융규제개혁 추진실태_2017.hwp,.hwp,381440,bdb49da73ca9b7aa3605e2c04e619707e21cb34511e85105ac7db6bd7bf66b54,2017,2017,특정사안,금융규제개혁 추진실태,hwp
S01943,감사원,BAI,20170404_[특정사안]_국가연구개발사업 관리실태_2020.hwp,.hwp,400384,a3e3cb7b1ec54ebca43ea9445169242d5437c3732c19afa8abd11c0fa087f148,2020,2017,특정사안,국가연구개발사업 관리실태,hwp
S01944,감사원,BAI,20170404_[특정사안]_주요 전력설비 운영 및 관리실태_2019.hwp,.hwp,21940736,2fab8e87424f632b6c6a520dd6d365d0d37fe21077d6512792ff06c687a6e5be,2019,2017,특정사안,주요 전력설비 운영 및 관리실태,hwp
S01945,감사원,BAI,20170405_[기관정기]_국민안전처 기관운영감사_2021.hwp,.hwp,4000256,b6a58455dce47337e75079bf977647ff1df50f57aaabcee5a1440e08f8804847,2021,2017,기관정기,국민안전처 기관운영감사,hwp
S01946,감사원,BAI,20170406_[특정사안]_물품단가계약제도 운용 및 개선실태_2022.hwp,.hwp,4965888,d0442833d3cd141d391bdeda1938ef65672f61e9415feba6a8f46addb5d485b4,2022,2017,특정사안,물품단가계약제도 운용 및 개선실태,hwp
S01947,감사원,BAI,20170410_[기관정기]_속초시 등 6개 기관 중점분야 기관운영감사_2032.hwp,.hwp,8773632,1a8e5016c222b12bf8c6ccd9dd0edb4df46d112bddefd5b441b963b4060501dd,2032,2017,기관정기,속초시 등 6개 기관 중점분야 기관운영감사,hwp
S01948,감사원,BAI,20170410_[기관정기]_순천시 등 6개 기관 중점분야 기관운영감사_2024.hwp,.hwp,4194816,74c68d1340595b053904192acf510b70f7a1e9abd4df81617ca9d62491e6ee99,2024,2017,기관정기,순천시 등 6개 기관 중점분야 기관운영감사,hwp
S01949,감사원,BAI,20170410_[기관정기]_충주시 등 6개 기관 중점분야 기관운영감사_2025.hwp,.hwp,770560,d1c7887ab39b448bdb50928bd55ee91669ae3d705bed7691aaa11428781d637f,2025,2017,기관정기,충주시 등 6개 기관 중점분야 기관운영감사,hwp
S01950,감사원,BAI,20170410_[특정사안]_주요 취약분야 공직비리 집중감찰_2134_v1.hwp,.hwp,264192,36dfad06d4e26cf4186d69b939acc0da0f6b56f52673b327346ccb1e4f14a6fc,2134,2017,특정사안,주요 취약분야 공직비리 집중감찰,hwp
S01951,감사원,BAI,20170410_[특정사안]_주요 취약분야 공직비리 집중감찰_2134_v2.hwp,.hwp,2122752,f0db4b7b1b3e580d7b83009ae886d813b659579cc1adaed5dbba2a9904ef3674,2134,2017,특정사안,주요 취약분야 공직비리 집중감찰,hwp
S01952,감사원,BAI,20170410_[특정사안]_주요 취약분야 공직비리 집중감찰_2134_v3.hwp,.hwp,131072,31c9020eec4eac16a837cd5229d2c276e788dcd642f77dd5aeca9c168995d2e2,2134,2017,특정사안,주요 취약분야 공직비리 집중감찰,hwp
S01953,감사원,BAI,20170410_[특정사안]_주요 취약분야 공직비리 집중감찰_2134_v4.hwp,.hwp,44544,1a08fc8a2a67b83e09766074fe14c30e30f6bad66e6aad2ea21172c010f2d218,2134,2017,특정사안,주요 취약분야 공직비리 집중감찰,hwp
S01954,감사원,BAI,20170410_[특정사안]_주요 취약분야 공직비리 집중감찰_2134_v5.hwp,.hwp,464896,670a00e6897d9505c1bdc024b45dfbe4d1e4ed37914f2ac0fb105a6c438eb633,2134,2017,특정사안,주요 취약분야 공직비리 집중감찰,hwp
S01955,감사원,BAI,20170410_[특정사안]_주요 취약분야 공직비리 집중감찰_2134_v6.hwp,.hwp,51712,b91d4e357daf47660c42802bb59c39664f8511422b2d3042e0cda451b67da1c5,2134,2017,특정사안,주요 취약분야 공직비리 집중감찰,hwp
S01956,감사원,BAI,20170411_[특정사안]_공적자금 지원 금융기관 관리 실태_2026.hwp,.hwp,692224,1a03aebf50b2f15b5fdcb75dd1f405f3605b1d91cf9131a059b0d444b9775432,2026,2017,특정사안,공적자금 지원 금융기관 관리 실태,hwp
S01957,감사원,BAI,20170412_[특정사안]_건설산업 등록 및 관리실태_2027.hwp,.hwp,1729024,34df0b766981e862183803bb33ae60095fe18ec6bb45aa087f8dbaf02e511324,2027,2017,특정사안,건설산업 등록 및 관리실태,hwp
S01958,감사원,BAI,20170412_[특정사안]_혈액사업 용역계약 특혜의혹 등 점검_2028.hwp,.hwp,195072,7292e05b46beb3a70f38584f3fb8afa193c818c6d5031483ce118e95babe6221,2028,2017,특정사안,혈액사업 용역계약 특혜의혹 등 점검,hwp
S01959,감사원,BAI,20170413_[특정사안]_인천국제공항 물류 및 여객관리 실태_2029.hwp,.hwp,1245184,2a75cdccdad7ebdef3556365b6c346e965234848d01c370e82afefd26f42452f,2029,2017,특정사안,인천국제공항 물류 및 여객관리 실태,hwp
S01960,감사원,BAI,20170417_[기관정기]_한국보훈복지의료공단 기관운영 감사_2030.hwp,.hwp,581632,99a0f57ffaecd1d9a4980524b908f27738e09fa2416988e5bd443f85b70943bf,2030,2017,기관정기,한국보훈복지의료공단 기관운영 감사,hwp
S01961,감사원,BAI,20170417_[특정사안]_한미약품 올리타정 임상시험 관련 국회감사요구사항_2031.hwp,.hwp,274944,a17e4a6c809c83d2a4b21df9e0c5f1a3cb4f1de08c8078c41a5087a8695b1fd7,2031,2017,특정사안,한미약품 올리타정 임상시험 관련 국회감사요구사항,hwp
S01962,감사원,BAI,20170419_[특정사안]_주요 감사사항 후속조치 실태_2033.hwp,.hwp,232448,bd6f61f7188948897fd64c1a47439cd1ecdc80bcbcc14190f0d5fef024c6a301,2033,2017,특정사안,주요 감사사항 후속조치 실태,hwp
S01963,감사원,BAI,20170420_[성과]_지정폐기물 관리 실태_2034.hwp,.hwp,1707008,e0a4b33962a3bae4d5dd3dbd63e8b4d33653590f62cb125a85b9f292fdd8b5f5,2034,2017,성과,지정폐기물 관리 실태,hwp
S01964,감사원,BAI,20170424_[기관정기]_질병관리본부 기관운영감사_2035.hwp,.hwp,675840,10e219fab94dda9d41e63dff67afe58e164d33e04f30bc39cf101f3a3078b1ce,2035,2017,기관정기,질병관리본부 기관운영감사,hwp
S01965,감사원,BAI,20170425_[특정사안]_내국법인 등의 국제거래 과세실태_2123_v1.hwp,.hwp,615936,107713851bac746997d9390d90a317650f57ac957a189e3af66c47a3c3d4ca9e,2123,2017,특정사안,내국법인 등의 국제거래 과세실태,hwp
S01966,감사원,BAI,20170425_[특정사안]_내국법인 등의 국제거래 과세실태_2123_v2.pdf,.pdf,875726,c5c6755cc591ea9708dba5ac4e776296a7c258562abd513d7a825d5a724d4386,2123,2017,특정사안,내국법인 등의 국제거래 과세실태,pdf
S01967,감사원,BAI,20170426_[성과]_민원처리체계 개선실태_2036.hwp,.hwp,803840,ece1f7ebaa78c316f1cc63346425493094400c7ea0ccce6af197581aad62586a,2036,2017,성과,민원처리체계 개선실태,hwp
S01968,감사원,BAI,20170427_[기관정기]_교육부 기관운영감사_2037.hwp,.hwp,228864,99350d4f88dbef20cbf27ed2fde46fdcd32d5f670bf67f1a80f78bfc9fbbe63a,2037,2017,기관정기,교육부 기관운영감사,hwp
S01969,감사원,BAI,20170508_[기관정기]_대구 동구 등 6개 기관 중점분야 기관운영감사_2038.hwp,.hwp,11068928,3af7f092a83c1233ee349ae8cfb2d06f3971d3cfd2d335ba8377863a6d6641f9,2038,2017,기관정기,대구 동구 등 6개 기관 중점분야 기관운영감사,hwp
S01970,감사원,BAI,20170511_[성과]_지역발전사업 추진실태_2039.hwp,.hwp,466432,34b5ec7de5788886d87668c61ac181cfb13aa572d0dc7d4fbc292846a73ea9bf,2039,2017,성과,지역발전사업 추진실태,hwp
S01971,감사원,BAI,20170516_[성과]_고령사회 대비 노후소득보장체계 성과분석_2040.hwp,.hwp,578560,ecb725cd81105e6aa864ca2e1c09ae7daa7c603b66e5e545ef2efdba76ed7f15,2040,2017,성과,고령사회 대비 노후소득보장체계 성과분석,hwp
S01972,감사원,BAI,20170517_[특정사안]_선행기술조사 용역사업 수행 실태_2041.pdf,.pdf,1495694,652f00ddb9a166032a6adf92cced908f84839dd217c2bb14f2a7fd62fc8f7f98,2041,2017,특정사안,선행기술조사 용역사업 수행 실태,pdf
S01973,감사원,BAI,20170524_[특정사안]_공적개발원조(ODA) 추진실태_2043.hwp,.hwp,92983296,75011e9a26c1121156631787770025ebe766397dec204c29d9e99efc4247dae2,2043,2017,특정사안,공적개발원조(ODA) 추진실태,hwp
S01974,감사원,BAI,20170525_[기관정기]_서울특별시 기관운영감사_2044.hwp,.hwp,1823744,b51ab7ce1562779f9b4cfe81d560cfcd4100ddbd5c03136032d98f78d3837e11,2044,2017,기관정기,서울특별시 기관운영감사,hwp
S01975,감사원,BAI,20170530_[특정사안]_공기호흡용기 안전충전함 연구개발사업 추진실태_2045.pdf,.pdf,2316585,806a84b4094839180ddcf996fc3aa5649bfd7df38660fcab6c909f50627058e5,2045,2017,특정사안,공기호흡용기 안전충전함 연구개발사업 추진실태,pdf
S01976,감사원,BAI,20170531_[재무]_2016회계연도 국가결산 검사 및 감사활동 결과_2046_v1.pdf,.pdf,1644924,c76f6e6cdc4414aa6a92dced84f8626b0744a24527866831ae5ca0e93a085177,2046,2017,재무,2016회계연도 국가결산 검사 및 감사활동 결과,pdf
S01977,감사원,BAI,20170531_[재무]_2016회계연도 국가결산 검사 및 감사활동 결과_2046_v10.pdf,.pdf,1197678,9d0f5e83deacac56e2847a2acd77e544ce1c466d0ee325d8d250aeeb6cdad85a,2046,2017,재무,2016회계연도 국가결산 검사 및 감사활동 결과,pdf
S01978,감사원,BAI,20170531_[재무]_2016회계연도 국가결산 검사 및 감사활동 결과_2046_v11.pdf,.pdf,948216,c92d11c66b1458596c3327a1f5a5ae56f3401bb30c1023d7a075e454eca222e0,2046,2017,재무,2016회계연도 국가결산 검사 및 감사활동 결과,pdf
S01979,감사원,BAI,20170531_[재무]_2016회계연도 국가결산 검사 및 감사활동 결과_2046_v12.pdf,.pdf,1314127,fc894db0a9ed4937059faf1d866146f778d0187cd67177ba95e095eab216e810,2046,2017,재무,2016회계연도 국가결산 검사 및 감사활동 결과,pdf
S01980,감사원,BAI,20170531_[재무]_2016회계연도 국가결산 검사 및 감사활동 결과_2046_v13.pdf,.pdf,580572,af6106645b4366cdfc4464ab60ca2337028837a41869e5ff0f7896d59fdcd0e6,2046,2017,재무,2016회계연도 국가결산 검사 및 감사활동 결과,pdf
S01981,감사원,BAI,20170531_[재무]_2016회계연도 국가결산 검사 및 감사활동 결과_2046_v14.pdf,.pdf,993586,1f560c6f3b92ae8e330442c02456fbc65c317b86fbd51649ddd2902416ec2c84,2046,2017,재무,2016회계연도 국가결산 검사 및 감사활동 결과,pdf
S01982,감사원,BAI,20170531_[재무]_2016회계연도 국가결산 검사 및 감사활동 결과_2046_v15.pdf,.pdf,1586674,5013fdd20ffceea7143d9d85b13b405d1821ba704dc9fce42e2ba4c36999556f,2046,2017,재무,2016회계연도 국가결산 검사 및 감사활동 결과,pdf
S01983,감사원,BAI,20170531_[재무]_2016회계연도 국가결산 검사 및 감사활동 결과_2046_v16.pdf,.pdf,985720,e30a772d24f65555b07f5c63f6d5c1979493aa9454729d431d8afb93b3d91db9,2046,2017,재무,2016회계연도 국가결산 검사 및 감사활동 결과,pdf
S01984,감사원,BAI,20170531_[재무]_2016회계연도 국가결산 검사 및 감사활동 결과_2046_v17.pdf,.pdf,1080746,0604cd0c004085c2e2bc1988e0bb7a3b01f9d71bdab7cc28c23ff5ffb116e2f4,2046,2017,재무,2016회계연도 국가결산 검사 및 감사활동 결과,pdf
S01985,감사원,BAI,20170531_[재무]_2016회계연도 국가결산 검사 및 감사활동 결과_2046_v18.pdf,.pdf,3350703,9f3d41bb81a54c296c305f3fe48ebfeb8a70e50c72d4a1c85b66151ff977e654,2046,2017,재무,2016회계연도 국가결산 검사 및 감사활동 결과,pdf
S01986,감사원,BAI,20170531_[재무]_2016회계연도 국가결산 검사 및 감사활동 결과_2046_v2.pdf,.pdf,1576233,34dad9de86ed5726f69da7452e34484a5d1976c4d12a1c519fa380738d413cf7,2046,2017,재무,2016회계연도 국가결산 검사 및 감사활동 결과,pdf
S01987,감사원,BAI,20170531_[재무]_2016회계연도 국가결산 검사 및 감사활동 결과_2046_v3.pdf,.pdf,16684627,02b670ff10a4e7dee2d3c96547c6c9537693a1a2eb0704a3dc1006996a54e466,2046,2017,재무,2016회계연도 국가결산 검사 및 감사활동 결과,pdf
S01988,감사원,BAI,20170531_[재무]_2016회계연도 국가결산 검사 및 감사활동 결과_2046_v4.pdf,.pdf,1467550,4bc4ccd2fa5116cdd50efd8b4d8464f8d03191af0e81f28916446cc928332dc0,2046,2017,재무,2016회계연도 국가결산 검사 및 감사활동 결과,pdf
S01989,감사원,BAI,20170531_[재무]_2016회계연도 국가결산 검사 및 감사활동 결과_2046_v5.pdf,.pdf,1130772,eb2400656fe9b5aab476d8f8215b089447b6c6c43dbec9839a1f8e7e5d989b60,2046,2017,재무,2016회계연도 국가결산 검사 및 감사활동 결과,pdf
S01990,감사원,BAI,20170531_[재무]_2016회계연도 국가결산 검사 및 감사활동 결과_2046_v6.pdf,.pdf,752535,26067b96177459d18dbb0fe988ba129e28d20563b3a758cb2cec09b991163afa,2046,2017,재무,2016회계연도 국가결산 검사 및 감사활동 결과,pdf
S01991,감사원,BAI,20170531_[재무]_2016회계연도 국가결산 검사 및 감사활동 결과_2046_v7.pdf,.pdf,459830,1e10ff74a50f19aa7ecfcdd54ca0e22d3bb5eccd87f0c8ac8286352e80d10430,2046,2017,재무,2016회계연도 국가결산 검사 및 감사활동 결과,pdf
S01992,감사원,BAI,20170531_[재무]_2016회계연도 국가결산 검사 및 감사활동 결과_2046_v8.pdf,.pdf,1798036,9d446f2eb4661d176230b0ba3f10d11679d8ef4c67c44ede36e2f6a86aec6d0a,2046,2017,재무,2016회계연도 국가결산 검사 및 감사활동 결과,pdf
S01993,감사원,BAI,20170531_[재무]_2016회계연도 국가결산 검사 및 감사활동 결과_2046_v9.pdf,.pdf,861020,20413f3f64ff16918e088f9631b26ced7abe47b9e7d88d3eb3dd5c2d66575fc5,2046,2017,재무,2016회계연도 국가결산 검사 및 감사활동 결과,pdf
S01994,감사원,BAI,20170607_[특정사안]_국립중앙극장 등 2개 기관의 용역근로자 인건비 등 관련_2047.pdf,.pdf,1021146,3b8e8401deff8beebe4534e4d98e0302f6d0a91fd8343c4d5d31d54830ef8b0f,2047,2017,특정사안,국립중앙극장 등 2개 기관의 용역근로자 인건비 등 관련,pdf
S01995,감사원,BAI,20170613_[기관정기]_문화체육관광부 기관운영감사_2048_v1.pdf,.pdf,6977001,b2896ba8dc920f1636500c0b1b3c6319feaa94e0e8f756e7b9eb56a76fe49e04,2048,2017,기관정기,문화체육관광부 기관운영감사,pdf
S01996,감사원,BAI,20170613_[기관정기]_문화체육관광부 기관운영감사_2048_v2.pdf,.pdf,3127647,5148e5b81d27b3555e194842ebb2bcdb719ff22d4ecd50bfef2795e12dff40ee,2048,2017,기관정기,문화체육관광부 기관운영감사,pdf
S01997,감사원,BAI,20170614_[미분류]_상수도 노후관 교체공사비 낭비 관련 변상판정 청구사항_2050.hwp,.hwp,966144,3a890bd0cd07fb8efaaddaa2fd85d927bb09824bff36bb56a4ac1ca0810230a3,2050,2017,미분류,상수도 노후관 교체공사비 낭비 관련 변상판정 청구사항,hwp
S01998,감사원,BAI,20170615_[특정사안]_한국전기안전공사 사장의 홍보예산 사적사용 및 인사권 남용 등 감사_2051.pdf,.pdf,1695227,da550a2605bee663a003aaa016e83e1b4674e4b8b64fb72c43e46682f514768c,2051,2017,특정사안,한국전기안전공사 사장의 홍보예산 사적사용 및 인사권 남용 등 감사,pdf
S01999,감사원,BAI,20170619_[특정사안]_설악산 오색삭도 설치사업 추진 관련 공익감사청구_2052.pdf,.pdf,1060831,dd9d183af640fe13946eebfd3bbbf0887a06535498c4292f1a6650193dfff031,2052,2017,특정사안,설악산 오색삭도 설치사업 추진 관련 공익감사청구,pdf
S02000,감사원,BAI,20170622_[기관정기]_의정부시·광주시 기관운영감사_2053.pdf,.pdf,1350434,e5e1dd634bfbe272b42cab189389a52e0189bbb6713fe1e688bf71590eebfd53,2053,2017,기관정기,의정부시·광주시 기관운영감사,pdf
S02001,감사원,BAI,20170627_[기관정기]_농림축산식품부 기관운영감사_2060.pdf,.pdf,2551798,29d3b7b3cddfa23b5abc1c447e68f47e7875c2aa700d5e7028f58105994534e4,2060,2017,기관정기,농림축산식품부 기관운영감사,pdf
S02002,감사원,BAI,20170629_[기관정기]_서울특별시 마포구·양천구 기관운영감사_2055.pdf,.pdf,2811650,24e8bb35bad6d226d5b6c8394b7fdf49d9937f8493ed93b17fd7411c830e938e,2055,2017,기관정기,서울특별시 마포구·양천구 기관운영감사,pdf
S02003,감사원,BAI,20170704_[특정사안]_인천관광공사의 직원채용과 박람회 대행업체 관리·감독 관련 공익감사청구_2056.pdf,.pdf,1013892,ca47b2626feb136bcc0c58daf7b21db87647c7411b5e14c2ad7f3c9b2530c5f1,2056,2017,특정사안,인천관광공사의 직원채용과 박람회 대행업체 관리·감독 관련 공익감사청구,pdf
S02004,감사원,BAI,20170705_[특정사안]_부동산 과세자료 활용실태_2057.pdf,.pdf,1823095,87aa33bdb1d35e0f50bef625060b7030fdcea315c45715704e462651a6fc9d6c,2057,2017,특정사안,부동산 과세자료 활용실태,pdf
S02005,감사원,BAI,20170706_[기관정기]_산업통상자원부 기관운영감사_2058.pdf,.pdf,2400749,0597f11836d032a76c85e8bc22a485e518ddaac7974e9e8659a7ec6879b5536e,2058,2017,기관정기,산업통상자원부 기관운영감사,pdf
S02006,감사원,BAI,20170711_[특정사안]_면세점 사업자 선정 추진실태_2059.pdf,.pdf,2801177,ea77c3725c6d042f1e6234b1f7ee337e548c5e8a06a5abbd45d915df43c61b2c,2059,2017,특정사안,면세점 사업자 선정 추진실태,pdf
S02007,감사원,BAI,20170713_[기관정기]_기획재정부 기관운영감사_2061_v1.pdf,.pdf,2968107,4e24da23900e20afd6156c11e4af7c026abc518dcb2f837d306e260689ffb04c,2061,2017,기관정기,기획재정부 기관운영감사,pdf
S02008,감사원,BAI,20170713_[기관정기]_기획재정부 기관운영감사_2061_v2.pdf,.pdf,1142455,2d6847993df42b94f28ddf3666348d1832dac662db3d21b98f7cb9d5f867adca,2061,2017,기관정기,기획재정부 기관운영감사,pdf
S02009,감사원,BAI,"20170716_[특정사안]_군용기 인증 및 무기체계 획득사업 추진실태, 군수장비 획득 및 운용관련 비리 기동점검_2063_v1.hwp",.hwp,538624,0d02cac7708e2349a49345b25231601ae78e92c265e0c2f5a00f5a1abe61bb2b,2063,2017,특정사안,"군용기 인증 및 무기체계 획득사업 추진실태, 군수장비 획득 및 운용관련 비리 기동점검",hwp
S02010,감사원,BAI,"20170716_[특정사안]_군용기 인증 및 무기체계 획득사업 추진실태, 군수장비 획득 및 운용관련 비리 기동점검_2063_v2.hwp",.hwp,8247296,065efbff97d95b5c375be73dbd5a8198e6aeae8ceb0bfc6516fcd26d45ebc564,2063,2017,특정사안,"군용기 인증 및 무기체계 획득사업 추진실태, 군수장비 획득 및 운용관련 비리 기동점검",hwp
S02011,감사원,BAI,20170718_[특정사안]_대형공사의 정보통신공사업법 위반 관련 국민감사청구_2064.pdf,.pdf,1151812,5bd33c3d5f9fa65ba8d603f66ebbc865e50257a1397f96fb3f3ef671dfa3fa9d,2064,2017,특정사안,대형공사의 정보통신공사업법 위반 관련 국민감사청구,pdf
S02012,감사원,BAI,20170719_[특정사안]_테마파크 운영 위탁업체 선정 관련 공익감사청구_2065.pdf,.pdf,1037737,ad5e928f886efcb1d6ba986bf6a614876842e93fa67f27fe431ba22be23441a6,2065,2017,특정사안,테마파크 운영 위탁업체 선정 관련 공익감사청구,pdf
S02013,감사원,BAI,20170720_[특정사안]_기장 및 경비율제도 운영실태_2066.pdf,.pdf,3582307,aa9bfd7b719925654ab371939e409f9ed7c18f0898a626e0503630078e689f1c,2066,2017,특정사안,기장 및 경비율제도 운영실태,pdf
S02014,감사원,BAI,20170725_[특정사안]_화성시 종합장사시설 건립 추진 관련 공익감사청구_2067.pdf,.pdf,884915,0f5400e83daf6f485abc4dd146d74bda059c992ff5f8561dc4eef41337521f71,2067,2017,특정사안,화성시 종합장사시설 건립 추진 관련 공익감사청구,pdf
S02015,감사원,BAI,20170726_[기관정기]_관세청 기관운영감사_2068.pdf,.pdf,2103537,05ca6006d9b34de0d6c2928ab6d4f84edfeb4089ead9276b0da1917f58073bb7,2068,2017,기관정기,관세청 기관운영감사,pdf
S02016,감사원,BAI,20170808_[특정사안]_국가 주요시설 재난대비실태_2069.pdf,.pdf,8172271,adcdcbc01d5dc38053ea7d972a3711c36edd51ba4dc0c79060de248aad07b4b9,2069,2017,특정사안,국가 주요시설 재난대비실태,pdf
S02017,감사원,BAI,20170810_[특정사안]_지방교육청(광주·울산·강원·충북) 운영실태_2089_v1.pdf,.pdf,4271509,e8709837ffe831a380f25ea3564c6faafffb90cd14e3387da4517dfad0ba3ce1,2089,2017,특정사안,지방교육청(광주·울산·강원·충북) 운영실태,pdf
S02018,감사원,BAI,20170810_[특정사안]_지방교육청(광주·울산·강원·충북) 운영실태_2089_v2.pdf,.pdf,820851,4f3111667bae15e80160ad6f9f831065426e0e59923024d38d128aefca4703c4,2089,2017,특정사안,지방교육청(광주·울산·강원·충북) 운영실태,pdf
S02019,감사원,BAI,20170817_[특정사안]_전환기 공직기강 확립 특별감찰_2070.pdf,.pdf,1356447,57c9d53c640dbec0f430b02d814fc643504ebaf27c85b67b016ba157d2a1993a,2070,2017,특정사안,전환기 공직기강 확립 특별감찰,pdf
S02020,감사원,BAI,20170822_[특정사안]_기상예보 및 지진통보 시스템 운영실태_2071.pdf,.pdf,10092238,fd689b98e7c76329d483ff28fa69dd50bfe88339b2c1741dc30fd485a6de7ce6,2071,2017,특정사안,기상예보 및 지진통보 시스템 운영실태,pdf
S02021,감사원,BAI,20170823_[특정사안]_공정거래위원회의 (주)골프존에 대한 행정지도·감독 실태_2073.pdf,.pdf,1559196,01872bd14c267dcb1b890d7d2d6c44b12cea2997d4ec55ee7f382594ea8e556d,2073,2017,특정사안,공정거래위원회의 (주)골프존에 대한 행정지도·감독 실태,pdf
S02022,감사원,BAI,20170823_[특정사안]_국제종합기계(주) 매각 추진실태_2072.pdf,.pdf,1714197,ab51d061a1312a8a1cc3f8aab212dd43ede635ab3578806952a1fee4be93c65b,2072,2017,특정사안,국제종합기계(주) 매각 추진실태,pdf
S02023,감사원,BAI,20170824_[특정사안]_‘창원시 오폐수 무단방류’에 대한 관계기관 관리 소홀 관련 공익감사청구_2074.pdf,.pdf,991708,4a7e71012b6dc22dddddacbb554e06f984e140cf9c7e5e922c12dc4feb9f5cb8,2074,2017,특정사안,‘창원시 오폐수 무단방류’에 대한 관계기관 관리 소홀 관련 공익감사청구,pdf
S02024,감사원,BAI,20170830_[기관정기]_한국산업인력공단 기관운영감사_2075.hwp,.hwp,434688,9b72d4b2f18c1f17864d6fb0019994c4fd029afa1e97a16e0824c0c6da51938c,2075,2017,기관정기,한국산업인력공단 기관운영감사,hwp
S02025,감사원,BAI,20170831_[특정사안]_강남자원회수시설 운영 관련 공익감사청구_2076.pdf,.pdf,986442,0c9e0b07575b877ab20e95f0099e97fb06da691edecbed1288e3612713fc931f,2076,2017,특정사안,강남자원회수시설 운영 관련 공익감사청구,pdf
S02026,감사원,BAI,20170905_[특정사안]_공공기관 채용 등 조직·인력운영 실태_2116_v1.pdf,.pdf,4196193,f4fde7f8c80dd26a8eb5a3b1fc3572f2e97ae3f046359da179298e1f7d91d60d,2116,2017,특정사안,공공기관 채용 등 조직·인력운영 실태,pdf
S02027,감사원,BAI,20170905_[특정사안]_공공기관 채용 등 조직·인력운영 실태_2116_v2.pdf,.pdf,982059,0d70cdd903a7b961a88abecc0c503244f9e7c4ce8c25a7ad067413a869080d55,2116,2017,특정사안,공공기관 채용 등 조직·인력운영 실태,pdf
S02028,감사원,BAI,20170905_[특정사안]_반복적 조세불복 사건 처리실태_2077.pdf,.pdf,2564544,92b85624d905e9a841fae37b318b8d584456480bb7db8ee298242baa96d18a2c,2077,2017,특정사안,반복적 조세불복 사건 처리실태,pdf
S02029,감사원,BAI,20170912_[특정사안]_공직비리 기동점검 I_2143_v1.pdf,.pdf,2429438,8bda41ab685a3a112f45188717c44a8d5774689c63013c0b7125e34ae3faeec0,2143,2017,특정사안,공직비리 기동점검 I,pdf
S02030,감사원,BAI,20170912_[특정사안]_공직비리 기동점검 I_2143_v2.pdf,.pdf,606333,ac8ab00da2ddb29f20146cc676875d6736a49698d74bc4801ee98ea5c4bfd574,2143,2017,특정사안,공직비리 기동점검 I,pdf
S02031,감사원,BAI,20170913_[특정사안]_지방공기업 경영관리실태 Ⅱ_2078.pdf,.pdf,1681338,34654c898f52d77fd798d23faaf8edf2219cc2f0818067d224e6adc35e20168e,2078,2017,특정사안,지방공기업 경영관리실태 Ⅱ,pdf
S02032,감사원,BAI,20170913_[특정사안]_지방공기업 경영관리실태Ⅴ_2104_v1.pdf,.pdf,2043526,7f867cc2e73ea639282deaedb0ddf31cfcaad17648ecef0b90e40be57b06a0ce,2104,2017,특정사안,지방공기업 경영관리실태Ⅴ,pdf
S02033,감사원,BAI,20170913_[특정사안]_지방공기업 경영관리실태Ⅴ_2104_v2.pdf,.pdf,940289,9a7b8a3ab6963ab7ed1e90edfcb2d3e7c7b011f9adba5cc12091bea0a34c8c6d,2104,2017,특정사안,지방공기업 경영관리실태Ⅴ,pdf
S02034,감사원,BAI,20170914_[특정사안]_정상가격 산출기준 운용실태_2079.pdf,.pdf,3612162,a27afe47a24d19ede334d41a2e78b12c2f161fea9d152e57d980e1d0591c4cf0,2079,2017,특정사안,정상가격 산출기준 운용실태,pdf
S02035,감사원,BAI,20170919_[특정사안]_국토ㆍ환경분야 정보시스템 구축 및 활용실태_2110_v1.pdf,.pdf,4717015,3ba2ddd577ed60079e1fb78a4de32d09be26ccb0d6c3d6b5010de41e9fdb81de,2110,2017,특정사안,국토ㆍ환경분야 정보시스템 구축 및 활용실태,pdf
S02036,감사원,BAI,20170919_[특정사안]_국토ㆍ환경분야 정보시스템 구축 및 활용실태_2110_v2.pdf,.pdf,1555850,60bf49298727b17f2886f3867ded811d863743782f4e969c8c1a404f16bf6efd,2110,2017,특정사안,국토ㆍ환경분야 정보시스템 구축 및 활용실태,pdf
S02037,감사원,BAI,20170920_[기관정기]_금융감독원 기관운영감사_2080.pdf,.pdf,5179574,70d01cc1d847057cfbbbeda0d054c1e8ee7c88ee72b6494dc10e5740e4966a49,2080,2017,기관정기,금융감독원 기관운영감사,pdf
S02038,감사원,BAI,20170921_[특정사안]_지방공기업 경영관리 실태 Ⅰ_2109_v1.pdf,.pdf,3310668,13b2eaf6e6c0285bac469130e373812bb37dedec47ec978e99b02b827f987a10,2109,2017,특정사안,지방공기업 경영관리 실태 Ⅰ,pdf
S02039,감사원,BAI,20170921_[특정사안]_지방공기업 경영관리 실태 Ⅰ_2109_v2.pdf,.pdf,937198,6cdb5f4af9b99ce1c642004bc4b62f209aef3ae0c411e1eef5c3a5d98a10ac03,2109,2017,특정사안,지방공기업 경영관리 실태 Ⅰ,pdf
S02040,감사원,BAI,20170921_[특정사안]_지방공기업 경영관리실태 Ⅵ_2081.pdf,.pdf,2329900,4c0f30eaa0a25d25e04442dac9130222048b4a74f45ed79b03e186070660d626,2081,2017,특정사안,지방공기업 경영관리실태 Ⅵ,pdf
S02041,감사원,BAI,20170926_[특정사안]_도시자연공원 내 골프연습장 증설 관련 공익감사청구_2083.pdf,.pdf,973274,a48e323d21798e28517daab53c4ca054afb4896bbd17fc7815c3a458da0796d6,2083,2017,특정사안,도시자연공원 내 골프연습장 증설 관련 공익감사청구,pdf
S02042,감사원,BAI,20170926_[특정사안]_육군사관학교 실내테니스장 건축 관련 공익감사청구_2082.pdf,.pdf,1090406,8e8b5661ad4deaa153599fbdcc82092e237e9aeb9a7fab943e4db8d6723c5eac,2082,2017,특정사안,육군사관학교 실내테니스장 건축 관련 공익감사청구,pdf
S02043,감사원,BAI,20170927_[특정사안]_복지사업 재정지원 및 관리실태Ⅰ_2084.pdf,.pdf,2500953,9084782527801022be0b670bc662f2edd4dd7761a1c27c4e00ab11e616c54256,2084,2017,특정사안,복지사업 재정지원 및 관리실태Ⅰ,pdf
S02044,감사원,BAI,20170927_[특정사안]_복지사업 재정지원 및 관리실태Ⅱ_2103_v1.pdf,.pdf,2149721,9400865e88e4f4b67cb575b6512de3c2a4b327ff5a969468fedbb50c8506896c,2103,2017,특정사안,복지사업 재정지원 및 관리실태Ⅱ,pdf
S02045,감사원,BAI,20170927_[특정사안]_복지사업 재정지원 및 관리실태Ⅱ_2103_v2.pdf,.pdf,831485,dcbfc030052f38489232845b487c1fad15723121333e785bafac6d6ce63c842a,2103,2017,특정사안,복지사업 재정지원 및 관리실태Ⅱ,pdf
S02046,감사원,BAI,20170928_[특정사안]_복지사업 재정지원 및 관리실태Ⅲ_2085.pdf,.pdf,2606916,f6fdd5ca400f1842e48469302df9e3b69b819490535089969d29a21d849374ab,2085,2017,특정사안,복지사업 재정지원 및 관리실태Ⅲ,pdf
S02047,감사원,BAI,20170929_[특정사안]_구미시 구판장 위탁운영 및 보조금 지급 관련 공익 감사청구_2086.pdf,.pdf,925646,25bb120391ccef26ac8cf93bb2d89248f1a6cc8f243abd8b7d608a3baed62b92,2086,2017,특정사안,구미시 구판장 위탁운영 및 보조금 지급 관련 공익 감사청구,pdf
S02048,감사원,BAI,20171011_[기관정기]_한국도로공사 기관운영감사_2087.pdf,.pdf,1048612,a56d4bd8f82a68fa29d01f944de858921396ba6a072d4cae34a598ee27ca86e4,2087,2017,기관정기,한국도로공사 기관운영감사,pdf
S02049,감사원,BAI,20171012_[특정사안]_지방공기업 경영관리실태 Ⅲ_2092.pdf,.pdf,2074824,e208c8e90c95d74c8d0251416c85f3f50396ea12541ccd9db00e7029e86f5bac,2092,2017,특정사안,지방공기업 경영관리실태 Ⅲ,pdf
S02050,감사원,BAI,20171012_[특정사안]_지방공기업 경영관리실태 Ⅳ_2088.pdf,.pdf,2732617,bc1ca7ee1e854cab90c4e1be400ce307f40c655453ab0e88545fe78fc2ab2d22,2088,2017,특정사안,지방공기업 경영관리실태 Ⅳ,pdf
S02051,감사원,BAI,20171013_[특정사안]_사망ㆍ실종ㆍ국외체류 정보관리 및 활용실태_2114_v1.pdf,.pdf,2572138,77b78964a9b398bcaab91f008d2bfd10c11a9c7bb5eac51a177e684ebd752987,2114,2017,특정사안,사망ㆍ실종ㆍ국외체류 정보관리 및 활용실태,pdf
S02052,감사원,BAI,20171013_[특정사안]_사망ㆍ실종ㆍ국외체류 정보관리 및 활용실태_2114_v2.pdf,.pdf,868586,6acfaa19ffda96c4bf3c457a1a06627a4adcac8069cbe3390b9bd1287aaf7e25,2114,2017,특정사안,사망ㆍ실종ㆍ국외체류 정보관리 및 활용실태,pdf
S02053,감사원,BAI,20171017_[기관정기]_국방부 기관운영감사_2090.pdf,.pdf,1259864,cfe5d1d8332fb6f7b516ed9c6c27110c577860fc477f645db9edaae03000ad4a,2090,2017,기관정기,국방부 기관운영감사,pdf
S02054,감사원,BAI,20171018_[특정사안]_공정안전보고서 심사 및 이행상태 평가 관련 공익감사청구_2091.pdf,.pdf,957588,8b2f8720a10d2b16d81c781f6f94ecafb9b20784b6ab4ec934386778b67a2408,2091,2017,특정사안,공정안전보고서 심사 및 이행상태 평가 관련 공익감사청구,pdf
S02055,감사원,BAI,20171025_[기관정기]_화성시·안성시 기관운영감사_2093.pdf,.pdf,848668,b52229a4dcadfb2f396b30b2615b9853e07bf6ca362b5962f5b8b829ee5f71c0,2093,2017,기관정기,화성시·안성시 기관운영감사,pdf
S02056,감사원,BAI,20171026_[성과]_주요 원자재 비축관리 실태_2094.pdf,.pdf,8657155,b56b76c37ccdf013179e6d9805e222ebb4fd4e3a36be2edb7a2d295ba4bef31c,2094,2017,성과,주요 원자재 비축관리 실태,pdf
S02057,감사원,BAI,20171101_[기관정기]_한국방송공사 기관운영감사_2095.pdf,.pdf,5502908,e84fd128be1275f77ef4ef473299bcf11d5196d1032dafc68efd2bea7ec8b307,2095,2017,기관정기,한국방송공사 기관운영감사,pdf
S02058,감사원,BAI,20171102_[특정사안]_광진문화재단 운영 관련 공익감사청구_2096.pdf,.pdf,970919,9f7f413bd9cf74b2538dbaae49d9916f9edc58d0837a6330ec8febf01abd7c5c,2096,2017,특정사안,광진문화재단 운영 관련 공익감사청구,pdf
S02059,감사원,BAI,20171102_[특정사안]_달성군 군정홍보지 계약체결 등 관련 공익감사청구_2097.pdf,.pdf,1001336,473d2c4f9c634104e2800ba8445a7a860c49b81d8e8dc75141a3864cbe8f5fbd,2097,2017,특정사안,달성군 군정홍보지 계약체결 등 관련 공익감사청구,pdf
S02060,감사원,BAI,20171102_[특정사안]_한국여성정책연구원장 비위 행위 관련 국민감사청구_2098.pdf,.pdf,1222515,c1cb440cad00844cfe827a46128bfd848db873629d610a31179168133aa7c0d3,2098,2017,특정사안,한국여성정책연구원장 비위 행위 관련 국민감사청구,pdf
S02061,감사원,BAI,20171107_[특정사안]_대학재정지원사업 집행 및 관리실태_2099.pdf,.pdf,4558131,1941d1218f540a340d5fd24f55711fbe4a1944d6e2a8387b5bcf5ef9374f7716,2099,2017,특정사안,대학재정지원사업 집행 및 관리실태,pdf
S02062,감사원,BAI,20171109_[성과]_노인의료 지원사업 추진실태_2117.pdf,.pdf,5358103,27fb3757f4adaa93eb07cee73fe8b061fa97cffe1cc6c7d414b6df38406e4ddd,2117,2017,성과,노인의료 지원사업 추진실태,pdf
S02063,감사원,BAI,20171114_[특정사안]_도축장 통폐합사업 추진 관련 공익감사청구_2101.pdf,.pdf,1205761,b0cd2723ceb36941a06cc003cf5e06937b589e9ac34120c2f3bed475ed485ce1,2101,2017,특정사안,도축장 통폐합사업 추진 관련 공익감사청구,pdf
S02064,감사원,BAI,20171114_[특정사안]_의료급여 등 의료지원사업 관리실태_2102.pdf,.pdf,2229100,c14d85fb18a8c351209da8be47f6aa019d5baf0ad11407139432573677b49ed6,2102,2017,특정사안,의료급여 등 의료지원사업 관리실태,pdf
S02065,감사원,BAI,20171115_[기관정기]_서울대학교병원 기관운영감사_2105.pdf,.pdf,9409793,fa090c1cc621794c94d76cb2c8bf1497170ce3c811a64edbba5b055e213460ed,2105,2017,기관정기,서울대학교병원 기관운영감사,pdf
S02066,감사원,BAI,20171116_[기관정기]_한국조폐공사 및 한국방송광고진흥공사 기관운영감사_2106.pdf,.pdf,2859700,ae29821e8d31173f0bd8785e536b184dbd6e9fce575df84ade4ccd90f20c3e5f,2106,2017,기관정기,한국조폐공사 및 한국방송광고진흥공사 기관운영감사,pdf
S02067,감사원,BAI,20171121_[기관정기]_인천광역시 중구·동구 기관운영감사_2228_v1.pdf,.pdf,1437983,b3fdb38d76544b38f62eaf2a2e7eac598650a97ac20c1da6b38ffd7164b12f60,2228,2017,기관정기,인천광역시 중구·동구 기관운영감사,pdf
S02068,감사원,BAI,20171121_[기관정기]_인천광역시 중구·동구 기관운영감사_2228_v2.pdf,.pdf,773507,c41e3f85996f7fc877ae25ef4d8407a4886c82d5c059b2fea21f4aad67044f03,2228,2017,기관정기,인천광역시 중구·동구 기관운영감사,pdf
S02069,감사원,BAI,20171123_[기관정기]_울산광역시 기관운영감사_2107.pdf,.pdf,2547207,7cf4e64ddea6dfc0fa907945af120f511eb96faad089a6665bef18c2996e7806,2107,2017,기관정기,울산광역시 기관운영감사,pdf
S02070,감사원,BAI,20171124_[특정사안]_KBS 이사진 업무추진비 집행 감사요청사항_2108.pdf,.pdf,1520769,29713c371e68aa8996a8792c43dbf6f9aaa83542f829a52cb696473626898862,2108,2017,특정사안,KBS 이사진 업무추진비 집행 감사요청사항,pdf
S02071,감사원,BAI,20171129_[기타서면]_「부정청탁 및 금품 등 수수의 금지에 관한 법률」 위반 신고사항 조사_2112.pdf,.pdf,1062326,2d18670e212babcff744e5967bfa94d72d7a042bd3c19e4a112a31c3e5817028,2112,2017,기타서면,「부정청탁 및 금품 등 수수의 금지에 관한 법률」 위반 신고사항 조사,pdf
S02072,감사원,BAI,20171129_[기타서면]_「부정청탁 및 금품 등 수수의 금지에 관한 법률」 위반 신고사항 확인_2111.pdf,.pdf,830945,5ebd74f3eda4e90075dc05fecd3b75a5a788f3694ca79c5ef240875b13dd2b97,2111,2017,기타서면,「부정청탁 및 금품 등 수수의 금지에 관한 법률」 위반 신고사항 확인,pdf
S02073,감사원,BAI,20171130_[특정사안]_국가공무원 인사 운영·관리실태_2113.pdf,.pdf,2742497,62189f1bf157312b5ac468b187f0af7dd71dc208a8dda1614e144b39e9be16f7,2113,2017,특정사안,국가공무원 인사 운영·관리실태,pdf
S02074,감사원,BAI,20171205_[기관정기]_한국가스공사 기관운영감사_2212_v1.pdf,.pdf,1325847,ee802a701bb19f8b7ce9c46add2b654f49de04e15cfa5ebca235e82e961a0790,2212,2017,기관정기,한국가스공사 기관운영감사,pdf
S02075,감사원,BAI,20171205_[기관정기]_한국가스공사 기관운영감사_2212_v2.pdf,.pdf,518758,181a49bc0d46a0a9d2716f741332d7cc27c1f28442fa1b94757ea36debaa79e8,2212,2017,기관정기,한국가스공사 기관운영감사,pdf
S02076,감사원,BAI,20171207_[특정사안]_가축전염병 예방 및 방역관리 실태_2115.pdf,.pdf,12711918,bea2e977113f5ec2b1b24181bdd7e62941c2d7a32182af24f1b3f5dde435121e,2115,2017,특정사안,가축전염병 예방 및 방역관리 실태,pdf
S02077,감사원,BAI,20171214_[기관정기]_대전광역시 기관운영감사_2118.pdf,.pdf,3371110,01575190474b3e2653f455be665300e098519cafd1fccdc8cd50aa93e2f27197,2118,2017,기관정기,대전광역시 기관운영감사,pdf
S02078,감사원,BAI,20171219_[특정사안]_공공기관 미지정 기관의 출연금 등 관리실태_2119.pdf,.pdf,2069678,c0423b9fadbd874fccd752c8c3f18ba9201f0c0c902ce3cfaa7748e094222a53,2119,2017,특정사안,공공기관 미지정 기관의 출연금 등 관리실태,pdf
S02079,감사원,BAI,20171227_[특정사안]_농업생산기반시설 정비 및 유지관리실태_2121.pdf,.pdf,1807714,8219301d49bd374043658175fd175d8a3bc08e3da3f448435b8da4385fcf8e84,2121,2017,특정사안,농업생산기반시설 정비 및 유지관리실태,pdf
S02080,감사원,BAI,20171227_[특정사안]_코리아에이드사업 정보공개 업무 처리 등 관련 공익감사청구_2120.pdf,.pdf,991565,c2de4405647e107ffb070697e62070733ab2c3b3bc8494c99bf7428356d01afc,2120,2017,특정사안,코리아에이드사업 정보공개 업무 처리 등 관련 공익감사청구,pdf
S02081,감사원,BAI,20171228_[특정사안]_국민연금 기금운용 및 경영관리 실태_2122.pdf,.pdf,1945423,eb6cc9c2d6d484a34a1539808ed684e155b36d9567bb94afc335f5a87edd827e,2122,2017,특정사안,국민연금 기금운용 및 경영관리 실태,pdf
S02082,감사원,BAI,20180103_[특정사안]_지방자치단체 개발사업 비리점검_2124.pdf,.pdf,1494965,6a5508d65d90f9e64f85ed56d69e29f113652440e81f4bd1c1e47fde06b1ad07,2124,2018,특정사안,지방자치단체 개발사업 비리점검,pdf
S02083,감사원,BAI,20180104_[기관정기]_경상북도 기관운영감사_2126.pdf,.pdf,4015232,8e39423a9a37b1135ac24068f831e51ddf2644d30bead26d8f50c6966206b635,2126,2018,기관정기,경상북도 기관운영감사,pdf
S02084,감사원,BAI,20180104_[특정사안]_재난안전정보시스템 구축 및 운영실태_2125.pdf,.pdf,2783654,e4ff1e15ff176a573da8d0847be881a476d06a14f21a370610111ea8db8cc04c,2125,2018,특정사안,재난안전정보시스템 구축 및 운영실태,pdf
S02085,감사원,BAI,20180109_[특정사안]_창업·벤처기업 육성 및 지원실태_2127.pdf,.pdf,5135284,73efbb0d4ab50427bf32dfe52052d9d2afc66e8eb598ce9fd795f94af88c3367,2127,2018,특정사안,창업·벤처기업 육성 및 지원실태,pdf
S02086,감사원,BAI,20180110_[특정사안]_한국수력원자력(주)의 용역근로자 인건비 관련 공익감사청구_2128.pdf,.pdf,879861,88bdd085c681fe5aee074f3397ce835ea415708470efbb1cf0edc5ca5f299ba7,2128,2018,특정사안,한국수력원자력(주)의 용역근로자 인건비 관련 공익감사청구,pdf
S02087,감사원,BAI,20180111_[특정사안]_수도권 도시 재개발·재건축 등 정비사업 추진실태_2129.pdf,.pdf,5987352,aa02a8e72bb8647eccb640a950b8d4ca5505a64863d4db797fc63366794d89f1,2129,2018,특정사안,수도권 도시 재개발·재건축 등 정비사업 추진실태,pdf
S02088,감사원,BAI,20180116_[특정사안]_통영시 ㄱ지구 개발 및 외자유치사업 관련 공익감사청구_2130.pdf,.pdf,686292,b89121a95ebb6a3780a6eeef5b891b3e04bd02399cd7f42c98456711ce193f6b,2130,2018,특정사안,통영시 ㄱ지구 개발 및 외자유치사업 관련 공익감사청구,pdf
S02089,감사원,BAI,20180117_[특정사안]_도로개설에 따른 손실보상 관련 공익감사청구_2131.pdf,.pdf,544760,cdc6286bd1af20c01423737049d00fbd2fadd9d2e9916b18c6a44fd844451704,2131,2018,특정사안,도로개설에 따른 손실보상 관련 공익감사청구,pdf
S02090,감사원,BAI,20180118_[특정사안]_공정거래 조사업무 등 관리 실태_2132.pdf,.pdf,4481796,1882f1cdf4c5b8e01d05ca8c1fb67425d03c5e1c667483e4a27a74b45f5f6949,2132,2018,특정사안,공정거래 조사업무 등 관리 실태,pdf
S02091,감사원,BAI,20180123_[기관정기]_전라남도 기관운영감사_2133.pdf,.pdf,2747553,d7a1cc62b4677d5710a52e898db862ed83c30e6ff85060a903bf8e84658eb121,2133,2018,기관정기,전라남도 기관운영감사,pdf
S02092,감사원,BAI,20180125_[특정사안]_조세감면제도 운용실태_2199_v1.pdf,.pdf,2882284,e924d42cf38741d1095190d8f7fc4748f515b00716dce17cf52c44eec8357fb8,2199,2018,특정사안,조세감면제도 운용실태,pdf
S02093,감사원,BAI,20180125_[특정사안]_조세감면제도 운용실태_2199_v2.pdf,.pdf,690681,3dffa86ec6bc32b0ac2a42e8fbf1f268afd8256b7105a1e83d57072958c23a39,2199,2018,특정사안,조세감면제도 운용실태,pdf
S02094,감사원,BAI,20180131_[특정사안]_대북확성기 전력화 사업 추진 실태_2135.pdf,.pdf,1725979,cdf4e8297e733c6cbdaab41f303a4aa9241da320dbe063b300eba6fe66832cd5,2135,2018,특정사안,대북확성기 전력화 사업 추진 실태,pdf
S02095,감사원,BAI,20180201_[특정사안]_천궁 등 주요 무기체계 계약비리 점검_2136.pdf,.pdf,1191014,3fe035fb3e2d230681e1d8f4df86b825467f99f4015a289b9cf04c35dde4ccd2,2136,2018,특정사안,천궁 등 주요 무기체계 계약비리 점검,pdf
S02096,감사원,BAI,20180206_[특정사안]_감사결과 이행실태_2137.pdf,.pdf,582535,efac6eaa6aac95001b6e60c9a64ae30f191743a1034dfbd0c1deceef38da65ec,2137,2018,특정사안,감사결과 이행실태,pdf
S02097,감사원,BAI,20180208_[특정사안]_태양광 발전사업 관련 비리점검_2138.pdf,.pdf,4134231,901c9bc0f929399ea5fd977ffafad4d02b9991bb26c143eb9ce894777fbd53fc,2138,2018,특정사안,태양광 발전사업 관련 비리점검,pdf
S02098,감사원,BAI,20180222_[기관정기]_법무부 기관운영감사_2139.pdf,.pdf,4578975,f0b837c69a9c41e6e3ce19a36325dc72947bb5356d41f498af717c3a2aef099d,2139,2018,기관정기,법무부 기관운영감사,pdf
S02099,감사원,BAI,20180306_[특정사안]_2017년 감사요청사항 관련 감사_2140.pdf,.pdf,1526192,4a1138692e8b24bcab39aeb79b236e082d133c96676eed29653e63071f95dc32,2140,2018,특정사안,2017년 감사요청사항 관련 감사,pdf
S02100,감사원,BAI,20180314_[특정사안]_광역상수도 공급 및 관리실태_2141.pdf,.pdf,4791828,a96be0c6d06f98ca56c4a864ba7c461e40eb78e8646740265ceec8306978c339,2141,2018,특정사안,광역상수도 공급 및 관리실태,pdf
S02101,감사원,BAI,20180315_[기관정기]_한국환경공단 기관운영감사_2142.pdf,.pdf,2110431,f83e38e792cf5a394d8f46c20913c1e89e1e543c8224321821c2e004aa6b3d82,2142,2018,기관정기,한국환경공단 기관운영감사,pdf
S02102,감사원,BAI,20180322_[특정사안]_공공발주 건설공사 불공정관행 점검_2144.pdf,.pdf,3927212,15bc67a3f90a088b3a047a9df76968a14838733aacd9e3acf5e069ada97e9f65,2144,2018,특정사안,공공발주 건설공사 불공정관행 점검,pdf
S02103,감사원,BAI,20180327_[특정사안]_ㄱ 공장부지 매립 및 분양사업 관련 국민감사청구_2145.pdf,.pdf,423977,56f43f423b1ff85a9ad47aa31631a43fa02a28d0f87269e7fcaa1824bf449e0c,2145,2018,특정사안,ㄱ 공장부지 매립 및 분양사업 관련 국민감사청구,pdf
S02104,감사원,BAI,20180329_[특정사안]_중3-3호선 도시계획도로 개설 관련 공익감사청구_2146.pdf,.pdf,571655,16116acc8824ac9c336d0cc3044e6ec570fdfc56b85ec230b3d555563873d637,2146,2018,특정사안,중3-3호선 도시계획도로 개설 관련 공익감사청구,pdf
S02105,감사원,BAI,20180403_[특정사안]_김포시 환경오염 배출시설 입지 및 관리실태 관련 공익감사청구_2147.pdf,.pdf,711089,154a19003874eb2d250a20884ff754eeb75bc55d430143958db80f154e7c1d8e,2147,2018,특정사안,김포시 환경오염 배출시설 입지 및 관리실태 관련 공익감사청구,pdf
S02106,감사원,BAI,20180405_[특정사안]_공공기관 계약관리실태(에너지분야)_2148.pdf,.pdf,1390464,bceb06bfc9dcde8e2c56ad37bb02e5c917231be553fa87705581b86ab89bde9f,2148,2018,특정사안,공공기관 계약관리실태(에너지분야),pdf
S02107,감사원,BAI,20180411_[기관정기]_정선군 및 영월군 기관운영감사_2149.pdf,.pdf,1125464,e1bfa21c306ff5ca5cc4aba44f44339be9897fbfe795512870c3e46ed4b947cf,2149,2018,기관정기,정선군 및 영월군 기관운영감사,pdf
S02108,감사원,BAI,20180417_[특정사안]_감사요청사항 관련 감사(소규모 특정감사)_2150.pdf,.pdf,1482823,e8318b8af9f23949ad8c129f13d1a45d868f18f26076ae3d46bc22f3b5f9d29b,2150,2018,특정사안,감사요청사항 관련 감사(소규모 특정감사),pdf
S02109,감사원,BAI,20180419_[기관정기]_논산시 등 6개 기관 중점분야 기관운영감사_2151.pdf,.pdf,3494143,dbfe286bb3dedf3b6baf1cf18b6492fbb8e97542830fed91380a9dc92f26da1b,2151,2018,기관정기,논산시 등 6개 기관 중점분야 기관운영감사,pdf
S02110,감사원,BAI,20180424_[기관정기]_대구광역시 북구 등 6개 기관 중점분야 기관운영감사_2152.pdf,.pdf,352259,d86685d09f3f45f5323819a9918834771cf06be730e050a16e5252ba95071ee9,2152,2018,기관정기,대구광역시 북구 등 6개 기관 중점분야 기관운영감사,pdf
S02111,감사원,BAI,20180425_[기관정기]_용인시 광명시 기관운영감사_2153.pdf,.pdf,977066,759bf0ecce66ac1bed3db0a0ae1b8574f491bb5e4bedd71e8c3b78b23e96a157,2153,2018,기관정기,용인시 광명시 기관운영감사,pdf
S02112,감사원,BAI,20180426_[특정사안]_에너지사업 관련 비리 기동점검_2154.pdf,.pdf,1638746,c9a64eb01784cdfe6865956cc7a9752decabb8d242c6479845d1b5a744cecb99,2154,2018,특정사안,에너지사업 관련 비리 기동점검,pdf
S02113,감사원,BAI,20180430_[기관정기]_경기도 기관운영감사_2156_v1.pdf,.pdf,381406,8e4984ff1f5989be1ab6f5a6f91cebb3df0b289d14dda63627e7d6002144206b,2156,2018,기관정기,경기도 기관운영감사,pdf
S02114,감사원,BAI,20180430_[기관정기]_경기도 기관운영감사_2156_v2.pdf,.pdf,2843032,a687b73b8fe7967be4d38c5930ff6d44cf243fdc3f9dcaf60ea65d7284c280b0,2156,2018,기관정기,경기도 기관운영감사,pdf
S02115,감사원,BAI,20180430_[기관정기]_군산시 등 6개 기관 중점분야 기관운영감사_2155.pdf,.pdf,2965288,4805b193b1fcec50d87c618264ff290966c6baa41c34e64d7904c2d2a5e40c5b,2155,2018,기관정기,군산시 등 6개 기관 중점분야 기관운영감사,pdf
S02116,감사원,BAI,20180501_[기관정기]_대구광역시 북구 등 6개 기관 중점분야 기관운영감사_2157.pdf,.pdf,1867978,b13109d4449d06299eead8b7d54fcecbe9ee208a774848a5a7b25b8856eaacd0,2157,2018,기관정기,대구광역시 북구 등 6개 기관 중점분야 기관운영감사,pdf
S02117,감사원,BAI,20180502_[특정사안]_공직비리 기동점검 Ⅱ_2159.pdf,.pdf,499868,039cd27e65ec34e49a83e740354bab67c13d72cfe95da3a56ffed158b404eb98,2159,2018,특정사안,공직비리 기동점검 Ⅱ,pdf
S02118,감사원,BAI,20180502_[특정사안]_영종대교 사고 부실대응 등 관련 공익감사청구_2158.pdf,.pdf,600546,f7a8b0d9b9b723078ddc9223364dee674753a51d61f6608dd76de707a48535ff,2158,2018,특정사안,영종대교 사고 부실대응 등 관련 공익감사청구,pdf
S02119,감사원,BAI,20180509_[성과]_농축산물 안전관리 실태_2160.pdf,.pdf,3096840,7ef554848a1d4e6e2679ea6c7e870504070af6ebadaae7e64f1feff3dc5afb5c,2160,2018,성과,농축산물 안전관리 실태,pdf
S02120,감사원,BAI,20180510_[특정사안]_재정지출 효율화 및 주요 재정사업 추진실태_2161.pdf,.pdf,8358537,53b3696b61d9462ca7ba093d0ad44a4e6a7c947725c350884985732750f9ad51,2161,2018,특정사안,재정지출 효율화 및 주요 재정사업 추진실태,pdf
S02121,감사원,BAI,20180515_[특정사안]_공공기관 부동산 보유·관리 실태_2162.pdf,.pdf,2273197,70ad5479bce201b7efcfa2e79b19e7e12c7a5fa205940c755c48e305b2545a54,2162,2018,특정사안,공공기관 부동산 보유·관리 실태,pdf
S02122,감사원,BAI,20180516_[성과]_주택금융 위험요인 관리실태_2163.pdf,.pdf,1000038,3493e2d5bb446d116df7864fe01d830374b33f2d711ac09a36b0495ec6f6f3cc,2163,2018,성과,주택금융 위험요인 관리실태,pdf
S02123,감사원,BAI,20180517_[기관정기]_부산진구 등 6개 기관 중점분야 기관운영감사_2250_v1.pdf,.pdf,2374970,a2d26ab16e9ffc1b79eab71979dc0f2929874fbc02074d1ff1c1e4a38e3b5bc5,2250,2018,기관정기,부산진구 등 6개 기관 중점분야 기관운영감사,pdf
S02124,감사원,BAI,20180517_[기관정기]_부산진구 등 6개 기관 중점분야 기관운영감사_2250_v2.pdf,.pdf,1074187,bb99bfc0410de0c7d480adc2fca5039292f222086c32584cd1b76f5021c2f1fa,2250,2018,기관정기,부산진구 등 6개 기관 중점분야 기관운영감사,pdf
S02125,감사원,BAI,20180517_[기관정기]_서울특별시 강동구 등 6개 기관 기관운영감사_2164.pdf,.pdf,3246671,9a2c15117c8765f59231f74133a6e3a12b68280dbc054fde4ec157ec0fc32516,2164,2018,기관정기,서울특별시 강동구 등 6개 기관 기관운영감사,pdf
S02126,감사원,BAI,20180523_[기타서면]_변상판정 청구사항 조사 처리_2165.pdf,.pdf,379453,6910b50899d52c47e0d7e2c26db6e64cfb591e54851ee858dc3ca3d3d9759c29,2165,2018,기타서면,변상판정 청구사항 조사 처리,pdf
S02127,감사원,BAI,20180524_[성과]_다문화가족정책 추진실태_2166.pdf,.pdf,3144261,46b9b4b1b09a742c96ecab6254c68298132b5da975709450b9cbff5663446ed3,2166,2018,성과,다문화가족정책 추진실태,pdf
S02128,감사원,BAI,20180529_[특정사안]_공공자금 해외투자실태_2195_v1.pdf,.pdf,1534479,a7ba3b4fb37f032188197ea33fc96e7f8d4df6c767147f98e992cb8117ccb623,2195,2018,특정사안,공공자금 해외투자실태,pdf
S02129,감사원,BAI,20180529_[특정사안]_공공자금 해외투자실태_2195_v2.pdf,.pdf,642138,b2a2f3d6ef02a56beb9e1af3b82a46444e63e4e3e1fcd4a0f8cbbdec47e1597e,2195,2018,특정사안,공공자금 해외투자실태,pdf
S02130,감사원,BAI,20180530_[기타서면]_변상판정 청구사항 조사 및 처리_2167.pdf,.pdf,555657,e06b099951b188f222df803131d7b628e17e4ccdc0d018da43916e56b19f80e9,2167,2018,기타서면,변상판정 청구사항 조사 및 처리,pdf
S02131,감사원,BAI,20180530_[특정사안]_재외공관 및 외교부 본부 운영실태_2168.pdf,.pdf,2133606,1c93ba48963573a16d5f29953e1f17d43ad4cee60df1fea49b9f6ef79886ee61,2168,2018,특정사안,재외공관 및 외교부 본부 운영실태,pdf
S02132,감사원,BAI,20180531_[기관정기]_2017회계연도 국가결산 검사 및 감사활동 결과_2169_v1.pdf,.pdf,557879,29178bbeb3f73b2d6a7b84ada4f2cf7eac6d5ceb7cc36b271bebfcc3e7dfe61a,2169,2018,기관정기,2017회계연도 국가결산 검사 및 감사활동 결과,pdf
S02133,감사원,BAI,20180531_[기관정기]_2017회계연도 국가결산 검사 및 감사활동 결과_2169_v10.pdf,.pdf,825300,12a75a19e8a12be1102ea1a60e4a3fc8ecbab6b9ea2d3b27459c435fbfe8df0f,2169,2018,기관정기,2017회계연도 국가결산 검사 및 감사활동 결과,pdf
S02134,감사원,BAI,20180531_[기관정기]_2017회계연도 국가결산 검사 및 감사활동 결과_2169_v11.pdf,.pdf,793496,152dfb8be7ab08ff28950645d6c83ac689f800f4f4db8623c8f990b808e9a3b8,2169,2018,기관정기,2017회계연도 국가결산 검사 및 감사활동 결과,pdf
S02135,감사원,BAI,20180531_[기관정기]_2017회계연도 국가결산 검사 및 감사활동 결과_2169_v12.pdf,.pdf,1096866,0533a579c8d2e0896acfa3fa9e03ea44ff595bc438d7fe5ab3a16fe9bf2d0b52,2169,2018,기관정기,2017회계연도 국가결산 검사 및 감사활동 결과,pdf
S02136,감사원,BAI,20180531_[기관정기]_2017회계연도 국가결산 검사 및 감사활동 결과_2169_v13.pdf,.pdf,858823,1f194ff2161d7fa4bac475c3f80e0d845076bc98492b2a597021483305b819cf,2169,2018,기관정기,2017회계연도 국가결산 검사 및 감사활동 결과,pdf
S02137,감사원,BAI,20180531_[기관정기]_2017회계연도 국가결산 검사 및 감사활동 결과_2169_v14.pdf,.pdf,970312,89252353c11aa637dca4fcec06e878a3f4a91c1483473ba7a37da823a0ddc9bc,2169,2018,기관정기,2017회계연도 국가결산 검사 및 감사활동 결과,pdf
S02138,감사원,BAI,20180531_[기관정기]_2017회계연도 국가결산 검사 및 감사활동 결과_2169_v15.pdf,.pdf,666658,d596211b91365d4aedbefbdedb60969eefa108db4cf53db8fcd2951145abb452,2169,2018,기관정기,2017회계연도 국가결산 검사 및 감사활동 결과,pdf
S02139,감사원,BAI,20180531_[기관정기]_2017회계연도 국가결산 검사 및 감사활동 결과_2169_v16.pdf,.pdf,755008,4d357e3fef63ca946b1d440ee45eb3b24a598e5b4ebd4bb73826cdb9b485bc0f,2169,2018,기관정기,2017회계연도 국가결산 검사 및 감사활동 결과,pdf
S02140,감사원,BAI,20180531_[기관정기]_2017회계연도 국가결산 검사 및 감사활동 결과_2169_v17.pdf,.pdf,1062401,6a3ee55f57fde94a83dc00de08e5d496a5e37468011f3d02ebce6487cf4e006a,2169,2018,기관정기,2017회계연도 국가결산 검사 및 감사활동 결과,pdf
S02141,감사원,BAI,20180531_[기관정기]_2017회계연도 국가결산 검사 및 감사활동 결과_2169_v2.pdf,.pdf,865439,ea6910eac60f5c8651ba441d69ff12e43dc15fd3017e6d65fe3ca89af45bcb8d,2169,2018,기관정기,2017회계연도 국가결산 검사 및 감사활동 결과,pdf
S02142,감사원,BAI,20180531_[기관정기]_2017회계연도 국가결산 검사 및 감사활동 결과_2169_v3.pdf,.pdf,1430337,616c68d5cecd21076ef9c2ff30554ea3d4403e24d8c6837ca8aff65ec2fec27d,2169,2018,기관정기,2017회계연도 국가결산 검사 및 감사활동 결과,pdf
S02143,감사원,BAI,20180531_[기관정기]_2017회계연도 국가결산 검사 및 감사활동 결과_2169_v4.pdf,.pdf,895390,e0c33b866e954d61fedee86a8675b82da1a60febf5d9a674affd47a007242409,2169,2018,기관정기,2017회계연도 국가결산 검사 및 감사활동 결과,pdf
S02144,감사원,BAI,20180531_[기관정기]_2017회계연도 국가결산 검사 및 감사활동 결과_2169_v5.pdf,.pdf,947245,a6756ee3093aeb234027806aa2b2283bea8cc67e150fcae2b965a6f871267bc8,2169,2018,기관정기,2017회계연도 국가결산 검사 및 감사활동 결과,pdf
S02145,감사원,BAI,20180531_[기관정기]_2017회계연도 국가결산 검사 및 감사활동 결과_2169_v6.pdf,.pdf,561255,6882ae59deb4c1efbde6002cdf0ec283d21474bea34bc7494e5d397200fdf778,2169,2018,기관정기,2017회계연도 국가결산 검사 및 감사활동 결과,pdf
S02146,감사원,BAI,20180531_[기관정기]_2017회계연도 국가결산 검사 및 감사활동 결과_2169_v7.pdf,.pdf,468900,4838cfa568edbf861853641d7144f0ec66f8fb6082bfaf609c2ab5e4f6baa96f,2169,2018,기관정기,2017회계연도 국가결산 검사 및 감사활동 결과,pdf
S02147,감사원,BAI,20180531_[기관정기]_2017회계연도 국가결산 검사 및 감사활동 결과_2169_v8.pdf,.pdf,1068171,1cba107775c430ad98991fe0ccfa5f4543c6ed295c8220c2ea6b04ad5c9d61b7,2169,2018,기관정기,2017회계연도 국가결산 검사 및 감사활동 결과,pdf
S02148,감사원,BAI,20180531_[기관정기]_2017회계연도 국가결산 검사 및 감사활동 결과_2169_v9.pdf,.pdf,1016760,96a21cea0694d6c9e9f786beb24ede485918de45344897a38f953a4b37a5fd50,2169,2018,기관정기,2017회계연도 국가결산 검사 및 감사활동 결과,pdf
S02149,감사원,BAI,20180605_[특정사안]_응급의료센터 구축 및 운영실태_2170.pdf,.pdf,1884444,13546dbec93a087c68c87481930f4b2dc804adeba8a11899b606f06503969306,2170,2018,특정사안,응급의료센터 구축 및 운영실태,pdf
S02150,감사원,BAI,20180607_[특정사안]_ㄱ지구 자족기능시설용지 매각 관련 공익감사청구_2171.pdf,.pdf,425577,29a6f74b64ed73c60ebc1d3cfcd0a53ec779832f2845c38c02592c73b5bbe1eb,2171,2018,특정사안,ㄱ지구 자족기능시설용지 매각 관련 공익감사청구,pdf
S02151,감사원,BAI,20180607_[특정사안]_직원 승진인사 및 자연생태공원 조성사업 등 관련 공익감사청구_2172.pdf,.pdf,577908,b7a47e6e09fce02805a2cbb04f8842cfe373589af1d5e095ca5bf6d92ab64786,2172,2018,특정사안,직원 승진인사 및 자연생태공원 조성사업 등 관련 공익감사청구,pdf
S02152,감사원,BAI,20180615_[성과]_취약계층 직접일자리사업 추진실태_2173.pdf,.pdf,3019117,65eb71c824d6ec74a6783b2da16962b05b4c1d153e1f9bc27586142ec6697699,2173,2018,성과,취약계층 직접일자리사업 추진실태,pdf
S02153,감사원,BAI,20180619_[기관정기]_안산시 양평군 기관운영감사_2174.pdf,.pdf,896626,f93019e9e4fb25b68b1dcf337f3d4ee84c57bd8eba777be3c5723682ba82b8d9,2174,2018,기관정기,안산시 양평군 기관운영감사,pdf
S02154,감사원,BAI,20180620_[기관정기]_안동시·영주시 기관운영감사_2175.pdf,.pdf,2553968,8eadedf6249b0dbbb89874b2a3638ad42f9fa3ea5039ff177dc9ad5ca762c69e,2175,2018,기관정기,안동시·영주시 기관운영감사,pdf
S02155,감사원,BAI,20180620_[기관정기]_진주시·기장군 기관운영감사_2176.pdf,.pdf,1095765,2bcaaf97d99394c6aba2798e286ec02f60920770fb7bd32d7ad54f51fd7f2970,2176,2018,기관정기,진주시·기장군 기관운영감사,pdf
S02156,감사원,BAI,20180621_[기관정기]_대통령비서실 등 3개 기관 기관운영감사_2177.pdf,.pdf,1187960,7bd0b0050d810864f34361e0180d3a9aabb1357a05285657a590b54cf1521a0a,2177,2018,기관정기,대통령비서실 등 3개 기관 기관운영감사,pdf
S02157,감사원,BAI,20180625_[기관정기]_인천광역시 남동구ㆍ옹진군 기관운영감사_2178.pdf,.pdf,1062429,a63c2c8bdfb4ab3159b221b94831f876820a9e6881c53ecd021f0ced70bfa64c,2178,2018,기관정기,인천광역시 남동구ㆍ옹진군 기관운영감사,pdf
S02158,감사원,BAI,20180626_[기관정기]_한국공항공사 기관운영감사_2179.pdf,.pdf,1616392,3d64367b14b90ea92b5f9df847d712e1610f54bde662e2d835b97c48fc73528b,2179,2018,기관정기,한국공항공사 기관운영감사,pdf
S02159,감사원,BAI,20180627_[특정사안]_원자력발전소 안전관리실태_2180.pdf,.pdf,3096909,e7186dcb2353499814ffa2a3b6f1bc43a619737d17243f26806252538905f041,2180,2018,특정사안,원자력발전소 안전관리실태,pdf
S02160,감사원,BAI,20180628_[특정사안]_공공데이터 구축 및 활용실태_2181.pdf,.pdf,7627683,ba93784d75dfa26c27020aed44f14b4b4f06ff0a36c3c57f4de6cbf90cf595a1,2181,2018,특정사안,공공데이터 구축 및 활용실태,pdf
S02161,감사원,BAI,20180702_[특정사안]_강원권 상수도관망 구축사업 운영 실태_2182.pdf,.pdf,941011,40390e86dfed7e99b2b39acece37e8d1b8100030f43e62829f257854acf4a538,2182,2018,특정사안,강원권 상수도관망 구축사업 운영 실태,pdf
S02162,감사원,BAI,20180702_[특정사안]_분류식 하수관로 정비사업 추진실태_2183.pdf,.pdf,1004138,18e1303cc67acc83ea8656d2f93c12a983b7bae34526a17ee4a0811895a24ff8,2183,2018,특정사안,분류식 하수관로 정비사업 추진실태,pdf
S02163,감사원,BAI,20180704_[특정사안]_4대강 살리기 사업 추진실태 점검 및 성과분석_2184.pdf,.pdf,11120536,e541967a6240be171ff77a6baee46791e3a4b9113ded99f259deb0072100ca3c,2184,2018,특정사안,4대강 살리기 사업 추진실태 점검 및 성과분석,pdf
S02164,감사원,BAI,20180706_[특정사안]_2017년 하반기 감사요청사항 관련 감사_2185.pdf,.pdf,820319,98ee23d6f17a3c8180914cc67297037c6077ab0d2a4b63289e730455b4b4757f,2185,2018,특정사안,2017년 하반기 감사요청사항 관련 감사,pdf
S02165,감사원,BAI,20180710_[성과]_일가정 양립 지원제도 운영실태_2186.pdf,.pdf,3013495,351ba036bd47bc499ff73a8b22925af5adf413d2e8aa2261456999d83788d41d,2186,2018,성과,일가정 양립 지원제도 운영실태,pdf
S02166,감사원,BAI,20180711_[기관정기]_농촌진흥청 기관운영감사_2187.pdf,.pdf,1154413,6df75516ed1b3b4c5eab4008185584a855ae5c0d7d4821aa1859daaa81c047c0,2187,2018,기관정기,농촌진흥청 기관운영감사,pdf
S02167,감사원,BAI,20180712_[기관정기]_특허청 기관운영감사_2188.pdf,.pdf,876002,9e177c6d09721e6758fc8b64f1043758db39418b9a66dfbd08a41c79911b150b,2188,2018,기관정기,특허청 기관운영감사,pdf
S02168,감사원,BAI,20180717_[기관정기]_식품의약품안전처 기관운영감사_2190.pdf,.pdf,1991193,7c07e6a18f64b6fc2afb41ffc26f613b990ae228da29479ce92c4ec34eada65c,2190,2018,기관정기,식품의약품안전처 기관운영감사,pdf
S02169,감사원,BAI,20180717_[특정사안]_한국교육방송공사 출판유통 관리실태_2189.pdf,.pdf,1226663,e55ea9b0ba23e6a198ccba0623bd159108c5c874cdb78d9795be69daedce9a4f,2189,2018,특정사안,한국교육방송공사 출판유통 관리실태,pdf
S02170,감사원,BAI,20180718_[기관정기]_김제시·완주군 기관운영감사_2191.pdf,.pdf,1249277,1364d63977a9a33650751c095fcb0ba8f362157d3d6a26fa49723a5c2f562591,2191,2018,기관정기,김제시·완주군 기관운영감사,pdf
S02171,감사원,BAI,20180719_[특정사안]_한국공공조직은행 예산집행 실태_2193.pdf,.pdf,487494,ca1d2f5fa71348c4d3676636a61e7274abdac90d812c4a14978345195807a24d,2193,2018,특정사안,한국공공조직은행 예산집행 실태,pdf
S02172,감사원,BAI,20180719_[특정사안]_한국보건산업진흥원 직원 복무기강 해이 등 기관운영실태_2192.pdf,.pdf,942701,2d8f182c8196503cbe2ec955c2b6ba0cf6276a56854e168761077264b17f60b5,2192,2018,특정사안,한국보건산업진흥원 직원 복무기강 해이 등 기관운영실태,pdf
S02173,감사원,BAI,20180724_[기관정기]_수원시 과천시 기관운영감사_2194.pdf,.pdf,943949,26fbea73834530c07b21e74aca09bac912c5b9c224331671231c409be5ef3e68,2194,2018,기관정기,수원시 과천시 기관운영감사,pdf
S02174,감사원,BAI,20180725_[기관정기]_서울특별시 구로구ㆍ동대문구 기관운영감사_2196.pdf,.pdf,1113087,4c6de45d3a95cb6675c492161c75a64fe2806a70fa52991d57053a001393556e,2196,2018,기관정기,서울특별시 구로구ㆍ동대문구 기관운영감사,pdf
S02175,감사원,BAI,20180725_[기관정기]_아산시·괴산군 기관운영감사_2197.pdf,.pdf,983583,c8a206e1566abffd45a7a0f22d40f992b7560ca61debce779a84f2dff826684a,2197,2018,기관정기,아산시·괴산군 기관운영감사,pdf
S02176,감사원,BAI,20180726_[기관정기]_조달청 기관운영감사_2198.pdf,.pdf,1339636,f1d9c3bc855674c56b0db7a5db86ab0f4fd7f6aab280980c0f39c1ba612f981e,2198,2018,기관정기,조달청 기관운영감사,pdf
S02177,감사원,BAI,20180807_[기관정기]_한국관광공사 및 대한무역투자진흥공사 기관운영감사_2200.pdf,.pdf,1525936,e2301a0d40e2d6321e155eea897f8237fb4ae0be3dd34527becfdb5ab37c9667,2200,2018,기관정기,한국관광공사 및 대한무역투자진흥공사 기관운영감사,pdf
S02178,감사원,BAI,20180808_[특정사안]_공공부문 불공정관행 기동점검_2208_v1.pdf,.pdf,1856705,5f9bb0da3e29bb0bcfa1761f10e7152a6c2762adada5d74cb682a8eb0d9e49f3,2208,2018,특정사안,공공부문 불공정관행 기동점검,pdf
S02179,감사원,BAI,20180808_[특정사안]_공공부문 불공정관행 기동점검_2208_v2.pdf,.pdf,764432,49b7a9e4c20cb8918ba54ddf34171f4e490a150a613ac43c70ed995b378f134a,2208,2018,특정사안,공공부문 불공정관행 기동점검,pdf
S02180,감사원,BAI,20180809_[특정사안]_칠레산 수입포도에 대한 관세 부과 실태_2201.pdf,.pdf,842618,a6ac3136bc8e513cbf3c3940b0e1c806320f57a6a6c33d81541ba90edcf35e4b,2201,2018,특정사안,칠레산 수입포도에 대한 관세 부과 실태,pdf
S02181,감사원,BAI,20180814_[성과]_교원 양성 및 임용제도 운영실태_2202.pdf,.pdf,2891292,e1b8aee85dd357765c30e920c23c1697172b1f9e9962b38e05c5feb56ee31cee,2202,2018,성과,교원 양성 및 임용제도 운영실태,pdf
S02182,감사원,BAI,20180816_[기관정기]_환경부 기관운영감사_2203.pdf,.pdf,2160048,e0c004c77c82d31ae9ec1f1edc13304f626a86b8db90ed7c69f45bad9c6e1fde,2203,2018,기관정기,환경부 기관운영감사,pdf
S02183,감사원,BAI,20180821_[특정사안]_공립교원 임용시험 관리실태_2204.pdf,.pdf,1138119,9dff27b99a15fede65feffe61a9617f4322b0e90e0bf70fa564b8d0feb9faabe,2204,2018,특정사안,공립교원 임용시험 관리실태,pdf
S02184,감사원,BAI,20180822_[기관정기]_공무원연금공단·사립학교교직원연금공단 기관운영감사_2205.pdf,.pdf,2849896,0379f12c18898bc04259afdb85ef4254ea9151eb7305f0eb0645787a84496eeb,2205,2018,기관정기,공무원연금공단·사립학교교직원연금공단 기관운영감사,pdf
S02185,감사원,BAI,20180829_[특정사안]_오산시 에스코 사업 특혜 의혹 관련_2206.pdf,.pdf,1466258,6e4d66e4f2212bbbe4bcd2fad39a7fd302328224cf88619396f544bbbd3ceba9,2206,2018,특정사안,오산시 에스코 사업 특혜 의혹 관련,pdf
S02186,감사원,BAI,20180831_[특정사안]_한국고용정보원의 계약 관련 의혹 점검_2207.pdf,.pdf,995309,e249f62e463b4b8cb2c491e29606ba00594ea03f1ed46ebfe445948cb6dce7f7,2207,2018,특정사안,한국고용정보원의 계약 관련 의혹 점검,pdf
S02187,감사원,BAI,20180904_[특정사안]_고속도로 시설물 안전 및 유지관리 실태_2209.pdf,.pdf,4579784,0342631a9809ef2bcf7447e467c0f472e85c0c4d0b4c9f7a8ae6087c5f1d0c03,2209,2018,특정사안,고속도로 시설물 안전 및 유지관리 실태,pdf
S02188,감사원,BAI,20180905_[특정사안]_지하매설물 안전관리실태_2210.pdf,.pdf,1965338,18467c36a1e9a1198ad1c353c387bfab6bf66e107379f89c63ac56d0e5d0b892,2210,2018,특정사안,지하매설물 안전관리실태,pdf
S02189,감사원,BAI,20180910_[특정사안]_울산광역시 폐기물 매립시설 설치 지연 관련 공익감사청구_2211.pdf,.pdf,640208,b51108d25a21faebfd330e6ccdbd2b7bbb7a4dd1a763bfb1dc2002a1e6b39e42,2211,2018,특정사안,울산광역시 폐기물 매립시설 설치 지연 관련 공익감사청구,pdf
S02190,감사원,BAI,20180913_[특정사안]_도로안전 관리실태_2213.pdf,.pdf,8559662,20e81cc9ccfd86051b4fb05c0f902afa06c45d0be80a87bfa1115eddaba5f75f,2213,2018,특정사안,도로안전 관리실태,pdf
S02191,감사원,BAI,20180917_[기관정기]_한국지역난방공사 기관운영감사_2214.pdf,.pdf,737126,7e4936c672ccdda47ac5e097fa9ed19c496a6e21daebf4de42a38e25999f2397,2214,2018,기관정기,한국지역난방공사 기관운영감사,pdf
S02192,감사원,BAI,20180918_[기관정기]_한국은행 기관운영감사_2215.pdf,.pdf,2085760,79d3f534828b7a442d0989755eefc5c09c3ad2f3ad21b2766fb3dffb127f3980,2215,2018,기관정기,한국은행 기관운영감사,pdf
S02193,감사원,BAI,20180919_[특정사안]_철도기자재 구매·관리 실태_2216.pdf,.pdf,2601224,b034f6f9c4642c55bedd669a9ab468297aa6fe9bb6743b5138b86e179dbe4710,2216,2018,특정사안,철도기자재 구매·관리 실태,pdf
S02194,감사원,BAI,20180920_[기관정기]_서울지방국세청 기관운영감사_2340_v1.pdf,.pdf,2381966,ee5656c025e926330bd85fca6fc563267a3d12906941727ca8bc6bb6c2c89354,2340,2018,기관정기,서울지방국세청 기관운영감사,pdf
S02195,감사원,BAI,20180920_[기관정기]_서울지방국세청 기관운영감사_2340_v2.pdf,.pdf,314097,18cfe39767baa6ac7755ca4f53160dc6aa6b4ed25c122027759cf1dd3aa70b76,2340,2018,기관정기,서울지방국세청 기관운영감사,pdf
S02196,감사원,BAI,20180920_[기타서면]_감사요청사항 조사_2217.pdf,.pdf,708568,3918d800d86b3208e1316b311cc0895ab86b7d4df530889b5a581aa49fa0b5a9,2217,2018,기타서면,감사요청사항 조사,pdf
S02197,감사원,BAI,20181002_[특정사안]_공직비리 기동점검(Ⅱ)_2218.pdf,.pdf,593669,ba1c5c95786279f4025ae999c1587fcec5c6d1ecd28e7928b4f3c501f9d2dac4,2218,2018,특정사안,공직비리 기동점검(Ⅱ),pdf
S02198,감사원,BAI,20181004_[기타서면]_「부정청탁 및 금품 등 수수의 금지에 관한 법률」위반 신고사항 조사_2219.pdf,.pdf,729371,8b61b336a41985829cd25033b39055a09da40a200a2a60627647f5ff5ead7f0a,2219,2018,기타서면,「부정청탁 및 금품 등 수수의 금지에 관한 법률」위반 신고사항 조사,pdf
S02199,감사원,BAI,20181011_[특정사안]_군 보건의료체계 운영실태_2220_v1.hwp,.hwp,467968,212b94f13b1b87c1f24213484e57cf8d8721b6b97e113e6db31a239dc4af9cd3,2220,2018,특정사안,군 보건의료체계 운영실태,hwp
S02200,감사원,BAI,20181011_[특정사안]_군 보건의료체계 운영실태_2220_v2.pdf,.pdf,867131,80c00d28ce667c9e1e28548d59b2414b428b7c816e8c8bfbcc36e4557d09469f,2220,2018,특정사안,군 보건의료체계 운영실태,pdf
S02201,감사원,BAI,20181016_[특정사안]_공직비리 기동점검(Ⅲ)_2221.pdf,.pdf,706840,17c44971c898d76ede9209bf4a1de0f51899e23177963646258c3ab44e871842,2221,2018,특정사안,공직비리 기동점검(Ⅲ),pdf
S02202,감사원,BAI,20181018_[특정사안]_취약 레저시설 현장점검_2222.pdf,.pdf,1045264,5b826ba49360c93bf262110b1aa566279c1c751521c489e9e56e799e1f6fedac,2222,2018,특정사안,취약 레저시설 현장점검,pdf
S02203,감사원,BAI,20181024_[성과]_보호대상 청소년 지원 및 교화 실태_2223.pdf,.pdf,2576868,349bf405a50f6fd131af133ae427a8185812d81585f6ffd3d925222498275321,2223,2018,성과,보호대상 청소년 지원 및 교화 실태,pdf
S02204,감사원,BAI,20181025_[특정사안]_우정사업 경영관리실태_2226.pdf,.pdf,2772721,bfea647be7a5118abd01a456a7c0eca5a3ec7725a5d6c97330854c03d8c9580c,2226,2018,특정사안,우정사업 경영관리실태,pdf
S02205,감사원,BAI,"20181031_[성과]_재난정보 공유, 전파실태 (홍수, 산사태, 화학사고를 중심으로)_2224.pdf",.pdf,6032708,1a2e6a0c3133e3a00cd4a145a95e5de0a425c5f6a42255f88f960c2c7aacb753,2224,2018,성과,"재난정보 공유, 전파실태 (홍수, 산사태, 화학사고를 중심으로)",pdf
S02206,감사원,BAI,20181101_[기관정기]_방위사업청 기관운영감사_2225.hwp,.hwp,1187840,3508f47535d5eac41c0706475351207a1a3dbef498c736dfdf7f03e086f0b215,2225,2018,기관정기,방위사업청 기관운영감사,hwp
S02207,감사원,BAI,20181106_[특정사안]_LED등기구 조달계약 관련 감사요청사항 감사_2227.pdf,.pdf,502388,ebbfcd1cf1f1155baed61829acd95b47d9084217864bca67f0a90bb272212e37,2227,2018,특정사안,LED등기구 조달계약 관련 감사요청사항 감사,pdf
S02208,감사원,BAI,20181107_[기타서면]_부패행위 신고사항(응급의료무선통신망 운영예산 편취 의혹 관련)_2229.pdf,.pdf,939258,76e2dceac43960883c9d70ab7ca093f7b4f29b2bd9822d45d6b63824cc42fc5b,2229,2018,기타서면,부패행위 신고사항(응급의료무선통신망 운영예산 편취 의혹 관련),pdf
S02209,감사원,BAI,20181108_[기타서면]_ㄱ해수욕장 야외 해수풀장 변상판정 청구_2232.pdf,.pdf,626607,289f91420139d6cd446cd3b838f1976d4e53c03ce6a4f973675582404bbb4695,2232,2018,기타서면,ㄱ해수욕장 야외 해수풀장 변상판정 청구,pdf
S02210,감사원,BAI,20181108_[특정사안]_고속국도 교량 내진성능보강 점검_2231.pdf,.pdf,4854754,d8ea364afde87fd514ac6e829088ae559aaa9566b5c8b7afddc1ae5891fd93c5,2231,2018,특정사안,고속국도 교량 내진성능보강 점검,pdf
S02211,감사원,BAI,20181108_[특정사안]_선거철 공직기강 점검_2230.pdf,.pdf,463496,4a0a1eabf963c573e9df7f48a3c83b902a624f475c749f77e7db79927ff911ea,2230,2018,특정사안,선거철 공직기강 점검,pdf
S02212,감사원,BAI,20181113_[특정사안]_공직비리 기동점검(Ⅰ)_2233.pdf,.pdf,776755,1a273458753fa7277aa660587c209b57c1aa0f80dc5efca90400e855e2c85956,2233,2018,특정사안,공직비리 기동점검(Ⅰ),pdf
S02213,감사원,BAI,20181114_[특정사안]_2017년 감사요청사항 관련 감사_2239.pdf,.pdf,2099950,ef41b13e20cc1de8d5856cb87853a3310150715d0558f99cf2f7089a858d5014,2239,2018,특정사안,2017년 감사요청사항 관련 감사,pdf
S02214,감사원,BAI,20181115_[특정사안]_공적개발원조(ODA)사업 추진실태_2234.pdf,.pdf,3317284,8ef33a431c8b7c96029889be6fd22c07a31ffb9e782268a03d6dca2a17466094,2234,2018,특정사안,공적개발원조(ODA)사업 추진실태,pdf
S02215,감사원,BAI,20181120_[특정사안]_국가건강검진 체계 및 관리 실태_2235.pdf,.pdf,2206929,724daaedcc2e52a164904c8a4cddd344c1eb15e2b8b97ccabbee32905152eef1,2235,2018,특정사안,국가건강검진 체계 및 관리 실태,pdf
S02216,감사원,BAI,20181122_[기관정기]_한국예탁결제원ㆍ한국주택금융공사 기관운영감사_2236.pdf,.pdf,1978956,7fcae545a38a93e5a090f54b69e23b8520806b9610220d4bb0245d6045805a64,2236,2018,기관정기,한국예탁결제원ㆍ한국주택금융공사 기관운영감사,pdf
S02217,감사원,BAI,20181126_[특정사안]_공원 내 불법 건축행위 등 관련 감사제보 감사_2237.pdf,.pdf,1003057,fb734cda23440b414f16487d147d6710c4c6a9562597983792d3ebf5bcca8966,2237,2018,특정사안,공원 내 불법 건축행위 등 관련 감사제보 감사,pdf
S02218,감사원,BAI,20181126_[특정사안]_토석채취 허가 관련 감사제보 감사_2238.pdf,.pdf,802232,516323d1141a3c3db6e41386046e503665190dff5d2f28039a2f055fe2312df9,2238,2018,특정사안,토석채취 허가 관련 감사제보 감사,pdf
S02219,감사원,BAI,20181127_[특정사안]_산업재해 예방 및 보험 관리실태_2240.pdf,.pdf,4797491,dbb7e75eabe8f201e79f8f89f4a02027f1dee0aef28e4e49223781c8d04ceb90,2240,2018,특정사안,산업재해 예방 및 보험 관리실태,pdf
S02220,감사원,BAI,20181128_[특정사안]_공직비리 기동 점검(Ⅳ)_2241.pdf,.pdf,667739,0085fb43be9dc41d766785d1cfc65a00398b9f700b42af52b86ba32736bd8728,2241,2018,특정사안,공직비리 기동 점검(Ⅳ),pdf
S02221,감사원,BAI,20181129_[기관정기]_대검찰청 등 3개 기관 기관운영감사_2242.pdf,.pdf,2015937,96850817b9386fa2cc3cb6256150f8d715be36c0b9e4877d326c3b8341493938,2242,2018,기관정기,대검찰청 등 3개 기관 기관운영감사,pdf
S02222,감사원,BAI,20181203_[특정사안]_동남지방통계청 기간제 근로자 채용 관련 감사제보사항_2246.pdf,.pdf,568694,778064a5e942f2e07c82111ae0e23736b05b94791e7cca1df012ecd01dfbd6a1,2246,2018,특정사안,동남지방통계청 기간제 근로자 채용 관련 감사제보사항,pdf
S02223,감사원,BAI,20181203_[특정사안]_봉화산 둘레길 출렁다리 설치공사 추진실태_2243.pdf,.pdf,742066,f875f46862839307bbd4ac1804e4e2579e81c3063fdc8938212e20f3dfc2dd6c,2243,2018,특정사안,봉화산 둘레길 출렁다리 설치공사 추진실태,pdf
S02224,감사원,BAI,20181203_[특정사안]_부산 서구청 인쇄용역 등 수의계약 관련 감사제보사항_2245.pdf,.pdf,524785,6d38e173e788835b329c830fa1d80295097249ebb2dcb60bd2c4b030597e23c3,2245,2018,특정사안,부산 서구청 인쇄용역 등 수의계약 관련 감사제보사항,pdf
S02225,감사원,BAI,20181204_[특정사안]_수산물 안전 및 품질 관리실태_2288_v1.pdf,.pdf,5390288,487ee9064e6bd62d127a86844ed092ef800b2c30c99fe399e32a0f32038c51d9,2288,2018,특정사안,수산물 안전 및 품질 관리실태,pdf
S02226,감사원,BAI,20181204_[특정사안]_수산물 안전 및 품질 관리실태_2288_v2.pdf,.pdf,1019139,1ca44e1955e724a2f39ba1910d41e33b2aeaa29590b45706395cf6e4d6a0836e,2288,2018,특정사안,수산물 안전 및 품질 관리실태,pdf
S02227,감사원,BAI,20181205_[특정사안]_건설기계 안전관리 현장점검_2244.pdf,.pdf,1821918,b97758e0641f6f6cc5771037aa5e2b8b9bb606777e988fd3e8ec093e8c7afba0,2244,2018,특정사안,건설기계 안전관리 현장점검,pdf
S02228,감사원,BAI,20181206_[특정사안]_소상공인 지원시책 추진실태_2296_v1.pdf,.pdf,2350306,51cb290bbf63b8beb44451d0dd2cdf51b2d4bc592f028011b7d51a23cd92d545,2296,2018,특정사안,소상공인 지원시책 추진실태,pdf
S02229,감사원,BAI,20181206_[특정사안]_소상공인 지원시책 추진실태_2296_v2.pdf,.pdf,677888,eef437acc2dfd5640e49abe8ef5900a6199e0e7c69c7e2fd682ffd10fc3b299b,2296,2018,특정사안,소상공인 지원시책 추진실태,pdf
S02230,감사원,BAI,20181211_[기관정기]_국토교통부 기관운영감사_2247.pdf,.pdf,1186639,12140bb98d6b58fc2d3b17177b56df3219a287854ab87327d937da9118e6c79d,2247,2018,기관정기,국토교통부 기관운영감사,pdf
S02231,감사원,BAI,20181213_[성과]_대학생 학자금 지원사업 추진실태_2248.pdf,.pdf,2204783,9ab7bc959604515e39e8f3cbca289454dbba48bd84265ddc750372bbe3b22569,2248,2018,성과,대학생 학자금 지원사업 추진실태,pdf
S02232,감사원,BAI,20181217_[특정사안]_제2롯데월드 신축 행정협의조정 등 추진 실태_2249.hwp,.hwp,1887232,98eab45591dad3ea44eca340dd60d69e6597c2d52441ec41f31d474fb4786cfc,2249,2018,특정사안,제2롯데월드 신축 행정협의조정 등 추진 실태,hwp
S02233,감사원,BAI,20181219_[성과]_차상위계층 지원사업 추진실태_2251.pdf,.pdf,4154466,58863ec394a11e54d02eccfc3b359b250b298d092b3dfa502632eab1161581c0,2251,2018,성과,차상위계층 지원사업 추진실태,pdf
S02234,감사원,BAI,20181220_[기관정기]_한국지역정보개발원 기관운영감사_2260_v1.pdf,.pdf,1327292,28d05f82f0eba4a90301406a11c704c597dc23fc23ac310bd9a85c913fb6b557,2260,2018,기관정기,한국지역정보개발원 기관운영감사,pdf
S02235,감사원,BAI,20181220_[기관정기]_한국지역정보개발원 기관운영감사_2260_v2.pdf,.pdf,565517,39ee4dd95f9bc7fb1acc8dc11cce1540c963614bc2f5f493d5cc15ba63900fd9,2260,2018,기관정기,한국지역정보개발원 기관운영감사,pdf
S02236,감사원,BAI,20181226_[특정사안]_국방문민화 추진실태_2252.hwp,.hwp,144896,193b758216390f92bff6cb4d7604cd1df92b22d7417d8567d978173d183979a0,2252,2018,특정사안,국방문민화 추진실태,hwp
S02237,감사원,BAI,20181227_[특정사안]_초중고 학교환경 개선사업 추진 실태_2418.pdf,.pdf,2064738,f336febb7dc48a3a1f2b74a7748c3476acb6b203f91fb38bf3c6ee4ac92911e4,2418,2018,특정사안,초중고 학교환경 개선사업 추진 실태,pdf
S02238,감사원,BAI,20181231_[특정사안]_ㄱ지구 난개발 및 특혜의혹 관련 공익감사청구_2253.pdf,.pdf,1109771,e53d8007dc9d8c2eb4c2c1eef68e9759eae755f8c0e1df0d81c013f43c109c29,2253,2018,특정사안,ㄱ지구 난개발 및 특혜의혹 관련 공익감사청구,pdf
S02239,감사원,BAI,20190108_[특정사안]_전력거래 운영실태_2254.pdf,.pdf,3458098,e4a5710370e5528e2e29b6e6028c8a729068e59beeef7dd52c7910dc086dbe51,2254,2019,특정사안,전력거래 운영실태,pdf
S02240,감사원,BAI,20190110_[특정사안]_항공기 안전관리실태(인증·정비 분야)_2255.pdf,.pdf,2818211,53ffaf48df6b3c126b688d5ef117e3544408ea98798ddd2be79530cd65a96929,2255,2019,특정사안,항공기 안전관리실태(인증·정비 분야),pdf
S02241,감사원,BAI,20190114_[특정사안]_법난기념관 건립사업 보조금 관리 실태_2256.pdf,.pdf,705855,fa0b9685bb808fced40b251b601c97821bc838bfbf723194754f9a44832f271a,2256,2019,특정사안,법난기념관 건립사업 보조금 관리 실태,pdf
S02242,감사원,BAI,20190116_[특정사안]_불공정거래에 대한 과세제도 운영실태_2257.pdf,.pdf,3472065,32601cda370b87d987a0ce2c07efd807546a8313f5bdd4d4cfd4069436bda301,2257,2019,특정사안,불공정거래에 대한 과세제도 운영실태,pdf
S02243,감사원,BAI,20190121_[특정사안]_일반철도교량 안전관리 현장점검_2258.pdf,.pdf,2615258,4b4d72846f6686eb9d6750296a476c28fca2f7f226947275cc3bfc1e9c3b1f2f,2258,2019,특정사안,일반철도교량 안전관리 현장점검,pdf
S02244,감사원,BAI,20190123_[특정사안]_대규모 택지개발사업 추진실태_2259.pdf,.pdf,2351368,9bfb2f61f5f02ad4086a6986b34794a4cd2a2d1aea51936e53b185c57da116b6,2259,2019,특정사안,대규모 택지개발사업 추진실태,pdf
S02245,감사원,BAI,20190130_[특정사안]_한국마사회 장외발매소 운영실태_2265.pdf,.pdf,1260397,cf02bae8adb1dbc8c5b234a36e93dc40e9eadce765949cf181d255042af0f2b7,2265,2019,특정사안,한국마사회 장외발매소 운영실태,pdf
S02246,감사원,BAI,20190207_[특정사안]_항만 배후단지 개발 및 관리실태(부산신항 및 광양항을 중심으로)_2261.pdf,.pdf,2765416,90c029d589f54dad5952ac3a3bc1b40aeb70af00ba522e7315a9d9b48f5d4107,2261,2019,특정사안,항만 배후단지 개발 및 관리실태(부산신항 및 광양항을 중심으로),pdf
S02247,감사원,BAI,20190214_[특정사안]_지방세 및 부담금 부과·징수 실태(1. 공평과세 및 국민기업 권익 보호 분야)_2262.pdf,.pdf,4055142,f0b7c9a9f6065a22ee01bb34365050350d8fa8ec65f95433ef1c74000b06395e,2262,2019,특정사안,지방세 및 부담금 부과·징수 실태(1. 공평과세 및 국민기업 권익 보호 분야),pdf
S02248,감사원,BAI,20190214_[특정사안]_지방세 및 부담금 부과·징수 실태(2. 지방재정 확충 분야)_2263.pdf,.pdf,4284960,683784a94ee3c2a9b66c39b4e019490e27862586b8a063578304e0f99b219c01,2263,2019,특정사안,지방세 및 부담금 부과·징수 실태(2. 지방재정 확충 분야),pdf
S02249,감사원,BAI,20190219_[성과]_중소기업 보증업무 지원실태_2264.pdf,.pdf,4418148,7e9b44bf88b65de6c496398f5e5c6e2e8852aab68e58e58269dde235f7ea51e0,2264,2019,성과,중소기업 보증업무 지원실태,pdf
S02250,감사원,BAI,20190221_[특정사안]_외래병해충 검역관리실태_2266.pdf,.pdf,4097488,6ddc0807707c419edc99a293b6ff15ec2e27c15cb22b14cd2073cc0b39054dfe,2266,2019,특정사안,외래병해충 검역관리실태,pdf
S02251,감사원,BAI,20190226_[성과]_국가직무능력표준 개발 및 활용 실태_2267.pdf,.pdf,1948139,9efb198c129eb36e8e22c16570844b3af614bb1d5cd62e3bcf4510efe8f50e13,2267,2019,성과,국가직무능력표준 개발 및 활용 실태,pdf
S02252,감사원,BAI,20190227_[특정사안]_공공데이터 활용 및 품질관리 실태_2268.pdf,.pdf,3352394,853e083d8f90dc2d9976e4b647b1da533f6eb1a3607c321540bdaf592173a24c,2268,2019,특정사안,공공데이터 활용 및 품질관리 실태,pdf
S02253,감사원,BAI,20190305_[특정사안]_대도시권 지하차도 안전관리 실태 점검_2269.pdf,.pdf,4281582,69b4cc5f8f00ae605b111557150fee5d37a02a20a7604d8b223e3cc03f2771d9,2269,2019,특정사안,대도시권 지하차도 안전관리 실태 점검,pdf
S02254,감사원,BAI,20190306_[특정사안]_건강보험심사평가원 수의계약 운영 실태_2270.pdf,.pdf,888916,d669cb9fcc18f72a30bab52752c92b61a90c73e51174f7db3c99ab9a8746abdd,2270,2019,특정사안,건강보험심사평가원 수의계약 운영 실태,pdf
S02255,감사원,BAI,20190306_[특정사안]_서울시 기초의회 의회운영업무추진비 집행 실태_2271.pdf,.pdf,702741,d364c06279d0d15b64f981b2c23bcfb3253a7d4b379164c23aafcd1f447cd997,2271,2019,특정사안,서울시 기초의회 의회운영업무추진비 집행 실태,pdf
S02256,감사원,BAI,20190307_[기관정기]_경기도교육청 기관운영감사_2272.pdf,.pdf,1187341,4ced0ef160a46692437ddaf3776c0caeddb3902b5f9bc908e833148610351aae,2272,2019,기관정기,경기도교육청 기관운영감사,pdf
S02257,감사원,BAI,20190311_[특정사안]_학교행사 사고에 대한 경북교육청의 부실 대응 관련 공익감사청구_2273.pdf,.pdf,720533,94f43bd167ebf6d4c0d14165bf6f20d3861a3730835cb851105302216926aaa3,2273,2019,특정사안,학교행사 사고에 대한 경북교육청의 부실 대응 관련 공익감사청구,pdf
S02258,감사원,BAI,20190312_[특정사안]_세월호 인양 관련 선체조사위원회 감사요구_2274.pdf,.pdf,4103871,55115eaa66abb9d384c0318f6fcec542e48cd14762ede0cdc6d96608f7ecc331,2274,2019,특정사안,세월호 인양 관련 선체조사위원회 감사요구,pdf
S02259,감사원,BAI,20190313_[특정사안]_업무추진비 집행실태 점검_2279.pdf,.pdf,4551147,91744cf7433ecbf14d3d3aea7b303d193d9d5c1e18ae12cf11b78d04b52483d5,2279,2019,특정사안,업무추진비 집행실태 점검,pdf
S02260,감사원,BAI,20190314_[특정사안]_사행산업 관련 공공기관 기부금 집행 실태_2275.pdf,.pdf,1359997,8c8990b4890ecc9286aee7962a5c11f2111d14270650e90c9361db8b635b1bf9,2275,2019,특정사안,사행산업 관련 공공기관 기부금 집행 실태,pdf
S02261,감사원,BAI,20190318_[특정사안]_숙박시설 건축허가 및 국공유재산 관리 관련_2284.pdf,.pdf,984445,fb4ea97dec16f4304ed77573b1415db54ef23601421d741118f8e2ec2d4aa5fa,2284,2019,특정사안,숙박시설 건축허가 및 국공유재산 관리 관련,pdf
S02262,감사원,BAI,20190319_[특정사안]_재외공관 운영실태_2276.pdf,.pdf,1307348,e3f6dcf3a531a32cfa0ee9fb9d08fd629ab8c362299b9479f09dc552edc6f957,2276,2019,특정사안,재외공관 운영실태,pdf
S02263,감사원,BAI,20190320_[특정사안]_밀양 송전탑 건설에 따른 주민지원 관련(공익감사청구)_2277.pdf,.pdf,568772,f82cb0ba49dc15e2cd50fe8eb40ad8b4a81cf3f3b808568b21cbf697ab327e9c,2277,2019,특정사안,밀양 송전탑 건설에 따른 주민지원 관련(공익감사청구),pdf
S02264,감사원,BAI,20190321_[특정사안]_국가지정문화재 보수복원사업 추진실태_2278.pdf,.pdf,3572573,202a62a8d70bebf85e99029f37bec4b1ad074c7b4f74ab994224c6ae8d655eb7,2278,2019,특정사안,국가지정문화재 보수복원사업 추진실태,pdf
S02265,감사원,BAI,20190326_[특정사안]_한국농수산식품유통공사 징계처분 실태 감사_2280.pdf,.pdf,1011492,2e5b67cc9e41d0d33b3ec69ba9978070fe18ad17a4ffa74cf92f2c771f6362ff,2280,2019,특정사안,한국농수산식품유통공사 징계처분 실태 감사,pdf
S02266,감사원,BAI,20190327_[특정사안]_금천구의 위법건축물 관리 및 도로점용료 부과 등 관련_2281.pdf,.pdf,848104,c32b779c997a0602b08d23f4d5d6d84595007cd8881bb3a926307b7a31f7d7c6,2281,2019,특정사안,금천구의 위법건축물 관리 및 도로점용료 부과 등 관련,pdf
S02267,감사원,BAI,20190327_[특정사안]_다중이용시설 불법구조변경 등 현장점검_2282.pdf,.pdf,2323739,bac2fc5ed12401ac096bed4c8d96a32ff1002ba83535fe536cda7b1d04c19073,2282,2019,특정사안,다중이용시설 불법구조변경 등 현장점검,pdf
S02268,감사원,BAI,20190328_[성과]_농어업재해보험 운영실태_2283.pdf,.pdf,3239507,f5889d2211ace03a68f9279ad6ea0ca7ac4cfa40f1020f31b5d352eed26014b2,2283,2019,성과,농어업재해보험 운영실태,pdf
S02269,감사원,BAI,20190402_[특정사안]_불법 도시계획시설 허가에 따른 특혜 및 국민피해 관련(공익감사청구)_2285.pdf,.pdf,651122,f26caed98715873e5773766b9ce548b0536cf8957900ca5cd8e6c7ed1c428111,2285,2019,특정사안,불법 도시계획시설 허가에 따른 특혜 및 국민피해 관련(공익감사청구),pdf
S02270,감사원,BAI,20190403_[기관정기]_행정안전부 기관운영감사_2286_v1.pdf,.pdf,711000,7a9cc0ab80d0e6c5054231303520aac12491d2c50918403bb74748a5ed2f385e,2286,2019,기관정기,행정안전부 기관운영감사,pdf
S02271,감사원,BAI,20190403_[기관정기]_행정안전부 기관운영감사_2286_v2.pdf,.pdf,2114732,11a9507be7158af9180ab81459a2a516da9624def3f8c0ba36956d604a97c9cf,2286,2019,기관정기,행정안전부 기관운영감사,pdf
S02272,감사원,BAI,20190404_[특정사안]_농기계·비료의 지원 및 관리실태_2287.pdf,.pdf,2277132,2974a9fbf74ffb35cbe72fc73427dc8a70475100a48061c655d59aa3ff41f74a,2287,2019,특정사안,농기계·비료의 지원 및 관리실태,pdf
S02273,감사원,BAI,20190408_[특정사안]_신림역 4번 출구 에스컬레이터 설치 사업 지연에 대한 공익감사청구_2289.pdf,.pdf,1043623,45646be90f2d1c89fb4791a4eac54a1b5bb8487f7b4518439ac8668309c6c2fa,2289,2019,특정사안,신림역 4번 출구 에스컬레이터 설치 사업 지연에 대한 공익감사청구,pdf
S02274,감사원,BAI,20190409_[성과]_구간과속단속장비 설치 및 운영실태_2290.pdf,.pdf,2530876,36a5c71860a7c4e1c9690000370e7c7c51348c188f659d0cea11c4f818757d28,2290,2019,성과,구간과속단속장비 설치 및 운영실태,pdf
S02275,감사원,BAI,20190409_[특정사안]_중소기업 판로지원사업 추진실태_2344_v1.pdf,.pdf,996026,f3df6dc2101f99173de74be4c4409523f3054a4981cdb2c4fc65aa79bebc3a7c,2344,2019,특정사안,중소기업 판로지원사업 추진실태,pdf
S02276,감사원,BAI,20190409_[특정사안]_중소기업 판로지원사업 추진실태_2344_v2.pdf,.pdf,2856888,21fe51951a8fbf8dc342fbece98c3864854c08ad21d88f35f7d0a5dfcf60480a,2344,2019,특정사안,중소기업 판로지원사업 추진실태,pdf
S02277,감사원,BAI,20190410_[특정사안]_교차세무조사 운영 및 개선방안 추진실태_2291.pdf,.pdf,1319066,ab0826d481a3e73c6b9a6d53e0483aa153c010f53ea9842b93bf716d42560529,2291,2019,특정사안,교차세무조사 운영 및 개선방안 추진실태,pdf
S02278,감사원,BAI,20190411_[특정사안]_국유재산 매각 등 처분제도 운용실태_2292.pdf,.pdf,3431515,b07e6c333f2171329b7d37195e426f4248fd26c90dadad26d9998f43bc69dd2f,2292,2019,특정사안,국유재산 매각 등 처분제도 운용실태,pdf
S02279,감사원,BAI,20190415_[성과]_저소득층 에너지복지 지원실태_2293.pdf,.pdf,2530338,86f56e2105540863d9fe99aa7ec4a5944d928a42e7f396022980c0a6d5c4f1aa,2293,2019,성과,저소득층 에너지복지 지원실태,pdf
S02280,감사원,BAI,20190416_[특정사안]_예금보험공사 금융부실자산 매각 및 경영관리 실태_2294.pdf,.pdf,1722817,eefded7df71baa3f8c7e4ca1ace8ec45e74669b0217ee2ed8529405b35f2e639,2294,2019,특정사안,예금보험공사 금융부실자산 매각 및 경영관리 실태,pdf
S02281,감사원,BAI,20190417_[특정사안]_산업시설 대기오염물질 배출관리 실태_2295.pdf,.pdf,4062867,98bbca3ac26afd5c7acb2200b6030cccc9105f3ece1fc889372d505b1ab52539,2295,2019,특정사안,산업시설 대기오염물질 배출관리 실태,pdf
S02282,감사원,BAI,20190418_[특정사안]_전기요금제도 운영실태_2612.pdf,.pdf,1966031,5f940b6a5b838d5999775f8a053de47050dfe46c201b90165dc7cb0425cd8c4a,2612,2019,특정사안,전기요금제도 운영실태,pdf
S02283,감사원,BAI,20190418_[특정사안]_지역토착비리 등 기동점검(Ⅱ)_2414_v1.pdf,.pdf,1136209,e9eecc8966a5532b503cf9da0f9ca8a8a5b26591014ebead19c85fc6af9357ae,2414,2019,특정사안,지역토착비리 등 기동점검(Ⅱ),pdf
S02284,감사원,BAI,20190418_[특정사안]_지역토착비리 등 기동점검(Ⅱ)_2414_v2.pdf,.pdf,353490,d53329314f4e1006b58f76472643d678d2c323bb9c029d5a6155fbb707de34b5,2414,2019,특정사안,지역토착비리 등 기동점검(Ⅱ),pdf
S02285,감사원,BAI,20190423_[특정사안]_거점국립대학 인력운영 및 교육기반 조성실태_2297.pdf,.pdf,941215,5b9efb530a047f2e6402728ea0547b54750c350ffd177c614d97f4c1e7ec84f6,2297,2019,특정사안,거점국립대학 인력운영 및 교육기반 조성실태,pdf
S02286,감사원,BAI,20190424_[특정사안]_한국에너지공단 신재생에너지공급인증(REC)관리 부실 감사제보건_2298.pdf,.pdf,557618,c90ffd13bd8657b343c1a8ddd07d0067b2f4d899172544ee6ce12629b6968333,2298,2019,특정사안,한국에너지공단 신재생에너지공급인증(REC)관리 부실 감사제보건,pdf
S02287,감사원,BAI,20190425_[특정사안]_의약외품 안전 및 품질관리 실태_2299.pdf,.pdf,1821566,6a1d8924337866b19f5d69d9c41f14cbb90e968b210255ac492d866d601c1249,2299,2019,특정사안,의약외품 안전 및 품질관리 실태,pdf
S02288,감사원,BAI,20190430_[특정사안]_조달청의 예정가격 초과 입찰 관련 공익감사청구_2300.pdf,.pdf,995277,5f24940bac56b9af464b603ae305586e41877e1627a59beabc100744e9660710,2300,2019,특정사안,조달청의 예정가격 초과 입찰 관련 공익감사청구,pdf
S02289,감사원,BAI,20190501_[특정사안]_K-2 전차 파워팩 등 관도급 품목 분류 및 관리실태_2301.hwp,.hwp,539136,7949cc3c9e1cd9af6d8bf7c4484cd18d1df5748f6b49c314b72a46dcfe07aa21,2301,2019,특정사안,K-2 전차 파워팩 등 관도급 품목 분류 및 관리실태,hwp
S02290,감사원,BAI,20190502_[특정사안]_아파트 층간소음 저감제도 운영실태_2302.pdf,.pdf,4821105,9b92d7ac98ff32baf74c107355aac75b48ae9f009c939018eb2c9bb2c69c96e9,2302,2019,특정사안,아파트 층간소음 저감제도 운영실태,pdf
S02291,감사원,BAI,20190507_[특정사안]_공정거래위원회의 과징금 부과 관련 업무처리 실태_2304.pdf,.pdf,1592809,41666cd1ebed55e3131438850b1fb48c61c39d521546205f1ea3b5afda73e3f3,2304,2019,특정사안,공정거래위원회의 과징금 부과 관련 업무처리 실태,pdf
S02292,감사원,BAI,20190507_[특정사안]_환경신기술 인증 및 활용 활성화 실태_2303.pdf,.pdf,1042058,b187a27b5efd3d7997e02386a46fe25c5db0dcbbefe770a2ace98c3c3aebaf05,2303,2019,특정사안,환경신기술 인증 및 활용 활성화 실태,pdf
S02293,감사원,BAI,20190508_[성과]_여성 범죄피해 예방 제도 운영실태_2305.pdf,.pdf,2495494,5475e9ea24a2a8e6d8f4b414834af6032821b0bca311e368295d717832ea1025,2305,2019,성과,여성 범죄피해 예방 제도 운영실태,pdf
S02294,감사원,BAI,20190509_[특정사안]_수산ㆍ어촌 지원사업 관리실태_2306.pdf,.pdf,3404042,298e3adde4c47c42bf623496f59d9d0b256ceb58d3f481fb473223cc0feb18db,2306,2019,특정사안,수산ㆍ어촌 지원사업 관리실태,pdf
S02295,감사원,BAI,20190514_[특정사안]_국가 금연지원사업 추진실태_2307.pdf,.pdf,1617359,b3df07c01239d011aec5750a73af4e81027b2c09a9faed5e570025c730f148c2,2307,2019,특정사안,국가 금연지원사업 추진실태,pdf
S02296,감사원,BAI,20190515_[성과]_혈액 및 제대혈 관리실태_2308.pdf,.pdf,2236455,b898d686e7b2eb8ccb36f2a7fc516d0555d3197fabde2ff4cc116460cb493a8f,2308,2019,성과,혈액 및 제대혈 관리실태,pdf
S02297,감사원,BAI,20190516_[특정사안]_대학구조개혁 평가결과 이행관리실태_2309.pdf,.pdf,1601210,ed68ea30fd9fe078a096748911aba2616be6c34843a6bc9f49274c596fbbf5a5,2309,2019,특정사안,대학구조개혁 평가결과 이행관리실태,pdf
S02298,감사원,BAI,20190520_[특정사안]_개발행위 허가 후 사후관리 관련 감사제보사항_2310.pdf,.pdf,386025,f7172ab27b4eb2321db99d7acf3b8db64ab8488bb08dbf5835266fd6ab37217d,2310,2019,특정사안,개발행위 허가 후 사후관리 관련 감사제보사항,pdf
S02299,감사원,BAI,20190521_[특정사안]_직업능력개발사업 추진실태_2311.pdf,.pdf,1842769,a1846713d9c216399176a90f40c32b54316b735a09f91870576359db8e9e5dad,2311,2019,특정사안,직업능력개발사업 추진실태,pdf
S02300,감사원,BAI,20190522_[성과]_자동차 인증 및 리콜 관리실태_2312.pdf,.pdf,5021959,30b6a3922c1e455f188018ee8fe3bc0c1d8c1677f5100636ab72c35c01dbecb4,2312,2019,성과,자동차 인증 및 리콜 관리실태,pdf
S02301,감사원,BAI,20190523_[특정사안]_지역토착비리 등 기동점검(Ⅰ)_2323.pdf,.pdf,13382092,907769a12532fd6a52a8105c8405f26c7f95104d6479aa387b21e03a2c8fc21c,2323,2019,특정사안,지역토착비리 등 기동점검(Ⅰ),pdf
S02302,감사원,BAI,20190527_[기관정기]_한국석유공사 기관운영감사_2314.pdf,.pdf,764285,967c21d4ce6069ecbd2618d7e818bb0e72460e2814e9652ca908c46dc261cf09,2314,2019,기관정기,한국석유공사 기관운영감사,pdf
S02303,감사원,BAI,20190527_[특정사안]_인천-제주항로 내항 정기 여객운송사업자 선정실태(국회감사요구)_2313.pdf,.pdf,1020414,286f40b7f3f9bd18efeb7528bf9458f2cbc6223545684868e553e641e62fcc79,2313,2019,특정사안,인천-제주항로 내항 정기 여객운송사업자 선정실태(국회감사요구),pdf
S02304,감사원,BAI,20190528_[특정사안]_정부포상 부적격자 추천 및 관리실태_2315.pdf,.pdf,1489967,995708c78848908d034ce1fe85229995eb3fe9bb7e4db829d1bf8ddab8c35d1c,2315,2019,특정사안,정부포상 부적격자 추천 및 관리실태,pdf
S02305,감사원,BAI,20190529_[특정사안]_검역감염병 예방 및 관리실태_2316.pdf,.pdf,3148983,275bad2846113f6cce4985626a08e6117048c512195263e43398e23fb73e6a41,2316,2019,특정사안,검역감염병 예방 및 관리실태,pdf
S02306,감사원,BAI,20190530_[특정사안]_국유재산 실태조사 및 권리보전 추진실태_2317.pdf,.pdf,4339126,852a6e5783818cc8e46d0395b43356cf71eebfe0fc918bcf5b783f70a9fb67ec,2317,2019,특정사안,국유재산 실태조사 및 권리보전 추진실태,pdf
S02307,감사원,BAI,20190531_[재무]_2018회계연도 결산검사_2381_v1.pdf,.pdf,460541,9e19d3ab0d9414174cee7e4987b8a11cf0e5ca37911417880ca60a96a106fc97,2381,2019,재무,2018회계연도 결산검사,pdf
S02308,감사원,BAI,20190531_[재무]_2018회계연도 결산검사_2381_v2.pdf,.pdf,1431322,822fa1d28efa1c5faf430dc3ca4a82c440f88149a5fbaf175f39950f5403f10c,2381,2019,재무,2018회계연도 결산검사,pdf
S02309,감사원,BAI,20190531_[재무]_2018회계연도 결산검사_2381_v3.pdf,.pdf,578541,04b1443bf7dfd730b2d21ad48764040e353397f10aa21f44c7001b04f0b09238,2381,2019,재무,2018회계연도 결산검사,pdf
S02310,감사원,BAI,20190603_[특정사안]_2018년 주택관리사보 2차 자격시험 난이도 조정 실태_2318.pdf,.pdf,982624,e74e22b029c9f883d1f1aab4ab8f2d625a50e1ad8ab8d986d6a9406465b4e819,2318,2019,특정사안,2018년 주택관리사보 2차 자격시험 난이도 조정 실태,pdf
S02311,감사원,BAI,20190603_[특정사안]_농지 타용도 일시사용허가 후 사후관리 관련 감사제보사항_2320.pdf,.pdf,644683,21d19dc14ca708e46f363377a527e6c7f478bcb3df2f0f770d5f2ac8633a534c,2320,2019,특정사안,농지 타용도 일시사용허가 후 사후관리 관련 감사제보사항,pdf
S02312,감사원,BAI,20190603_[특정사안]_재해위험 급경사지 안전관리실태_2319.pdf,.pdf,8529981,adb57f99bd92795c20907e71815d4a6411bc6d4531195154752fd2c592757220,2319,2019,특정사안,재해위험 급경사지 안전관리실태,pdf
S02313,감사원,BAI,20190604_[특정사안]_지역토착비리 등 기동점검 Ⅲ_2369.pdf,.pdf,1263389,b1153f6ab33b0536675eb7051d8ab1a2730277d679264a98f65b9c04de0ae483,2369,2019,특정사안,지역토착비리 등 기동점검 Ⅲ,pdf
S02314,감사원,BAI,20190605_[특정사안]_지역토착비리 등 기동점검(Ⅳ)_2321.pdf,.pdf,1370541,7fe2111b768bff61cf743c6e3f0f13ee304fc13a78299ca16ae1c7bb99c149a3,2321,2019,특정사안,지역토착비리 등 기동점검(Ⅳ),pdf
S02315,감사원,BAI,20190610_[특정사안]_화성시 수목장 설치 허가 관련_2322.pdf,.pdf,331181,799824652ed0f851ab9c15855e98e4f6747ea98556c41fd5ac3c01f011687dc0,2322,2019,특정사안,화성시 수목장 설치 허가 관련,pdf
S02316,감사원,BAI,20190611_[특정사안]_ㅇㅇ에 대한 자율학교 지정 등 관련 공익감사청구_2324.pdf,.pdf,619241,6a065a0ddfb097e614487a7eea9b0527baeecd4be1791dabf4876fb38b38f630,2324,2019,특정사안,ㅇㅇ에 대한 자율학교 지정 등 관련 공익감사청구,pdf
S02317,감사원,BAI,20190611_[특정사안]_논산시 건축신고 부당 수리 및 불법 펜션 영업행위 방치 등 관련_2325.pdf,.pdf,821796,b47f221ad801e293cab36f52ab788499006fd317fff92724c679b3320e878e42,2325,2019,특정사안,논산시 건축신고 부당 수리 및 불법 펜션 영업행위 방치 등 관련,pdf
S02318,감사원,BAI,20190612_[특정사안]_건축허가 업무 등 부당처리 관련_2326.pdf,.pdf,672491,fe6c59afd4e61111e8ab4e020b1c1bc0c261d33b32589d927aa7eb412356ac85,2326,2019,특정사안,건축허가 업무 등 부당처리 관련,pdf
S02319,감사원,BAI,20190613_[특정사안]_제주국제자유도시개발센터 면세점 운영실태_2327.pdf,.pdf,950398,628f923a496a2292501b5c2445e17423e788f7422dc01e65e700b1a53e546e0b,2327,2019,특정사안,제주국제자유도시개발센터 면세점 운영실태,pdf
S02320,감사원,BAI,20190618_[특정사안]_소방안전관리자 및 소방시설공사 등 관리감독실태_2328.pdf,.pdf,1301652,5fa2cb415697d2894ef6c1c173bb7b0a2e411ffd54491ed17299fa460f3fe2ca,2328,2019,특정사안,소방안전관리자 및 소방시설공사 등 관리감독실태,pdf
S02321,감사원,BAI,20190619_[기관정기]_중부지방국세청 기관운영감사_2329.pdf,.pdf,3463340,afb803e87242f59e018c4dd14befec723594e3caec7ba8d20a082dcb0eb39f07,2329,2019,기관정기,중부지방국세청 기관운영감사,pdf
S02322,감사원,BAI,20190620_[특정사안]_관세심사 등 업무처리실태_2330.pdf,.pdf,7182951,9008083f627bd5fa719d346edc08e02056e0e19928eca4fbad167e281d65b2be,2330,2019,특정사안,관세심사 등 업무처리실태,pdf
S02323,감사원,BAI,20190624_[특정사안]_광주광역시 남구 종합청사 개발사업 관련 공익감사청구_2331.pdf,.pdf,728336,a7694afa300ea41786e5d3a138484128d98614e03909dac9331b2793123778bd,2331,2019,특정사안,광주광역시 남구 종합청사 개발사업 관련 공익감사청구,pdf
S02324,감사원,BAI,20190625_[특정사안]_대기분야 측정대행업체 관리실태_2332.pdf,.pdf,2133916,812ea1903b57c8518a4eee3f632e78ddb1bfa3d5ee75109277ae47661248c0de,2332,2019,특정사안,대기분야 측정대행업체 관리실태,pdf
S02325,감사원,BAI,20190626_[특정사안]_토석채취허가 등 업무 처리실태_2333.pdf,.pdf,846689,67f946b64b68ce3d9916c2899f4ce177536e163f3f5dee7b5968f6ada2863913,2333,2019,특정사안,토석채취허가 등 업무 처리실태,pdf
S02326,감사원,BAI,20190627_[기관정기]_국민건강보험공단 기관운영감사_2334.pdf,.pdf,1922052,3d21fc5f087d588759eef00920c18869a8b66639689e6f7e5607ab73fe9022dc,2334,2019,기관정기,국민건강보험공단 기관운영감사,pdf
S02327,감사원,BAI,20190702_[특정사안]_열수송관 안전관리실태_2335.pdf,.pdf,946736,a0ebf51448a46d65dccf71ee5471022b9131df3ae4e8a7cf68ad09d1a99d6970,2335,2019,특정사안,열수송관 안전관리실태,pdf
S02328,감사원,BAI,20190704_[기관정기]_산림청 기관운영감사_2366_v1.pdf,.pdf,2240480,43f5af1c072364e0b26a9a899c2eb0993ef6a04887775448a5afe561bc46f97f,2366,2019,기관정기,산림청 기관운영감사,pdf
S02329,감사원,BAI,20190704_[기관정기]_산림청 기관운영감사_2366_v2.pdf,.pdf,474902,abcd509b3d4e7254248d2c4d0cd0dc93bcdf4492e19a2346aeece014ab5ccbbe,2366,2019,기관정기,산림청 기관운영감사,pdf
S02330,감사원,BAI,20190709_[특정사안]_지방자치단체 전환기 취약분야 특별점검Ⅵ_2336.pdf,.pdf,985238,208780b9d24623abf0f5b4ea6e11368ef020e263ca9d9e9c30809f6a82775d92,2336,2019,특정사안,지방자치단체 전환기 취약분야 특별점검Ⅵ,pdf
S02331,감사원,BAI,20190710_[특정사안]_기업부설연구소 인정 및 사후관리 실태_2337.pdf,.pdf,938081,cb7d6974e894e9b64e07f113160d44437ffa7c1992782666b425c943a0671aa2,2337,2019,특정사안,기업부설연구소 인정 및 사후관리 실태,pdf
S02332,감사원,BAI,20190711_[기관정기]_중소벤처기업진흥공단 기관운영감사_2338.pdf,.pdf,2295322,c552652010f18c3e293861ad1012b5ba6b15086195fc84402676b5c33574e42a,2338,2019,기관정기,중소벤처기업진흥공단 기관운영감사,pdf
S02333,감사원,BAI,20190715_[특정사안]_체육시설업 변경등록처분 관련 감사제보사항_2339.pdf,.pdf,313062,fb684081165628c1a56571d2ca0f66ac96f47edae4d91d682638a98cfd9b8c39,2339,2019,특정사안,체육시설업 변경등록처분 관련 감사제보사항,pdf
S02334,감사원,BAI,20190716_[특정사안]_수출입금융 지원 및 관리실태_2341.pdf,.pdf,3246208,a1cb04a1352ba2c74910100eaa4857a6f070eccb9c5d1db4ad8fcc11a05621df,2341,2019,특정사안,수출입금융 지원 및 관리실태,pdf
S02335,감사원,BAI,20190717_[특정사안]_지방자치단체 전환기 취약분야 특별점검Ⅲ_2342.pdf,.pdf,745845,706f42309d4ab49bf91d250f75d869c1add7d36025321d4c04a5bf41beb6205b,2342,2019,특정사안,지방자치단체 전환기 취약분야 특별점검Ⅲ,pdf
S02336,감사원,BAI,20190718_[특정사안]_교통약자보호구역 등 보행자 안전관리실태_2343.pdf,.pdf,8135886,bca504d115cd2cc3178b351e5390a5ff1a41e962ab4def430a04b26a20f1c6a5,2343,2019,특정사안,교통약자보호구역 등 보행자 안전관리실태,pdf
S02337,감사원,BAI,20190723_[특정사안]_충주 ㄱ조성사업에 따른 충주세계무술공원 사용허가 등 관련_2345.pdf,.pdf,497388,7e6d2624da275d3341d167f91cee7767eb364d1ce632e1739e623a51db521ae7,2345,2019,특정사안,충주 ㄱ조성사업에 따른 충주세계무술공원 사용허가 등 관련,pdf
S02338,감사원,BAI,20190724_[특정사안]_지방자치단체 전환기 취약분야 특별점검Ⅱ_2346.pdf,.pdf,1327100,5006a3c15dfc6a5f93a13caf9205b126a108a74ae50333836e31f9b89645b901,2346,2019,특정사안,지방자치단체 전환기 취약분야 특별점검Ⅱ,pdf
S02339,감사원,BAI,"20190725_[기관정기]_한국국제교류재단, 재외동포재단 기관운영감사_2347.pdf",.pdf,1490712,1b5993e0d823e50ee3e2d80d7e4200c5a19c3183dda6089a707b6bc7bc76e3c2,2347,2019,기관정기,"한국국제교류재단, 재외동포재단 기관운영감사",pdf
S02340,감사원,BAI,20190730_[특정사안]_전력화지원요소 등 획득실태 기동점검_2348.pdf,.pdf,1189238,c576f27bf8ea39d4d5f48191e51a4008a394e05f80fbe3d965f7f5314b0bce1a,2348,2019,특정사안,전력화지원요소 등 획득실태 기동점검,pdf
S02341,감사원,BAI,20190731_[특정사안]_지방자치단체 전환기 취약분야 특별점검 Ⅳ_2349.pdf,.pdf,1722915,2c80446476fc9c4897f7c7e86907c9119566bf66e075a19e25ee6d73aafdd2c6,2349,2019,특정사안,지방자치단체 전환기 취약분야 특별점검 Ⅳ,pdf
S02342,감사원,BAI,20190801_[기관정기]_대전·부산교육청 기관운영감사_2350.pdf,.pdf,710418,aaa0750928611b58ad84fca2ed6bd28ea9e537af74cf5545ae79b403ebbd193c,2350,2019,기관정기,대전·부산교육청 기관운영감사,pdf
S02343,감사원,BAI,20190807_[특정사안]_영양 AWP 풍력발전단지 협의업무 처리실태_2351.pdf,.pdf,960321,6ea8e54f5a9bfdf825016b9fd323ca19e9b24b2f6ddd41f6320d3629fad7049e,2351,2019,특정사안,영양 AWP 풍력발전단지 협의업무 처리실태,pdf
S02344,감사원,BAI,20190813_[특정사안]_기획재정부 및 조세심판원 관련 감사제보 등 조사_2352.pdf,.pdf,2169162,e6a43e46a86da4c93956771d063db3f5b9f5160ff3831f418f9d4075141b8426,2352,2019,특정사안,기획재정부 및 조세심판원 관련 감사제보 등 조사,pdf
S02345,감사원,BAI,20190819_[기관정기]_방송통신위원회 기관운영감사_2353.pdf,.pdf,1443269,26134d0d3767064544634acdd9a9ee71e0a95e4960ec649aca1515e11f67397a,2353,2019,기관정기,방송통신위원회 기관운영감사,pdf
S02346,감사원,BAI,20190820_[특정사안]_부패행위 신고사항 조사_2354.pdf,.pdf,699321,e068e9001408831af1bb93b1e86a11bfc2f5a1d2de3910b1a6553259945ae92d,2354,2019,특정사안,부패행위 신고사항 조사,pdf
S02347,감사원,BAI,"20190821_[특정사안]_지방자치단체 전환기 취약분야 특별점검(1, 7, 8)_2654_v1.pdf",.pdf,3104191,675ddae6b45d051ea73b365f42de509e1a53e714f195ed944b6c8ac65d1f6269,2654,2019,특정사안,"지방자치단체 전환기 취약분야 특별점검(1, 7, 8)",pdf
S02348,감사원,BAI,"20190821_[특정사안]_지방자치단체 전환기 취약분야 특별점검(1, 7, 8)_2654_v2.pdf",.pdf,981142,073afb42b4afc2dca1740184da033c53cc89a1be90bc502c9c222021229a6ea8,2654,2019,특정사안,"지방자치단체 전환기 취약분야 특별점검(1, 7, 8)",pdf
S02349,감사원,BAI,"20190821_[특정사안]_지방자치단체 전환기 취약분야 특별점검(1, 7, 8)_2654_v3.pdf",.pdf,2218417,bb34a38825b2890ae8215d7f1d99e6b89f7b92bc3b30befc57f73ac67b1c1e66,2654,2019,특정사안,"지방자치단체 전환기 취약분야 특별점검(1, 7, 8)",pdf
S02350,감사원,BAI,20190826_[특정사안]_농산물 가격안정 보조금 지원사업 관리실태_2355_v1.pdf,.pdf,353124,a5589244bdb3f144112a583e7a62f929bb3090ae11daa05a76af613a5a8aa04b,2355,2019,특정사안,농산물 가격안정 보조금 지원사업 관리실태,pdf
S02351,감사원,BAI,20190826_[특정사안]_농산물 가격안정 보조금 지원사업 관리실태_2355_v2.pdf,.pdf,1195861,0a021edf76a322c88fd38aeef79fd7a1b73b13d5dafa60158f8d47056137eab4,2355,2019,특정사안,농산물 가격안정 보조금 지원사업 관리실태,pdf
S02352,감사원,BAI,20190827_[특정사안]_농촌폐비닐 재활용시설 위탁·관리 실태(국회감사요구)_2357.pdf,.pdf,630405,0384061c49cae9b9393bd6e5adaff60dcf320c802f09e54c32dca395e5c33fa3,2357,2019,특정사안,농촌폐비닐 재활용시설 위탁·관리 실태(국회감사요구),pdf
S02353,감사원,BAI,20190827_[특정사안]_대구 물산업클러스터 위탁운영기관 선정 실태(국회감사요구)_2356.pdf,.pdf,592975,c2ef1d473f0fd7231d875bca8f9c78c4c68f5da3bad2a27092bccd5e49b08863,2356,2019,특정사안,대구 물산업클러스터 위탁운영기관 선정 실태(국회감사요구),pdf
S02354,감사원,BAI,20190829_[성과]_사행산업 관련 도박문제 예방 및 관리 실태_2358.pdf,.pdf,2254902,9ef77710690bb2f73004311e2dd55ef95af18d6ecfe7c50b7289b0d505ef9e3c,2358,2019,성과,사행산업 관련 도박문제 예방 및 관리 실태,pdf
S02355,감사원,BAI,20190902_[기타서면]_변상판정청구사항 등 조사 및 처리_2360.pdf,.pdf,1026359,9d6c85dd30f345aa8fb071b088187ce8ed4e8bf46228097760d268316af8f823,2360,2019,기타서면,변상판정청구사항 등 조사 및 처리,pdf
S02356,감사원,BAI,20190903_[특정사안]_부산광역시 기장군 공사 수의계약 관련 감사제보사항_2359.pdf,.pdf,1243603,324f84bd9de3b92ef9882587046beb641c5766e0b4fc063d4b4f8f073469b677,2359,2019,특정사안,부산광역시 기장군 공사 수의계약 관련 감사제보사항,pdf
S02357,감사원,BAI,20190904_[특정사안]_중앙선거관리위원회 ODA 사업추진 및 관리·감독실태_2361.pdf,.pdf,894039,336bd6e163f27429a884328d084e54432b5a6fcec0818882b4843cee452a6eaf,2361,2019,특정사안,중앙선거관리위원회 ODA 사업추진 및 관리·감독실태,pdf
S02358,감사원,BAI,20190905_[특정사안]_K-11 복합형소총 사업 추진 실태_2362.pdf,.pdf,1123603,e67accfe8828215e3c24c56279f572f969f235e440de52dd057031e1dec9cf48,2362,2019,특정사안,K-11 복합형소총 사업 추진 실태,pdf
S02359,감사원,BAI,20190909_[특정사안]_시흥은계지구 공장이주대책용지 공급 실태 등_2363.pdf,.pdf,496698,3cf934666a9895ed9f92463b0642a196d2ae2a28c84ad3b0dda5c7a0497e419f,2363,2019,특정사안,시흥은계지구 공장이주대책용지 공급 실태 등,pdf
S02360,감사원,BAI,20190910_[특정사안]_철도안전 관리실태_2424.pdf,.pdf,3084573,192a8731f503867348a43045ab3a4aab88f803a0941ea83ed3d24f66b445ad3f,2424,2019,특정사안,철도안전 관리실태,pdf
S02361,감사원,BAI,20190917_[특정사안]_세종시 ㅇ면 축사허가 관련_2364.pdf,.pdf,1062212,d2719491b841cf8bc662199d2daac7d4327ea929e40396f92ceac2d95befb96e,2364,2019,특정사안,세종시 ㅇ면 축사허가 관련,pdf
S02362,감사원,BAI,20190919_[기관정기]_국방부 기관운영감사_2365.hwp,.hwp,1310720,233d8a1083373c638dd3e1d8c7e1227dc3c315fcfb2dc2605faea439750be721,2365,2019,기관정기,국방부 기관운영감사,hwp
S02363,감사원,BAI,20190924_[특정사안]_기업불편·민원 야기 규제 운영실태Ⅰ_2368.pdf,.pdf,1497756,d20aeb8cbb59b84b7c7ebd3ad40b6cfc7a3bf22107159fe387759687aa2e01e2,2368,2019,특정사안,기업불편·민원 야기 규제 운영실태Ⅰ,pdf
S02364,감사원,BAI,20190925_[특정사안]_직무관련 부당 금전 차용 등 관련 감사제보사항_2367.pdf,.pdf,591547,983b96c9c872bfbf28ba175b943527c141bbae23bbd9236dcaf765b34c632507,2367,2019,특정사안,직무관련 부당 금전 차용 등 관련 감사제보사항,pdf
S02365,감사원,BAI,20190930_[특정사안]_비정규직의 채용 및 정규직 전환 등 관리 실태(서울교통공사 등 5개 기관)_2370.pdf,.pdf,5017870,22639bd0ce9f8f1b405d20c08c31aef3621d2f3461c7d3ffce6e61b6990319ae,2370,2019,특정사안,비정규직의 채용 및 정규직 전환 등 관리 실태(서울교통공사 등 5개 기관),pdf
S02366,감사원,BAI,20191001_[특정사안]_지방자치단체 전환기 취약분야 특별점검 Ⅴ_2371.pdf,.pdf,4026186,2206abf790f74f0fba328688fcf3fa8584911095df8431347671c88e043279a0,2371,2019,특정사안,지방자치단체 전환기 취약분야 특별점검 Ⅴ,pdf
S02367,감사원,BAI,20191002_[특정사안]_김포한강신도시 조경수 부실시공 관련_2372.pdf,.pdf,444328,ae8ef888312c4b812624034fa09c632a02254446ed2828f5d1d43715416b5209,2372,2019,특정사안,김포한강신도시 조경수 부실시공 관련,pdf
S02368,감사원,BAI,20191007_[특정사안]_서울특별시 베란다형 태양광 미니발전소 보급사업 추진 실태_2373.pdf,.pdf,1426510,d817d963656992ffa24e2d3ce0d8251fc0a8fab2b75057207df6244dfc4b4951,2373,2019,특정사안,서울특별시 베란다형 태양광 미니발전소 보급사업 추진 실태,pdf
S02369,감사원,BAI,20191014_[특정사안]_하동지구 ㄱ산업단지개발사업 추진 관련 공익감사청구_2374.pdf,.pdf,957937,efa62f0eaf953bb2d675cdb2e379cca9c714ec49758a6386f51df204fbd4b638,2374,2019,특정사안,하동지구 ㄱ산업단지개발사업 추진 관련 공익감사청구,pdf
S02370,감사원,BAI,20191015_[기관정기]_중소기업은행 기관운영감사_2376.pdf,.pdf,1465808,8adccec4995d449289780ac2a66cc59bb1cc1910c69e2e5ecbe4006f4e05a083,2376,2019,기관정기,중소기업은행 기관운영감사,pdf
S02371,감사원,BAI,20191015_[특정사안]_농림수산업자 보증업무 지원실태_2375.pdf,.pdf,2193258,fac22d275e983b3879dc3725a0196083702db7e64888f6dee8d176f49f8320f9,2375,2019,특정사안,농림수산업자 보증업무 지원실태,pdf
S02372,감사원,BAI,20191017_[기관정기]_중앙선거관리위원회 기관운영감사_2377_v1.pdf,.pdf,727113,05e8f3c95633e8633d6e797f180fd3722667faa057e13bc498170daac67ce38a,2377,2019,기관정기,중앙선거관리위원회 기관운영감사,pdf
S02373,감사원,BAI,20191017_[기관정기]_중앙선거관리위원회 기관운영감사_2377_v2.pdf,.pdf,2067485,db1933afdb753fc775f5fb46748ea2f5977bce37aaec1ddf9e5c95e72d2b14c8,2377,2019,기관정기,중앙선거관리위원회 기관운영감사,pdf
S02374,감사원,BAI,20191017_[특정사안]_경주시 시내버스 보조금 부당 지원 의혹 관련 특정감사_2378.pdf,.pdf,591091,5d323b19ee370addf8fac9eded611cd2d38ae1e0cead365c5febc3b6be9cf71a,2378,2019,특정사안,경주시 시내버스 보조금 부당 지원 의혹 관련 특정감사,pdf
S02375,감사원,BAI,20191022_[기관정기]_한국수산자원공단 기관운영감사_2380.pdf,.pdf,2229726,15be2028b03b9e1356b0b1fc0c40ab9e326b854be83c81037ef2c11a33e64aa4,2380,2019,기관정기,한국수산자원공단 기관운영감사,pdf
S02376,감사원,BAI,20191022_[특정사안]_경제분야 출연연구기관 운영실태_2379.pdf,.pdf,1665344,5134a0f8447458947d0235631f84221d18023b2f91b29f1e8bdd903448e2ed3a,2379,2019,특정사안,경제분야 출연연구기관 운영실태,pdf
S02377,감사원,BAI,20191023_[기관정기]_국세청 본청 기관운영감사_2382.pdf,.pdf,1864477,c5b50b276b15834aec97b740a1d8a0c62c5fa1094e3183412ad655517adbd258,2382,2019,기관정기,국세청 본청 기관운영감사,pdf
S02378,감사원,BAI,20191024_[특정사안]_불공정거래 조사·처리실태(하도급·가맹·유통분야)_2383.pdf,.pdf,1583525,1762ae62aa606aee70aee11ae28c27e761844f9710e43d5e19597abc8e3633d9,2383,2019,특정사안,불공정거래 조사·처리실태(하도급·가맹·유통분야),pdf
S02379,감사원,BAI,20191028_[특정사안]_고용장려금 지원 및 관리실태_2420.pdf,.pdf,1398301,1d1ccf4b038eaf628a7f738bc153e148fb6318d6f1d2ef427e4f51f48821ca57,2420,2019,특정사안,고용장려금 지원 및 관리실태,pdf
S02380,감사원,BAI,20191029_[특정사안]_직업교육 추진 및 관리실태_2384.pdf,.pdf,3236570,0431e96b65cdd457f83b6add38c3591fc61175cd8fd340bfac8ccc209f2bac4f,2384,2019,특정사안,직업교육 추진 및 관리실태,pdf
S02381,감사원,BAI,20191030_[특정사안]_정보공유 등 데이터기반 행정 추진 실태_2385.pdf,.pdf,1221941,94263682868b9e6f29879082645d59ba7a1c7d34412b825e971226924a9ac5fb,2385,2019,특정사안,정보공유 등 데이터기반 행정 추진 실태,pdf
S02382,감사원,BAI,20191031_[기관정기]_보건복지부 기관운영감사_2386.pdf,.pdf,1451170,c808deeb3364a37be24ef1ce22382f693746d16d24fb0144dab6d9050ea86477,2386,2019,기관정기,보건복지부 기관운영감사,pdf
S02383,감사원,BAI,20191031_[특정사안]_포항시 국지도 ㅇ호선 노선 변경 관련_2387.pdf,.pdf,720218,ae56b45e38db47facb28832a560daf9892f7f5c86740f2d357a6904a44802ed8,2387,2019,특정사안,포항시 국지도 ㅇ호선 노선 변경 관련,pdf
S02384,감사원,BAI,20191104_[재무]_대법원 재무감사_2388.pdf,.pdf,982467,4631aa096f9857217a5167cc354b68301181e238e8ad0ac4c9962eee3b266064,2388,2019,재무,대법원 재무감사,pdf
S02385,감사원,BAI,20191105_[특정사안]_단양군 아로니아 육성사업 추진실태_2389.pdf,.pdf,401242,3d54dca5adc234e0ac6b640fba6dfb6d42f849a96b1658545eef4ef377720fd8,2389,2019,특정사안,단양군 아로니아 육성사업 추진실태,pdf
S02386,감사원,BAI,20191106_[기관정기]_오산시여주시 기관운영감사_2391.pdf,.pdf,853054,e381a89b97fe91a4a9f1225f96eaed877afe9641b4a5ab87d02268171018ab62,2391,2019,기관정기,오산시여주시 기관운영감사,pdf
S02387,감사원,BAI,20191107_[기타서면]_변상판정 청구사항 조사 및 처리_2390.pdf,.pdf,331596,719eca245cc08f55ae45715bc57f7547ea1cc6f4871be0bec8fc7e380a11747b,2390,2019,기타서면,변상판정 청구사항 조사 및 처리,pdf
S02388,감사원,BAI,20191112_[기관정기]_부산지방국세청 기관운영감사_2392.pdf,.pdf,943578,44234564b4806050ed9a6bbe699d52676db77aab6f2a23c8d2a22f37b3cfdfc9,2392,2019,기관정기,부산지방국세청 기관운영감사,pdf
S02389,감사원,BAI,20191114_[기타서면]_2018회계연도 공공기관 결산검사_2393.pdf,.pdf,399662,db911c2f0a67e387266993e57abfeafede906656e5a8a1c75049fe622f2276e4,2393,2019,기타서면,2018회계연도 공공기관 결산검사,pdf
S02390,감사원,BAI,20191119_[성과]_보호대상아동 지원실태_2661.pdf,.pdf,2704014,169e8506c5c804525d33aff211ebebf83b99e62948fb8c63244bb9207a09f991,2661,2019,성과,보호대상아동 지원실태,pdf
S02391,감사원,BAI,20191120_[기타서면]_변상판정 청구사항 조사 및 처리_2394.pdf,.pdf,450464,54f144ecab3b844941baf058739896e63676c17fcdd628c43a897015cac2a31f,2394,2019,기타서면,변상판정 청구사항 조사 및 처리,pdf
S02392,감사원,BAI,20191121_[특정사안]_국민건강보험공단의 부실감사 등 의혹 관련(국민감사청구)_2395.pdf,.pdf,360573,22ad31d0e190c0c9fedb576ec20ecd09dfaae16d940d1b48a2d1cf4b02bbb6fb,2395,2019,특정사안,국민건강보험공단의 부실감사 등 의혹 관련(국민감사청구),pdf
S02393,감사원,BAI,20191126_[기관정기]_평창군 및 화천군 기관운영감사_2396.pdf,.pdf,672567,e2802da95c55aeb16e53c9cee284b60d486bad22c13cc1f7a96a40bac58ae53c,2396,2019,기관정기,평창군 및 화천군 기관운영감사,pdf
S02394,감사원,BAI,20191127_[특정사안]_천안시 가축분뇨공공처리시설 설치 사업 적정 여부 관련_2397.pdf,.pdf,532359,58899a710dff58d2f316d2a76f34c90a6035cd8cd6ec8f97c11dc655d83e914b,2397,2019,특정사안,천안시 가축분뇨공공처리시설 설치 사업 적정 여부 관련,pdf
S02395,감사원,BAI,20191128_[기관정기]_광주광역시 기관운영감사_2398.pdf,.pdf,1523425,786e4eb6061fce7742bc9d0583382cb702698becf10b1417a3d5e2012e01ae93,2398,2019,기관정기,광주광역시 기관운영감사,pdf
S02396,감사원,BAI,20191203_[기관정기]_강북구·금천구 기관운영감사_2399.pdf,.pdf,1139340,0a3178fbffab0beed58ed72bb07970c32d32d571faa9eb8c342de063e2903d0a,2399,2019,기관정기,강북구·금천구 기관운영감사,pdf
S02397,감사원,BAI,20191204_[특정사안]_연초 줄기·뿌리 추출 전자담배 니코틴 용액의 수입 및 관리 실태_2400.pdf,.pdf,691062,65bfb9cc83fe9d670992f1689f6dadee53bc08aa03427fc5a976733e52be6470,2400,2019,특정사안,연초 줄기·뿌리 추출 전자담배 니코틴 용액의 수입 및 관리 실태,pdf
S02398,감사원,BAI,20191205_[특정사안]_지자체 주요정책·사업 등 추진상황 특별 점검_2409_v1.pdf,.pdf,3058965,2937ac3fae38f23c96c7d1785eb45754001de4c87042786aaa2316f7f42d357c,2409,2019,특정사안,지자체 주요정책·사업 등 추진상황 특별 점검,pdf
S02399,감사원,BAI,20191205_[특정사안]_지자체 주요정책·사업 등 추진상황 특별 점검_2409_v2.pdf,.pdf,558468,8bcc13e3d81410cfa5dcbee7df1be88f8ccb60e34f0481acfc7d94128235fc0d,2409,2019,특정사안,지자체 주요정책·사업 등 추진상황 특별 점검,pdf
S02400,감사원,BAI,20191205_[특정사안]_한국자산관리공사 부실자산 관리실태_2401.pdf,.pdf,1175057,87410b70e94335b28dc2f6a3d166edeec94894026ee8f1d267ea3824e4d64651,2401,2019,특정사안,한국자산관리공사 부실자산 관리실태,pdf
S02401,감사원,BAI,20191210_[기관정기]_고양시 기관운영감사_2402.pdf,.pdf,613173,98c804d463c67c3e937258815e5160e97eff2c882aebdcefc224690d0b17ae9d,2402,2019,기관정기,고양시 기관운영감사,pdf
S02402,감사원,BAI,20191212_[특정사안]_특수의료용도등식품 관련 감사제보사항_2403.pdf,.pdf,379247,4d33566e02f9d1ad6970b70602be2641ab6ddc7ebe03d49e6091fe24d2138eb9,2403,2019,특정사안,특수의료용도등식품 관련 감사제보사항,pdf
S02403,감사원,BAI,20191216_[기타서면]_입지보조금 관련 손망실 통보사항_2404.pdf,.pdf,341619,b2fb69b5c1985c979e8cfa57bead3cf04cfcf4fa7db5ef14e601cc634bd679f8,2404,2019,기타서면,입지보조금 관련 손망실 통보사항,pdf
S02404,감사원,BAI,20191217_[성과]_자전거 이용 및 안전관리 실태_2405.pdf,.pdf,1390977,854e0f3ca9468be02134edf0f8e0fb01d75006edaa4dbd102660f75b979bc037,2405,2019,성과,자전거 이용 및 안전관리 실태,pdf
S02405,감사원,BAI,20191218_[기관정기]_인사혁신처 기관운영감사_2406.pdf,.pdf,1708999,fa4934c4e49b6cb5e5055681cffdd21cd0de20fe7fc272ef4e493ead647c3355,2406,2019,기관정기,인사혁신처 기관운영감사,pdf
S02406,감사원,BAI,20191218_[특정사안]_서귀포시 건축허가 관련 감사제보 감사_2407.pdf,.pdf,433834,7b8fd80dc376d322338dbe94a1dac624c3dded036bcd003b09a3de99d6f66125,2407,2019,특정사안,서귀포시 건축허가 관련 감사제보 감사,pdf
S02407,감사원,BAI,20191219_[특정사안]_요양병원 운영 및 급여관리 실태_2408.pdf,.pdf,2051726,f3462ff1133ee0453973cb6426ccdcc7fdf66e570ddbe77516c985678a1dae40,2408,2019,특정사안,요양병원 운영 및 급여관리 실태,pdf
S02408,감사원,BAI,20191223_[특정사안]_춘천시 건설 인허가 관련 공익감사청구_2410.pdf,.pdf,758159,c0c517eb1931a9cfb56dbc9a00fa1e7e80ddf2f8961d24dedb2b6dd780266487,2410,2019,특정사안,춘천시 건설 인허가 관련 공익감사청구,pdf
S02409,감사원,BAI,20191226_[특정사안]_공공기관 불공정관행 및 규제 점검Ⅰ~Ⅳ_2421_v1.pdf,.pdf,2044676,a962b15914fa83f9fffd0fed48cb6101dd3ff6a7a73bfbd766baa6573b035001,2421,2019,특정사안,공공기관 불공정관행 및 규제 점검Ⅰ~Ⅳ,pdf
S02410,감사원,BAI,20191226_[특정사안]_공공기관 불공정관행 및 규제 점검Ⅰ~Ⅳ_2421_v2.pdf,.pdf,1946141,1e2d02a3dd89ed1f5a693a88601397343836da4df5603b7d5f89555aaf2debed,2421,2019,특정사안,공공기관 불공정관행 및 규제 점검Ⅰ~Ⅳ,pdf
S02411,감사원,BAI,20191226_[특정사안]_공공기관 불공정관행 및 규제 점검Ⅰ~Ⅳ_2421_v3.pdf,.pdf,1619016,bd6313436816a5d7f6b32dfef743410d6b5ae6ae27d6e608c8635117f3241eb8,2421,2019,특정사안,공공기관 불공정관행 및 규제 점검Ⅰ~Ⅳ,pdf
S02412,감사원,BAI,20191226_[특정사안]_공공기관 불공정관행 및 규제 점검Ⅰ~Ⅳ_2421_v4.pdf,.pdf,1543260,907ac4ba89e142c5497f74a568940881575956968b37d99f083f284b74f501a1,2421,2019,특정사안,공공기관 불공정관행 및 규제 점검Ⅰ~Ⅳ,pdf
S02413,감사원,BAI,20191226_[특정사안]_공공기관 불공정관행 및 규제 점검Ⅰ~Ⅳ_2421_v5.pdf,.pdf,312042,e16c91e6b4623b012d55130d596f9538c1790b127f0f902ec85c6537e9787d17,2421,2019,특정사안,공공기관 불공정관행 및 규제 점검Ⅰ~Ⅳ,pdf
S02414,감사원,BAI,20191230_[특정사안]_농산촌 개발 등 농산촌 지원사업 추진실태_2411.pdf,.pdf,7771236,97ac878cb4f426a2813e77cec76b71aff39d4433494d60341e5aa3a62846d306,2411,2019,특정사안,농산촌 개발 등 농산촌 지원사업 추진실태,pdf
S02415,감사원,BAI,20200107_[특정사안]_조달분야 불공정행위 및 규제 점검_2412.pdf,.pdf,2060993,4bd335fddf8c8cb97cd97e9eb6503d32c72b1c0205a1df7d1208df7fd1fd7334,2412,2020,특정사안,조달분야 불공정행위 및 규제 점검,pdf
S02416,감사원,BAI,20200109_[특정사안]_전력공급시설 안전관리실태_2415.pdf,.pdf,5030710,7a759ed85bf62bfc87ce734e8af19910171e8dedddce60f151f2b27d9d67ec6b,2415,2020,특정사안,전력공급시설 안전관리실태,pdf
S02417,감사원,BAI,20200115_[특정사안]_대한건설기계안전관리원의 비위행위 관련_2413.pdf,.pdf,514483,2b6747fed247c98a895d6dfb39ff2148568522d3f480e3096d78a09692140937,2413,2020,특정사안,대한건설기계안전관리원의 비위행위 관련,pdf
S02418,감사원,BAI,20200116_[특정사안]_재외공관 및 외교부 본부 운영실태_2522_v1.pdf,.pdf,1654314,d10dfc7685404e67cb42dd8e51b8de1d0affc398d1891894a06c25db887d5645,2522,2020,특정사안,재외공관 및 외교부 본부 운영실태,pdf
S02419,감사원,BAI,20200116_[특정사안]_재외공관 및 외교부 본부 운영실태_2522_v2.pdf,.pdf,462747,9fc24a809ea02962fba973c009f7b6f33d0c771af9e2cdf507d5122cacffbaaf,2522,2020,특정사안,재외공관 및 외교부 본부 운영실태,pdf
S02420,감사원,BAI,20200121_[기관정기]_경상남도 기관운영감사_2655.pdf,.pdf,1674447,3d6702d04c9bab9d130e714e2058afca496902d3457d94f8a0aff6d175c9d527,2655,2020,기관정기,경상남도 기관운영감사,pdf
S02421,감사원,BAI,20200122_[특정사안]_폐기물 관리 및 재활용 실태_2416.pdf,.pdf,5583289,01fc98212709a7cf11973af3e2009c9c2849814a0c9ed05733401a37f158448e,2416,2020,특정사안,폐기물 관리 및 재활용 실태,pdf
S02422,감사원,BAI,20200128_[특정사안]_ㄱ도시개발사업 오염토양반출 적정통보의 관계 법령 위반 여부(공익감사청구)_2417.pdf,.pdf,496008,c658af88b2559d381e5e3a933011b42dcafe55e48c65df413f0d4c5dba02efc2,2417,2020,특정사안,ㄱ도시개발사업 오염토양반출 적정통보의 관계 법령 위반 여부(공익감사청구),pdf
S02423,감사원,BAI,20200206_[성과]_금융소비자 보호시책 추진실태_2419.pdf,.pdf,3406982,21f2c50c47eaa9ba5c866ea5cc58afdba9e966bd5d3579b12c93870b809697e3,2419,2020,성과,금융소비자 보호시책 추진실태,pdf
S02424,감사원,BAI,20200213_[특정사안]_국가대표 및 선수촌 등 운영·관리실태_2422.pdf,.pdf,2508242,6aea3b270f69df221dddf58a60b83205cef4ed6ad6d3c813f283869a9057e1e9,2422,2020,특정사안,국가대표 및 선수촌 등 운영·관리실태,pdf
S02425,감사원,BAI,20200217_[특정사안]_구로차량기지 이전사업 전략환경영향평가협의회 구성·운영실태(국민감사청구)_2423.pdf,.pdf,558824,e5c90824f6265f0d0a59a596a9954d165935d94ba4714952523a51172eae8086,2423,2020,특정사안,구로차량기지 이전사업 전략환경영향평가협의회 구성·운영실태(국민감사청구),pdf
S02426,감사원,BAI,20200221_[기관정기]_충청북도 기관운영감사_2425.pdf,.pdf,1304829,2cac9080a882442691ee912db5d6404e3a323eb9903393dfcaad1a99fa83ab06,2425,2020,기관정기,충청북도 기관운영감사,pdf
S02427,감사원,BAI,20200225_[특정사안]_재정조기집행 점검_2426.pdf,.pdf,846652,ed2e6f43cb30bd72a0f2be4ed585b6afa89e3e6819d9e8a8d64c0cf924a7c15e,2426,2020,특정사안,재정조기집행 점검,pdf
S02428,감사원,BAI,20200227_[성과]_아파트 분양가 상한제 운영실태_2427.pdf,.pdf,1224709,d23715bf476238cb496bd27ed3cc24758b52b68234e38695218e3b3cfe3f92cb,2427,2020,성과,아파트 분양가 상한제 운영실태,pdf
S02429,감사원,BAI,20200303_[특정사안]_과세자료 처리 및 활용실태_2428.pdf,.pdf,1682336,9bebe6c4361366d01231c2ffe5e2b1d478b0eab75f6c5331fde888d3d844f9bd,2428,2020,특정사안,과세자료 처리 및 활용실태,pdf
S02430,감사원,BAI,20200305_[특정사안]_정부재정지원 취약분야 비리점검 Ⅰ(보조금 분야)_2429.pdf,.pdf,1577732,52334ac30ed4f6c5ad51b1d44071f073e676d026a531986cae193233e093235c,2429,2020,특정사안,정부재정지원 취약분야 비리점검 Ⅰ(보조금 분야),pdf
S02431,감사원,BAI,20200310_[특정사안]_국방부의 공공요금 예산 이·전용 등 실태_2430.pdf,.pdf,672323,6ce9388eb8e85cb922075aaf545becf0250b975ff1493ef66fa5820475b4d68d,2430,2020,특정사안,국방부의 공공요금 예산 이·전용 등 실태,pdf
S02432,감사원,BAI,20200310_[특정사안]_방위사업청의 소송배상금 예산 이·전용 실태_2431.pdf,.pdf,713091,f4538fbde6126e956495c60ae0286a8b30789111a5ffbbfa41c7095ec0e86437,2431,2020,특정사안,방위사업청의 소송배상금 예산 이·전용 실태,pdf
S02433,감사원,BAI,20200312_[기관정기]_학교법인한국폴리텍 기관운영감사_2656.pdf,.pdf,1713834,6de2a26ac2d32bfb57c92c2a44def01fd7c9a6b8b4e088707ea7fcdcedfee323,2656,2020,기관정기,학교법인한국폴리텍 기관운영감사,pdf
S02434,감사원,BAI,20200316_[특정사안]_완주군의 폐기물매립장에 대한 관리감독 관련_2432.pdf,.pdf,710991,9b4029d8a5c9772ba6660055f878eb860d7cb1267fd89f6da5b7ba14a80be1db,2432,2020,특정사안,완주군의 폐기물매립장에 대한 관리감독 관련,pdf
S02435,감사원,BAI,20200319_[특정사안]_생활체육 활성화시책 추진실태_2433.pdf,.pdf,479868,857dc0b75d53e3ed4464081cf0eaa7ddca4ad0a09c795fe61bbc0e12c8222937,2433,2020,특정사안,생활체육 활성화시책 추진실태,pdf
S02436,감사원,BAI,20200324_[성과]_소방안전인프라 구축 및 운영실태_2434.pdf,.pdf,2291228,624a1995186265be45162e0a7b534d075a7aadd7fa13238d560c39a512991d12,2434,2020,성과,소방안전인프라 구축 및 운영실태,pdf
S02437,감사원,BAI,20200326_[국민제안]_고용보험기금 파생상품 투자에 대한 관리·감독 실태_2435.pdf,.pdf,1220359,59952639b071b048a5c6c5e0c273067f8dbddc010a8e821aa9e208f5c847d411,2435,2020,국민제안,고용보험기금 파생상품 투자에 대한 관리·감독 실태,pdf
S02438,감사원,BAI,20200327_[특정사안]_강릉시의 공유재산 매각 및 도시관리계획 수립 적정여부 관련_2437.pdf,.pdf,609038,3463d9cf27c3c65278dcd0b6242cae791711ad43f54e184f1acfa7d88a4eb42f,2437,2020,특정사안,강릉시의 공유재산 매각 및 도시관리계획 수립 적정여부 관련,pdf
S02439,감사원,BAI,20200327_[특정사안]_대구광역시 공무원의 무고죄에 대한 경징계 처분 관련_2436.pdf,.pdf,427512,001e49799e33c7126cab53db88bf615df2c59f1c2c53f97f5c0e2e1c48898677,2436,2020,특정사안,대구광역시 공무원의 무고죄에 대한 경징계 처분 관련,pdf
S02440,감사원,BAI,20200330_[특정사안]_해양폐기물 수거 및 관리사업 추진실태_2438.pdf,.pdf,2835852,a3b128c621ac864a0f0ba345c149c72615a616cc494a0f9d855d6cd676d3475e,2438,2020,특정사안,해양폐기물 수거 및 관리사업 추진실태,pdf
S02441,감사원,BAI,20200331_[특정사안]_함박도 군사시설보호구역 지정 등 관리 실태(국회감사요구)_2439.pdf,.pdf,1177338,b6cb38f3fd792c77257165be762821f00dc7390c5092972701785a051f7727c1,2439,2020,특정사안,함박도 군사시설보호구역 지정 등 관리 실태(국회감사요구),pdf
S02442,감사원,BAI,20200401_[특정사안]_포항 지열발전 기술개발사업 추진실태_2440.pdf,.pdf,5027913,829e81741cb4486e14bb9b5bd0674f1b3a5155f79e029c9dddbd75d660b620d3,2440,2020,특정사안,포항 지열발전 기술개발사업 추진실태,pdf
S02443,감사원,BAI,20200407_[기관정기]_세종특별자치시 기관운영감사_2657.pdf,.pdf,824180,02a8ab3e66eaef0aae0102dc4fb27ec6ec3c6fa31790022af4a19d06c137bc20,2657,2020,기관정기,세종특별자치시 기관운영감사,pdf
S02444,감사원,BAI,20200408_[국민제안]_대구◇◇미술관 건립 사업 추진 관련_2441.pdf,.pdf,535819,ede65af187ce5cf2d79f77b81d3d185f085b01b3666c2a77d360e9bfb5a5cc81,2441,2020,국민제안,대구◇◇미술관 건립 사업 추진 관련,pdf
S02445,감사원,BAI,20200416_[특정사안]_감사결과 이행실태_2658.pdf,.pdf,335054,2921e003bed5e36657159fd21a491a98fec183807fa4dd32a830edfdfe2891ae,2658,2020,특정사안,감사결과 이행실태,pdf
S02446,감사원,BAI,20200416_[특정사안]_신설·취약공관 운영 실태_2442.pdf,.pdf,452865,1bb7953a63bd7d672881c27969521bcf33a6ca909a766a90945a6b6526da0062,2442,2020,특정사안,신설·취약공관 운영 실태,pdf
S02447,감사원,BAI,20200417_[기관정기]_서울특별시 기관운영감사_2443.pdf,.pdf,30036856,f055c61184e6d0d1331f85721f1c744ab9ccc728153513fac0d43fe8e3494f24,2443,2020,기관정기,서울특별시 기관운영감사,pdf
S02448,감사원,BAI,20200421_[특정사안]_북한이탈주민 정착지원실태_2444.pdf,.pdf,1078987,d8e0eebb51f3a68ed3c82dc6ea853408df9cd99cd92c68c4748385459dcb6c1f,2444,2020,특정사안,북한이탈주민 정착지원실태,pdf
S02449,감사원,BAI,20200422_[특정사안]_유해화학물질 취급시설 안전관리실태_2445.pdf,.pdf,10156976,94cd04b8173e4068a6bc714338a07fff2e6794d31a8f17aed0d3dedbad04240a,2445,2020,특정사안,유해화학물질 취급시설 안전관리실태,pdf
S02450,감사원,BAI,20200423_[특정사안]_노인요양시설 운영 및 관리실태_2446.pdf,.pdf,2523213,80f6181c16b2194534c5a5141b739a7bed1667498e6db92f4b22c36969844665,2446,2020,특정사안,노인요양시설 운영 및 관리실태,pdf
S02451,감사원,BAI,20200424_[특정사안]_경상남도창원교육지원청 옥상방수공사 관련 감사제보사항_2464.pdf,.pdf,474657,87548afab96741dde5b9721a5f436fec399b8832694f9f3d5e1480dab09caf24,2464,2020,특정사안,경상남도창원교육지원청 옥상방수공사 관련 감사제보사항,pdf
S02452,감사원,BAI,20200427_[국민제안]_학교시설 석면해체·제거 정책 관련 공익감사청구_2447.pdf,.pdf,684792,820b20c429c08c805ef53271e58e50f28c9e43a3b1492114e74a0194da8809fd,2447,2020,국민제안,학교시설 석면해체·제거 정책 관련 공익감사청구,pdf
S02453,감사원,BAI,20200428_[특정사안]_납세자 권리보호 실태_2448.pdf,.pdf,1577916,83f8eacd3fa311940cba0013ed781c7ef3aa58eed63ba83be29aec499c92e111,2448,2020,특정사안,납세자 권리보호 실태,pdf
S02454,감사원,BAI,20200429_[기관정기]_화순군·해남군 기관운영감사_2449.pdf,.pdf,3700036,c65b26c5c13766b859cb1cc98e16a946d8ad084f16d756573436c5b62fc6324c,2449,2020,기관정기,화순군·해남군 기관운영감사,pdf
S02455,감사원,BAI,20200507_[성과]_국가연구개발사업 연구수행규제 개선실태_2450.pdf,.pdf,3498240,546bb71d67d6324c7203d1100b23a75b065938794533165f2c445ce6bd59a99a,2450,2020,성과,국가연구개발사업 연구수행규제 개선실태,pdf
S02456,감사원,BAI,20200512_[성과]_지방교육재정 효율성 및 건전성 제고 실태_2489_v1.pdf,.pdf,2102362,bcad4a9319466ebd589ab54252a7dc247dc4f3955736508b8c2b386ca142b67a,2489,2020,성과,지방교육재정 효율성 및 건전성 제고 실태,pdf
S02457,감사원,BAI,20200512_[성과]_지방교육재정 효율성 및 건전성 제고 실태_2489_v2.pdf,.pdf,269658,b733b651130bfbf50b1bccdd0564c15516419a9e20881aabaf021665573277aa,2489,2020,성과,지방교육재정 효율성 및 건전성 제고 실태,pdf
S02458,감사원,BAI,20200514_[성과]_사회서비스 전자바우처사업 운영실태_2451.pdf,.pdf,1064712,05ebd4d8403eae31cac0a82bd6afb57b26db5760ca408ab520e5de477f2bafac,2451,2020,성과,사회서비스 전자바우처사업 운영실태,pdf
S02459,감사원,BAI,20200518_[기타서면]_변상판정 청구사항 조사 및 처리_2545.pdf,.pdf,518656,3b93c1d9d7c5888c719e388ebec336919b70202b5f04033c14920183585d1c71,2545,2020,기타서면,변상판정 청구사항 조사 및 처리,pdf
S02460,감사원,BAI,20200519_[성과]_부동산 가격공시제도 운용실태_2452.pdf,.pdf,1450005,322f3ce0b8091261a35843674ae8b6a62fc40db387475aab8efcab7541b396fa,2452,2020,성과,부동산 가격공시제도 운용실태,pdf
S02461,감사원,BAI,20200520_[국민제안]_훈민정음마당의 역사왜곡과 예산낭비 관련_2453.pdf,.pdf,718659,47a2c6a7439384b54c05c11302ce615d0aaaeab72ae8d9bfe22b13c9c3b4ae05,2453,2020,국민제안,훈민정음마당의 역사왜곡과 예산낭비 관련,pdf
S02462,감사원,BAI,20200521_[기관정기]_제주특별자치도 기관운영감사_2454.pdf,.pdf,1118156,f62e5b0d22c675d19e3e2ebaaf4f619982b164d4f9b70fd04a0517490491be86,2454,2020,기관정기,제주특별자치도 기관운영감사,pdf
S02463,감사원,BAI,20200521_[기관정기]_해운대구 기관운영감사_2455.pdf,.pdf,1133548,f2a8a9b531129e2baa9a9619e2fd606fb4b1e9d403359503bee0992555273353,2455,2020,기관정기,해운대구 기관운영감사,pdf
S02464,감사원,BAI,20200526_[성과]_조세지출제도 운영실태_2456.pdf,.pdf,1619231,b5bae4d1848db3425f9cf739a2d10c47022118dd9fcc741493e8a0c3c5a19c95,2456,2020,성과,조세지출제도 운영실태,pdf
S02465,감사원,BAI,20200527_[기관정기]_행정안전부 산하기관 기관정기감사(대한지방행정공제회 등 4개 기관)_2457.pdf,.pdf,785115,4e7897de441edfa944cbe9363c1878b39dfd27b9bdb879e1e3b05fb9bbae0c47,2457,2020,기관정기,행정안전부 산하기관 기관정기감사(대한지방행정공제회 등 4개 기관),pdf
S02466,감사원,BAI,20200601_[성과]_중장기 국가재정 운용 및 관리실태_2458.pdf,.pdf,2845002,6dceacfbeb86e9fa42cd9cf0e13fab7a2ad74ef67608d25c6a70fe7814129615,2458,2020,성과,중장기 국가재정 운용 및 관리실태,pdf
S02467,감사원,BAI,20200601_[재무]_2019회계연도 국가결산검사_2470_v1.pdf,.pdf,727138,138a2dce3b36f4322bc3112b28acd4d4e3678c2df926f07831e5ba01aae85d89,2470,2020,재무,2019회계연도 국가결산검사,pdf
S02468,감사원,BAI,20200601_[재무]_2019회계연도 국가결산검사_2470_v2.pdf,.pdf,11815650,097013530e333d66ce645b9a05e33bad80b202c7fad1364974b48858ffb01bfb,2470,2020,재무,2019회계연도 국가결산검사,pdf
S02469,감사원,BAI,20200601_[재무]_2019회계연도 국가결산검사_2470_v3.pdf,.pdf,8341132,84fbc4fbe29d36fede69797c2a49da751c8899a4126fd4fb44882b69a33e2e33,2470,2020,재무,2019회계연도 국가결산검사,pdf
S02470,감사원,BAI,20200601_[재무]_2019회계연도 국가결산검사_2470_v4.pdf,.pdf,473319,10cb05efaf4a9b0580c48178b0f7bdf13f81176e054af13b74478e3a98956010,2470,2020,재무,2019회계연도 국가결산검사,pdf
S02471,감사원,BAI,20200602_[기관정기]_경찰청 기관운영감사_2459.pdf,.pdf,1661107,7220bee2967abfb40754e39108bfd11a071a0726e53d4e735c8c7b0ac1f7c6d3,2459,2020,기관정기,경찰청 기관운영감사,pdf
S02472,감사원,BAI,20200603_[기관정기]_예산군 기관운영감사_2460.pdf,.pdf,1087258,128844d4fe9602f6f04da6c335a3527e58d796a694f7031f06e16c2c8c055467,2460,2020,기관정기,예산군 기관운영감사,pdf
S02473,감사원,BAI,20200604_[특정사안]_부동산 임대소득 등 세원관리실태_2461.pdf,.pdf,1035168,bf50972ab0b6353f1f546d885ff2b2c2ac7faaf576f81a80b24553e4140b9fcb,2461,2020,특정사안,부동산 임대소득 등 세원관리실태,pdf
S02474,감사원,BAI,20200609_[특정사안]_기관 간 업무협조 실태_2462.pdf,.pdf,3862906,86f3216db033e06bc3d7d4e41f0d5b9c428edbc695ca3e56f1ac6e914f8399cc,2462,2020,특정사안,기관 간 업무협조 실태,pdf
S02475,감사원,BAI,20200611_[기관정기]_김천시 기관운영감사_2463.pdf,.pdf,1296194,3bd7647cdecf0ff42d2237d24ec98bbf14e1be75105905864b9f79b7550bd084,2463,2020,기관정기,김천시 기관운영감사,pdf
S02476,감사원,BAI,20200616_[특정사안]_인천광역시 시내버스 준공영제 운용실태_2589.pdf,.pdf,2211788,50194d3b7b74ace1a4c2fdf4deebf91f1d3d46f39b46b28e4fa59064a3565eb2,2589,2020,특정사안,인천광역시 시내버스 준공영제 운용실태,pdf
S02477,감사원,BAI,20200622_[특정사안]_한국건설관리공사 임원의 직권남용 등 관련_2465.pdf,.pdf,762735,c2ba1aab81e952c2e1a432bb554589403e21c424afa85e7f572ff8be5d213b23,2465,2020,특정사안,한국건설관리공사 임원의 직권남용 등 관련,pdf
S02478,감사원,BAI,20200625_[기관정기]_국방과학연구소 기관운영감사_2466.pdf,.pdf,5574209,f684e35316400a2b9f0cc48f55de730398456a3a9ec145cbd3f711748beeb996,2466,2020,기관정기,국방과학연구소 기관운영감사,pdf
S02479,감사원,BAI,20200630_[특정사안]_취약시기 공직기강 점검_2509_v1.pdf,.pdf,921993,56815a3eeaa1b4e2bb809ae9e5f0ec401dd3173859d10e5a2a57c9f221be9eee,2509,2020,특정사안,취약시기 공직기강 점검,pdf
S02480,감사원,BAI,20200630_[특정사안]_취약시기 공직기강 점검_2509_v2.pdf,.pdf,615493,b9dc7472470ea220bd1d7943a2c65a9d5d64a60e4ef94410430dd6f76cb7ddb2,2509,2020,특정사안,취약시기 공직기강 점검,pdf
S02481,감사원,BAI,20200701_[기관정기]_대한법률구조공단 등 2개 기관 정기감사_2467.pdf,.pdf,941540,e5d3d9f8039b35f127e13386da8496189948edf427e58d84a1c91fc1a7736bb6,2467,2020,기관정기,대한법률구조공단 등 2개 기관 정기감사,pdf
S02482,감사원,BAI,20200702_[국민제안]_수질원격감시체계 설비 수의계약 실태(국회감사요구)_2468.pdf,.pdf,499681,209a4e50e727de5250fd25118e1797eb2ca7cb58a1b1d4a2fe62d4a6c433e548,2468,2020,국민제안,수질원격감시체계 설비 수의계약 실태(국회감사요구),pdf
S02483,감사원,BAI,20200707_[기관정기]_대구광역시 기관운영감사_2469.pdf,.pdf,1439722,334e8629595328bda38f821b12e385854696f4bcc58dea769972f0edeb4b306a,2469,2020,기관정기,대구광역시 기관운영감사,pdf
S02484,감사원,BAI,20200708_[기타서면]_변상판정청구사항 조사 및 처리_2543.pdf,.pdf,477988,d75255ace2a45a93dc5058909f7f2f0cf7535818aa110a8e83c2d6a43269e996,2543,2020,기타서면,변상판정청구사항 조사 및 처리,pdf
S02485,감사원,BAI,20200709_[특정사안]_전복양식섬 조성사업 추진 관련_2471.pdf,.pdf,1844917,6e7d94250c6435cb57a0e1139676e57ad91498f2d795412008056eacf985076e,2471,2020,특정사안,전복양식섬 조성사업 추진 관련,pdf
S02486,감사원,BAI,20200713_[기관정기]_경기신용보증재단 기관운영감사_2472.pdf,.pdf,879454,44abcd33e0a2502ce60d3dece05d2fe054485f64fb3c09195de5611a63f2bd63,2472,2020,기관정기,경기신용보증재단 기관운영감사,pdf
S02487,감사원,BAI,20200714_[특정사안]_지방자치단체 민간위탁 업무 관리실태 I_2473.pdf,.pdf,761371,03ca9c2b8e5cfae5904af777dd368e3c429c75e438e4d533116ee34164b2e552,2473,2020,특정사안,지방자치단체 민간위탁 업무 관리실태 I,pdf
S02488,감사원,BAI,20200714_[특정사안]_지방자치단체 민간위탁업무 관리실태Ⅱ_2474.pdf,.pdf,949202,6132c5b73ce919eb3d156efc9ae8b193ef35ee9a9ddef011dd61aa706ed3e718,2474,2020,특정사안,지방자치단체 민간위탁업무 관리실태Ⅱ,pdf
S02489,감사원,BAI,20200715_[국민제안]_은평구의 은평광역자원순환센터 건립 추진 과정 관련_2476.pdf,.pdf,443127,c46dc645aefa3a97a74e13e7db249acf08ca366b422c5e67de7a0dc6f348e585,2476,2020,국민제안,은평구의 은평광역자원순환센터 건립 추진 과정 관련,pdf
S02490,감사원,BAI,20200715_[성과]_전기통신금융사기 방지대책 추진실태_2475.pdf,.pdf,1967543,337b646ad18fbc79b4fecf64ec9a69ed01450c172881f3271dc04d3fa3df9088,2475,2020,성과,전기통신금융사기 방지대책 추진실태,pdf
S02491,감사원,BAI,20200716_[성과]_농식품산업 육성 및 지원실태_2477.pdf,.pdf,1444201,7418a38d8e0cbb5f28f8f86d4c459ecc844014611c194be198d05b556d78cf3e,2477,2020,성과,농식품산업 육성 및 지원실태,pdf
S02492,감사원,BAI,20200720_[특정사안]_안산시의 위법한 인사행정 관련_2478.pdf,.pdf,583948,cdfd73f2300c8c4d93610f1ed87b73614263dcc0301f4274a37a12d38b0f55f6,2478,2020,특정사안,안산시의 위법한 인사행정 관련,pdf
S02493,감사원,BAI,20200721_[기관정기]_한국산업은행 기관운영감사_2479.pdf,.pdf,1202420,ff411079dd3350c83c927103d9168060328d1099160941d2197121d7516bb61c,2479,2020,기관정기,한국산업은행 기관운영감사,pdf
S02494,감사원,BAI,20200722_[기타서면]_☆교도소 영치금 횡령 변상판정 청구사항_2480.pdf,.pdf,321107,bcbc66e51b491a2d428b55dc00252a26a88061a3aad1c11cec27e30474f0e60a,2480,2020,기타서면,☆교도소 영치금 횡령 변상판정 청구사항,pdf
S02495,감사원,BAI,20200723_[성과]_국가안전대진단 사업 추진실태_2481.pdf,.pdf,4020688,d7171b003c6c70dcf5ad2017d1daf90d43d9d873686854a11c4bee8071d24481,2481,2020,성과,국가안전대진단 사업 추진실태,pdf
S02496,감사원,BAI,20200730_[국민제안]_수치예보모델 개발사업 추진실태_2483.pdf,.pdf,1499117,2a64d334910d6f010120f596bd34442a66a8cb587c2bf36e399087f12284697a,2483,2020,국민제안,수치예보모델 개발사업 추진실태,pdf
S02497,감사원,BAI,20200730_[국민제안]_천리안 위성 개발사업 추진실태_2484.pdf,.pdf,760621,00a169b8db67e0ffd2941ab583a7382a2131bfd881b9a4f0f1eedebf10cb3774,2484,2020,국민제안,천리안 위성 개발사업 추진실태,pdf
S02498,감사원,BAI,20200730_[특정사안]_국민연금 관리실태_2482.pdf,.pdf,1833465,593c5b30f9fe7a43b35be261ee64f83796e39803a7cc4544122f4025a323645b,2482,2020,특정사안,국민연금 관리실태,pdf
S02499,감사원,BAI,20200731_[기관정기]_인천국제공항공사 기관운영감사_2485.pdf,.pdf,1137915,8c919fee41a2e8250ee76a4223c6a9909138d5ffaf07b54f6fceb2334031149a,2485,2020,기관정기,인천국제공항공사 기관운영감사,pdf
S02500,감사원,BAI,20200804_[국민제안]_ㄱ지구 재정비촉진계획 재검토 결정 등에 관한 사항 관련_2486.pdf,.pdf,412927,56ee943eeb73b101aeda77cdb60fffce0c5a69ef1283254f1ec3352cbd98a7b0,2486,2020,국민제안,ㄱ지구 재정비촉진계획 재검토 결정 등에 관한 사항 관련,pdf
S02501,감사원,BAI,20200806_[특정사안]_익산 장점마을 집단 암발생 사건 관련 지도.감독 실태_2487.pdf,.pdf,948222,52766da83937e186feb0c7a747312ebfb29c0bd0bd7aa4e3ac3074595c0e8274,2487,2020,특정사안,익산 장점마을 집단 암발생 사건 관련 지도.감독 실태,pdf
S02502,감사원,BAI,20200811_[국민제안]_서울특별시교육청의 청렴시민감사관 위촉 및 수당 지급의 적정 여부_2488.pdf,.pdf,678685,e3a887bbc1effe3e4a60b5e66c78e11b8e898715dfdedbd19eb83d5ee33d04f1,2488,2020,국민제안,서울특별시교육청의 청렴시민감사관 위촉 및 수당 지급의 적정 여부,pdf
S02503,감사원,BAI,20200813_[기타서면]_변상판정 청구사항 조사 및 처리_2546.pdf,.pdf,758652,2a13e6e46ac0103d839760eb49c203c9bf9784109384c1d07c6ed432ca87de9d,2546,2020,기타서면,변상판정 청구사항 조사 및 처리,pdf
S02504,감사원,BAI,20200818_[성과]_의약품 안전관리실태_2490.pdf,.pdf,2760829,a1027b5c9cd36a177c0109b77550b75463d3ba32963d6d48cac49ee08dce0975,2490,2020,성과,의약품 안전관리실태,pdf
S02505,감사원,BAI,20200820_[특정사안]_선거철 공직기강 점검_2491.pdf,.pdf,456330,2fe855a1b914efb2271f83178d1fefc73b89f21604dc82de20319d0a84344ad2,2491,2020,특정사안,선거철 공직기강 점검,pdf
S02506,감사원,BAI,20200825_[특정사안]_과학기술특성화대학 운영 실태_2492.pdf,.pdf,1055558,e3b595b0242f7ad2bc754997f12f7ecdd98453aed92184c5f4299280747f5cd4,2492,2020,특정사안,과학기술특성화대학 운영 실태,pdf
S02507,감사원,BAI,20200826_[국민제안]_□□3구역에 대한 위법 부당한 행정 관련_2493.pdf,.pdf,482356,1efbc63950c6b391927bc42be12bb2ba636887a33bcf0d1c6f8bba1ab24e6c14,2493,2020,국민제안,□□3구역에 대한 위법 부당한 행정 관련,pdf
S02508,감사원,BAI,20200827_[특정사안]_공직비리 기동점검_2494.pdf,.pdf,965385,477b92da047ee69a0e4046b5fa5e504f92bff0d0c716b37ee4defa6e05ee6ad8,2494,2020,특정사안,공직비리 기동점검,pdf
S02509,감사원,BAI,20200903_[기관정기]_한국전력공사 기관운영감사_2495.pdf,.pdf,1199215,93ffa37d1317faafb274170fb2da6dc14c687384e90cd881913c47fb513195a9,2495,2020,기관정기,한국전력공사 기관운영감사,pdf
S02510,감사원,BAI,20200910_[특정사안]_모범ㆍ적극행정사례 추천사항 확인점검_2496.pdf,.pdf,1091937,36d13878fedc8a1838869e76e8dacfefd3f03e4553b5ab970803e46a3d5f674f,2496,2020,특정사안,모범ㆍ적극행정사례 추천사항 확인점검,pdf
S02511,감사원,BAI,20200917_[기관정기]_대통령비서실 등 3개 기관 및 정책기획위원회 등 4개 대통령 소속 자문위원회 기관 정기감사_2497.pdf,.pdf,864852,2fbe4f425d27913852f9fb4a87f9d2a609a316d4ac18de2efee339b54d19f935,2497,2020,기관정기,대통령비서실 등 3개 기관 및 정책기획위원회 등 4개 대통령 소속 자문위원회 기관 정기감사,pdf
S02512,감사원,BAI,20200922_[성과]_미세먼지 관리대책 추진실태_2498.pdf,.pdf,7902026,3272df82f9097522ae531f1860c4a6e483b59fb05fbfe513dfcd13b6f05b8309,2498,2020,성과,미세먼지 관리대책 추진실태,pdf
S02513,감사원,BAI,20200923_[특정사안]_의왕·하남도시공사 개발사업 추진실태_2499.pdf,.pdf,1380985,8365026724a81d2933d851a0b50a893af4442dbc5bd6c2d89ca206650f5ce70e,2499,2020,특정사안,의왕·하남도시공사 개발사업 추진실태,pdf
S02514,감사원,BAI,20200924_[국민제안]_각종 수의계약을 통한 시장 측근 업체에 특혜제공 의혹 관련_2500.pdf,.pdf,934395,cc49dd3778c2243eb9c5cc1504449619c93af5965964de97c0225a239034a878,2500,2020,국민제안,각종 수의계약을 통한 시장 측근 업체에 특혜제공 의혹 관련,pdf
S02515,감사원,BAI,20200928_[국민제안]_재단법인 설립 내인가와 법인봉안묘·봉안담 설치신고 수리 및 법인자연장지 조성허가 관련_2501.pdf,.pdf,496342,de2f160432ee4a61f9b88557fd404272ecc5a82765d16ff0a64544a688668172,2501,2020,국민제안,재단법인 설립 내인가와 법인봉안묘·봉안담 설치신고 수리 및 법인자연장지 조성허가 관련,pdf
S02516,감사원,BAI,20201006_[기관정기]_교육부 기관정기감사_2502.pdf,.pdf,1067296,2b5cc8bd30141b1a696718bb3965fc70235f6dc900188621993b47eab4c85a2a,2502,2020,기관정기,교육부 기관정기감사,pdf
S02517,감사원,BAI,20201008_[기관정기]_경기관광공사 · 한국도자재단에 대한 감사_2503.pdf,.pdf,833463,b2ee8a3970bf423dcd774d1e149fa7166fec92bf101aa2f99308a9431b9929c8,2503,2020,기관정기,경기관광공사 · 한국도자재단에 대한 감사,pdf
S02518,감사원,BAI,20201013_[기관정기]_한국산업안전보건공단 정기감사_2504.pdf,.pdf,1644790,56b7a48225bbe93a51e3edc5087b1908414af9ab2fda5d9c3a6530eaba33eeee,2504,2020,기관정기,한국산업안전보건공단 정기감사,pdf
S02519,감사원,BAI,20201020_[특정사안]_월성1호기 조기폐쇄 결정의 타당성 점검(국회감사요구)_2505.pdf,.pdf,2366749,57e568f1223730d5dd1e7858a52e527a54ab653b7870665f8834c36fbd43b219,2505,2020,특정사안,월성1호기 조기폐쇄 결정의 타당성 점검(국회감사요구),pdf
S02520,감사원,BAI,20201103_[국민제안]_동물장묘시설 건축허가 관련_2506.pdf,.pdf,445697,e8fa5e242b5af11e15d17256c32c57e35b8b4d97fd3b7c00b684f661f8d53eb8,2506,2020,국민제안,동물장묘시설 건축허가 관련,pdf
S02521,감사원,BAI,20201105_[기타서면]_변상판정 청구사항 조사 및 처리_2553.pdf,.pdf,485472,f30a0e01dab79d75d22aee7d8b8f709020ef16d4d082cf68342bd662c0a2b46e,2553,2020,기타서면,변상판정 청구사항 조사 및 처리,pdf
S02522,감사원,BAI,20201110_[특정사안]_공익법인 관리 및 과세실태_2507_v1.pdf,.pdf,1107536,9a2786004e66a1684e2ed2d8eff1fe55581e1ea9f28231799777185c1593e6c1,2507,2020,특정사안,공익법인 관리 및 과세실태,pdf
S02523,감사원,BAI,20201110_[특정사안]_공익법인 관리 및 과세실태_2507_v2.pdf,.pdf,360205,0f47f12c05ce778a8a16e94be86722f034343db65f47f0d6d380c48abd14940a,2507,2020,특정사안,공익법인 관리 및 과세실태,pdf
S02524,감사원,BAI,20201111_[기관정기]_경상북도개발공사·경상북도문화관광공사에 대한 감사_2508.pdf,.pdf,753834,40134eb258532cc54633ca445bb0d39c4c63292ad4f13c7fec377ee78287d153,2508,2020,기관정기,경상북도개발공사·경상북도문화관광공사에 대한 감사,pdf
S02525,감사원,BAI,20201112_[기관정기]_한국보건산업진흥원 및 한국건강증진개발원 기관정기감사_2659.pdf,.pdf,994375,c37dfaa3e42849e9e4e3d17224b81ebfe7a384bae3a5d0c43939f8e40f5ef4ba,2659,2020,기관정기,한국보건산업진흥원 및 한국건강증진개발원 기관정기감사,pdf
S02526,감사원,BAI,20201117_[기관정기]_충청남도 기관정기감사_2510.pdf,.pdf,2426898,9a6800a56b0ccdbcdc210faee2e149afcac0b80b62a8518caf133928dad67ab1,2510,2020,기관정기,충청남도 기관정기감사,pdf
S02527,감사원,BAI,20201118_[국민제안]_재단법인 전남바이오산업진흥원의 원장 후보자 면접전형 중단과 재공고 관련_2511.pdf,.pdf,514891,802ce515d6c6429c6efe91825930b2e636e8d987b752f020653ef497cf2d4268,2511,2020,국민제안,재단법인 전남바이오산업진흥원의 원장 후보자 면접전형 중단과 재공고 관련,pdf
S02528,감사원,BAI,20201119_[기관정기]_창원시 정기감사_2512.pdf,.pdf,1434665,447e594572694ce1dffbf355744bb6f643dc6588dcaf5c3b607d7c885fdd2292,2512,2020,기관정기,창원시 정기감사,pdf
S02529,감사원,BAI,20201124_[기관정기]_한국환경산업기술원 기관정기감사_2513.pdf,.pdf,1125555,8636edef66b7d8487cca837a4aac783c400f7f08b546e8fb6e4caedcf00d35e3,2513,2020,기관정기,한국환경산업기술원 기관정기감사,pdf
S02530,감사원,BAI,20201125_[특정사안]_지자체 예산으로 공무원 사유지 정비 특혜 관련 감사제보 감사_2514.pdf,.pdf,4389601,e994eed772cb76bc0ea88bbda9805e5781805f2dbb41bcdcd8f4b5f11ba21c4d,2514,2020,특정사안,지자체 예산으로 공무원 사유지 정비 특혜 관련 감사제보 감사,pdf
S02531,감사원,BAI,20201126_[기관정기]_한국식품안전관리인증원 기관정기감사_2515.pdf,.pdf,2274166,20abceba5da19d38967de43e3b6afad1d7729ffb74abae2ea5bb42934a7656a6,2515,2020,기관정기,한국식품안전관리인증원 기관정기감사,pdf
S02532,감사원,BAI,20201130_[국민제안]_노인복지주택 인허가 및 소극행정 관련_2516.pdf,.pdf,497304,dcf9e8e2de79b89c8cae55ae4c2b7abb8f2d1a4ac01cb9b613ecc3a361692f23,2516,2020,국민제안,노인복지주택 인허가 및 소극행정 관련,pdf
S02533,감사원,BAI,20201201_[기관정기]_인천도시공사 기관정기감사_2517.pdf,.pdf,930100,c9e95024c56f46fe3994af28d90d975239a7ff34f8652126c77e1bf5d654a61b,2517,2020,기관정기,인천도시공사 기관정기감사,pdf
S02534,감사원,BAI,20201203_[특정사안]_노면표시 설치공사 관련 비리 점검(민생분야)_2518.pdf,.pdf,2337407,9b55a755b012ee4bb253f7e496ea63230f5bb528ee1c23b0a4811c7427c81273,2518,2020,특정사안,노면표시 설치공사 관련 비리 점검(민생분야),pdf
S02535,감사원,BAI,20201207_[국민제안]_청주시 소각장 이전협약 체결 관련 공익감사청구_2519.pdf,.pdf,563424,975de45f3738a0432e623dc0cac62541e0194adccdb6d37a2694e3b005a25478,2519,2020,국민제안,청주시 소각장 이전협약 체결 관련 공익감사청구,pdf
S02536,감사원,BAI,20201208_[성과]_승강설비 안전관리실태_2520.pdf,.pdf,2586863,dc6c9c17bc0babc00d0aeaf8695dd055fff6d5391d2f588b95511f64b9d02a3f,2520,2020,성과,승강설비 안전관리실태,pdf
S02537,감사원,BAI,20201210_[기관정기]_주택도시보증공사 기관정기감사_2524.pdf,.pdf,1676805,059da6d4683b1868d36db679313f48aa3bd896928de3a85992a22a3f8851563e,2524,2020,기관정기,주택도시보증공사 기관정기감사,pdf
S02538,감사원,BAI,20201211_[기관정기]_고창군·함평군 기관정기감사_2521.pdf,.pdf,3978738,c493d77df8fafc5c15e8a61589f76fb371c0a9bc8daf97c8538debadbaf3c051,2521,2020,기관정기,고창군·함평군 기관정기감사,pdf
S02539,감사원,BAI,20201215_[국민제안]_폐기물종합재활용시설 인허가 및 관리업무 관련 공익감사청구사항_2523.pdf,.pdf,627066,59cd89e4215b7e00370ca2c20e227805d09eb4c07f5a89c6545563aefaacb75a,2523,2020,국민제안,폐기물종합재활용시설 인허가 및 관리업무 관련 공익감사청구사항,pdf
S02540,감사원,BAI,20201217_[성과]_주요 사회기반시설(도로·고속철도) 안전관리실태_2525.pdf,.pdf,8077696,9cce82ce6bb5fc600c2ee3e66ef6406fbd6a99bf392b692d7085d5bc7ad74dff,2525,2020,성과,주요 사회기반시설(도로·고속철도) 안전관리실태,pdf
S02541,감사원,BAI,20201221_[기관정기]_안산도시공사에 대한 감사_2526.pdf,.pdf,505138,c1657f65697722996791ee11ce66ca76cef07280a10a59593a4f624161e09032,2526,2020,기관정기,안산도시공사에 대한 감사,pdf
S02542,감사원,BAI,20201222_[기관정기]_한국국토정보공사 기관정기감사_2527.pdf,.pdf,3704460,34a86d2665f43b4a1d71b8719891823ea770d2702f27e2a44e0305733ce3af9a,2527,2020,기관정기,한국국토정보공사 기관정기감사,pdf
S02543,감사원,BAI,20201223_[국민제안]_양주시 장사시설 인허가 관련_2528.pdf,.pdf,326035,a1c7dfd3b773728aeee816155c4be81dfe871eba96a44e9c4c1a89647141923b,2528,2020,국민제안,양주시 장사시설 인허가 관련,pdf
S02544,감사원,BAI,20201228_[국민제안]_ㄱ도로건설공사에 대한 공익감사청구_2529.pdf,.pdf,412952,1a9fe24108cee731337da596e398e91cab49a882607c6a86860e8d58b94cb695,2529,2020,국민제안,ㄱ도로건설공사에 대한 공익감사청구,pdf
S02545,감사원,BAI,20201229_[국민제안]_보건복지부의 음주폐해예방관리사업 혈세낭비 관련_2530.pdf,.pdf,426599,82952d19b30dcbddd5ee0e5d151d636aa64f6d2479c1f995d4ef495a54e03913,2530,2020,국민제안,보건복지부의 음주폐해예방관리사업 혈세낭비 관련,pdf
S02546,감사원,BAI,20201229_[기관정기]_행정중심복합도시건설청 기관정기감사_2531.pdf,.pdf,1147232,6696ba0e71923c142d45cd5b509d8d2bc5ee98051db2aae41c4d25ac47a747c4,2531,2020,기관정기,행정중심복합도시건설청 기관정기감사,pdf
S02547,감사원,BAI,20210105_[재무]_2019회계연도 공공기관 결산검사_2532.pdf,.pdf,884832,6d3b66da84b9278ffd2a84ad9ceb3667be00b259b1bf0fd1feb52f4e03da217a,2532,2021,재무,2019회계연도 공공기관 결산검사,pdf
S02548,감사원,BAI,20210107_[기관정기]_과학기술정보통신부 정기감사_2533.pdf,.pdf,2002246,959bbebf416784d3e51823d3f289fb83394a7af8903f94283b69e49bc07d721c,2533,2021,기관정기,과학기술정보통신부 정기감사,pdf
S02549,감사원,BAI,20210112_[기관정기]_해양수산부 기관정기감사_2534.pdf,.pdf,1744421,266744585c6258d88f893cae51a1c83ec5010287d6bc662973a86b0a1acd2d48,2534,2021,기관정기,해양수산부 기관정기감사,pdf
S02550,감사원,BAI,20210114_[국민제안]_버섯 수확후배지 재활용센터 사업자 선정 관련_2535.pdf,.pdf,372240,c757cf58fbccd24c524a49b27eed865faa51a29fcf9d67c14eaecd54bfd5958a,2535,2021,국민제안,버섯 수확후배지 재활용센터 사업자 선정 관련,pdf
S02551,감사원,BAI,20210119_[성과]_탈세제보 관리실태_2572.pdf,.pdf,862403,90341cc7511f7f0aa8324b0e6ece813aa0a0cb5a01a2cedc62712d9d0f02613c,2572,2021,성과,탈세제보 관리실태,pdf
S02552,감사원,BAI,20210121_[국민제안]_봉화군수의 영리행위 등에 관한 공익감사청구_2536.pdf,.pdf,305787,60788868a1a8aad5cc64bfc6a6dc7e7efb185bf925368c27109ca964edaf5f96,2536,2021,국민제안,봉화군수의 영리행위 등에 관한 공익감사청구,pdf
S02553,감사원,BAI,20210126_[국민제안]_초등학교 설립 지연에 따른 과대학교와 과밀학급 운영 관련_2537.pdf,.pdf,895154,43d408ea198d7541b2ae5d5c0ead9a334cb1f6b9273a92b51c06dd5ff42df779,2537,2021,국민제안,초등학교 설립 지연에 따른 과대학교와 과밀학급 운영 관련,pdf
S02554,감사원,BAI,20210128_[기관정기]_한국콘텐츠진흥원 기관정기감사_2539.pdf,.pdf,780872,7f9379dc5a3e9eaf795459d976e9dc34ac5cc3a57200762fc35bdca56b73c18a,2539,2021,기관정기,한국콘텐츠진흥원 기관정기감사,pdf
S02555,감사원,BAI,20210202_[기타서면]_변상판정 청구사항 서면감사_2538.pdf,.pdf,419872,9f403c04159a700bea2d74954003ec752537092dc9415dd1ec07e572cf27918b,2538,2021,기타서면,변상판정 청구사항 서면감사,pdf
S02556,감사원,BAI,20210204_[국민제안]_가습기살균제 분담금 면제사업자 조사 실태_2540.pdf,.pdf,672025,4f44d26db3e3f26df66c362c28b15ff04c9864d6c54970116ab4938a04ade7e4,2540,2021,국민제안,가습기살균제 분담금 면제사업자 조사 실태,pdf
S02557,감사원,BAI,20210209_[특정사안]_차세대 이산화탄소 분리막 상용기술개발비 관련 비리점검_2541.pdf,.pdf,963286,d50f988e41ca0195ea43f3fd11377b65d2bd11567181c04a8d6cda55a4f9e4e0,2541,2021,특정사안,차세대 이산화탄소 분리막 상용기술개발비 관련 비리점검,pdf
S02558,감사원,BAI,20210216_[특정사안]_증평군 ㄱ특구 관련 감사제보사항 점검_2542.pdf,.pdf,333998,4bcb530fb4846022840312b55996eb9df10da78effd83deb3d4301151c42ab68,2542,2021,특정사안,증평군 ㄱ특구 관련 감사제보사항 점검,pdf
S02559,감사원,BAI,20210217_[기타서면]_변상판정 청구사항 조사 및 처리_2547.pdf,.pdf,520704,bbe0240595432a512acd27499f2ad7867ca71bcfcaba3862eef85c46009977bb,2547,2021,기타서면,변상판정 청구사항 조사 및 처리,pdf
S02560,감사원,BAI,20210223_[기관정기]_농림축산식품부 정기감사_2548.pdf,.pdf,1023753,b280ab8eeeed21b589d1c6c4a13b78a4c277c33726d64d6d3fcfbe2c6bca4748,2548,2021,기관정기,농림축산식품부 정기감사,pdf
S02561,감사원,BAI,20210225_[국민제안]_ㄱ호 생태탐방로 조성사업 관련_2549.pdf,.pdf,463343,446f65293dac5a5dcc71bbbe7acc558d1926ddef457b6fcb3c65b35041a2416e,2549,2021,국민제안,ㄱ호 생태탐방로 조성사업 관련,pdf
S02562,감사원,BAI,20210305_[국민제안]_'에너지전환 로드맵'과 각종 계획 수립실태_2550.pdf,.pdf,1228133,64fa132e8d60f148024bc43c3f93b63eb47a3d75d302bcdc58e6ad60aeb1a3d5,2550,2021,국민제안,'에너지전환 로드맵'과 각종 계획 수립실태,pdf
S02563,감사원,BAI,20210305_[특정사안]_토지주택연구원 관련 등 감사제보사항 점검_2551.pdf,.pdf,1081697,135fec97d9eba0051c35fb7eddcc010b92b7410da0192bea0bbfed2f9ecef298,2551,2021,특정사안,토지주택연구원 관련 등 감사제보사항 점검,pdf
S02564,감사원,BAI,20210309_[국민제안]_인천광역시 중구 등 7개 구의 대형폐기물 수집ㆍ운반 대행계약 관련_2552.pdf,.pdf,484441,22f99a8836f7800fb343a0761f521a35122a2ea3ceee6986c5d0236971cb32ae,2552,2021,국민제안,인천광역시 중구 등 7개 구의 대형폐기물 수집ㆍ운반 대행계약 관련,pdf
S02565,감사원,BAI,20210311_[특정사안]_한국남부발전 주요계약업무 집행실태_2554.pdf,.pdf,2930138,8271b1bffe22c9c45c31ad512367af2bf32189360b111ab10ffa4d271d8a1bcc,2554,2021,특정사안,한국남부발전 주요계약업무 집행실태,pdf
S02566,감사원,BAI,20210316_[기관정기]_한국국제협력단에 대한 감사_2555.pdf,.pdf,1303862,c086a7014052b98d6e5e40d1cc2e6be5cb199249f9595369e811b0c5530a520c,2555,2021,기관정기,한국국제협력단에 대한 감사,pdf
S02567,감사원,BAI,20210318_[기관정기]_대검찰청 등 2개 기관 정기감사_2556.pdf,.pdf,1005106,5847cd4ac2faffb5cbf0e460443ab040b04f4b2e58ffa95d3f5c4fa67513a1e5,2556,2021,기관정기,대검찰청 등 2개 기관 정기감사,pdf
S02568,감사원,BAI,20210323_[기관정기]_조달청 정기감사_2557.pdf,.pdf,1352893,2e87cb1d3c25a16d553c2dc1f30ad9fad2f01b473aea5c9872bdb058dcbee265,2557,2021,기관정기,조달청 정기감사,pdf
S02569,감사원,BAI,20210325_[성과]_지방공기업 경영평가 운영 실태_2558.pdf,.pdf,1192649,f155156f312b78cda6738b6e3579973a64aff0250b64b2b4456132001fbc1106,2558,2021,성과,지방공기업 경영평가 운영 실태,pdf
S02570,감사원,BAI,20210326_[국민제안]_순천시 민간공원 조성 특례사업 추진 관련 공익감사청구_2559.pdf,.pdf,1064675,4331d07f819ff52ee694cc4977acf319eae9bb1b2a139f49eda0fc8913da92aa,2559,2021,국민제안,순천시 민간공원 조성 특례사업 추진 관련 공익감사청구,pdf
S02571,감사원,BAI,20210330_[기관정기]_한국마사회 기관정기감사_2560.pdf,.pdf,1211897,b07de746d34be7e329a4936f804ec0f78a65fb218ef3b65efafd0a3c82249762,2560,2021,기관정기,한국마사회 기관정기감사,pdf
S02572,감사원,BAI,20210331_[기관정기]_서울지방국세청 기관정기감사_2561.pdf,.pdf,1550270,fe4ffc3be1a5df64e6356c53ecafe49b21b72482951935210bc7cbdaff566fc6,2561,2021,기관정기,서울지방국세청 기관정기감사,pdf
S02573,감사원,BAI,20210409_[국민제안]_축사 건축허가 등 관련_2562.pdf,.pdf,498238,5b477fec5e4bee6d7b0fb209861d1f6e99381f679b0491c628b1498dbe61ef6e,2562,2021,국민제안,축사 건축허가 등 관련,pdf
S02574,감사원,BAI,20210413_[특정사안]_수서평택고속철도 율현터널(궤도) 안전관리실태_2563.pdf,.pdf,4489088,94a8a15c5cbdfb86210eae04fcbbc0127f4a62c105a5f8794a30585d399f24f6,2563,2021,특정사안,수서평택고속철도 율현터널(궤도) 안전관리실태,pdf
S02575,감사원,BAI,20210415_[성과]_시·도교육청 공유재산 관리실태_2573.pdf,.pdf,902339,e20f2b59ac8d8b73b6eeeeb3af59df6a41466ddf5e0c96f0ea6b30e428d28210,2573,2021,성과,시·도교육청 공유재산 관리실태,pdf
S02576,감사원,BAI,20210416_[국민제안]_중소벤처기업부의 펀드출자사업 운용실태_2565.pdf,.pdf,625403,fa82931bd541015d4bd57fc5239eb1fb759ca3d7577e7f2afebb645461639e2c,2565,2021,국민제안,중소벤처기업부의 펀드출자사업 운용실태,pdf
S02577,감사원,BAI,20210416_[국민제안]_중어뢰II와 장보고0 함정간 장비연동 등 사업추진실태_2564.pdf,.pdf,671058,6b0a189d3efbe5fd7e88b2ab54dd10990a4fe741567fc81ba0d042ca08b36113,2564,2021,국민제안,중어뢰II와 장보고0 함정간 장비연동 등 사업추진실태,pdf
S02578,감사원,BAI,20210416_[국민제안]_지방자치단체의 생태하천복원사업 추진실태점검_2566.pdf,.pdf,1425360,3d025205bab7d006a712051b3f08f35cec298cb49441104fcc691d2afdcdc45e,2566,2021,국민제안,지방자치단체의 생태하천복원사업 추진실태점검,pdf
S02579,감사원,BAI,20210416_[성과]_수산모태펀드 등 출자사업 운용실태_2585_v1.pdf,.pdf,853929,41de7e38c8ba5272336690a624d8dd452f0e642ad9757a270e9e51c29e415e6e,2585,2021,성과,수산모태펀드 등 출자사업 운용실태,pdf
S02580,감사원,BAI,20210416_[성과]_수산모태펀드 등 출자사업 운용실태_2585_v2.pdf,.pdf,448781,ea2fd081d6140393975bffc1cb3512f14435347eef11809fad9227b6beada0e4,2585,2021,성과,수산모태펀드 등 출자사업 운용실태,pdf
S02581,감사원,BAI,20210419_[특정사안]_ㄱ국가산업단지 내 입주계약 업무 처리 관련 감사제보 조사_2567.pdf,.pdf,431968,50ffc0352e1cc3d076614e9f7c6100276fd15e762501ded5b9970dfb52d76fdf,2567,2021,특정사안,ㄱ국가산업단지 내 입주계약 업무 처리 관련 감사제보 조사,pdf
S02582,감사원,BAI,20210420_[특정사안]_자치단체 공통취약업무 및 적극행정사례 점검_2570.pdf,.pdf,3677707,99535458a0d400c65624a4c4a3ba640348a1e9f9f222abd733688e62d569138e,2570,2021,특정사안,자치단체 공통취약업무 및 적극행정사례 점검,pdf
S02583,감사원,BAI,20210421_[국민제안]_ㄱ지구 ㄴ단지 개발사업 실시계획 변경업무 처리 관련_2568.pdf,.pdf,361684,7130807b80cfbf854d2f737fbad846b372371914258c102b0b048b75372c497e,2568,2021,국민제안,ㄱ지구 ㄴ단지 개발사업 실시계획 변경업무 처리 관련,pdf
S02584,감사원,BAI,20210422_[기관정기]_서울주택도시공사 정기감사_2569.pdf,.pdf,1633238,dccbe6822c4faa56f9a52eeae8265340d7d5663ab5aba404133c570e7a31b80b,2569,2021,기관정기,서울주택도시공사 정기감사,pdf
S02585,감사원,BAI,20210423_[특정사안]_지방자치단체 등 기동점검_2571_v1.pdf,.pdf,1356926,5ee1455fdd20da271fa4463eedea8be50c1ba8ce3f3c2a8b4cc6351e8e4345e0,2571,2021,특정사안,지방자치단체 등 기동점검,pdf
S02586,감사원,BAI,20210423_[특정사안]_지방자치단체 등 기동점검_2571_v2.pdf,.pdf,523123,3d6695709aaeb6d7df7c572c8ff51884afdf6c97f0bcdbc1d1997172b4327ff4,2571,2021,특정사안,지방자치단체 등 기동점검,pdf
S02587,감사원,BAI,20210427_[국민제안]_□□재정비촉진사업추진과정 관련_2574.pdf,.pdf,872105,bc9c2e676dce55a116c88b41c33cce7541e7f9dd0cf1fc9864f40729d85d585b,2574,2021,국민제안,□□재정비촉진사업추진과정 관련,pdf
S02588,감사원,BAI,20210428_[기관정기]_인천·충남지방경찰청 정기감사_2575.pdf,.pdf,1487280,ddb525ef0af99ea37aadf59688b71254468ddc75d3969b1c4822645333b17805,2575,2021,기관정기,인천·충남지방경찰청 정기감사,pdf
S02589,감사원,BAI,20210429_[특정사안]_그랜드코리아레저 고객유치비 집행실태_2576.pdf,.pdf,848076,ef6a88f1b7a31af51b6d99b7f2593f5d28a1af88f7ad7c7f105e037a26f004b8,2576,2021,특정사안,그랜드코리아레저 고객유치비 집행실태,pdf
S02590,감사원,BAI,20210504_[성과]_사회적기업 지원 및 관리 실태_2577.pdf,.pdf,1474378,19e19053c4a5d9cb673971875a3b7676dd23106254c519b1e4c4923817ce2e3e,2577,2021,성과,사회적기업 지원 및 관리 실태,pdf
S02591,감사원,BAI,20210511_[특정사안]_수도권 LED가로등 정비사업 추진실태_2578.pdf,.pdf,861719,d5c533b1d099f7c48e653d72e5a9ddb45f5a0d8047b31d293e332b5da00ff32e,2578,2021,특정사안,수도권 LED가로등 정비사업 추진실태,pdf
S02592,감사원,BAI,20210518_[특정사안]_지자체 사업성 기금 등 집행실태_2579.pdf,.pdf,918975,fe5cb238deaef4b15c464979658eb582dde877fb77cfc19827216d16303aa29e,2579,2021,특정사안,지자체 사업성 기금 등 집행실태,pdf
S02593,감사원,BAI,20210525_[기타서면]_변상판정 청구사항 조사 및 처리_2580.pdf,.pdf,451815,82fcd2dfc64b5d8bf405767341386f0d6d32765f1db9556c64bf931343de1cc9,2580,2021,기타서면,변상판정 청구사항 조사 및 처리,pdf
S02594,감사원,BAI,20210527_[성과]_군사시설 사업추진 및 관리실태_2581.pdf,.pdf,3484682,a6e9344ea06808c2ee9f1c969a4160176f2360619c1a9bdbf95a4c07f6c4a8d3,2581,2021,성과,군사시설 사업추진 및 관리실태,pdf
S02595,감사원,BAI,20210531_[성과]_중장기 재정관리제도 운영실태_2582.pdf,.pdf,3427392,f65a2b0aca370bb888e98101b808281702e3da02c26678960601d7cb41ed95d6,2582,2021,성과,중장기 재정관리제도 운영실태,pdf
S02596,감사원,BAI,20210531_[재무]_2020회계연도 국가결산검사_2679_v1.pdf,.pdf,501027,b1691e5d44381f968313491f1eada9ad15f9d15f8639a4586fdcd88ded107d4c,2679,2021,재무,2020회계연도 국가결산검사,pdf
S02597,감사원,BAI,20210531_[재무]_2020회계연도 국가결산검사_2679_v2.pdf,.pdf,11156760,e857258ce1fb53eb159f3bff99795abc673b98bffabfe25253d7b28304f070dc,2679,2021,재무,2020회계연도 국가결산검사,pdf
S02598,감사원,BAI,20210531_[재무]_2020회계연도 국가결산검사_2679_v3.pdf,.pdf,7755899,525911f84fad606858c5710b45b20e54e71680d8c7229173be4b0dd2dc742642,2679,2021,재무,2020회계연도 국가결산검사,pdf
S02599,감사원,BAI,20210531_[재무]_2020회계연도 국가결산검사_2679_v4.pdf,.pdf,336907,44c5a0b50c6f7e1aacbdebe1dd67dfecf08440bbf1a19e814a84069b03c67175,2679,2021,재무,2020회계연도 국가결산검사,pdf
S02600,감사원,BAI,20210603_[기관정기]_식품안전정보원에 대한 감사_2584.pdf,.pdf,1080979,ab179b1b174915e9dda4c1d74a2df9d7485578204950119279c19eed555e1e9e,2584,2021,기관정기,식품안전정보원에 대한 감사,pdf
S02601,감사원,BAI,20210607_[국민제안]_축사 증축허가 등 관련_2586.pdf,.pdf,411737,4846cde371a7873de2419be998a4cc1bab7fd9080ed48b3c21bd183001384ddc,2586,2021,국민제안,축사 증축허가 등 관련,pdf
S02602,감사원,BAI,20210608_[특정사안]_대구·경북 재개발·재건축 정비사업 용적률 및 국·공유재산 관리실태_2587.pdf,.pdf,977853,f6349ba331eee262bd7b84a1c4f1595b2c0aeb97d91c615765ac2540e32b0a1d,2587,2021,특정사안,대구·경북 재개발·재건축 정비사업 용적률 및 국·공유재산 관리실태,pdf
S02603,감사원,BAI,20210609_[특정사안]_지능형 해안경계시스템 구축사업 관련 실태 점검_2588.pdf,.pdf,591524,54074b38a64cc2bd7217f299f4bf3158dea3f7b853fc8b85b6ee66cdafc7f154,2588,2021,특정사안,지능형 해안경계시스템 구축사업 관련 실태 점검,pdf
S02604,감사원,BAI,20210610_[특정사안]_한국과학기술원 전문연구요원 채용 실태_2590.pdf,.pdf,706920,fcc74abd17c5ee24df00702f6ab2581cd3ff3f91b7168803a2afccf502a7451a,2590,2021,특정사안,한국과학기술원 전문연구요원 채용 실태,pdf
S02605,감사원,BAI,20210614_[국민제안]_복합상가 관리위탁 관련_2591.pdf,.pdf,444729,34647867e4f81a3eb7644bd4f44169ad1f899fc944da43e3ffa7af493d7134c4,2591,2021,국민제안,복합상가 관리위탁 관련,pdf
S02606,감사원,BAI,20210615_[성과]_특수목적대학 인력양성 실태_2592.pdf,.pdf,1302437,c2bae9a56848926515450708a2f857a8a108343a1a22bc5c3650cc71110c8172,2592,2021,성과,특수목적대학 인력양성 실태,pdf
S02607,감사원,BAI,20210616_[국민제안]_공공임대주택에 대한 감독 부실 등 관련_2593.pdf,.pdf,475328,f62986d0782ae68f3a336f541cbc335059e6b3e2c8da9b4919cbc91235b19dbf,2593,2021,국민제안,공공임대주택에 대한 감독 부실 등 관련,pdf
S02608,감사원,BAI,20210617_[성과]_지방자치단체 시내버스 준공영제 운영실태_2594.pdf,.pdf,1700782,7df8e6945b2bdb43f5e632a9fff479cc06584ed0a09051533f47aba167c62487,2594,2021,성과,지방자치단체 시내버스 준공영제 운영실태,pdf
S02609,감사원,BAI,20210622_[특정사안]_대기오염 측정장비 구매 관련 비리 점검_2595.pdf,.pdf,1482329,2ef21e37abc0def270ef47dc99b2ae1e77e9ae0ea5b3b366a2949416f5f311bc,2595,2021,특정사안,대기오염 측정장비 구매 관련 비리 점검,pdf
S02610,감사원,BAI,20210623_[기관정기]_한국철도공사 기관정기감사_2596.pdf,.pdf,1203447,26e6dd653dd63d406a3aa0803fad3c087ecf0b382fcd15a8eb456b110f9d794a,2596,2021,기관정기,한국철도공사 기관정기감사,pdf
S02611,감사원,BAI,20210624_[성과]_복지사업 협의·조정제도 운영실태_2597.pdf,.pdf,1401239,1d2b964e8d747e56b5d2ea5c7247001440411f2fe3e2f25a31313948f2b8b927,2597,2021,성과,복지사업 협의·조정제도 운영실태,pdf
S02612,감사원,BAI,20210628_[국민제안]_주거환경개선사업비 운영 관련_2598.pdf,.pdf,371505,226d3d9e05b4a41d38004fb489b7fef679a45b8c63a75d917d5446b4aac0382a,2598,2021,국민제안,주거환경개선사업비 운영 관련,pdf
S02613,감사원,BAI,20210629_[성과]_자본거래 과세실태_2599.pdf,.pdf,1028599,7ba69a5d21a3c02f20cc1569686e2cd39fc6b6138ccbafbd175f540562946c1b,2599,2021,성과,자본거래 과세실태,pdf
S02614,감사원,BAI,20210630_[국민제안]_2020년도 교육부 교육전문직 선발 관련_2600.pdf,.pdf,759630,8b41a9a9c64862f96e0ea38561912b33aa2dd375e0a67a5685d05c3dca7a908c,2600,2021,국민제안,2020년도 교육부 교육전문직 선발 관련,pdf
S02615,감사원,BAI,20210701_[기관정기]_서울특별시교육청 기관정기감사_2601.pdf,.pdf,3793174,f9ca701f95188b497ab154c2600a54d90cf440fc6ee9e050ece345e5b860ba9a,2601,2021,기관정기,서울특별시교육청 기관정기감사,pdf
S02616,감사원,BAI,20210705_[성과]_금융감독기구 운영실태_2602.pdf,.pdf,5113746,bb74bc6ef78ded40a0b95534495914d406cb566ffcf458754f0764bc2ca0b89a,2602,2021,성과,금융감독기구 운영실태,pdf
S02617,감사원,BAI,20210706_[성과]_이륜자동차 관리실태_2603.pdf,.pdf,1290462,7ac5535dadfe8560bf93664078bfa60b7a87e20d8706c42177ead0f6016d1f96,2603,2021,성과,이륜자동차 관리실태,pdf
S02618,감사원,BAI,20210707_[특정사안]_특정제품 선정 수의계약 기동점검_2604.pdf,.pdf,540303,0fa776a4b64e65c06d4a39ebcad0ccb73005305b5e832acbded7754a5a4b8d40,2604,2021,특정사안,특정제품 선정 수의계약 기동점검,pdf
S02619,감사원,BAI,20210708_[성과]_예금보험기금 관리실태_2605.pdf,.pdf,1770677,0213b761758c8f7e64de77143caf57695db59610a5ae4172c40266d9892a5ab5,2605,2021,성과,예금보험기금 관리실태,pdf
S02620,감사원,BAI,20210713_[특정사안]_지방산업단지 개발사업 추진실태_2606.pdf,.pdf,2168305,16ceb3ed98381b05b907266054373ef2f03b8be044b7cf6247c397e4e118c625,2606,2021,특정사안,지방산업단지 개발사업 추진실태,pdf
S02621,감사원,BAI,20210715_[성과]_대학 기본역량 진단 및 재정지원사업 추진실태_2607.pdf,.pdf,2054659,8f3a40dd56323c9f4db3aeb2fcb859891341fb08d4d8819dc18585b655fd69e0,2607,2021,성과,대학 기본역량 진단 및 재정지원사업 추진실태,pdf
S02622,감사원,BAI,20210720_[기관정기]_한국보육진흥원 및 한국사회보장정보원에 대한 감사_2610.pdf,.pdf,1167495,fd5d64bacdf3887ff8ab8125e2eef16da43307c7362b713cf4c9c137cbacc5ab,2610,2021,기관정기,한국보육진흥원 및 한국사회보장정보원에 대한 감사,pdf
S02623,감사원,BAI,20210721_[기관정기]_국가보훈처 정기감사_2608.pdf,.pdf,849550,e235d4b3527d1da63b1b10df718b2e1b151d73f9984b547023e35891ade8ef08,2608,2021,기관정기,국가보훈처 정기감사,pdf
S02624,감사원,BAI,20210722_[성과]_외국인 출입국 등 관리실태_2609.pdf,.pdf,1352819,cf64a13e5845a1714543abde82c1c5b7ef1052d77f7467001c02909c7a3c3901,2609,2021,성과,외국인 출입국 등 관리실태,pdf
S02625,감사원,BAI,20210727_[성과]_자동차보험 및 손해배상제도 운영실태_2611.pdf,.pdf,1589762,2becb339d1085367569943522a4a7174cfcdf9f3fd0548a0a1f089cbc10a8e02,2611,2021,성과,자동차보험 및 손해배상제도 운영실태,pdf
S02626,감사원,BAI,20210728_[특정사안]_국세 경정청구 처리실태_2613.pdf,.pdf,785359,19b1e2cb8ab103d7c6a8fbe30f43bab243f74ec1fc8c428412cd032055c48aa4,2613,2021,특정사안,국세 경정청구 처리실태,pdf
S02627,감사원,BAI,20210729_[성과]_건설산업 불이익 제도운영 실태_2614.pdf,.pdf,1705825,0703aa8634af0a6340e26427a44a06d9871ef79b11e96a7857c68ad984423771,2614,2021,성과,건설산업 불이익 제도운영 실태,pdf
S02628,감사원,BAI,20210803_[성과]_탄약 조달 및 관리실태_2615.pdf,.pdf,1026716,2abccbe87e663b0e46f22b964a9dbab50317b350d1fa514cea4447e33c0ed79a,2615,2021,성과,탄약 조달 및 관리실태,pdf
S02629,감사원,BAI,20210804_[국민제안]_국토교통부 등의 통합인허가지원시스템 구축 관련(국민감사청구)_2616.pdf,.pdf,953469,e422f6ddde6955203f868f0491735f1d5700e9e923c533c9fa085bb357a7b0ab,2616,2021,국민제안,국토교통부 등의 통합인허가지원시스템 구축 관련(국민감사청구),pdf
S02630,감사원,BAI,20210805_[성과]_스마트도시 조성사업 추진실태_2617.pdf,.pdf,2596199,81be68930873d1ed9bfbeb841741b6b0d1801b5ae4c0b8cf21abb6f562925fcf,2617,2021,성과,스마트도시 조성사업 추진실태,pdf
S02631,감사원,BAI,20210810_[기관정기]_소방청 정기감사_2618.pdf,.pdf,1396085,c72156415717515bae05e129edc56d9d5e3e374fd4cdca3bd789d750a8fa2a31,2618,2021,기관정기,소방청 정기감사,pdf
S02632,감사원,BAI,20210812_[성과]_민자고속도로 안전관리실태_2619.pdf,.pdf,5069743,d2cd2af84c971b2bfd286297e4fc8ef400fa5f9cae8b76ef11f7d71b73158241,2619,2021,성과,민자고속도로 안전관리실태,pdf
S02633,감사원,BAI,20210812_[성과]_민자도시도로 안전관리실태_2620.pdf,.pdf,5781649,34b332a8d62c1cc4d1fc7d6a64c4edc986938618b02ad42d308d0835fbdedc72,2620,2021,성과,민자도시도로 안전관리실태,pdf
S02634,감사원,BAI,20210813_[성과]_인구구조변화 대응실태Ⅰ(지역)_2622.pdf,.pdf,25919753,ab1a123b6acfe99e5521c47d30c79b18c488f6e332441da153ecd5467c353329,2622,2021,성과,인구구조변화 대응실태Ⅰ(지역),pdf
S02635,감사원,BAI,20210813_[성과]_인구구조변화 대응실태Ⅱ(노후소득 보장 분야)_2623.pdf,.pdf,1345710,d5c26dc767a7ce80a344015e27160aa55d0a663b408bde4b7cda9fb61d7c8e22,2623,2021,성과,인구구조변화 대응실태Ⅱ(노후소득 보장 분야),pdf
S02636,감사원,BAI,20210813_[성과]_저출산·고령화 대책 성과분석_2621.pdf,.pdf,4490637,861c798f57141d361eee40424ebaa5e47a2c15be5e283213076c880a26c9ef36,2621,2021,성과,저출산·고령화 대책 성과분석,pdf
S02637,감사원,BAI,20210817_[국민제안]_버섯재배사 지붕 위 태양광 발전설비 허가의 위법성 관련_2624.pdf,.pdf,581209,5084a6582d9635b964ce54a12407f08c1473721fba038bdb4b4d358fca79e83c,2624,2021,국민제안,버섯재배사 지붕 위 태양광 발전설비 허가의 위법성 관련,pdf
S02638,감사원,BAI,20210818_[국민제안]_서울시의 ㄱ동 도시첨단물류단지 조성 인허가 지연 관련(공익감사청구)_2625.pdf,.pdf,1058972,a44424aa4f5e4306755f676ed7e75b6fd0945d69ea9a17cb86888669ddc39b96,2625,2021,국민제안,서울시의 ㄱ동 도시첨단물류단지 조성 인허가 지연 관련(공익감사청구),pdf
S02639,감사원,BAI,20210819_[성과]_개인정보보호 추진실태_2626.pdf,.pdf,1601634,35bfe2ccfe6b2ad8928eb17cb5e3b57edc5ff787ccaa8976df7eb9e374695032,2626,2021,성과,개인정보보호 추진실태,pdf
S02640,감사원,BAI,20210823_[기관정기]_제천시 등 4개 기초자치단체 정기감사_2627.pdf,.pdf,2958705,b14f860410f4a00bf6a4753dfcfed317a98eb447b9436389da1e5056e1b22fc5,2627,2021,기관정기,제천시 등 4개 기초자치단체 정기감사,pdf
S02641,감사원,BAI,20210824_[성과]_경기지역 농업법인 운영 및 관리실태_2628.pdf,.pdf,1343218,a33e21926424b7e3aeb246c56c3c06653d8ae2e1eb420917f109884148317911,2628,2021,성과,경기지역 농업법인 운영 및 관리실태,pdf
S02642,감사원,BAI,20210825_[성과]_산업 인증제도 운영실태_2629.pdf,.pdf,1820755,1ed55a0525b2a4507c87c7e44e3694fa4898c64239d5147cad78a75c9949736b,2629,2021,성과,산업 인증제도 운영실태,pdf
S02643,감사원,BAI,20210826_[특정사안]_국민신문고 민원만족도 평가 운영 실태_2631.pdf,.pdf,793544,9cf28451a9f61cf8daa05ae0285a079619bfb7b237c31f9fa4fbda5467116426,2631,2021,특정사안,국민신문고 민원만족도 평가 운영 실태,pdf
S02644,감사원,BAI,20210826_[특정사안]_지방자치단체 등 공직비리 점검_2764_v1.pdf,.pdf,565505,e8cd3f9632025e6e58286ec1854649cb8d99de9fcbae031d146ef1336180689f,2764,2021,특정사안,지방자치단체 등 공직비리 점검,pdf
S02645,감사원,BAI,20210826_[특정사안]_지방자치단체 등 공직비리 점검_2764_v2.pdf,.pdf,237360,5b14e5e9467b3ffd27b51a95e39cda33ad8f6a2e52ca5970245f94eeb6d7201e,2764,2021,특정사안,지방자치단체 등 공직비리 점검,pdf
S02646,감사원,BAI,20210831_[특정사안]_주요 부담금 부과·징수 실태_2691_v1.pdf,.pdf,913739,d0baaa5961eac68fdef6f955e1714a01e8fc46060b738c3863ef309c76249c8f,2691,2021,특정사안,주요 부담금 부과·징수 실태,pdf
S02647,감사원,BAI,20210831_[특정사안]_주요 부담금 부과·징수 실태_2691_v2.pdf,.pdf,609213,c7c2815f6a7780c99b1148e93827f5cb06bff3baa5084954e37016ee168b4b16,2691,2021,특정사안,주요 부담금 부과·징수 실태,pdf
S02648,감사원,BAI,20210902_[특정사안]_개발사업분야 등 취득세 과세실태_2717_v1.pdf,.pdf,1298468,887363e4006a6b0b493d2793cd5beafb6d9e137ef0c8c84666c09571f1a4a48a,2717,2021,특정사안,개발사업분야 등 취득세 과세실태,pdf
S02649,감사원,BAI,20210902_[특정사안]_개발사업분야 등 취득세 과세실태_2717_v2.pdf,.pdf,263614,c447e7760c21b39e40dd5ed22c3ecc8e46b44044aa2dc04274e5e74cb04e8009,2717,2021,특정사안,개발사업분야 등 취득세 과세실태,pdf
S02650,감사원,BAI,20210902_[특정사안]_개발사업분야 등 취득세 과세실태_2717_v3.pdf,.pdf,481150,24aa9b78d858d10fb4193a6514de4653161414b931fec2c46da65ecd54cbc13d,2717,2021,특정사안,개발사업분야 등 취득세 과세실태,pdf
S02651,감사원,BAI,20210907_[성과]_농업용 저수지 안전관리실태_2634.pdf,.pdf,5676069,6224f4f63a43337a2658e338aae398dda641a8e8edb4f0df61124cb26fe9e94f,2634,2021,성과,농업용 저수지 안전관리실태,pdf
S02652,감사원,BAI,20210907_[성과]_도시지역 저류시설 안전관리실태_2635.pdf,.pdf,16337330,cd8cfa2338a3f1067930f3da661bed1493c9e6b63a791c082d2732dfe5370802,2635,2021,성과,도시지역 저류시설 안전관리실태,pdf
S02653,감사원,BAI,20210908_[기관정기]_포항시 등 4개 기초자치단체 정기감사_2636.pdf,.pdf,1157488,58fa761d5a0c2032a6d90524a6ffec7a3945a51735837afdb7364dab268e841d,2636,2021,기관정기,포항시 등 4개 기초자치단체 정기감사,pdf
S02654,감사원,BAI,20210909_[국민제안]_공동주택 분양가 산정 관련 감사청구_2637.pdf,.pdf,535886,1529e72df93223ee5b2d54b332ae0fe5e4b4578f548efd56100ffb2e41707c78,2637,2021,국민제안,공동주택 분양가 산정 관련 감사청구,pdf
S02655,감사원,BAI,20210914_[기관정기]_전라남도·제주특별자치도교육청 정기감사_2712.pdf,.pdf,1461546,39b9ca588d77f736234aafbfa3ef0596614416ba53897c899b2118b1ffd75f61,2712,2021,기관정기,전라남도·제주특별자치도교육청 정기감사,pdf
S02656,감사원,BAI,20210915_[기관정기]_김해시 등 4개 기초자치단체 정기감사_2638.pdf,.pdf,3786288,c310ba4453dc8e424545161dd694b70db175a713cb2848c51bccb7c72a68e9e8,2638,2021,기관정기,김해시 등 4개 기초자치단체 정기감사,pdf
S02657,감사원,BAI,20210916_[성과]_우체국금융 재무건전성 관리체계 점검_2639.pdf,.pdf,937215,d3a0c0dcb1674cde8f2d39cac0530b047f571c07cc9ca864e61afce3e90644b2,2639,2021,성과,우체국금융 재무건전성 관리체계 점검,pdf
S02658,감사원,BAI,20210924_[기관정기]_한국방송공사 정기감사_2641.pdf,.pdf,2465169,4305ff1c024b75454a9a1f55327ea5cd7924377d8e5d5ab216559aba11fa1065,2641,2021,기관정기,한국방송공사 정기감사,pdf
S02659,감사원,BAI,20210930_[기관정기]_여성가족부 정기감사_2642.pdf,.pdf,1200499,bb57e40049116ba5d886e9f12a67a4a86b2c780e850319254aa470e213711e0b,2642,2021,기관정기,여성가족부 정기감사,pdf
S02660,감사원,BAI,20211005_[국민제안]_역세권 청년주택 사업 관련 개인정보 보호법 위반 등 공익감사청구_2643.pdf,.pdf,387323,e67cac182eec6d84bc6604ffb5c516eb838db0fc3a2974dc47ebafd748abbb5d,2643,2021,국민제안,역세권 청년주택 사업 관련 개인정보 보호법 위반 등 공익감사청구,pdf
S02661,감사원,BAI,"20211006_[기관정기]_부평구, 연수구 정기감사_2644.pdf",.pdf,748910,53cb2e903e2a82a41b3f32b6635819d00c43d309418341d9dcdae0cdfdeb4b33,2644,2021,기관정기,"부평구, 연수구 정기감사",pdf
S02662,감사원,BAI,20211012_[성과]_생활화학제품 관리실태_2645.pdf,.pdf,1967504,657514c34e5bee58b98f626ec3ba705994473d9a020a37184d29d942f5d18ff1,2645,2021,성과,생활화학제품 관리실태,pdf
S02663,감사원,BAI,20211013_[기관정기]_한국교육학술정보원 정기감사_2646.pdf,.pdf,1495102,d4f9453332c0954b398651354939ff233093c732a533fd332f9faa23319a3844,2646,2021,기관정기,한국교육학술정보원 정기감사,pdf
S02664,감사원,BAI,20211014_[국민제안]_철도 승강장 안전보호벽 안전관리 관련 공익감사청구_2647.pdf,.pdf,1070154,73980e5fff5d16b3698e945100f3e4feeadd9a5bc05345f231f28b51c4d95753,2647,2021,국민제안,철도 승강장 안전보호벽 안전관리 관련 공익감사청구,pdf
S02665,감사원,BAI,20211018_[국민제안]_○○지역주택조합에 대한 관리·감독 업무의 적정성 관련_2648.pdf,.pdf,651865,938d0d2a1e383b96bf1fe7bde6b6642f182b9cbafc5935ae68ffb1a5d477db9c,2648,2021,국민제안,○○지역주택조합에 대한 관리·감독 업무의 적정성 관련,pdf
S02666,감사원,BAI,20211019_[기관정기]_재외공관에 대한 감사(비대면 시범감사)_2649.pdf,.pdf,1147918,016efdfa81217e733d9c326e8166572f8c29f8b0ec60d8077f7067bc4d82e607,2649,2021,기관정기,재외공관에 대한 감사(비대면 시범감사),pdf
S02667,감사원,BAI,20211026_[기관정기]_대한적십자사에 대한 감사_2650.pdf,.pdf,1678973,eafa9224ca4b60e0c7b02f5ee2cd1ffa8841a0f67b20e6c45600f7ab7befc82d,2650,2021,기관정기,대한적십자사에 대한 감사,pdf
S02668,감사원,BAI,20211028_[성과]_농지은행사업 운영실태_2651.pdf,.pdf,1591482,10a17118ca2d7add46b6ace25a2e20a99158261da55037b97f16bca8bbd63996,2651,2021,성과,농지은행사업 운영실태,pdf
S02669,감사원,BAI,20211104_[기관정기]_서울올림픽기념국민체육진흥공단 정기감사_2652.pdf,.pdf,1067486,d3a4c0ef58d0627d7db2aeba14eb8dc47ea22c97d94719b25caa11f3eb7dc18a,2652,2021,기관정기,서울올림픽기념국민체육진흥공단 정기감사,pdf
S02670,감사원,BAI,20211109_[특정사안]_국세 경정청구 처리실태 Ⅱ_2698_v1.pdf,.pdf,1274967,849459ac71557d153718f988927b3d40a04b7b43923e7e34eee2c0ee7a1cb479,2698,2021,특정사안,국세 경정청구 처리실태 Ⅱ,pdf
S02671,감사원,BAI,20211109_[특정사안]_국세 경정청구 처리실태 Ⅱ_2698_v2.pdf,.pdf,520042,b7130f6a0b188ffd288e558f2d88d556b8544ee522e24145533bd41598bf5a88,2698,2021,특정사안,국세 경정청구 처리실태 Ⅱ,pdf
S02672,감사원,BAI,20211111_[특정사안]_지역특구사업 관련 비리 점검_2660.pdf,.pdf,1472619,4273931de9ff5dfeafa1eda9d4973cfa0798f2b1a291572ceec3936ff45b7315,2660,2021,특정사안,지역특구사업 관련 비리 점검,pdf
S02673,감사원,BAI,20211116_[기관정기]_국가철도공단 정기감사_2784_v1.pdf,.pdf,1720901,5acc22fc4fd0bf7c0532cf629eab87abe2e947ab918afdb58e60e2a148c6f9d9,2784,2021,기관정기,국가철도공단 정기감사,pdf
S02674,감사원,BAI,20211116_[기관정기]_국가철도공단 정기감사_2784_v2.pdf,.pdf,372425,5f52e846151714540c8de2bfb44c82d3cdb5f37bf92bac152157805db4494a66,2784,2021,기관정기,국가철도공단 정기감사,pdf
S02675,감사원,BAI,20211118_[성과]_가축분뇨 등 축산환경 개선실태_2663.pdf,.pdf,2606470,8b570755e80774afe079b89aa8fb109dffcd64f8c718d536f0f275cd8695e9e7,2663,2021,성과,가축분뇨 등 축산환경 개선실태,pdf
S02676,감사원,BAI,20211124_[성과]_건설공사 특정공법 심의제도 운영실태_2664.pdf,.pdf,3966700,cc58ae278b37ec7020998791f620f2b33e42f6c7575bbbf1a93b2226a2fba139,2664,2021,성과,건설공사 특정공법 심의제도 운영실태,pdf
S02677,감사원,BAI,20211130_[기관정기]_공정거래위원회 정기감사_2665.pdf,.pdf,507800,f4596c36756df71b5525522ec43fb88d5fae1062d96c6b6bbaabea708c725acf,2665,2021,기관정기,공정거래위원회 정기감사,pdf
S02678,감사원,BAI,20211202_[특정사안]_모범ㆍ적극행정사례 확인점검_2666.pdf,.pdf,2535084,930492f8021954573b3cb5bf912d1f5601e3b3e3d62c1cc590358412dea56117,2666,2021,특정사안,모범ㆍ적극행정사례 확인점검,pdf
S02679,감사원,BAI,20211207_[성과]_공무원연금·사학연금 부동산 등 자산 관리 및 대체투자 운용실태_2684_v1.pdf,.pdf,1574507,50c98ebaa25ae455d3b80a1fdabf47fa7e6c10b32dc741e0ae52f20b68aa4a35,2684,2021,성과,공무원연금·사학연금 부동산 등 자산 관리 및 대체투자 운용실태,pdf
S02680,감사원,BAI,20211207_[성과]_공무원연금·사학연금 부동산 등 자산 관리 및 대체투자 운용실태_2684_v2.pdf,.pdf,655948,e8999840a3d3e75c5c54024bacdf96627ee10c1b9a97ac1d770ccd72f2fb3e6c,2684,2021,성과,공무원연금·사학연금 부동산 등 자산 관리 및 대체투자 운용실태,pdf
S02681,감사원,BAI,20211208_[특정사안]_한국조폐공사 계약관리실태_2668.pdf,.pdf,486564,28ac43ac4a5e26f7a7fb9d7bd75b2ffa2bf49330d74692b36b76a273285bfc9d,2668,2021,특정사안,한국조폐공사 계약관리실태,pdf
S02682,감사원,BAI,20211209_[성과]_비상발전설비 안전관리실태_2669.pdf,.pdf,1719708,42d2709bfc7cede71d79537aaf1f3b282019600517ee8f532e6b1168c0d3ff44,2669,2021,성과,비상발전설비 안전관리실태,pdf
S02683,감사원,BAI,20211214_[기관정기]_육군본부 정기감사_2671.pdf,.pdf,1578125,657a84aa4bd6c89f88d2d0c60f4f23822366b1124e2c06dcadfa84c52be6f79a,2671,2021,기관정기,육군본부 정기감사,pdf
S02684,감사원,BAI,20211215_[재무]_2020회계연도 공공기관 결산검사_2670.pdf,.pdf,382992,0585c228aeec3b8e72dcd03e843164207329b5a576319ed321e2d9feabe49dc0,2670,2021,재무,2020회계연도 공공기관 결산검사,pdf
S02685,감사원,BAI,20211216_[특정사안]_전라남·북도 계약 등 업무처리실태 감사_2672.pdf,.pdf,3947597,63ac92905800e3a89007a634fe39680898033a241dbe504b720a1a8ed656388b,2672,2021,특정사안,전라남·북도 계약 등 업무처리실태 감사,pdf
S02686,감사원,BAI,20211217_[국민제안]_새만금 수상태양광 발전사업 특혜의혹 등 관련 공익감사청구_2673.pdf,.pdf,526881,b5711a9da007c8240edfd779b1cb6139e03f9e5167a262acbd69b47f6f307c26,2673,2021,국민제안,새만금 수상태양광 발전사업 특혜의혹 등 관련 공익감사청구,pdf
S02687,감사원,BAI,20211221_[성과]_외항 화물 운송사업 지원 및 관리실태_2674.pdf,.pdf,1785385,e4448e842eb26c14665438f5dc2cb7882d55e798c26993bcaacf905acee6f004,2674,2021,성과,외항 화물 운송사업 지원 및 관리실태,pdf
S02688,감사원,BAI,20211222_[국민제안]_지침 제정에 대한 민원 처리 관련_2675.pdf,.pdf,232260,18478ebeaa3506c2bd976e2d5ff92b2a220cf9ac1ea102b04bd52d568c1bda10,2675,2021,국민제안,지침 제정에 대한 민원 처리 관련,pdf
S02689,감사원,BAI,20211228_[기관정기]_국민권익위원회 정기감사_2676.pdf,.pdf,921346,b522ecf2437216c6722f5750f11828923f84a468856af0d7e86c503d9eb466e0,2676,2021,기관정기,국민권익위원회 정기감사,pdf
S02690,감사원,BAI,20220105_[국민제안]_생활폐기물 수집·운반 위탁처리 용역사업 관련_2677.pdf,.pdf,366654,1d6a1ff6fbe93c49d6414aadd949491b7eb4807d590c78a3b4085b1389487625,2677,2022,국민제안,생활폐기물 수집·운반 위탁처리 용역사업 관련,pdf
S02691,감사원,BAI,20220111_[성과]_옥외광고물 안전관리실태_2678.pdf,.pdf,664257,f9be87f84d6398b581eb62f2727191fec7b0d2108d212ada3269224382a7e7f4,2678,2022,성과,옥외광고물 안전관리실태,pdf
S02692,감사원,BAI,20220119_[기타서면]_임차보증금 망실통보사항 조사 및 처리_2680.pdf,.pdf,175822,c5d57e5465711a60384d678b8d8ef86601043a7ad365e90e566b1a468c1114ed,2680,2022,기타서면,임차보증금 망실통보사항 조사 및 처리,pdf
S02693,감사원,BAI,20220208_[성과]_에너지특별회계 융자 및 채권관리실태_2681.pdf,.pdf,1348053,0916cccdb721303efbaf0e7f676e3c6b411f4d22d3bbcf061d58d0b525414239,2681,2022,성과,에너지특별회계 융자 및 채권관리실태,pdf
S02694,감사원,BAI,20220209_[국민제안]_부산항(북항) 환승센터 개발사업 추진 관련_2682.pdf,.pdf,394363,aba8ce9426975c630d38740d3d402af95880cc4ce8d509d3ea2f9e588138ad9d,2682,2022,국민제안,부산항(북항) 환승센터 개발사업 추진 관련,pdf
S02695,감사원,BAI,20220210_[기관정기]_한국노인인력개발원에 대한 감사_2683.pdf,.pdf,580055,73ac07857597bf16aaa8a643e64e84fca9453c1b8dcb9e51b2a47eeb466efe29,2683,2022,기관정기,한국노인인력개발원에 대한 감사,pdf
S02696,감사원,BAI,20220217_[기관정기]_부산경남경찰청 정기감사_2685.pdf,.pdf,960977,af291d2211245553505dfa3421957424f3ea888e97ad8a96237c859f05dbf1ff,2685,2022,기관정기,부산경남경찰청 정기감사,pdf
S02697,감사원,BAI,20220222_[국민제안]_의정부시 도시개발시행사 선정 특혜의혹 관련_2688.pdf,.pdf,994955,6c92527f4a29ed7b71fc70b0a54d522b2897e3d84cc417f39c6242859cd3a36a,2688,2022,국민제안,의정부시 도시개발시행사 선정 특혜의혹 관련,pdf
S02698,감사원,BAI,20220223_[특정사안]_한국여성인권진흥원 채용 관련 비리점검_2689.pdf,.pdf,269721,6f2b23ba586be2cb91af8c898df9c949dc5bc613a267cde22b461fdcdb5a0770,2689,2022,특정사안,한국여성인권진흥원 채용 관련 비리점검,pdf
S02699,감사원,BAI,20220224_[기관정기]_통일부 정기감사_2692.pdf,.pdf,1060267,0ea4bc30dbd3d69dd6dadb8f6312cb8786f5afdc847583fe491aa3c01720464c,2692,2022,기관정기,통일부 정기감사,pdf
S02700,감사원,BAI,20220303_[기관정기]_강남구·성동구 정기감사_2884_v1.pdf,.pdf,1817593,7f54fa4fd529b0b06ab2cbc2d84dfbf3b83ab160233f3e3a64bbc6d47b1cfe1b,2884,2022,기관정기,강남구·성동구 정기감사,pdf
S02701,감사원,BAI,20220303_[기관정기]_강남구·성동구 정기감사_2884_v2.pdf,.pdf,585615,840a0b2c0606fc24be5b8e8c2131d0bdb526a058db076555c75ff6934f4a89eb,2884,2022,기관정기,강남구·성동구 정기감사,pdf
S02702,감사원,BAI,20220315_[성과]_보훈특별고용 제도 운용실태_2694.pdf,.pdf,3289606,e6650069eabf3d710514346d759a0160044b2943fa0e5ab48c5ebf0541e6fd4f,2694,2022,성과,보훈특별고용 제도 운용실태,pdf
S02703,감사원,BAI,20220316_[국민제안]_제주아트플랫폼 조성사업 추진 절차 관련_2693.pdf,.pdf,244597,fd7f30010a6848f1c7794535852ee8af736ea4e5116fbaf1b5d3f72770c43b04,2693,2022,국민제안,제주아트플랫폼 조성사업 추진 절차 관련,pdf
S02704,감사원,BAI,20220317_[성과]_인구구조변화 대응실태Ⅲ(지방행정 분야)_2696.pdf,.pdf,1498578,931af80933fc808f05e9471c70a694308a433c88ee67748314533cad3f1676d5,2696,2022,성과,인구구조변화 대응실태Ⅲ(지방행정 분야),pdf
S02705,감사원,BAI,20220317_[성과]_인구구조변화 대응실태Ⅳ(교육·일자리 분야)_2695.pdf,.pdf,8703611,36ab2984636c5ba5bc08442b9d74664e8038c0219e393eb36728049ed347f8d5,2695,2022,성과,인구구조변화 대응실태Ⅳ(교육·일자리 분야),pdf
S02706,감사원,BAI,20220323_[특정사안]_비축농산물 관리실태_2697.pdf,.pdf,282708,c63513c33dd1fd6ea68bc9d15556f00da801138437f99ee8df04663546272696,2697,2022,특정사안,비축농산물 관리실태,pdf
S02707,감사원,BAI,20220329_[기관정기]_한국수출입은행·한국무역보험공사 정기감사_2770_v1.pdf,.pdf,2161415,029ea46137920aa56d7e5eb71a165234e1499a2ea1ac9167c29ca915ce0aeff9,2770,2022,기관정기,한국수출입은행·한국무역보험공사 정기감사,pdf
S02708,감사원,BAI,20220329_[기관정기]_한국수출입은행·한국무역보험공사 정기감사_2770_v2.pdf,.pdf,168625,80effed54d92bb6b25046a074efba81769349ce268122b48ac1fe1fb40f13862,2770,2022,기관정기,한국수출입은행·한국무역보험공사 정기감사,pdf
S02709,감사원,BAI,20220330_[국민제안]_횡성문화재단 부실운영 등 관련 공익감사청구_2701.pdf,.pdf,254990,18bedf37edb090545bc7ba1537f9f42e47a31b54c25a63180780ff96833a5034,2701,2022,국민제안,횡성문화재단 부실운영 등 관련 공익감사청구,pdf
S02710,감사원,BAI,20220330_[기타서면]_변상판정 청구사항 조사 및 처리_2700.pdf,.pdf,165490,25b3b354a35c794f988a46007aba8d13f9a43a1f82946c2e40e3e36b4001b224,2700,2022,기타서면,변상판정 청구사항 조사 및 처리,pdf
S02711,감사원,BAI,20220331_[특정사안]_지방자치단체 계약 등 관련 비리점검_2702.pdf,.pdf,685772,f8f9f1b3feaf91416154b772ce42c9a192e6e81c1f28b03f95642c3e2b72e903,2702,2022,특정사안,지방자치단체 계약 등 관련 비리점검,pdf
S02712,감사원,BAI,20220406_[국민제안]_범부처전주기신약개발사업의 해외 기술이전 기술료 징수 실태_2705.pdf,.pdf,487944,51a376dfd26b3b4aaca22238fd41482d8abcd7d2772030ebfe90bc3e93cb7376,2705,2022,국민제안,범부처전주기신약개발사업의 해외 기술이전 기술료 징수 실태,pdf
S02713,감사원,BAI,20220407_[성과]_재해재난 대비 주요 사업예산 운용실태(재난안전관리특별교부세 예산운용을 중심으로)_2704.pdf,.pdf,1896153,8ac22f4e44ed6f06d1de8cf2b2bcd07e90c0b176777647a432a0d7c3ba72c32f,2704,2022,성과,재해재난 대비 주요 사업예산 운용실태(재난안전관리특별교부세 예산운용을 중심으로),pdf
S02714,감사원,BAI,20220412_[성과]_취업알선정보망 구축 및 관리실태_2706.pdf,.pdf,1479873,9226564613706bdaf398644beddbf22f5b14e0b546937fb18e9ea4f84642290d,2706,2022,성과,취업알선정보망 구축 및 관리실태,pdf
S02715,감사원,BAI,20220413_[기타서면]_변상판정 청구사항 조사 및 처리_2713.pdf,.pdf,350550,f4e67a1b593f4fefa441d95c18e74779b53c8a31faa35496760455cd5f8385a1,2713,2022,기타서면,변상판정 청구사항 조사 및 처리,pdf
S02716,감사원,BAI,20220418_[국민제안]_세관지정장치장 화물관리인 지정 등 관련_2708.pdf,.pdf,2199882,7b8d8a2cc2d63e110a6579f9e2d342ffc98c4d1bbfab7bda6a599256cd6611a6,2708,2022,국민제안,세관지정장치장 화물관리인 지정 등 관련,pdf
S02717,감사원,BAI,20220419_[성과]_초등돌봄교실 재정운영 및 관리실태_2709.pdf,.pdf,1877024,40518bfb5b3f367be2d0135c22a1a4b8d0a4ef52b2d5850864e8965e2a55bddd,2709,2022,성과,초등돌봄교실 재정운영 및 관리실태,pdf
S02718,감사원,BAI,20220420_[국민제안]_시의원 부동산투기 의혹 관련 세종특별자치시 도로개설 예산편성·심의과정의 적정성_2710.pdf,.pdf,440704,41944dcc50182a88777ccb2094897cc87897c6c0f7e21ced86069db6e209d5d6,2710,2022,국민제안,시의원 부동산투기 의혹 관련 세종특별자치시 도로개설 예산편성·심의과정의 적정성,pdf
S02719,감사원,BAI,20220421_[특정사안]_2021년도 공직비리 기동감찰Ⅰ_2711.pdf,.pdf,789048,e0bea13524fd7d89e06113b3302e245cf36a181b211fea2afa0301fa8d590ce8,2711,2022,특정사안,2021년도 공직비리 기동감찰Ⅰ,pdf
S02720,감사원,BAI,20220426_[기관정기]_김포시·연천군 정기감사_2768_v1.pdf,.pdf,1274652,c7163dee0a30ac0f02851759125ece701575c24cde644be040879507f98bca70,2768,2022,기관정기,김포시·연천군 정기감사,pdf
S02721,감사원,BAI,20220426_[기관정기]_김포시·연천군 정기감사_2768_v2.pdf,.pdf,174564,0a24957659b51a42110641cf20f04bac1524c32c6976cb5dbcaafc0cad0ca617,2768,2022,기관정기,김포시·연천군 정기감사,pdf
S02722,감사원,BAI,20220427_[국민제안]_국세청 등 5개 기관의 마스크 구매 및 지급 실태(국회감사요구사항)_2716.pdf,.pdf,826539,1d04be5909ecdd8296cb4623e85ca54e09ea74d306180dab888e5fdf843648e4,2716,2022,국민제안,국세청 등 5개 기관의 마스크 구매 및 지급 실태(국회감사요구사항),pdf
S02723,감사원,BAI,20220427_[국민제안]_사회복지법인 관리 직무유기 및 불법행위 방임 관련 감사청구_2715.pdf,.pdf,349971,70c16f95f358dde340fc370b3136dadcbbf65ee249032254233b17d2503ddbe6,2715,2022,국민제안,사회복지법인 관리 직무유기 및 불법행위 방임 관련 감사청구,pdf
S02724,감사원,BAI,20220428_[기관정기]_부천시 정기감사_2718.pdf,.pdf,839832,4de0e2d9f3455ec332b6191aca52ff38f10d083adf9bca3461abf12d4fc65cbc,2718,2022,기관정기,부천시 정기감사,pdf
S02725,감사원,BAI,20220429_[국민제안]_저출산고령사회위원회 등 대통령 소속 6개 위원회 업무추진비 및 정책연구용역비 집행 실태(국회감사요구)_2719.pdf,.pdf,1376838,3de7542b8bc1477830d6de6639b301767bccb6b95be236e95aec44549cb1352b,2719,2022,국민제안,저출산고령사회위원회 등 대통령 소속 6개 위원회 업무추진비 및 정책연구용역비 집행 실태(국회감사요구),pdf
S02726,감사원,BAI,20220503_[기관정기]_대통령비서실 등 3개 기관 정기감사_2723.pdf,.pdf,870258,1b4a57bc0db52eff1657a1d2ed3ea7754f9cbaba880e3403d16c1dbe9c8e59da,2723,2022,기관정기,대통령비서실 등 3개 기관 정기감사,pdf
S02727,감사원,BAI,20220504_[국민제안]_화성시 에코센터 관련_2722.pdf,.pdf,534112,d82cb4501dc05d5c3f512ea3e7bf7b9789403c22801f1d78fc1c72e6e2a70e80,2722,2022,국민제안,화성시 에코센터 관련,pdf
S02728,감사원,BAI,20220504_[기관정기]_횡성군 정기감사_2726.pdf,.pdf,5894542,52e455a846ef8b8cd58d8f074c1af8e3a0bf0d23cbd10b618939eb624d273bff,2726,2022,기관정기,횡성군 정기감사,pdf
S02729,감사원,BAI,20220504_[특정사안]_ㄱ 단독주택단지 도시개발사업 인허가 관련 감사제보 감사_2721.pdf,.pdf,1942261,4c2bd027e3e0795dfb94c6b87152c7cd4c7009b56c36f89943ff4217fa8ad2e7,2721,2022,특정사안,ㄱ 단독주택단지 도시개발사업 인허가 관련 감사제보 감사,pdf
S02730,감사원,BAI,20220511_[국민제안]_한국농어촌공사 등 4개 공공기관의 기부금 집행 관련_2727.pdf,.pdf,275975,539304a3941e451545e2a13e4e4fc31e30eefbd615c959075a10c4fccd10e79a,2727,2022,국민제안,한국농어촌공사 등 4개 공공기관의 기부금 집행 관련,pdf
S02731,감사원,BAI,20220512_[기관정기]_광진구 정기감사_2728.pdf,.pdf,1080739,a817bd81d2b9915e81932cf5d18794cec569fdf67cd614d0ff32eefd4eb8fe03,2728,2022,기관정기,광진구 정기감사,pdf
S02732,감사원,BAI,20220517_[성과]_석유화학산업단지 배관 안전관리실태(산업용 사외배관 중심으로)_2771.pdf,.pdf,4016751,08352947f6e180c52ba71aa93eed3a05554ce227eeea15488a2c888b0b216e12,2771,2022,성과,석유화학산업단지 배관 안전관리실태(산업용 사외배관 중심으로),pdf
S02733,감사원,BAI,20220518_[국민제안]_서대구역사 건설공사 위법행위 관련 감사청구_2731.pdf,.pdf,2770626,d4343f1b437a308356b6f5cedee33e5c5a530ec206467f24dc71c39831f0d415,2731,2022,국민제안,서대구역사 건설공사 위법행위 관련 감사청구,pdf
S02734,감사원,BAI,20220518_[국민제안]_오산시의 생태체험관 조성사업 추진 관련_2730.pdf,.pdf,604423,3681b67f786bdb0e56f5e8b3f1abebe3bc0f0d3e3c7df63b686115b3a284d46f,2730,2022,국민제안,오산시의 생태체험관 조성사업 추진 관련,pdf
S02735,감사원,BAI,20220519_[성과]_주요 SOC(일반국도 등) 건설사업관리 실태Ⅰ_2901_v1.pdf,.pdf,6448116,6cb018346e21c802902bbb212c18433c1aedd0aebf7c5ed79c222fc498521633,2901,2022,성과,주요 SOC(일반국도 등) 건설사업관리 실태Ⅰ,pdf
S02736,감사원,BAI,20220519_[성과]_주요 SOC(일반국도 등) 건설사업관리 실태Ⅰ_2901_v2.pdf,.pdf,429284,70040de533dd1ed881dc09939e5389463e29ee0d71b92257e6d8470378b7b435,2901,2022,성과,주요 SOC(일반국도 등) 건설사업관리 실태Ⅰ,pdf
S02737,감사원,BAI,20220523_[특정사안]_근무시간 조작 제보에 대한 조사업무 부당 처리 관련_2736.pdf,.pdf,297477,07ab39c7d01691595b1dc2b89e1021170cc377d23700aa03a8042f12b04d5646,2736,2022,특정사안,근무시간 조작 제보에 대한 조사업무 부당 처리 관련,pdf
S02738,감사원,BAI,20220524_[기관정기]_대법원 정기감사_2734.pdf,.pdf,1828725,a0b951f5706ac960935ba0a612a87725a1fba37d08f47ff2c596e2f3cea1fb20,2734,2022,기관정기,대법원 정기감사,pdf
S02739,감사원,BAI,20220525_[국민제안]_군사망사고진상규명위원회의 천안함 재조사 과정 관련_2739.pdf,.pdf,272050,946726ed1b521f947327a311fa2c1bc9a4dc666427af17d0f821f0634a642e8e,2739,2022,국민제안,군사망사고진상규명위원회의 천안함 재조사 과정 관련,pdf
S02740,감사원,BAI,20220525_[국민제안]_재건축관리처분계획 인가처분 관련_2737.pdf,.pdf,174364,8671919d23aac140e8e5dea031ad92e8e2e0f15efd8034d629b0f5732495869b,2737,2022,국민제안,재건축관리처분계획 인가처분 관련,pdf
S02741,감사원,BAI,20220526_[성과]_국세불복제도 운영실태_2735.pdf,.pdf,1330764,114b7f72e0500af1a3305caa59c8920cca73b237f3fc9abe13f87d94d9e87bcd,2735,2022,성과,국세불복제도 운영실태,pdf
S02742,감사원,BAI,20220530_[국민제안]_항공보안파트너스(주)의 상법 위반 및 예산 낭비 관련 공익감사청구_2743.pdf,.pdf,220268,13543273b2d77079020a93cf404ea18bc37a8568d0497c7b7ae03e006aafbf7a,2743,2022,국민제안,항공보안파트너스(주)의 상법 위반 및 예산 낭비 관련 공익감사청구,pdf
S02743,감사원,BAI,20220531_[국민제안]_마곡일반산업단지 조성원가 부당 산정 등 관련 공익감사청구_2740.pdf,.pdf,609887,efdf7ba645b366f3518b64373ff5b903bba040993e984c12dae5a7f83596323a,2740,2022,국민제안,마곡일반산업단지 조성원가 부당 산정 등 관련 공익감사청구,pdf
S02744,감사원,BAI,20220531_[성과]_재정지출·사업 관리제도 운영실태 I_2741.pdf,.pdf,2003076,5b1c07622938a78a9c6a547dd692e0ac09320871a3037c65fb41e347551f30dc,2741,2022,성과,재정지출·사업 관리제도 운영실태 I,pdf
S02745,감사원,BAI,20220531_[성과]_재정지출·사업 관리제도 운영실태 II_2742.pdf,.pdf,1469322,35bdbacc096ab8f428271c51ec015d7aa960f74a2438fb5110133b0feefa69c4,2742,2022,성과,재정지출·사업 관리제도 운영실태 II,pdf
S02746,감사원,BAI,20220531_[재무]_2021회계연도 국가결산검사_2881_v1.pdf,.pdf,376805,5ed302b74bdbbbe8cf6657752c19e1dc8c593be1e2c3cb1347b03a327309484f,2881,2022,재무,2021회계연도 국가결산검사,pdf
S02747,감사원,BAI,20220531_[재무]_2021회계연도 국가결산검사_2881_v2.pdf,.pdf,18328977,2c963d5c7cd49de269a60d3634a36006b05e7366fe0ff19bb536926b7a9e8021,2881,2022,재무,2021회계연도 국가결산검사,pdf
S02748,감사원,BAI,20220531_[재무]_2021회계연도 국가결산검사_2881_v3.pdf,.pdf,11878144,1a09e6de0deb95f89e5cee187930fa47acb7d362c7c4172c1a08df3eda0cceea,2881,2022,재무,2021회계연도 국가결산검사,pdf
S02749,감사원,BAI,20220531_[재무]_2021회계연도 국가결산검사_2881_v4.pdf,.pdf,336907,44c5a0b50c6f7e1aacbdebe1dd67dfecf08440bbf1a19e814a84069b03c67175,2881,2022,재무,2021회계연도 국가결산검사,pdf
S02750,감사원,BAI,20220602_[성과]_소비자 보호 시책 추진실태_2746.pdf,.pdf,1349314,a02aaceb6f6b718b5f5871b9e41bf0dbf04849ef855b0471b8c0bd06bf3e362a,2746,2022,성과,소비자 보호 시책 추진실태,pdf
S02751,감사원,BAI,20220602_[성과]_의료기기 안전 및 품질관리 실태_2747.pdf,.pdf,1602267,b18b7e82d0c9cba5a7d1b49deb6b5da17c2244656f6fa35d60cf6b5f5b3a927d,2747,2022,성과,의료기기 안전 및 품질관리 실태,pdf
S02752,감사원,BAI,20220607_[국민제안]_공매도 금지조치에 대한 부적정한 보도자료 작성 관련_2750.pdf,.pdf,229144,75932d782563df8725701a1990069eaeda819399245c337cacd427507937b67c,2750,2022,국민제안,공매도 금지조치에 대한 부적정한 보도자료 작성 관련,pdf
S02753,감사원,BAI,20220607_[기관정기]_국방기술품질원에 대한 감사_2748.pdf,.pdf,1935943,6340ef567cf8a90a00799dc8aca313539e541b59be77d80544b5d65bfcbc61c0,2748,2022,기관정기,국방기술품질원에 대한 감사,pdf
S02754,감사원,BAI,20220607_[성과]_산림자원 조성 및 관리실태_2749.pdf,.pdf,3632200,5a3bc4b825200b578116a31a63e570d7f6e519a17b2c6db6dd5ba8b919499056,2749,2022,성과,산림자원 조성 및 관리실태,pdf
S02755,감사원,BAI,20220608_[기타서면]_변상판정 청구사항 조사 및 처리_2744.pdf,.pdf,173308,996cf582c873f0cfe0c712563271b46f44f111f9adedbd837ca88244006b47b7,2744,2022,기타서면,변상판정 청구사항 조사 및 처리,pdf
S02756,감사원,BAI,20220609_[성과]_노후 교량 안전관리실태_2753.pdf,.pdf,1719322,e8733b4f72ed82d4fb5fee0205c209bc1b7e3b7d85953340cbc0d70283676ad8,2753,2022,성과,노후 교량 안전관리실태,pdf
S02757,감사원,BAI,20220609_[특정사안]_지방자치단체 소극행정 실태 점검_2752.pdf,.pdf,3026202,4a6c715413727229ed75daac9fb46f58ff76fd2bc24518d7a266effda4cd8f4e,2752,2022,특정사안,지방자치단체 소극행정 실태 점검,pdf
S02758,감사원,BAI,20220613_[국민제안]_경주시 장애인시설 부당 행정조치 관련_2751.pdf,.pdf,294223,2f9fbf7285ac97cf47e81f0da8df5c29c5749e48c671e75ebff02da5cc2b744f,2751,2022,국민제안,경주시 장애인시설 부당 행정조치 관련,pdf
S02759,감사원,BAI,20220614_[기관정기]_국회 정기감사_2754.pdf,.pdf,782578,d56565e8be7aa4de7b021d6fd26b2315ba8fad918ab98f10fa5da296abbbff34,2754,2022,기관정기,국회 정기감사,pdf
S02760,감사원,BAI,20220615_[국민제안]_대구광역시 주민참여예산제 관련 대구시설공단의 부당 관여 여부_2760.pdf,.pdf,365590,586aa8385524f83a99136b84d793c2ea53f0a6633af170d1c9daf5400c88e3df,2760,2022,국민제안,대구광역시 주민참여예산제 관련 대구시설공단의 부당 관여 여부,pdf
S02761,감사원,BAI,20220616_[기관정기]_기획재정부 정기감사_2757.pdf,.pdf,939185,e5d5e89be20ca92479de6ce33af6a02c7e9ad7a0c9b2d662a02ea58056651dd9,2757,2022,기관정기,기획재정부 정기감사,pdf
S02762,감사원,BAI,20220616_[성과]_인구구조변화 대응실태Ⅴ(생산인력 확충분야)_2762.pdf,.pdf,1375900,e0b78375bde19a25bf14acb801b70826d10cf68e8437cba4729baddb1d25b015,2762,2022,성과,인구구조변화 대응실태Ⅴ(생산인력 확충분야),pdf
S02763,감사원,BAI,20220621_[성과]_민간참여형 공공주택사업 추진실태_2765.pdf,.pdf,1579366,07dc36d1af16319c2b128f04f3eb5e431d2ce1130efb630f93271caed7177d00,2765,2022,성과,민간참여형 공공주택사업 추진실태,pdf
S02764,감사원,BAI,20220622_[국민제안]_민간공원조성 특례사업 협약 체결 업무처리 관련_2761.pdf,.pdf,288051,355fc4f62a9c4bbe15df4e8412d5507fe5aac61c610d639fcc75839d8dbcbd02,2761,2022,국민제안,민간공원조성 특례사업 협약 체결 업무처리 관련,pdf
S02765,감사원,BAI,20220623_[국민제안]_속초해수욕장 관광테마시설의 우선협상대상자 선정 관련_2769.pdf,.pdf,416733,3efde68ebd4bb0fb1e409fa7db4dd7f37a5512027c1d6793375c18b96aa95f77,2769,2022,국민제안,속초해수욕장 관광테마시설의 우선협상대상자 선정 관련,pdf
S02766,감사원,BAI,20220623_[특정사안]_공공기관 불공정 계약실태_2763.pdf,.pdf,574382,299eb3e4179adccd2c1555b27bd9eac4d5382c5c522eac073bfdf842ddb2f357,2763,2022,특정사안,공공기관 불공정 계약실태,pdf
S02767,감사원,BAI,20220627_[국민제안]_당진시 도비도 관광지 조성사업 등 관련_2767.pdf,.pdf,521138,3f7ddaeaf24cf08ef2debdf0aa9e3e297a33badad037f01471eddf5cf81dfc52,2767,2022,국민제안,당진시 도비도 관광지 조성사업 등 관련,pdf
S02768,감사원,BAI,20220628_[국민제안]_경부고속도로 직선화 공사 지연 관련_2773.pdf,.pdf,555549,9adee998f43e984c8ae420e0cc81cc90407dfaef98d70b282b1f1e9d4e10401c,2773,2022,국민제안,경부고속도로 직선화 공사 지연 관련,pdf
S02769,감사원,BAI,20220628_[성과]_국방규격 제정 및 관리실태_2772.pdf,.pdf,963755,359b8ad14b8d495bf6f6bd2b6c04fffb98721480bacfc4b24a83de638b799dd4,2772,2022,성과,국방규격 제정 및 관리실태,pdf
S02770,감사원,BAI,20220629_[기관정기]_용산구 정기감사_2774.pdf,.pdf,575667,5085ed87740717605490d105589c88c8104e3bfe3c30c8f6322eae8f7ca4b1bd,2774,2022,기관정기,용산구 정기감사,pdf
S02771,감사원,BAI,20220629_[특정사안]_전환기 공직기강 점검_2775.pdf,.pdf,193576,c213a7db8a5cf9214d7f66bb3242b2b20732f322b9a3c94e35846fce519e1d73,2775,2022,특정사안,전환기 공직기강 점검,pdf
S02772,감사원,BAI,20220630_[기관정기]_경상북도 정기감사_2812_v1.pdf,.pdf,1199470,46e78ede257a03b0c08ace5a6ccd6006f14afee88a5b41cfc89db89bb137dda5,2812,2022,기관정기,경상북도 정기감사,pdf
S02773,감사원,BAI,20220630_[기관정기]_경상북도 정기감사_2812_v2.pdf,.pdf,108152,2fcef502bc3e59a48d5a74f12849f41b591dd0726713a6eb2ce016ab3f5c5dac,2812,2022,기관정기,경상북도 정기감사,pdf
S02774,감사원,BAI,20220705_[국민제안]_세종시 이전기관 종사자 주택 특별공급 점검_2779.pdf,.pdf,1273950,02c13411cde2a6399538e0b9e9d4d699390b50c9edf6823f8492fb06ef0c90ef,2779,2022,국민제안,세종시 이전기관 종사자 주택 특별공급 점검,pdf
S02775,감사원,BAI,20220705_[성과]_학교시설 안전관리실태_2778.pdf,.pdf,1859633,e18d9f2bc851dcf1ad71c1b3d2911559021e398ecd749215009b733fe449baf9,2778,2022,성과,학교시설 안전관리실태,pdf
S02776,감사원,BAI,20220706_[국민제안]_물품다수공급자계약 업무처리기준 위반 관련_2783.pdf,.pdf,519242,aca52a11a8ca57d6d20185a02f2eea843aa22ba8085fe8c6aedd529e9a71ea04,2783,2022,국민제안,물품다수공급자계약 업무처리기준 위반 관련,pdf
S02777,감사원,BAI,20220707_[기관정기]_순천시·광양시·임실군·구례군 기관정기감사_2780.pdf,.pdf,1534827,05c1997c872b2f117ce8eb20d38b52110d81d384226bee3d3dd8709826322dcf,2780,2022,기관정기,순천시·광양시·임실군·구례군 기관정기감사,pdf
S02778,감사원,BAI,20220711_[기타서면]_한국가스공사 LNG수송운임 망실·훼손사항 서면감사_2785.pdf,.pdf,380770,d04bc49f45b9bcece12de9fd2ea54ce06fee30f1cb73dadf74ae1712db482ad7,2785,2022,기타서면,한국가스공사 LNG수송운임 망실·훼손사항 서면감사,pdf
S02779,감사원,BAI,20220713_[기관정기]_헌법재판소 외 2개 기관 정기감사_2786.pdf,.pdf,421183,e4c6d88dd6e0a0d4b9f1b994ca60810ddbe1fb7ef2fc9c9f77fa38d184bcc732,2786,2022,기관정기,헌법재판소 외 2개 기관 정기감사,pdf
S02780,감사원,BAI,20220721_[기관정기]_재외공관 및 외교부 본부 정기감사_2787.pdf,.pdf,540390,c5921f93fa945fed0369d4f0beeff9c84ebde2c5876e4a8faf71f6f5dc958f46,2787,2022,기관정기,재외공관 및 외교부 본부 정기감사,pdf
S02781,감사원,BAI,20220722_[국민제안]_성남시의 백현동(한국식품연구원 부지) 개발 특혜의혹 관련_2788.pdf,.pdf,2610491,0730b77319afb5d284c1102354effff88743174ed69ccc61a233fdace48da03f,2788,2022,국민제안,성남시의 백현동(한국식품연구원 부지) 개발 특혜의혹 관련,pdf
S02782,감사원,BAI,20220726_[특정사안]_국토개발정보 관리 및 농지법 위반 감독실태_2789.pdf,.pdf,2795476,efbb05e4891287bec27c8708750d41294bc98dbf696cba24d74adc6b44b775c3,2789,2022,특정사안,국토개발정보 관리 및 농지법 위반 감독실태,pdf
S02783,감사원,BAI,20220727_[국민제안]_제58회 세무사시험 2차시험 관리 관련(공익감사청구)_2791.pdf,.pdf,401272,edfea3df8d932d1a3262af76e884ec59d7a480a54d4fa7f947bbbbebe0831fd9,2791,2022,국민제안,제58회 세무사시험 2차시험 관리 관련(공익감사청구),pdf
S02784,감사원,BAI,20220728_[성과]_건강보험 재정관리 실태_2792.pdf,.pdf,3144740,48533487019e1a409de5f075a9eeb34e175ecd0409553918422636ffa245c1fa,2792,2022,성과,건강보험 재정관리 실태,pdf
S02785,감사원,BAI,20220801_[기관정기]_주식회사 에스알 정기감사_2793.pdf,.pdf,934733,c48c7190bc865fb1bd0dc9911dcaf5c804694bca68c74065f5befe2ed91bc71c,2793,2022,기관정기,주식회사 에스알 정기감사,pdf
S02786,감사원,BAI,20220802_[특정사안]_세무조사 운영실태_2811.pdf,.pdf,726181,23f92791b059b652f2c8968e28d6a9c46ae42fcbf34c2be2df706f59152ab5a4,2811,2022,특정사안,세무조사 운영실태,pdf
S02787,감사원,BAI,20220803_[특정사안]_부산광역시 동래구 하수펌프공법 선정 관련 감사제보사항_2795.pdf,.pdf,657871,c98e6c93c9cde30fe10b5b98a9e5c33ccbf295869b0105ce539ca4aa1a605244,2795,2022,특정사안,부산광역시 동래구 하수펌프공법 선정 관련 감사제보사항,pdf
S02788,감사원,BAI,20220804_[기관정기]_(주)강원랜드 정기감사_2799.pdf,.pdf,1765093,82fe353fde665aa107ae794ff89f04527d374d66deadbbda6e4a1c34b6d602c5,2799,2022,기관정기,(주)강원랜드 정기감사,pdf
S02789,감사원,BAI,20220808_[국민제안]_ㄱ의약품 투약에 관한 위법·부당한 행정지도와 의무 해태 관련_2798.pdf,.pdf,308194,f1b8a68159d2c40f673f3e9b62bcf4768ade192f8d945c0c9264ef3797b9bbe5,2798,2022,국민제안,ㄱ의약품 투약에 관한 위법·부당한 행정지도와 의무 해태 관련,pdf
S02790,감사원,BAI,20220809_[기관정기]_하남시 정기감사_2805.pdf,.pdf,1264361,716dec894a1f2a802579999a56562fa2486c21718d781b1c926ae328e77d23f2,2805,2022,기관정기,하남시 정기감사,pdf
S02791,감사원,BAI,20220810_[국민제안]_울산광역시 남구 및 울주군 생활폐기물 수집·운반 대행계약 관련_2796.pdf,.pdf,380120,546f0af2dd1c72795b36269228d8f8de77b60170ba92cf7e326f2694213ff474,2796,2022,국민제안,울산광역시 남구 및 울주군 생활폐기물 수집·운반 대행계약 관련,pdf
S02792,감사원,BAI,20220811_[국민제안]_부산ㆍ진해경제자유구역 웅동1지구 개발사업 관련_2804.pdf,.pdf,594205,ab6eaa9e84553aa833e484dd57aa039250fa25be2da00a820bc0984687096701,2804,2022,국민제안,부산ㆍ진해경제자유구역 웅동1지구 개발사업 관련,pdf
S02793,감사원,BAI,20220811_[기관정기]_대전광역시 정기감사_2841.pdf,.pdf,1490188,54f085ef811b9d0c79545c9230dcfef518698082ab1b0b708687d0a4fb79958d,2841,2022,기관정기,대전광역시 정기감사,pdf
S02794,감사원,BAI,20220811_[성과]_농업법인 관리 및 지원제도 운영실태_2800.pdf,.pdf,1608004,3778749f971185ee01750cf9d273e6567e028ca0c9684cc59ee09ca3e80df84b,2800,2022,성과,농업법인 관리 및 지원제도 운영실태,pdf
S02795,감사원,BAI,20220817_[국민제안]_아이돌봄 광역지원센터 지정·운영 등 법 위반 관련_2806.pdf,.pdf,343620,02c46f1da41231e4b6da599b862a3d2476bd0b99767234983f18fcf8f9635fde,2806,2022,국민제안,아이돌봄 광역지원센터 지정·운영 등 법 위반 관련,pdf
S02796,감사원,BAI,20220818_[기관정기]_중소벤처기업부 정기감사_2807.pdf,.pdf,991840,cf7d77a6882d824117bfa11e729fb0e80856cc8c57232d1caf6f4883fc451970,2807,2022,기관정기,중소벤처기업부 정기감사,pdf
S02797,감사원,BAI,20220823_[성과]_공탁금 및 법원 보관금 관리실태_2810.pdf,.pdf,1127487,8c01af9e209ff8895835da09271484a9ed47791c88c94948eeae661dd81fb75a,2810,2022,성과,공탁금 및 법원 보관금 관리실태,pdf
S02798,감사원,BAI,20220825_[기관정기]_부산광역시 정기감사_2809.pdf,.pdf,961695,eaea736b77863e888901fd1fd339fa08ebb202ac16e3b441364c8724d2ebc0b6,2809,2022,기관정기,부산광역시 정기감사,pdf
S02799,감사원,BAI,20220905_[국민제안]_한국수력원자력 BNPP 방사선관리 용역업체 선정 등 관련 공익감사청구_2813.pdf,.pdf,417915,a44753e91a877149c866fd053c8e1d1d7b87c8fdf56415f9208c8bc722924bde,2813,2022,국민제안,한국수력원자력 BNPP 방사선관리 용역업체 선정 등 관련 공익감사청구,pdf
S02800,감사원,BAI,20220906_[기관정기]_아동권리보장원과 한국자활복지개발원에 대한 감사_2814.pdf,.pdf,1086600,64fc2e7a7ff71ab054a5f15951bf900cdd71e96bb3de8911f4feeacf59997106,2814,2022,기관정기,아동권리보장원과 한국자활복지개발원에 대한 감사,pdf
S02801,감사원,BAI,20220906_[성과]_공적자금 지원 금융기관 경영정상화 추진실태_2818.pdf,.pdf,1231121,76c931719a280bce55dcd8950e6f464ffa406d7c97f5f6474105ce3f319cdab6,2818,2022,성과,공적자금 지원 금융기관 경영정상화 추진실태,pdf
S02802,감사원,BAI,20220907_[기관정기]_구리시 정기감사_2816.pdf,.pdf,293913,a7f878fa130241e10cfedc1b7d922963237abf08f585194aaea7f00045bcdba7,2816,2022,기관정기,구리시 정기감사,pdf
S02803,감사원,BAI,20220908_[성과]_공공앱 구축·운영 실태_2819.pdf,.pdf,1555739,a7e1c95accf14c4333b2b5b7b6aaf3bb79721685976c8cb99c77b84cb04f895f,2819,2022,성과,공공앱 구축·운영 실태,pdf
S02804,감사원,BAI,20220913_[기관정기]_문화재청 정기감사_2820.pdf,.pdf,1536299,943caf8bc5a441e6f0f1d511bf3706cfdfedcc1710a959bce15d248e2f76519d,2820,2022,기관정기,문화재청 정기감사,pdf
S02805,감사원,BAI,20220914_[국민제안]_신장성변전소 및 송전선로 건설사업 관련_2821.pdf,.pdf,255002,667397c2007c361b5c64131bde6c00641fcfb657cd891e55c26d9e79e33e11b4,2821,2022,국민제안,신장성변전소 및 송전선로 건설사업 관련,pdf
S02806,감사원,BAI,20220914_[성과]_먹는 물 수질관리 실태_2822.pdf,.pdf,2649993,234d11e2632135c245d68510483c11a050d57c9693b61f77820ec7e7e36c9cfd,2822,2022,성과,먹는 물 수질관리 실태,pdf
S02807,감사원,BAI,20220915_[성과]_세입예산 추계 운영실태_2823.pdf,.pdf,816980,5e9e8c8fe9665b17582d3f28d5ba0fb5b33b2b68c508183467bd3653a0ad78f1,2823,2022,성과,세입예산 추계 운영실태,pdf
S02808,감사원,BAI,20220921_[국민제안]_ㄱ경기장 건립공사 법정부담금의 계약업체 부당 전가 관련_2824.pdf,.pdf,307934,72b87094491f8d2f26db33018bc0a278a6aa2d582aac9e927f5253e3a83993e0,2824,2022,국민제안,ㄱ경기장 건립공사 법정부담금의 계약업체 부당 전가 관련,pdf
S02809,감사원,BAI,20220922_[성과]_한국은행 및 산은·기은 조직·예산 운영실태_2825.pdf,.pdf,2436124,971a0cba051071a7a7754f7bef86893b42510f571f6eda9553d5e3769c13af1e,2825,2022,성과,한국은행 및 산은·기은 조직·예산 운영실태,pdf
S02810,감사원,BAI,20220927_[기관정기]_고용노동부 정기감사_2826.pdf,.pdf,1425127,a72d8ae8d4c103bcaf7910fb88e592136434cb744a2c74a5e5eea2a3358d5a38,2826,2022,기관정기,고용노동부 정기감사,pdf
S02811,감사원,BAI,20220928_[기관정기]_의왕시 정기감사_2827.pdf,.pdf,814664,8a33d6711e77f3fb9cfcc3c364d37a9f98740ec6cc374307c44d543804e80e0d,2827,2022,기관정기,의왕시 정기감사,pdf
S02812,감사원,BAI,20221005_[성과]_케이블 레저시설 안전관리실태_2899_v1.pdf,.pdf,890178,3140285ad9a90776373e77155df743cc1529cce5af1c98184058dd77d4b28ccd,2899,2022,성과,케이블 레저시설 안전관리실태,pdf
S02813,감사원,BAI,20221005_[성과]_케이블 레저시설 안전관리실태_2899_v2.pdf,.pdf,3920784,c0fe42522bba74f1a9f82959bf4767a155fd0e43636c1e2c66bd15abb339cd74,2899,2022,성과,케이블 레저시설 안전관리실태,pdf
S02814,감사원,BAI,20221006_[국민제안]_레인보우 힐링관광지 및 복지시설 부지 부당 조성 의혹 관련_2829.pdf,.pdf,1222393,b6ba0451e18fe867b41e571cb58b140f6e0a8ff0515e7151185af11ef8c4858b,2829,2022,국민제안,레인보우 힐링관광지 및 복지시설 부지 부당 조성 의혹 관련,pdf
S02815,감사원,BAI,20221012_[국민제안]_'가'해수욕장 인근 건축허가 등 관련_2832.pdf,.pdf,482843,40357d3e87c393cf98a27edbe0afa131a127005be37516df83e3b27a5886160e,2832,2022,국민제안,'가'해수욕장 인근 건축허가 등 관련,pdf
S02816,감사원,BAI,20221013_[재무]_2021회계연도 공공기관 결산검사_2831.pdf,.pdf,392739,3a31bbd604debaea8f8316701a4c29d94e28c0e35e3285ffae02a27f17e1b1b9,2831,2022,재무,2021회계연도 공공기관 결산검사,pdf
S02817,감사원,BAI,20221025_[기관정기]_행정안전부 정기감사_2834.pdf,.pdf,1058144,6733b6d50fb58eb43594cc6d8f8f6f467a472a6bf148e9f9c1749f9c3093df70,2834,2022,기관정기,행정안전부 정기감사,pdf
S02818,감사원,BAI,20221026_[기관정기]_농촌진흥청 정기감사_2833.pdf,.pdf,613887,c6531284998c8fb674d9eb59ecc8e11c6a96a395807a50f3d172f8df1cc12b15,2833,2022,기관정기,농촌진흥청 정기감사,pdf
S02819,감사원,BAI,20221026_[기관정기]_보령시·증평군 정기감사_2836.pdf,.pdf,748476,cac0b70224e757bc84640dd717fb3e805c6682da20c6c181d1b373fe6257014a,2836,2022,기관정기,보령시·증평군 정기감사,pdf
S02820,감사원,BAI,20221027_[성과]_교통약자 등의 이동편의제도 운영실태_2835.pdf,.pdf,2056158,d10dd68ab15ce436ae12b7ddd90a44ae715d129b97f53c68f39f4896cad9bf18,2835,2022,성과,교통약자 등의 이동편의제도 운영실태,pdf
S02821,감사원,BAI,20221101_[특정사안]_공공임대주택 운영 관리 및 매입임대 실태_2839.pdf,.pdf,877562,ab5eb1e95567e73db7e79e2b322cc0314b795b587522c14c38ac1783ad91babd,2839,2022,특정사안,공공임대주택 운영 관리 및 매입임대 실태,pdf
S02822,감사원,BAI,20221102_[기관정기]_포천시 정기감사_2838.pdf,.pdf,731866,76683fd5af3d9300d4f92565b88d6611b506005b08c014cf64615e715b62cb0e,2838,2022,기관정기,포천시 정기감사,pdf
S02823,감사원,BAI,20221102_[기관정기]_한국수자원공사 정기감사_2840.pdf,.pdf,341197,9ed5f9150f9dce06725798f8e09535846ea46f3920f9b720954f65924450dac1,2840,2022,기관정기,한국수자원공사 정기감사,pdf
S02824,감사원,BAI,20221103_[기관정기]_산업통상자원부 정기감사_2837.pdf,.pdf,594086,853fb8c424d18c3fa22336d6b0ce92398d8fcaba71cc5b3402da6f8e95064796,2837,2022,기관정기,산업통상자원부 정기감사,pdf
S02825,감사원,BAI,20221109_[기타서면]_변상판정 청구사항 조사 및 처리_2843.pdf,.pdf,260273,5569d84d763f54e52e37b2be90fd273651336410a17f79c778d954758c4f4944,2843,2022,기타서면,변상판정 청구사항 조사 및 처리,pdf
S02826,감사원,BAI,20221110_[국민제안]_GTX-C노선 창동역~도봉산 구간 지상화 관련 감사청구_2845.pdf,.pdf,1296053,18f371f12262757d7f8caea9bb24f0db862d0598a43dea412f1f7bf775431d7a,2845,2022,국민제안,GTX-C노선 창동역~도봉산 구간 지상화 관련 감사청구,pdf
S02827,감사원,BAI,20221110_[기관정기]_한국교직원공제회에 대한 감사_2844.pdf,.pdf,1629776,c771ae811011e2026eac181e7b58f110347d924249d83fe82c2bbdb6df5a6d94,2844,2022,기관정기,한국교직원공제회에 대한 감사,pdf
S02828,감사원,BAI,20221114_[국민제안]_기소유예처분 공무원 징계의결 요구 유보 및 승진 관련_2848.pdf,.pdf,337078,56f0247fed6bb987b82af539c0cb11d608d312ed7bde0f13edf37c278487eaba,2848,2022,국민제안,기소유예처분 공무원 징계의결 요구 유보 및 승진 관련,pdf
S02829,감사원,BAI,20221115_[기관정기]_한국보훈복지의료공단 정기감사_2846.pdf,.pdf,829704,edff3c93a93438f49704626a6453addd565f0823f516a28aab25c1004a23cdf0,2846,2022,기관정기,한국보훈복지의료공단 정기감사,pdf
S02830,감사원,BAI,20221116_[기관정기]_이천시 정기감사_2849.pdf,.pdf,335928,f15e6cb7f4f484fd62a294fcce99ea9fe1f6adad01340389da8f5eb668dabb0d,2849,2022,기관정기,이천시 정기감사,pdf
S02831,감사원,BAI,20221117_[기관정기]_해양경찰청 정기감사_2847.pdf,.pdf,507592,83f9a59ad6d6a290e63277199c84aaa235b498f6806bdced0fed3f5a7b21b94f,2847,2022,기관정기,해양경찰청 정기감사,pdf
S02832,감사원,BAI,20221121_[국민제안]_문산-도라산 고속도로 건설사업 환경영향평가 과정의 적정성 여부_2852.pdf,.pdf,3398625,c29f364a433056d5d583cf8ca0012d87ac54f437740b9c136301e7e7d73c5620,2852,2022,국민제안,문산-도라산 고속도로 건설사업 환경영향평가 과정의 적정성 여부,pdf
S02833,감사원,BAI,20221122_[기관정기]_한국행정연구원 및 한국형사법무정책연구원에 대한 감사_2858.pdf,.pdf,400826,6df62dd361bf621257609f0dd6efb37eea96a2c3eccf2a95faa84660cc40a1ff,2858,2022,기관정기,한국행정연구원 및 한국형사법무정책연구원에 대한 감사,pdf
S02834,감사원,BAI,20221123_[국민제안]_중소기업 혁신바우처사업의 운영기관 신청 제한 등 관련_2853.pdf,.pdf,548893,90dc67a5743cf9e368678de5b94e6622c067b6b9725c578893c4e16d61d80a8d,2853,2022,국민제안,중소기업 혁신바우처사업의 운영기관 신청 제한 등 관련,pdf
S02835,감사원,BAI,20221124_[성과]_건설공사현장 안전관리실태(민간 건축공사를 중심으로)_2854.pdf,.pdf,3862202,034d8a5ee8fbcfc2d1f0291370de06e6946dd84cf9b3a78e57740b91139e9f45,2854,2022,성과,건설공사현장 안전관리실태(민간 건축공사를 중심으로),pdf
S02836,감사원,BAI,20221129_[기관정기]_과학기술 분야 출연연구기관에 대한 감사_2855.pdf,.pdf,803709,abd2e1d0706257cec0b10fb7ce730f817213b8ffbd7007d5c775d00f356b3373,2855,2022,기관정기,과학기술 분야 출연연구기관에 대한 감사,pdf
S02837,감사원,BAI,20221201_[국민제안]_해남군 태양광발전소 개발행위 등 인허가 관련 감사청구_2856.pdf,.pdf,527914,6a9b63addfc119430be844250693d2bbbd1e11fe323dfe631b96b49cfb6d128a,2856,2022,국민제안,해남군 태양광발전소 개발행위 등 인허가 관련 감사청구,pdf
S02838,감사원,BAI,20221202_[기관정기]_경산시 칠곡군 정기감사_2857.pdf,.pdf,439823,9882680ec835aebbda1899572cbb7fcc0c2497040e9737aeea0f214f5f348767,2857,2022,기관정기,경산시 칠곡군 정기감사,pdf
S02839,감사원,BAI,20221212_[국민제안]_울산광역시 남구 친환경급식 지원사업 관련_2859.pdf,.pdf,214597,dab655a9c589a896b7f073580761cf617eceb28f94203323b6a461c8f63b1b5c,2859,2022,국민제안,울산광역시 남구 친환경급식 지원사업 관련,pdf
S02840,감사원,BAI,20221220_[성과]_과세대상 재산가액 평가실태_2860.pdf,.pdf,889500,98125253119a52bcc8dc6ae837f3e09245461c59964132239bef749fc13786d4,2860,2022,성과,과세대상 재산가액 평가실태,pdf
S02841,감사원,BAI,20221221_[국민제안]_전국체전 시설물 하자처리 및 근무복 검수 관련_2861.pdf,.pdf,503136,c003de76b048a25fc07cc7385a882a3f619f31e399f1a4e3eec35d56bdf3d8f6,2861,2022,국민제안,전국체전 시설물 하자처리 및 근무복 검수 관련,pdf
S02842,감사원,BAI,"20221222_[국민제안]_2040 인천광역시 공원녹지 기본계획, 도시관리계획 수립 결정 관련 공익감사청구_2862.pdf",.pdf,1649430,fd6acdc262d8ad76fc65f11d9202d80e1eb8292113409cb9514c8077bcd1a930,2862,2022,국민제안,"2040 인천광역시 공원녹지 기본계획, 도시관리계획 수립 결정 관련 공익감사청구",pdf
S02843,감사원,BAI,20230103_[성과]_정부 비축물자 관리실태_2863.pdf,.pdf,777424,9ad024e9616c3626e3b1cf4844840eb758e9c7568c796233357a08749c509e4a,2863,2023,성과,정부 비축물자 관리실태,pdf
S02844,감사원,BAI,20230110_[기관정기]_중부지방국세청 정기감사_2865.pdf,.pdf,1861187,19451f603cb08af39fda2a3460169d02f2e3a9f4d8c8ac944149c574894f5ed2,2865,2023,기관정기,중부지방국세청 정기감사,pdf
S02845,감사원,BAI,20230111_[국민제안]_'가가'사회적협동조합 사업 등 관리감독 관련_2867.pdf,.pdf,458463,12127bf3ad5ae45c9d5726ddf7526cf9c2db4b4153ddfec0723a7a1ed278d9ec,2867,2023,국민제안,'가가'사회적협동조합 사업 등 관리감독 관련,pdf
S02846,감사원,BAI,20230111_[기타서면]_변상판정 청구사항 조사 및 처리_2864.pdf,.pdf,341833,6bdc48a2de1e5e0dafd8574900f6fd68c8c9c6f6ea42ad96b825d4c7a5a9575d,2864,2023,기타서면,변상판정 청구사항 조사 및 처리,pdf
S02847,감사원,BAI,20230112_[특정사안]_댐 하류지역 수해 대비실태_2866.pdf,.pdf,1001886,e97ef1dde9b6fa24140948f2159e5ae6dc3cef646fd04aa32244b261b00aedc5,2866,2023,특정사안,댐 하류지역 수해 대비실태,pdf
S02848,감사원,BAI,20230118_[기관정기]_외교부 본부 및 재외공관 정기감사_2876.pdf,.pdf,943260,3371bc32265e6fc0cb99ea563f8ee937efbc5f490f5240c7154265a1e380f9c0,2876,2023,기관정기,외교부 본부 및 재외공관 정기감사,pdf
S02849,감사원,BAI,20230126_[국민제안]_고성군 유스호스텔 취득 및 산림레포츠시설 조성사업 관련_2874.pdf,.pdf,603556,88f2f2668355d1800b51310ba9b3c6944e949e2265853959e06e762f9aecfde4,2874,2023,국민제안,고성군 유스호스텔 취득 및 산림레포츠시설 조성사업 관련,pdf
S02850,감사원,BAI,20230130_[국민제안]_고위공직자범죄수사처 형사사법정보시스템 연계 추진실태_2871.pdf,.pdf,1726231,31afd879fb7fb548d83587106f1820141bc4d51e19360831703f68620432eb66,2871,2023,국민제안,고위공직자범죄수사처 형사사법정보시스템 연계 추진실태,pdf
S02851,감사원,BAI,20230131_[성과]_광역교통망 구축 추진실태_2870.pdf,.pdf,2172473,b5c6bdb6faba8a70a155efd9b483b3591e18e033a12249ff3ce6a6ff69047667,2870,2023,성과,광역교통망 구축 추진실태,pdf
S02852,감사원,BAI,20230202_[기관정기]_인천광역시·경상남도교육청 정기감사_2875.pdf,.pdf,4398507,feb779d8a5a20b013b4ae17ad704b25a8e06bfbf541c5f6ec42c19efd8d1af1a,2875,2023,기관정기,인천광역시·경상남도교육청 정기감사,pdf
S02853,감사원,BAI,20230209_[국민제안]_택시운송사업 양도 양수 등 관련_2873.pdf,.pdf,319208,2692b69a5e273d65d08b49acd4c5fd48ad5b3e401a9cd48500d9de206995b017,2873,2023,국민제안,택시운송사업 양도 양수 등 관련,pdf
S02854,감사원,BAI,20230228_[국민제안]_'가가'회관 신축에 대한 보조금 지원 등 관련_2879.pdf,.pdf,310158,1eeb8c0266ad34d21669c1f25fb10874fbc5ddd9dceeec8b102143d142268ea4,2879,2023,국민제안,'가가'회관 신축에 대한 보조금 지원 등 관련,pdf
S02855,감사원,BAI,20230228_[성과]_4차 산업혁명 대응점검Ⅰ(데이터 개방 및 활용실태)_2877.pdf,.pdf,1986735,f2dc88a4dc3f33cf333b36c85e88faf6628ae0a7ee30d69350d67e949c83144a,2877,2023,성과,4차 산업혁명 대응점검Ⅰ(데이터 개방 및 활용실태),pdf
S02856,감사원,BAI,20230302_[국민제안]_서울대공원 스마트주차장 조성 관련_2878.pdf,.pdf,382678,fb419b68dd73d884ad4339655a506e6f17c2949dfa96501c9922b4962dffa485,2878,2023,국민제안,서울대공원 스마트주차장 조성 관련,pdf
S02857,감사원,BAI,20230308_[기타서면]_법인 회생채권 미신고 관련 변상판정 청구_2886.pdf,.pdf,387311,6fc490046ab5f99b63ae43cee38ba1066c8d636c7541519431c7f8b9e3d1ab15,2886,2023,기타서면,법인 회생채권 미신고 관련 변상판정 청구,pdf
S02858,감사원,BAI,20230314_[특정사안]_KBS 수신료 부과 관련 감사제보사항_2882.pdf,.pdf,317573,0c49ade01677fb49e9b9d1e5a8ac6686c5aa00b0e519339c039cfcc1e7f68ee7,2882,2023,특정사안,KBS 수신료 부과 관련 감사제보사항,pdf
S02859,감사원,BAI,20230320_[기관정기]_보은군ㆍ단양군 정기감사_2885.pdf,.pdf,633925,2e0af9e10247b192d564e5ee222b8752df3152084d274e5493d2f9d870e894ed,2885,2023,기관정기,보은군ㆍ단양군 정기감사,pdf
S02860,감사원,BAI,20230404_[기관정기]_금융감독원 정기감사_2888.pdf,.pdf,2934076,51990d15dfdd94d82862106046c291b6fe183356ef1627d0f659b765e2d5c45a,2888,2023,기관정기,금융감독원 정기감사,pdf
S02861,감사원,BAI,20230405_[기타서면]_임차보증금 망실통보사항 조사 및 처리_2887.pdf,.pdf,214165,c1b55f1b8adc7e75d173e6193798b2cfc11a0913b5d4adb6cab4f02e6ef74586,2887,2023,기타서면,임차보증금 망실통보사항 조사 및 처리,pdf
S02862,감사원,BAI,20230411_[국민제안]_근로시간 면제자의 정액 초과근무수당 지급 등 관련_2889.pdf,.pdf,274603,c9f2ffa6776c14ccc289cbd3ffb1f19ef261efb780ca7083bf760c7f497f8acb,2889,2023,국민제안,근로시간 면제자의 정액 초과근무수당 지급 등 관련,pdf
S02863,감사원,BAI,20230413_[특정사안]_방호울타리 성능 및 안전 관리실태_2890.pdf,.pdf,829439,44efa8df5409a1da0d5058760e042a25da191324e191341939e6418f4f9da7b7,2890,2023,특정사안,방호울타리 성능 및 안전 관리실태,pdf
S02864,감사원,BAI,"20230418_[특정사안]_가설건축물(농막, 산막) 설치 및 관리 실태_2891.pdf",.pdf,4982612,2c6f511baf421bed59ed051fc6640879e9c9281ae9db679b454705980fd768c4,2891,2023,특정사안,"가설건축물(농막, 산막) 설치 및 관리 실태",pdf
S02865,감사원,BAI,"20230420_[국민제안]_포항시 시내버스 불법, 특혜 및 보조금 부당청구_2893.pdf",.pdf,708177,ccabcf739da29889d40fd46299703576f1d5e55a54586dc339f961288e945010,2893,2023,국민제안,"포항시 시내버스 불법, 특혜 및 보조금 부당청구",pdf
S02866,감사원,BAI,20230425_[국민제안]_경원선 녹천~창동역 구간 방음벽 교체공사 시행 관련_2894.pdf,.pdf,309413,dd97321a5265bb1bc36fbfe1f984de592db79ba51b99f48a21b039ff207fc75b,2894,2023,국민제안,경원선 녹천~창동역 구간 방음벽 교체공사 시행 관련,pdf
S02867,감사원,BAI,20230427_[기관정기]_대구광역시 중구 서구 정기감사_2895.pdf,.pdf,406702,6656bb8b3c959adc4f31659f670c9c7e3f52186a6a36e02e9cf63abba8e9277c,2895,2023,기관정기,대구광역시 중구 서구 정기감사,pdf
S02868,감사원,BAI,20230501_[국민제안]_한국방송공사의 위법·부당 행위 관련(국민감사청구)_2896.pdf,.pdf,441226,c5d7e84136df7df65af5164e00d56610e2f592ee65e019a01e11b92c3f8da252,2896,2023,국민제안,한국방송공사의 위법·부당 행위 관련(국민감사청구),pdf
S02869,감사원,BAI,20230511_[특정사안]_항공등화시설 등 안전관리실태_2898.pdf,.pdf,1460020,ad126e7a6c295b9b3018804fdb97f786761206c7beaa68a272cc2e5f2adddeaa,2898,2023,특정사안,항공등화시설 등 안전관리실태,pdf
S02870,감사원,BAI,20230517_[국민제안]_순천만갯벌 화포어부십리길(어촌뉴딜300) 사업 위법성 여부 관련(공익감사청구)_2902.pdf,.pdf,807651,ad462bf5c15a31cb969e87231654fd289e12715e705678ca9cc5d656ae6f8db4,2902,2023,국민제안,순천만갯벌 화포어부십리길(어촌뉴딜300) 사업 위법성 여부 관련(공익감사청구),pdf
S02871,감사원,BAI,20230518_[성과]_장병 복무여건 개선 추진실태_2903.pdf,.pdf,4589213,0d822616931b6719f72693193e0d55dd803dab6150fa1e121bfb2a0b96f9d595,2903,2023,성과,장병 복무여건 개선 추진실태,pdf
S02872,감사원,BAI,20230524_[기관정기]_방위사업청 정기감사_2904.pdf,.pdf,1417109,398188d71efaac7e6de0ab4e797735965a1f5c2303fef3e80810d091bde46979,2904,2023,기관정기,방위사업청 정기감사,pdf
S02873,감사원,BAI,20230530_[국민제안]_순천만잡월드 위탁운영사에 대한 감독 부실 관련_2907.pdf,.pdf,1226320,663717ca140da983d71b300d2bf13e36b71a31edca3560d5f9940cadfe56ff89,2907,2023,국민제안,순천만잡월드 위탁운영사에 대한 감독 부실 관련,pdf
S02874,감사원,BAI,20230530_[재무]_공공기관 회계처리 적정성 점검_2905.pdf,.pdf,491108,fc35d05f1e4f3e2a1ba78bcdfbe816f15d86ad78fbb7ccb1068190b0f24e49f8,2905,2023,재무,공공기관 회계처리 적정성 점검,pdf
S02875,감사원,BAI,20230531_[성과]_지출 구조조정 추진실태_2910.pdf,.pdf,1667263,40924cc73401ffd871de90cff88f98a20f5437ba1bc46ad7714515f00ef8f857,2910,2023,성과,지출 구조조정 추진실태,pdf
S02876,감사원,BAI,20230531_[재무]_2022회계연도 국가결산검사_2913_v1.pdf,.pdf,17994895,b4c9ce8a5d29e28e519edee7a597fec05c41dd3ee7f3f4adfe3b2ab766bec703,2913,2023,재무,2022회계연도 국가결산검사,pdf
S02877,감사원,BAI,20230531_[재무]_2022회계연도 국가결산검사_2913_v2.pdf,.pdf,12347537,c86a8480d0d827036e7293abffb7870c63c40df6edd39b69b369f68177d3abe0,2913,2023,재무,2022회계연도 국가결산검사,pdf
S02878,감사원,BAI,20230531_[재무]_2022회계연도 국가결산검사_2913_v3.pdf,.pdf,340739,fc3c2d56afd151ea02dfe1301e52927efc8c7fabcbcff80eaebbb966de5ec2f7,2913,2023,재무,2022회계연도 국가결산검사,pdf
S02879,감사원,BAI,20230607_[국민제안]_가스계 소화설비 및 제연설비 설치의 적정성 관련_2912.pdf,.pdf,518089,f1e6799c3d0da06c08c925390316d20d19d3f50ffd214230892b8fe06a0526d2,2912,2023,국민제안,가스계 소화설비 및 제연설비 설치의 적정성 관련,pdf
S02880,감사원,BAI,20230608_[성과]_도심지 침수예방사업 추진실태_2911.pdf,.pdf,5606916,1e2ff351b3b64312ef58d285c8fc2c66f5f988926b97f8fedcf7a33cdd05b9b6,2911,2023,성과,도심지 침수예방사업 추진실태,pdf
S02881,감사원,BAI,20230609_[특정사안]_공직자 복무관리실태 등 점검_2920.pdf,.pdf,943669,0b1571e3fe495119fc20e97bc704fa51f3c1ed415ff3d91a309970192129a191,2920,2023,특정사안,공직자 복무관리실태 등 점검,pdf
S02882,감사원,BAI,"20230614_[기관정기]_남해군, 하동군 정기감사_2914.pdf",.pdf,863823,4d865d532a310f853636e885fb193841ec0b9002d709ba6f2f55ec4ca9030bd8,2914,2023,기관정기,"남해군, 하동군 정기감사",pdf
S02883,감사원,BAI,"20230614_[기관정기]_산청군, 함양군 정기감사_2915.pdf",.pdf,1327955,6ef540cc22f915ab2eab2a9e3fe15cd8932eb348bb43bd5fb44f54f2bef4f0e2,2915,2023,기관정기,"산청군, 함양군 정기감사",pdf
S02884,감사원,BAI,20230615_[국민제안]_해창만 수상태양광발전사업 등 관련_2916.pdf,.pdf,374233,dee8a9158a76b86481cb6a31eb0599729a5c3c6bbb816716eb175965d4af1382,2916,2023,국민제안,해창만 수상태양광발전사업 등 관련,pdf
S02885,감사원,BAI,20230615_[특정사안]_선거철 공직기강 등 점검_2917_v1.pdf,.pdf,950391,9b6c3e8c4bc2c6f2950d38a933617be57a65c0e8b6354ec3b34b45d24d44f861,2917,2023,특정사안,선거철 공직기강 등 점검,pdf
S02886,감사원,BAI,20230615_[특정사안]_선거철 공직기강 등 점검_2917_v2.pdf,.pdf,373232,f5fd48cb05fad6e0bf7028f77d6398d77616c1b144cf6d1b1d0d3bfaf473ac24,2917,2023,특정사안,선거철 공직기강 등 점검,pdf
S02887,감사원,BAI,20230615_[특정사안]_선거철 공직기강 등 점검_2917_v3.pdf,.pdf,276096,7e53c5d7562df3813e6cb4df4c132e266b4c760bc52645d4574bbf9fcfc52acf,2917,2023,특정사안,선거철 공직기강 등 점검,pdf
S02888,감사원,BAI,20230621_[국민제안]_울산 시내버스 보조금 지급 및 지도·감독 관련_2919.pdf,.pdf,283352,4c8c229cd33978c270d0ae04710f84f4ba457c446221fdc1669f1bf1681c49c1,2919,2023,국민제안,울산 시내버스 보조금 지급 및 지도·감독 관련,pdf
S02889,감사원,BAI,20230622_[국민제안]_천안교육지원청의 통학구역 조정 관련_2921.pdf,.pdf,568308,9c9bf225531ce9879e694ca287556ee97842c93c5dd6ef2e63ab52ab5833e93f,2921,2023,국민제안,천안교육지원청의 통학구역 조정 관련,pdf
S02890,감사원,BAI,20230622_[기관정기]_보성군·강진군 정기감사_2922.pdf,.pdf,5288784,3fafd8135b2ea1e7f82ca36181ec53eb7be816740248fe5497610238b7f6ba69,2922,2023,기관정기,보성군·강진군 정기감사,pdf
S02891,감사원,BAI,20230628_[기관정기]_방송통신위원회 정기감사_2923.pdf,.pdf,925595,0a70c4a8b83c948198ccdf81bac2bb2627810fa3a9ffb39b6bce771f123a4120,2923,2023,기관정기,방송통신위원회 정기감사,pdf
S02892,감사원,BAI,20230629_[국민제안]_게임물관리위원회 비위 의혹 관련_2924.pdf,.pdf,601685,0ea60cc3cbbc8c702251caeea8424002b74749c0d75e9132d8c048f525d8ce57,2924,2023,국민제안,게임물관리위원회 비위 의혹 관련,pdf
S02893,감사원,BAI,20230704_[국민제안]_부산교육청 해직교사 특별채용 관련_2925.pdf,.pdf,306172,e1db8317d5b96baafb7f8f9d9f84e563158d87f5354a8cf6f0767a03c671e9b0,2925,2023,국민제안,부산교육청 해직교사 특별채용 관련,pdf
S02894,감사원,BAI,20230710_[기관정기]_중앙선거관리위원회 정기감사_2929.pdf,.pdf,564685,0a1129fefa2dc4070113abeaa3d898c052ccfd8d5b9503a576b3ccbe53888e4c,2929,2023,기관정기,중앙선거관리위원회 정기감사,pdf
S02895,감사원,BAI,20230711_[성과]_주요 SOC(고속국도) 건설사업관리 실태Ⅱ_3030_v1.pdf,.pdf,2440116,f79b18f2d1a24e0c96804cc25b764fa8e152dde51083d0b6b23e81be0e40514f,3030,2023,성과,주요 SOC(고속국도) 건설사업관리 실태Ⅱ,pdf
S02896,감사원,BAI,20230711_[성과]_주요 SOC(고속국도) 건설사업관리 실태Ⅱ_3030_v2.pdf,.pdf,1849263,539b58035ee25373898bb3e1455f305457c1e646b9f90bb15b13fc7aad6dc571,3030,2023,성과,주요 SOC(고속국도) 건설사업관리 실태Ⅱ,pdf
S02897,감사원,BAI,20230712_[국민제안]_㉮㉮ 데이터센터 건축 관련_2928.pdf,.pdf,336197,a2f24c914ca6250691859cd3c4b57960c1c8135f6b497191e1d3f40082117cef,2928,2023,국민제안,㉮㉮ 데이터센터 건축 관련,pdf
S02898,감사원,BAI,20230712_[기타서면]_변상판정 청구사항 조사 및 처리_2931.pdf,.pdf,370609,3cef179ae0a329b65a4d3e4e9bccaebf2a36e174d8766bd9d64d7e9b6d0e9fd8,2931,2023,기타서면,변상판정 청구사항 조사 및 처리,pdf
S02899,감사원,BAI,"20230713_[기관정기]_고위공직자범죄수사처, 대검찰청 등 4개 기관 정기감사_2930.pdf",.pdf,737337,cfa6a3dd6ef3f73b2ba99f1c3c868c38a33f4a63e05685bd5f0bb58ed551330c,2930,2023,기관정기,"고위공직자범죄수사처, 대검찰청 등 4개 기관 정기감사",pdf
S02900,감사원,BAI,20230719_[국민제안]_대구 중구의원의 공직자 이해충돌방지법 위반 의혹 관련_2932.pdf,.pdf,346040,1657cc5b9a79a5b86b0b4e663ca04034bbb1811395a22af0d4b264c5ff60ec88,2932,2023,국민제안,대구 중구의원의 공직자 이해충돌방지법 위반 의혹 관련,pdf
S02901,감사원,BAI,20230720_[국민제안]_금강 영산강 보 해체와 상시 개방 관련 공익감사청구_2933.pdf,.pdf,1528999,c47a8ba63f9e50a2ceff7c33e39a91b766a96e1d70dce4c424fdec16b5431170,2933,2023,국민제안,금강 영산강 보 해체와 상시 개방 관련 공익감사청구,pdf
S02902,감사원,BAI,20230726_[국민제안]_생활폐기물 수집운반 대행용역 관련_2934.pdf,.pdf,266321,3f6f035c32781d74855adbc65c51780465315330d49117870c12d90faff25051,2934,2023,국민제안,생활폐기물 수집운반 대행용역 관련,pdf
S02903,감사원,BAI,20230801_[기관정기]_한국국제교류재단·재외동포재단에 대한 감사_2941.pdf,.pdf,498533,6b391413ee43a8d03479b20116fae4598957a800ea09a2c3d40857bdc21398d1,2941,2023,기관정기,한국국제교류재단·재외동포재단에 대한 감사,pdf
S02904,감사원,BAI,20230802_[국민제안]_1회용 컵 보증금제도 시행유예 관련 공익감사청구_2951.pdf,.pdf,355948,63bd9c087f069e9fde9a926103757b967a6d79aeaa89e45b2f786350a560c012,2951,2023,국민제안,1회용 컵 보증금제도 시행유예 관련 공익감사청구,pdf
S02905,감사원,BAI,20230803_[기관정기]_충청북도 정기감사_2938.pdf,.pdf,559582,e3fb8f152fdb357d8994b032d2b36b2232847d59928f44732ee158cf093b7641,2938,2023,기관정기,충청북도 정기감사,pdf
S02906,감사원,BAI,20230808_[특정사안]_방탄물품 획득사업 추진실태_2935.pdf,.pdf,543540,8de1698d9410d26286005fbed6ece3a56d6b6525513665f3470adbdc103c4e54,2935,2023,특정사안,방탄물품 획득사업 추진실태,pdf
S02907,감사원,BAI,20230809_[국민제안]_광주광역시교육청 교육공무원 인사 및 개방형직위 감사관 채용 등 관련_2942.pdf,.pdf,297454,d146bccfb2a16c21b3286026c84be10d6cf039fe6f56ff8aec594209edddbdfa,2942,2023,국민제안,광주광역시교육청 교육공무원 인사 및 개방형직위 감사관 채용 등 관련,pdf
S02908,감사원,BAI,20230822_[성과]_기후위기 적응 및 대응실태Ⅰ(물·식량 분야)_2947.pdf,.pdf,5217361,4317ec1a7a41f8a78134e118508683a0163a32ef3b118c9468d5f84a47b68852,2947,2023,성과,기후위기 적응 및 대응실태Ⅰ(물·식량 분야),pdf
S02909,감사원,BAI,20230823_[국민제안]_군포 문화도시 조성사업 중단 관련_2949.pdf,.pdf,294596,8bfb39ae891faf1f615747ce00ccef541a49e404e508242eda6b00015454fa3c,2949,2023,국민제안,군포 문화도시 조성사업 중단 관련,pdf
S02910,감사원,BAI,20230823_[성과]_공공기관 경영평가제도 운영실태_2946.pdf,.pdf,1341846,1aa51af8d5fc3b0cdb9944b34b64fdb536a761367a94f766eb6235ff092d8ee3,2946,2023,성과,공공기관 경영평가제도 운영실태,pdf
S02911,감사원,BAI,20230824_[성과]_지방교육재정교부금 제도 운영실태_2948.pdf,.pdf,2689892,71d701bf965695a9f7ed56520ffbdf64274314faeec7c4b704366f078e09b507,2948,2023,성과,지방교육재정교부금 제도 운영실태,pdf
S02912,감사원,BAI,20230830_[기관정기]_금융위원회 정기감사(우선처리)_3011.pdf,.pdf,419126,f94809c2880363c4d70342be0fb8d115bd614304c6741803e36e7bbab31d8e6b,3011,2023,기관정기,금융위원회 정기감사(우선처리),pdf
S02913,감사원,BAI,20230830_[기관정기]_울산광역시 정기감사_2950.pdf,.pdf,465810,e2b58391d3fffcccf2455aeadaa4b58c43d20b396cf73399be72c6b10109ecd1,2950,2023,기관정기,울산광역시 정기감사,pdf
S02914,감사원,BAI,20230907_[기타서면]_변상판정 청구사항 조사 및 처리_2971.pdf,.pdf,298419,dd7b21bd996203c8792d153967b1976d8d54ba4580725fe38652ec572ad923dc,2971,2023,기타서면,변상판정 청구사항 조사 및 처리,pdf
S02915,감사원,BAI,20230911_[국민제안]_용인시 노인복지주택 인허가 관련_2956.pdf,.pdf,284357,e193045c85e017f11306c8354870c01dfc967d3f522493652ba4db1f6dfcdaee,2956,2023,국민제안,용인시 노인복지주택 인허가 관련,pdf
S02916,감사원,BAI,20230912_[성과]_공적개발원조(ODA) 사업 추진실태_2958.pdf,.pdf,1105993,33f380269526d91491f78a47c352872733f30a7e6bad59dbcd9e7d2a0ea0dcbd,2958,2023,성과,공적개발원조(ODA) 사업 추진실태,pdf
S02917,감사원,BAI,20230919_[기관정기]_경기남부경찰청 및 충북경찰청 정기감사_2962.pdf,.pdf,839252,f7449145c00a4ae4c4bd2294a9048532076d2035ccf170f4ef4f772b394c5501,2962,2023,기관정기,경기남부경찰청 및 충북경찰청 정기감사,pdf
S02918,감사원,BAI,20230920_[국민제안]_부여군 가축분뇨 공동자원화 보조사업 관련 감사제보사항_2960.pdf,.pdf,331367,c0876d71d1d7aa09152db86c5ab0ce6113a294b7532d880f8e6b6579c5bd41e4,2960,2023,국민제안,부여군 가축분뇨 공동자원화 보조사업 관련 감사제보사항,pdf
S02919,감사원,BAI,20230920_[성과]_출연·출자기관 경영관리실태_2965.pdf,.pdf,4957697,fb0b1710ed7a13f8e5eea5f6b10d0197cb65251da99454175d111b660fc81fac,2965,2023,성과,출연·출자기관 경영관리실태,pdf
S02920,감사원,BAI,20230925_[특정사안]_소극행정 개선 등 규제개혁 추진실태_2964.pdf,.pdf,4589480,8ee78f5a5ec53a59a56d0034bf66ca1620134eb6e4bfe26a65ce1e46c0917fcc,2964,2023,특정사안,소극행정 개선 등 규제개혁 추진실태,pdf
S02921,감사원,BAI,20230926_[기관정기]_고성군양구군 정기감사_2959.pdf,.pdf,980860,171cf88fae323be86de3bbf82331f30e20f003f695f6190940dc4eebabb1eb4d,2959,2023,기관정기,고성군양구군 정기감사,pdf
S02922,감사원,BAI,20230926_[기관정기]_교육부 및 한국교육개발원 정기감사_2968.pdf,.pdf,525202,6f1a64fab4e42054cbc407824cb56e00b037ca62f3be3e3e459a7fa697b1412b,2968,2023,기관정기,교육부 및 한국교육개발원 정기감사,pdf
S02923,감사원,BAI,20230927_[특정사안]_2022년도 공직비리 기동감찰 Ⅰ_2967.pdf,.pdf,704164,f08dc56e93abc538cb865f46d2c1931bbc93d48eef5dad8529d6f12ebb3e968e,2967,2023,특정사안,2022년도 공직비리 기동감찰 Ⅰ,pdf
S02924,감사원,BAI,20231010_[성과]_공공기관 재무건전성 및 경영관리 실태_3003_v1.pdf,.pdf,6858328,fec4b98877036691e95ff03e30b10bfdf4f4d15f21d188a1bfaea1a42ced1daf,3003,2023,성과,공공기관 재무건전성 및 경영관리 실태,pdf
S02925,감사원,BAI,20231010_[성과]_공공기관 재무건전성 및 경영관리 실태_3003_v2.pdf,.pdf,358521,ca413fc8d6c6e6569aa93ed3b60826121cd20ff9cfa50903b2dc842028cf2f7f,3003,2023,성과,공공기관 재무건전성 및 경영관리 실태,pdf
S02926,감사원,BAI,20231010_[성과]_한국철도공사 동력차 승무원 인력 운용 실태분석_2973.pdf,.pdf,594110,23477ab9357a33a2ba569dd5e217d8a0a87025e284e31f7374af748157d48048,2973,2023,성과,한국철도공사 동력차 승무원 인력 운용 실태분석,pdf
S02927,감사원,BAI,20231012_[성과]_납세자 권익보호실태_2970.pdf,.pdf,1077964,1e64b09de201548337b3f57c847c94cfb26d07591ef31085360f315e77f24be0,2970,2023,성과,납세자 권익보호실태,pdf
S02928,감사원,BAI,20231017_[특정사안]_비영리민간단체 지원 실태_2974.pdf,.pdf,1605555,3beeb277e24d191f82e86ad91b659d8e386c36d19a7598d658522344fd2c0fa5,2974,2023,특정사안,비영리민간단체 지원 실태,pdf
S02929,감사원,BAI,20231019_[기관정기]_보건복지부 정기감사_2976.pdf,.pdf,1153010,1be1776d6696a812d9f7e2222e912018d1dfb90606c5eef248b8767bba907118,2976,2023,기관정기,보건복지부 정기감사,pdf
S02930,감사원,BAI,20231031_[기관정기]_한국농수산식품유통공사 정기감사_2978.pdf,.pdf,1088116,c9ffd169e57ab30c8b249e7746115c79d12f7150a456b51bd45b91d82e20f09a,2978,2023,기관정기,한국농수산식품유통공사 정기감사,pdf
S02931,감사원,BAI,20231102_[기관정기]_정보통신기술분야 3개 공공기관 정기감사_2980.pdf,.pdf,950730,80cba17a978a9f360b9c9781821b1ec74a26c8faf402e9f566331d338b95e248,2980,2023,기관정기,정보통신기술분야 3개 공공기관 정기감사,pdf
S02932,감사원,BAI,20231109_[기관정기]_식품의약품안전처 정기감사_2985.pdf,.pdf,1137827,4d4c9faee04a422cfd8e3c3a2c285a977085b8adc1a7e4bea8d35e191aea7682,2985,2023,기관정기,식품의약품안전처 정기감사,pdf
S02933,감사원,BAI,20231114_[특정사안]_신재생에너지 사업 추진실태_2987.pdf,.pdf,6407157,922af604ef14cc60eacf36552dea17faa7233336ea31e589def3fbbd4b6dd71c,2987,2023,특정사안,신재생에너지 사업 추진실태,pdf
S02934,감사원,BAI,20231115_[특정사안]_지방자치단체 침수예방시설 구축 추진실태_2986.pdf,.pdf,3654869,d0fea564c54396ede88c92a98c4845beb7db27a4bf43b3a95ec67f167777c1a2,2986,2023,특정사안,지방자치단체 침수예방시설 구축 추진실태,pdf
S02935,감사원,BAI,20231121_[성과]_기후위기 적응 및 대응실태 Ⅲ(온실가스 감축 분야)_2988.pdf,.pdf,1926034,f5504e977052d9d639c0aeb092f9d26b40162e8c42f249004be16e14fd90196f,2988,2023,성과,기후위기 적응 및 대응실태 Ⅲ(온실가스 감축 분야),pdf
S02936,감사원,BAI,20231122_[국민제안]_감사처분 미이행 사립학교법인 등에 대한 제재 미조치 관련_2989.pdf,.pdf,247720,f622b21973dafb8576de86edaadf25c81cb60d249b405f52069d5b4ed5e04583,2989,2023,국민제안,감사처분 미이행 사립학교법인 등에 대한 제재 미조치 관련,pdf
S02937,감사원,BAI,20231205_[기관정기]_근로복지공단 정기감사_2990.pdf,.pdf,441261,2ed5b3914a4a292af6723904f31d32abe32e94087e07bfe43c5c3e22faead221,2990,2023,기관정기,근로복지공단 정기감사,pdf
S02938,감사원,BAI,20231206_[국민제안]_정관아쿠아드림파크 건립 공사 등 관련_2991.pdf,.pdf,5156155,7ba7dbdaa70841b4bbf9e5105352bce3264f6647d5470793ba9bd01cd7702601,2991,2023,국민제안,정관아쿠아드림파크 건립 공사 등 관련,pdf
S02939,감사원,BAI,20231206_[기관정기]_해양환경공단 정기감사_2992.pdf,.pdf,1284486,37aa05a3cb0919955af182012cea8e829ffa06163839a521a231c9e7ac8eb930,2992,2023,기관정기,해양환경공단 정기감사,pdf
S02940,감사원,BAI,20231213_[국민제안]_남원시의 법령을 위반한 인사발령 등 관련_2994.pdf,.pdf,355239,53ae2efbe6c209f96613a61f8959b0a18d920d000048ac9986571f225bd35f2f,2994,2023,국민제안,남원시의 법령을 위반한 인사발령 등 관련,pdf
S02941,감사원,BAI,20231214_[국민제안]_용산전자상가 공영주차장 개발 계획 관련_2995.pdf,.pdf,612657,c54b34ed7c4aee39b969413ba151980fae7fdd72d78fb9eb00554b68309e9b1f,2995,2023,국민제안,용산전자상가 공영주차장 개발 계획 관련,pdf
S02942,감사원,BAI,20231219_[기관정기]_인천광역시 정기감사_2997.pdf,.pdf,686528,39fcfd5227f119e34d5681d918c3e8e40d9118d57e884562e34897aeb3336538,2997,2023,기관정기,인천광역시 정기감사,pdf
S02943,감사원,BAI,20231220_[국민제안]_바랑산풍력발전 조성사업 개발행위 허가 관련 사항_3002.pdf,.pdf,545170,325d209b03cbe45b48a9f55aef317c9ea93179e46bf5d6a4577faf79e1a3b7ff,3002,2023,국민제안,바랑산풍력발전 조성사업 개발행위 허가 관련 사항,pdf
S02944,감사원,BAI,20231221_[기관정기]_남양주시 정기감사_3001.pdf,.pdf,437535,269ab0585f991d4ca588281f0f50d02fa757847e6cbb98f9a544f54b8b2af544,3001,2023,기관정기,남양주시 정기감사,pdf
S02945,감사원,BAI,20231227_[재무]_2022회계연도 공공기관 결산검사_2999.pdf,.pdf,601188,ab862702c851018e3884da116b1b69d0be721e6a6d0ed6f59f0288959f95621a,2999,2023,재무,2022회계연도 공공기관 결산검사,pdf
S02946,감사원,BAI,20231228_[국민제안]_「기계설비법」제정에 따른 후속 조치 미비 관련 사항_3004.pdf,.pdf,396541,b639fa690c01094f2809059caf2f06e4de685a39e651d1603310abf878f2ee7a,3004,2023,국민제안,「기계설비법」제정에 따른 후속 조치 미비 관련 사항,pdf
S02947,감사원,BAI,20240104_[국민제안]_송파구 지역주택조합 지도 감독 관련_3005.pdf,.pdf,448395,a4d3194dcaef7fa7527b678ca932c235b6981288d3c621947cdee9e909acca52,3005,2024,국민제안,송파구 지역주택조합 지도 감독 관련,pdf
S02948,감사원,BAI,20240110_[기타서면]_변상판정 청구사항 조사 및 처리_3000.pdf,.pdf,206265,d4681e07708d94da6f6946bbc3b88cbc4f87688a247716d9228b2c7a95e4ee77,3000,2024,기타서면,변상판정 청구사항 조사 및 처리,pdf
S02949,감사원,BAI,20240111_[기관정기]_서울특별시 정기감사_3012.pdf,.pdf,1299732,cf3ba75c5fc09468435a8c9e1d15bb89a9ed9e36ee9e8245bb33508663f6fbb6,3012,2024,기관정기,서울특별시 정기감사,pdf
S02950,감사원,BAI,20240116_[기관정기]_금융위원회 기관정기감사_3010.pdf,.pdf,1825197,5d3c37254d3f759216ac6d7b1a1080165aa6f2b395d0f65f9b41f9d3a5153edc,3010,2024,기관정기,금융위원회 기관정기감사,pdf
S02951,감사원,BAI,20240117_[기관정기]_경기도 정기감사_3014.pdf,.pdf,1678023,870c04e23299450d077162c3088edae978458465b0c566296f0fcff5945d9532,3014,2024,기관정기,경기도 정기감사,pdf
S02952,감사원,BAI,20240117_[기관정기]_경주시 영천시 정기감사_3121_v1.pdf,.pdf,801551,18faf2b25dfd602a2f6cbe91f86b6b3263ff5154fdfa7fc1031a27068bebe8bc,3121,2024,기관정기,경주시 영천시 정기감사,pdf
S02953,감사원,BAI,20240117_[기관정기]_경주시 영천시 정기감사_3121_v2.pdf,.pdf,714061,788df1c4b18eebc9f056f6aace537dd35d15f1126e18fa425252a5923c58a146,3121,2024,기관정기,경주시 영천시 정기감사,pdf
S02954,감사원,BAI,20240118_[특정사안]_소극행정 개선 등 규제개혁 추진실태Ⅱ_3016.pdf,.pdf,1755690,c6c332d88eb9a4ca88e941725b35c717771c7c4fc16eddca44076721208668e1,3016,2024,특정사안,소극행정 개선 등 규제개혁 추진실태Ⅱ,pdf
S02955,감사원,BAI,20240123_[기관정기]_도봉구·은평구 정기감사_3015.pdf,.pdf,878237,a39eaa6b22c9648129a974baff84a71b95608644ad822f8114fe048a8af03c6b,3015,2024,기관정기,도봉구·은평구 정기감사,pdf
S02956,감사원,BAI,20240124_[기관정기]_영광군·장성군 정기감사_3017.pdf,.pdf,1246372,44e9fc2b8be0a345a76253f3ada37475094667ddc34c777490ab641b7d4ffa9b,3017,2024,기관정기,영광군·장성군 정기감사,pdf
S02957,감사원,BAI,20240131_[특정사안]_부패행위 신고사항 등 조사_3018.pdf,.pdf,682644,7954396127a2c7dabda59aae3bb38b0455baea9d0cb0075c069636f3510d3b85,3018,2024,특정사안,부패행위 신고사항 등 조사,pdf
S02958,감사원,BAI,20240201_[기타서면]_한국가스공사 선금 망실·훼손사항 서면감사_3020.pdf,.pdf,233604,8d1f4e4074c7810f25aa213e6130872b527b6c2b03223b74be10d4c534b9e262,3020,2024,기타서면,한국가스공사 선금 망실·훼손사항 서면감사,pdf
S02959,감사원,BAI,20240205_[국민제안]_외교부 해외 긴급의료이후송 및 보험지원서비스 입찰업무 관련_3021.pdf,.pdf,224360,03cd917be9a5c9a994064dba4ab04f649d8ff0c65f5c3383cdbc97bb7f82dcf7,3021,2024,국민제안,외교부 해외 긴급의료이후송 및 보험지원서비스 입찰업무 관련,pdf
S02960,감사원,BAI,20240206_[특정사안]_지방자치단체 참여 부동산개발사업 추진실태_3024.pdf,.pdf,1511260,f9babf4a19db1019a1511437b4deb560d77f4da8d8ed5a978125f0b6db4238b0,3024,2024,특정사안,지방자치단체 참여 부동산개발사업 추진실태,pdf
S02961,감사원,BAI,20240207_[기관정기]_전라북도·세종특별자치시교육청 정기감사_3022.pdf,.pdf,507209,b831e47d26643502caa0636c4538e47adb06c24ec17c997fe753713637de19cf,3022,2024,기관정기,전라북도·세종특별자치시교육청 정기감사,pdf
S02962,감사원,BAI,20240208_[기관정기]_제주국제자유도시개발센터 정기감사_3025.pdf,.pdf,1239391,f3eac61e230338199115772dba37b02d2356adf4ef201f508ed43fc4343ed617,3025,2024,기관정기,제주국제자유도시개발센터 정기감사,pdf
S02963,감사원,BAI,20240214_[성과]_공공기관 임용ㆍ징계제도 운영실태 분석_3026.pdf,.pdf,892342,3a66832949cd7a136163157085021025ff54174f156d657042962aa753b6a958,3026,2024,성과,공공기관 임용ㆍ징계제도 운영실태 분석,pdf
S02964,감사원,BAI,20240220_[특정사안]_재외공관 운영실태_3029.pdf,.pdf,871529,90cdc808628c9934375c6f2438835c6cc508827f5fff5104008290a2e8d0f05a,3029,2024,특정사안,재외공관 운영실태,pdf
S02965,감사원,BAI,20240222_[기관정기]_성남시 정기감사_3028.pdf,.pdf,751019,7d74f722a11428c3a954e5db76d53e9704de3212f15a985b5cb6210c3aa60e6f,3028,2024,기관정기,성남시 정기감사,pdf
S02966,감사원,BAI,20240304_[국민제안]_한국수자원공사 시화 멀티테크노밸리 내부도로 포장공사 사업자 선정 등 관련 감사제보사항_3031.pdf,.pdf,352333,947d4f5745ab53f88ed9a3fdd996c7cf4e5f6add7d8404a8ffb790386984c870,3031,2024,국민제안,한국수자원공사 시화 멀티테크노밸리 내부도로 포장공사 사업자 선정 등 관련 감사제보사항,pdf
S02967,감사원,BAI,"20240305_[기관정기]_한국관광공사, 그랜드코리아레저 정기감사_3032.pdf",.pdf,846955,2e2917eaf2ec85a68c9673f2bf4a69a9485ac828719ab0b164b268aaa42e08c3,3032,2024,기관정기,"한국관광공사, 그랜드코리아레저 정기감사",pdf
S02968,감사원,BAI,20240314_[기관정기]_한전KPS·한전KDN에 대한 감사_3033.pdf,.pdf,761743,3034ba1d580a43d61da83647e9f4763f0f127d7eb5d593cf202ba83665369353,3033,2024,기관정기,한전KPS·한전KDN에 대한 감사,pdf
S02969,감사원,BAI,20240315_[국민제안]_공정거래위원회의 불공정약관 시정권고 이행관리 관련_3034.pdf,.pdf,411408,d61ef8e1fa0cf11a92d99394e1d9122e79878feca563b198efcd2e010444e776,3034,2024,국민제안,공정거래위원회의 불공정약관 시정권고 이행관리 관련,pdf
S02970,감사원,BAI,20240318_[성과]_기후위기 적응 및 대응실태Ⅱ(사회기반시설 분야)_3035.pdf,.pdf,5027193,6b150f0abdfc917ecf45bfe076a7071337ca3b5df18c8a21c458db1390bafc0e,3035,2024,성과,기후위기 적응 및 대응실태Ⅱ(사회기반시설 분야),pdf
S02971,감사원,BAI,20240326_[국민제안]_소촌농공단지 관리 및 개발계획 변경 특혜 관련_3036.pdf,.pdf,362662,5bc441ea215880ce31edf581c81394aaa1807111019f172f58a92d34f943f4ed,3036,2024,국민제안,소촌농공단지 관리 및 개발계획 변경 특혜 관련,pdf
S02972,감사원,BAI,20240328_[기관정기]_관악구·종로구 정기감사_3040.pdf,.pdf,426890,d0d02f2db0edcc0d3c01c6af0148dcee17c1dd9dbe0490a8d622148a7c762106,3040,2024,기관정기,관악구·종로구 정기감사,pdf
S02973,감사원,BAI,20240402_[국민제안]_의정부시의 생활폐기물 수집·운반 대행 관련_3042.pdf,.pdf,355776,d6df051e96201b28466d55db556a1cec22cd5093077fb151146df6c5289dd165,3042,2024,국민제안,의정부시의 생활폐기물 수집·운반 대행 관련,pdf
S02974,감사원,BAI,20240408_[국민제안]_(사)대한테니스협회 전임회장의 방만 운영으로 인한 채무 발생 의혹 점검(국회감사요구사항)_3046.pdf,.pdf,274087,2ff663a6388d549f3faa0ee166380bb53c0cb4208fc7dde715f361aeec9d48fc,3046,2024,국민제안,(사)대한테니스협회 전임회장의 방만 운영으로 인한 채무 발생 의혹 점검(국회감사요구사항),pdf
S02975,감사원,BAI,20240408_[국민제안]_그랜드코리아레저주식회사의 금융자산 운용실태 등에 관한 국회 감사요구 사항_3043.pdf,.pdf,401962,5463956545980d124a7560d64ba1b64558735a5ef2d31c07b9ff94e669b24d3d,3043,2024,국민제안,그랜드코리아레저주식회사의 금융자산 운용실태 등에 관한 국회 감사요구 사항,pdf
S02976,감사원,BAI,20240411_[성과]_어촌뉴딜300사업 추진실태_3038.pdf,.pdf,973982,015e537b0ad5eea14f1b6ee03685c53d14963460afe6f0c98a6ad3bb927f8e0c,3038,2024,성과,어촌뉴딜300사업 추진실태,pdf
S02977,감사원,BAI,20240415_[특정사안]_지방자치단체 하수처리시설 공사 및 운영실태_3047.pdf,.pdf,700745,9e2d00ce117a8d623895c9e3fb07636f403594d74fcd3606e48fd76f7a2b14ec,3047,2024,특정사안,지방자치단체 하수처리시설 공사 및 운영실태,pdf
S02978,감사원,BAI,20240416_[국민제안]_한전공대 설립 적법성 등 관련_3048.pdf,.pdf,589797,e99f5a0399419cd6985328e0e5f4e1cd056a970991f25c4f430d8cede661b3de,3048,2024,국민제안,한전공대 설립 적법성 등 관련,pdf
S02979,감사원,BAI,20240422_[기관정기]_한국도로공사 정기감사_3049.pdf,.pdf,573548,fde1410c7724d8c32f379ece0990b9617872870901755dd5f2bd0ef4b00b716d,3049,2024,기관정기,한국도로공사 정기감사,pdf
S02980,감사원,BAI,20240424_[재무]_공공기관 회계처리 적정성 점검_3052.pdf,.pdf,453504,df3034be57bb2477521db2c266c6a578980f2b82048b2dcf87acac3c026afc8d,3052,2024,재무,공공기관 회계처리 적정성 점검,pdf
S02981,감사원,BAI,20240425_[기관정기]_한국공항공사 정기감사_3051.pdf,.pdf,605146,2f12b53990286f45a37c78a0a2057e8c51c242169f1ac6c6cf12a1d35afec4fe,3051,2024,기관정기,한국공항공사 정기감사,pdf
S02982,감사원,BAI,20240502_[성과]_주요 SOC(항만) 건설사업관리실태 Ⅲ_3053.pdf,.pdf,3413203,02d0df44b2a5a44c9141a1ad082a665fe1200361727337fa3a58faae5a43af0e,3053,2024,성과,주요 SOC(항만) 건설사업관리실태 Ⅲ,pdf
S02983,감사원,BAI,20240508_[국민제안]_중이온가속기 시설건설사업 비리 등 관련_3054.pdf,.pdf,385487,946372ee4075100af17b4492337c97b72a833001411356080d75089a6a94dc32,3054,2024,국민제안,중이온가속기 시설건설사업 비리 등 관련,pdf
S02984,감사원,BAI,20240509_[특정사안]_2023년 공직비리 기동감찰 Ⅰ_3055.pdf,.pdf,1050318,dd37035bf17493325e35e3a06b8e0a5a2c9fadc31f698787543f07ccab4ce2ea,3055,2024,특정사안,2023년 공직비리 기동감찰 Ⅰ,pdf
S02985,감사원,BAI,20240513_[국민제안]_방송통신심의위원회의 부적절한 업무처리 관련(공익감사청구)_3057.pdf,.pdf,719690,fa422f2e5341be0f56589741897556f4bf14ed30affb2ba044df742f271eb473,3057,2024,국민제안,방송통신심의위원회의 부적절한 업무처리 관련(공익감사청구),pdf
S02986,감사원,BAI,20240514_[성과]_폐기물 처리 및 관리실태(사업장폐기물 처리시설 중심으로)_3056.pdf,.pdf,8761844,4a4e02b0e6e7b23c0a1e138984d52ff48202fcef6e7c36a8f9ad58ea007f5037,3056,2024,성과,폐기물 처리 및 관리실태(사업장폐기물 처리시설 중심으로),pdf
S02987,감사원,BAI,20240521_[특정사안]_공직비리 직무감찰Ⅰ_3058.pdf,.pdf,518509,276bb7bbf7b16194432deb1cfbfc5d4813a408068f40c56c17416737cf25127e,3058,2024,특정사안,공직비리 직무감찰Ⅰ,pdf
S02988,감사원,BAI,20240523_[성과]_지능정보화사업 추진실태(지능정보사회 실행계획 추진체계를 중심으로)_3059.pdf,.pdf,2576903,b31531cbbb6735369b0716b111df4ddd2d168f7da4620ba270fc969dbde69930,3059,2024,성과,지능정보화사업 추진실태(지능정보사회 실행계획 추진체계를 중심으로),pdf
S02989,감사원,BAI,"20240527_[기관정기]_수영구, 강서구 정기감사_3063.pdf",.pdf,696045,c4568d751c2f4e7f4254ad498220fdbb97093892b286b2f0f815b5f5e5fe8ae7,3063,2024,기관정기,"수영구, 강서구 정기감사",pdf
S02990,감사원,BAI,20240528_[국민제안]_한국콘텐츠진흥원의 교육용 게임콘텐츠 개발용역 관련 사항(국회감사요구)_3061.pdf,.pdf,504113,a329999e313d22e023365936485e3a8ae3de29b626e28806874ac3226cad50a0,3061,2024,국민제안,한국콘텐츠진흥원의 교육용 게임콘텐츠 개발용역 관련 사항(국회감사요구),pdf
S02991,감사원,BAI,20240528_[국민제안]_한국콘텐츠진흥원의 위탁용역 관련 전·현직 직원 간의 유착 의혹에 대한 감사(국회감사요구)_3062.pdf,.pdf,493125,0722dcf5a241aa737d43f725e4ba146bd3e55329ee5594b24199e4ffdb6c7894,3062,2024,국민제안,한국콘텐츠진흥원의 위탁용역 관련 전·현직 직원 간의 유착 의혹에 대한 감사(국회감사요구),pdf
S02992,감사원,BAI,20240530_[재무]_2023회계연도 국가결산검사_3064_v1.pdf,.pdf,10658999,ed83d140bb594ec0ba985c418238d7626f466ad97ae2744f2851ab9b99900013,3064,2024,재무,2023회계연도 국가결산검사,pdf
S02993,감사원,BAI,20240530_[재무]_2023회계연도 국가결산검사_3064_v2.pdf,.pdf,17578150,954f512cf4975a3080b9d9c3d0706346e5a980d3e0a3179507449564c79ee183,3064,2024,재무,2023회계연도 국가결산검사,pdf
S02994,감사원,BAI,20240530_[재무]_2023회계연도 국가결산검사_3064_v3.pdf,.pdf,328800,c4f363903795fad5c7c7ec482079f84fde4ac130e3223aa22a29efcd203d5cab,3064,2024,재무,2023회계연도 국가결산검사,pdf
S02995,감사원,BAI,20240603_[기관정기]_병무청 정기감사_3065.pdf,.pdf,577682,7d717d161dc59e132207cdd29159051ff8e41c284817a11d8385ca6859a202ce,3065,2024,기관정기,병무청 정기감사,pdf
S02996,감사원,BAI,20240604_[특정사안]_주요 재정관리제도 운영실태_3066.pdf,.pdf,1949309,49bd3c0f8e4b102d399f6ff5495d4e9bf055d1b6fc04acf5e915ab8db4682de9,3066,2024,특정사안,주요 재정관리제도 운영실태,pdf
S02997,감사원,BAI,20240610_[국민제안]_한국언론진흥재단의 규정 위반과 신문 공동수송노선 사업 관련(국회감사요구)_3070.pdf,.pdf,852632,1fcb0b8d65fecb690bca217668279e31ea7ebf77eca67a68403bae7508f3b152,3070,2024,국민제안,한국언론진흥재단의 규정 위반과 신문 공동수송노선 사업 관련(국회감사요구),pdf
S02998,감사원,BAI,20240611_[기타서면]_변상판정 청구사항 조사 및 처리_3068.pdf,.pdf,235707,58c6eefc6431ac7d4aede5728d092ae8e65ba5edfad26837d93c3aa6e481f99f,3068,2024,기타서면,변상판정 청구사항 조사 및 처리,pdf
S02999,감사원,BAI,20240613_[국민제안]_동해시 불법건축물 합법화 등 관련 사항_3069.pdf,.pdf,309243,0fad5926718f688ad102ecadd939e257810bdc9c4b0e303c8e8b9efe125a6ee3,3069,2024,국민제안,동해시 불법건축물 합법화 등 관련 사항,pdf
S03000,감사원,BAI,20240618_[성과]_하천 범람에 따른 지하공간 침수 대비실태_3077.pdf,.pdf,1183011,7883d10545b3ebdd385cd7176b58bd82c3d5ed9b906ec145b161e3cfee18f515,3077,2024,성과,하천 범람에 따른 지하공간 침수 대비실태,pdf
S03001,감사원,BAI,20240619_[국민제안]_용인시 은화삼지구 지구단위계획 입안 및 결정 관련_3072.pdf,.pdf,470171,61a29a417ff85efb3f84445c194f8ee0a186259c238763a399ac0de066f4dc49,3072,2024,국민제안,용인시 은화삼지구 지구단위계획 입안 및 결정 관련,pdf
S03002,감사원,BAI,20240620_[기관정기]_청주시 정기감사_3073.pdf,.pdf,832631,847efea0d5336590c594f139f91471c57ef3ce7b54b764c7087739d8e896bc81,3073,2024,기관정기,청주시 정기감사,pdf
S03003,감사원,BAI,20240625_[기타서면]_임차보증금 망실통보사항 조사 및 처리_3074.pdf,.pdf,169723,380200dc2104d0a52e3645c898b22ddf2f1cf75e3358f284401c0956b80745a4,3074,2024,기타서면,임차보증금 망실통보사항 조사 및 처리,pdf
S03004,감사원,BAI,20240627_[특정사안]_산사태·산불 등 산림재난 대비실태_3075.pdf,.pdf,3549576,41ae7bdd92b343200f39bc7df661a7c9f78915c78e6d9d75aef93c58b1ecbc33,3075,2024,특정사안,산사태·산불 등 산림재난 대비실태,pdf
S03005,감사원,BAI,20240702_[국민제안]_고창군 토석채취업체의 위법행위 등 관련 사항_3076.pdf,.pdf,419777,188a3dae4e4a6a7597a1eb25483b6a75c1d9755bbd8ee3e0a75f234f5c268a1a,3076,2024,국민제안,고창군 토석채취업체의 위법행위 등 관련 사항,pdf
S03006,감사원,BAI,20240709_[국민제안]_울진마린CC 조성사업과 운영사 선정 등 관련_3078.pdf,.pdf,432046,7e1520125706696a9945962a9a97a6cad67bccebb784cfbf96f7a8c2f76ff1f7,3078,2024,국민제안,울진마린CC 조성사업과 운영사 선정 등 관련,pdf
S03007,감사원,BAI,20240711_[국민제안]_세종시-조치원 연결도로 확장공사의 설계 위법 등 관련 사항_3079.pdf,.pdf,713397,ccb36f7560d2441d2280e92debf4c9a7643be08553c709ba1fed283d8c0220e5,3079,2024,국민제안,세종시-조치원 연결도로 확장공사의 설계 위법 등 관련 사항,pdf
S03008,감사원,BAI,20240716_[성과]_외국인 인력도입 및 체류관리 실태_3080.pdf,.pdf,2755273,35a4725c30092f491b5bab04cc456fb86a89ca4f9f6545fa48e50a7b81698d3e,3080,2024,성과,외국인 인력도입 및 체류관리 실태,pdf
S03009,감사원,BAI,20240718_[국민제안]_자동차보험 입원료 등 진료수가 심사 업무 관련_3081.pdf,.pdf,283898,db39258faf551c2d2550c62e197b9912c7e70fda071b743364695e866baf0964,3081,2024,국민제안,자동차보험 입원료 등 진료수가 심사 업무 관련,pdf
S03010,감사원,BAI,20240725_[성과]_소상공인 등 지원사업 추진실태(코로나19 피해 지원 중심)_3082.pdf,.pdf,3194519,bc04aaabcf777eab7711c5561487e855efdb695da0ef12021823901f342039d5,3082,2024,성과,소상공인 등 지원사업 추진실태(코로나19 피해 지원 중심),pdf
S03011,감사원,BAI,20240730_[성과]_차세대 사회보장정보시스템 구축사업 추진실태_3085.pdf,.pdf,1862780,68321999c42cb74644bac32af8448491f96ba0975473576818474a5d51d751e1,3085,2024,성과,차세대 사회보장정보시스템 구축사업 추진실태,pdf
S03012,감사원,BAI,20240801_[성과]_화물자동차 안전운행 관리실태_3084.pdf,.pdf,521867,da51efb7317bf490b9283f89988910249b00d5e29f1a0c7374af704132776ad8,3084,2024,성과,화물자동차 안전운행 관리실태,pdf
S03013,감사원,BAI,20240806_[특정사안]_지방자치단체 주요 재정투자사업 추진실태_3086.pdf,.pdf,6276804,9b811499d091343eb2bc89754ac36a39bd70fcb1c741e5fcc263b686096be9dd,3086,2024,특정사안,지방자치단체 주요 재정투자사업 추진실태,pdf
S03014,감사원,BAI,20240808_[국민제안]_한국토지주택공사 전관특혜 실태_3087.pdf,.pdf,3533312,a79b89e99fa41f773f3ebc4545c66003cdba6a98bb0a69f141d5ad87eb00c800,3087,2024,국민제안,한국토지주택공사 전관특혜 실태,pdf
S03015,감사원,BAI,20240813_[성과]_서민주거 안정시책 추진실태_3088.pdf,.pdf,703122,a2de81724fb0592b771badc6c8df79c5c794aa1e0b5b5f209f05e39de69a736a,3088,2024,성과,서민주거 안정시책 추진실태,pdf
S03016,감사원,BAI,20240827_[특정사안]_공적개발원조 정보화사업 등 추진실태_3090.pdf,.pdf,1565792,d4a314f7d1ca08af934e7c66ce124094c4957c8bc42ad278cb1e146d2302789a,3090,2024,특정사안,공적개발원조 정보화사업 등 추진실태,pdf
S03017,감사원,BAI,20240829_[국민제안]_입찰담합사건 손해배상청구소송 미제기 관련_3089.pdf,.pdf,376430,619928fb9a278eb45a01a3efeb4d0ccb3864ebbb530d8ce3b25b93bfe4a60df1,3089,2024,국민제안,입찰담합사건 손해배상청구소송 미제기 관련,pdf
S03018,감사원,BAI,20240902_[국민제안]_그랜드코리아레저(주) 임직원 등 청탁금지법 위반 관련 공익감사청구_3091.pdf,.pdf,372895,b256fc5f0a2b459ad1b988df8b00ac728169f9e0213dcfce2eece135e6968cb4,3091,2024,국민제안,그랜드코리아레저(주) 임직원 등 청탁금지법 위반 관련 공익감사청구,pdf
S03019,감사원,BAI,20240903_[국민제안]_곡성군 청사신축 부당한 설계변경 및 과다 예산증액 의혹 관련_3094.pdf,.pdf,380969,f4236a0ea559071393fe27a81f4760ebfbb69c2d8bb327883c8fa440b91ce552,3094,2024,국민제안,곡성군 청사신축 부당한 설계변경 및 과다 예산증액 의혹 관련,pdf
S03020,감사원,BAI,20240905_[특정사안]_공직비리 직무감찰Ⅱ-1_3093.pdf,.pdf,325170,c8be0cae5b70084de05032f303ff6c24612e8e08face93c680232aa839fcea81,3093,2024,특정사안,공직비리 직무감찰Ⅱ-1,pdf
S03021,감사원,BAI,20240909_[기관정기]_국방기술품질원 정기감사_3095.pdf,.pdf,1203904,462b2196e78dcefd85563d217a1cb157501411b03f075cf0a8bf34f8e811fac8,3095,2024,기관정기,국방기술품질원 정기감사,pdf
S03022,감사원,BAI,20240911_[국민제안]_방송문화진흥회의 MBC 방만 경영에 대한 관리·감독 해태 관련 국민감사청구사항_3096.pdf,.pdf,1040325,e5d6e446eb5c73531e55f89b1f4a0a7fd0b4b03b2f614c188c888796c0e4e79b,3096,2024,국민제안,방송문화진흥회의 MBC 방만 경영에 대한 관리·감독 해태 관련 국민감사청구사항,pdf
S03023,감사원,BAI,20240912_[국민제안]_대통령실·관저의 이전과 비용 사용 등에 있어 불법 의혹 관련_3097.pdf,.pdf,1328533,3cddd33463d8ca5c45e1368838bb5e65cfb9d2ea3015b6a0e1c0bdeef4bc8970,3097,2024,국민제안,대통령실·관저의 이전과 비용 사용 등에 있어 불법 의혹 관련,pdf
S03024,감사원,BAI,20240919_[기관정기]_해군본부 기관정기감사_3098.pdf,.pdf,1122794,46466b659a19eb11c1b4a21ebcd72d9d0a1a8373aea262e1586110d804cafabe,3098,2024,기관정기,해군본부 기관정기감사,pdf
S03025,감사원,BAI,20240924_[국민제안]_한국건강가정진흥원의 정보시스템 부실 구축 등 관련_3100.pdf,.pdf,560885,3421ffd7f1ef75ea3c6328df9bfb9ff4093b3806a852559fc0d794e2b7930dd9,3100,2024,국민제안,한국건강가정진흥원의 정보시스템 부실 구축 등 관련,pdf
S03026,감사원,BAI,20240926_[기타서면]_변상판정 청구사항 등 조사 및 처리_3099.pdf,.pdf,379406,9ac544fa1a4e64e7f1f38c8781cf96b25e94a76ae0430f91241318847a9446f5,3099,2024,기타서면,변상판정 청구사항 등 조사 및 처리,pdf
S03027,감사원,BAI,20241008_[기타서면]_변상판정 청구사항 조사 및 처리_3101.pdf,.pdf,470666,7b358f7f8fb656da25b6b22af74dbcb0003a9b7925a8e8229f7cee3f6518fa0b,3101,2024,기타서면,변상판정 청구사항 조사 및 처리,pdf
S03028,감사원,BAI,20241017_[특정사안]_공직비리 직무감찰Ⅱ_3102.pdf,.pdf,546916,fbddb301d3f767d7be4790fbe42526d1bb96fc85f84a9e237c35c717ec7d4009,3102,2024,특정사안,공직비리 직무감찰Ⅱ,pdf
S03029,감사원,BAI,20241022_[국민제안]_충청북도의 청남대 불법 운영 관련 사항_3103.pdf,.pdf,1179145,da93c876246890b99231d5e1eacc9811aff37a5b20d80ed2665946c131ed67f7,3103,2024,국민제안,충청북도의 청남대 불법 운영 관련 사항,pdf
S03030,감사원,BAI,20241029_[국민제안]_금융감독원의 백내장 실손보험금 지급 분쟁조정 업무처리 관련_3104.pdf,.pdf,411615,bfa38fa13ef6e5944560a6ff20578c144ac0dc632441c1c84de80bdd45a756a5,3104,2024,국민제안,금융감독원의 백내장 실손보험금 지급 분쟁조정 업무처리 관련,pdf
S03031,감사원,BAI,20241031_[기관정기]_구미시ㆍ대구광역시 남구 정기감사_3106.pdf,.pdf,847566,8b9124f49804078bba477082995bc20c5811a7567a9a477a93e680836e31bd72,3106,2024,기관정기,구미시ㆍ대구광역시 남구 정기감사,pdf
S03032,감사원,BAI,20241105_[국민제안]_서울특별시학교안전공제회 이사장 임명 관련_3105.pdf,.pdf,420508,df0abe8c245ea72069642bd3bd74fbbbad2590b148192b3bafc4b19ea95f38bc,3105,2024,국민제안,서울특별시학교안전공제회 이사장 임명 관련,pdf
S03033,감사원,BAI,20241107_[특정사안]_법원 노동조합 전임자 급여 지급실태 점검_3107.pdf,.pdf,459127,129b2ee205f27e35073cce64c78c13afe64f83be4540a5d0dd0c7a49277446d1,3107,2024,특정사안,법원 노동조합 전임자 급여 지급실태 점검,pdf
S03034,감사원,BAI,20241119_[성과]_SOC Ⅳ-1 철도(설계단계) 건설사업관리 실태_3108.pdf,.pdf,5824835,4db58cb0e51bd021d95f21f341a017d1dcdaf32449f1f2df8df7d9a963e8fb55,3108,2024,성과,SOC Ⅳ-1 철도(설계단계) 건설사업관리 실태,pdf
S03035,감사원,BAI,20241119_[성과]_SOC Ⅳ-2 철도(시공단계) 건설사업관리 실태_3109.pdf,.pdf,833028,8a7961b1c5bb2b889f48837c181abee6c34394e899da2c3f4e79e079e5f1e079,3109,2024,성과,SOC Ⅳ-2 철도(시공단계) 건설사업관리 실태,pdf
S03036,감사원,BAI,20241125_[국민제안]_의성군 지역특화 스포츠산업 육성사업 운영 관련_3110.pdf,.pdf,313432,ae98192fc40a93fc8e6123919c1b101a5d9af6203f388d0da281382d6d62ca4e,3110,2024,국민제안,의성군 지역특화 스포츠산업 육성사업 운영 관련,pdf
S03037,감사원,BAI,20241126_[국민제안]_국고보조금 편성 및 관리실태_3112.pdf,.pdf,1440677,266f1eba11db734deef5f137bb49b3c4d07bedb5cd01ce2e7769499621a6a34f,3112,2024,국민제안,국고보조금 편성 및 관리실태,pdf
S03038,감사원,BAI,20241128_[기관정기]_관세청 정기감사_3111.pdf,.pdf,842994,82ed61dbad45465b5d4337e02650750a1c481b13bd177ad07ce719779cde4f6c,3111,2024,기관정기,관세청 정기감사,pdf
S03039,감사원,BAI,20241202_[기타서면]_변상판정 조사 및 처리_3113.pdf,.pdf,215363,eb8ac3f06ca1258181054e08c8104231603f2384aacdcc2331945cdd18a2eea1,3113,2024,기타서면,변상판정 조사 및 처리,pdf
S03040,감사원,BAI,20241203_[기관정기]_노원구·송파구 정기감사_3114.pdf,.pdf,315124,f65e25507687b97af5f1c5fea24e65679089aaf98f8c0b09967ae0dd5efd41f7,3114,2024,기관정기,노원구·송파구 정기감사,pdf
S03041,감사원,BAI,20241217_[국민제안]_울산 남구청장 등의 공무출장 관련 사항_3117.pdf,.pdf,408626,8949e051ab25dbf9137045836694938273efa9ee593281e7f5d52d1b32ee370a,3117,2024,국민제안,울산 남구청장 등의 공무출장 관련 사항,pdf
S03042,감사원,BAI,20241219_[국민제안]_율현터널 내 안전대책 수립업무 관련_3116.pdf,.pdf,431253,2d8dd99ade6c7f232e7dbceed660c357c340194790af79423854bf3cb57103f8,3116,2024,국민제안,율현터널 내 안전대책 수립업무 관련,pdf
S03043,감사원,BAI,20241226_[기관정기]_충청남도 정기감사_3118.pdf,.pdf,851216,6333a1b22d6d28ac3d8c767904ec1f88aeb28be9c7929da48c71e76f0f436404,3118,2024,기관정기,충청남도 정기감사,pdf
S03044,감사원,BAI,20241231_[특정사안]_제주지역 건설사업 추진실태_3119.pdf,.pdf,1482075,2321444106ddb4cda9fa52bcd08b97364257d7bfd13bcb8b700887bf20e1e456,3119,2024,특정사안,제주지역 건설사업 추진실태,pdf
S03045,감사원,BAI,20250107_[기관정기]_대한무역투자진흥공사 정기감사_3120.pdf,.pdf,951344,8553afa0769c5ef31a3318e81885ef355da8dc512e682e97020c62231feae199,3120,2025,기관정기,대한무역투자진흥공사 정기감사,pdf
S03046,감사원,BAI,20250109_[기관정기]_부산지방국세청 정기감사_3122.pdf,.pdf,768568,81802dae2383b82f243d144e5955ace997761da2881358a5a7987b2b20dfb37a,3122,2025,기관정기,부산지방국세청 정기감사,pdf
S03047,감사원,BAI,20250114_[특정사안]_지방자치단체 주요 재정투자사업 추진실태(별도처리)_3123.pdf,.pdf,1542310,4ca22dbde49584d86aa1292755902e90e635d0a6f498467bd92754215b7aefc6,3123,2025,특정사안,지방자치단체 주요 재정투자사업 추진실태(별도처리),pdf
S03048,감사원,BAI,20250121_[성과]_4차 산업혁명 대응점검Ⅱ(자율주행 인프라 구축 실태)_3124.pdf,.pdf,933987,7f19f71d4ef5463ad43c739c62eca6407d841681c295387610f9c03b3b5963eb,3124,2025,성과,4차 산업혁명 대응점검Ⅱ(자율주행 인프라 구축 실태),pdf
S03049,감사원,BAI,20250204_[성과]_시설물 안전점검·진단제도 운영실태_3130.pdf,.pdf,2344774,987eda3ac6f9177a53f806ad081a3ff84cd12a09682eaf230253a42462637767,3130,2025,성과,시설물 안전점검·진단제도 운영실태,pdf
S03050,감사원,BAI,20250206_[성과]_주요 발전설비 운영 및 관리 실태_3126.pdf,.pdf,2880702,74e12441f8d79055fae040e637783471fcae93615f39ebf71b361a961f5b7e28,3126,2025,성과,주요 발전설비 운영 및 관리 실태,pdf
S03051,감사원,BAI,20250211_[국민제안]_가스열펌프 대기오염물질 저감장치 부당 수의계약 관련_3128.pdf,.pdf,312327,71025c4faa9573ccbe6838830c883d86b3f8cda4efeff094e0fde19c1bfc344b,3128,2025,국민제안,가스열펌프 대기오염물질 저감장치 부당 수의계약 관련,pdf
S03052,감사원,BAI,20250211_[국민제안]_오송역세권지구 도시개발사업 개발계획ㆍ실시계획 변경업무 처리 관련_3127.pdf,.pdf,339057,7f5099427cb145eeabc4fffd94f7e4db3b1d499d6bb9cef454d33107abc45f39,3127,2025,국민제안,오송역세권지구 도시개발사업 개발계획ㆍ실시계획 변경업무 처리 관련,pdf
S03053,감사원,BAI,20250212_[국민제안]_세종시문화관광재단 대표이사 임명 관련_3129.pdf,.pdf,480415,365238e0232ed3bd20c0cb8bf6a5499b841a6d8bb90d970c557773c6b731de9b,3129,2025,국민제안,세종시문화관광재단 대표이사 임명 관련,pdf
S03054,감사원,BAI,20250218_[특정사안]_교원 등의 사교육시장 참여 관련 복무실태 점검_3138.pdf,.pdf,9558627,2a3d33f1828c5f7574e857c083e7a393a04ead5c86bba0d8ceab87a9bcc290ad,3138,2025,특정사안,교원 등의 사교육시장 참여 관련 복무실태 점검,pdf
S03055,감사원,BAI,20250219_[기관정기]_화성시 정기감사_3136.pdf,.pdf,1050940,bfc09220ad362ed83c05794c7d46061933ff1a456cba15d51fdbe09732e1d651,3136,2025,기관정기,화성시 정기감사,pdf
S03056,감사원,BAI,20250220_[기관정기]_한국철도공사 정기감사_3137.pdf,.pdf,1683825,5a11f71bcc5d51731364f3b62a4d59a6946493be3ea7e3b6f134b18eac87cac2,3137,2025,기관정기,한국철도공사 정기감사,pdf
S03057,감사원,BAI,20250225_[기관정기]_건강보험심사평가원 정기감사_3139.pdf,.pdf,1634180,0073e40d2699ba54f2339bef6252835b1778b93070fee3aedba2c37ac4c21f06,3139,2025,기관정기,건강보험심사평가원 정기감사,pdf
S03058,감사원,BAI,20250226_[기관정기]_국방부 기관정기감사_3249.pdf,.pdf,2128666,24b2ffced35d78c98f6182e08f97a0908e5368f9a61ad406a6fb68009e029df8,3249,2025,기관정기,국방부 기관정기감사,pdf
S03059,감사원,BAI,20250227_[특정사안]_선거관리위원회 채용 등 인력관리실태_3140.pdf,.pdf,3425139,466876a23dac5d2804b008cfdb42babefdf9a10aff61725b5462c3b09a12a23d,3140,2025,특정사안,선거관리위원회 채용 등 인력관리실태,pdf
S03060,감사원,BAI,20250305_[국민제안]_전주시의 종합리싸이클링타운 시설 운영에 대한 관리감독 관련_3142.pdf,.pdf,533257,e69483303282b4393170cb25846834d60891f86a8659bf84dfb66a686d900db0,3142,2025,국민제안,전주시의 종합리싸이클링타운 시설 운영에 대한 관리감독 관련,pdf
S03061,감사원,BAI,20250306_[특정사안]_정책자금 운영실태(한국산업은행의 부실여신 중심)_3143.pdf,.pdf,3576267,1a4ece4d021365d1e173b93953b46cb6e7d1355e7fc2e6c371f86ff484e17e21,3143,2025,특정사안,정책자금 운영실태(한국산업은행의 부실여신 중심),pdf
S03062,감사원,BAI,20250311_[특정사안]_공공재정 부정지출 점검Ⅰ_3147.pdf,.pdf,331834,577e5257dddfe21fbb0a82ae2e14a3b0080e700f167b39c38363cb7445d4371f,3147,2025,특정사안,공공재정 부정지출 점검Ⅰ,pdf
S03063,감사원,BAI,20250313_[기관정기]_경기도교육청 기관정기감사_3146.pdf,.pdf,1253360,5f7b23583942c3e28f358c08018a9e358693f354455ffb295b3f764c2b509fcf,3146,2025,기관정기,경기도교육청 기관정기감사,pdf
S03064,감사원,BAI,20250318_[국민제안]_광주광역시의 군사시설보호구역 내 불법 도로사용 및 도로개설사업 추진 관련_3148.pdf,.pdf,449787,f66260e3d97b2e056a3b23b258d3618be8ced37b3267fc17d9366fe57c802487,3148,2025,국민제안,광주광역시의 군사시설보호구역 내 불법 도로사용 및 도로개설사업 추진 관련,pdf
S03065,감사원,BAI,20250325_[국민제안]_방송통신위원회의 불법적 2인 구조 및 공영방송 이사 선임 과정 등에 대한 감사(국회감사요구)_3149.pdf,.pdf,692730,2f5b41bdc478292fa61fd26f8e933a0338fb45d5a716697b191ca4f9e5da23c3,3149,2025,국민제안,방송통신위원회의 불법적 2인 구조 및 공영방송 이사 선임 과정 등에 대한 감사(국회감사요구),pdf
S03066,감사원,BAI,20250408_[국민제안]_서울특별시 중구시설관리공단 운영비위 등 관련_3151.pdf,.pdf,542602,9e2f56fda12c7f67c1afba08bb6c455504828530ba6c1aa238630d54e96e6643,3151,2025,국민제안,서울특별시 중구시설관리공단 운영비위 등 관련,pdf
S03067,감사원,BAI,20250410_[특정사안]_새만금 세계스카우트 잼버리대회 추진실태_3153.pdf,.pdf,6272975,0a5fdecd001356ffa673ca110154356120c5df86be5bd1f78d5a4ff0e408845c,3153,2025,특정사안,새만금 세계스카우트 잼버리대회 추진실태,pdf
S03068,감사원,BAI,20250414_[기타서면]_변상판정 청구사항 조사 및 처리_3152.pdf,.pdf,231106,4de4dd6fa98d76424195bec3f806df0e7728180559530ad1019cee6985f25320,3152,2025,기타서면,변상판정 청구사항 조사 및 처리,pdf
S03069,감사원,BAI,20250415_[특정사안]_재외공관 등 운영실태_3154.pdf,.pdf,1194396,183d19e9cd6a6effa19ce479d3668feaf30982d8c19965e2c4cdcd285606a3aa,3154,2025,특정사안,재외공관 등 운영실태,pdf
S03070,감사원,BAI,20250417_[특정사안]_주요 국가통계 작성 및 활용실태_3167.pdf,.pdf,8895466,6f2924395dcadd76e1b6b0266b8144e274156145aedf1018466b5bfa7dab615e,3167,2025,특정사안,주요 국가통계 작성 및 활용실태,pdf
S03071,감사원,BAI,20250428_[국민제안]_교육부·평가원의 역사교과서 검정 및 한경국립대학교의 비위 관련_3156.pdf,.pdf,3469981,a0fa554436d7cc78b62be989350b24e71c7fd53968c6fecb184a1e0994c84c0a,3156,2025,국민제안,교육부·평가원의 역사교과서 검정 및 한경국립대학교의 비위 관련,pdf
S03072,감사원,BAI,20250430_[성과]_주요 국가연구개발사업 추진실태 분석(혁신·도전형 R&D 사례분석 중심)_3157.pdf,.pdf,3799310,c6b92dcb93b0eca3e0beb37f8a99680963923bd5e4d080bca6fce9147299bde2,3157,2025,성과,주요 국가연구개발사업 추진실태 분석(혁신·도전형 R&D 사례분석 중심),pdf
S03073,감사원,BAI,20250501_[국민제안]_평택시 폐기물처리 사업계획 등에 대한 개발행위허가 협의 관련_3158.pdf,.pdf,302052,6c9955c6136d03aa92f1236d68fed70a558b4c585da4587f0b8450da127facae,3158,2025,국민제안,평택시 폐기물처리 사업계획 등에 대한 개발행위허가 협의 관련,pdf
S03074,감사원,BAI,20250508_[기관정기]_환경부 기관정기감사_3159.pdf,.pdf,1991694,4ea289db5b6e4deab411e6a8dd782a471a6138d22ea9c8ba18901dfa844c8fa6,3159,2025,기관정기,환경부 기관정기감사,pdf
S03075,감사원,BAI,20250512_[특정사안]_충남지역 건설사업 추진실태_3160.pdf,.pdf,2616809,dfe720c2fe57d02d74514722c95642f58d450d0589692d30c51f3923a7cccbe8,3160,2025,특정사안,충남지역 건설사업 추진실태,pdf
S03076,감사원,BAI,20250514_[성과]_건강·실손·자동차보험 등 보험서비스 이용실태_3161_v1.pdf,.pdf,3246387,159c9e66ca5db23d0b27b797552a69d135668136cedd21e8da9d805f9ae504e0,3161,2025,성과,건강·실손·자동차보험 등 보험서비스 이용실태,pdf
S03077,감사원,BAI,20250514_[성과]_건강·실손·자동차보험 등 보험서비스 이용실태_3161_v2.pdf,.pdf,15305580,eac1fe113e46bf40b7011aed804df1d355e48401c9e44da2cad757e470bdff33,3161,2025,성과,건강·실손·자동차보험 등 보험서비스 이용실태,pdf
S03078,감사원,BAI,20250515_[특정사안]_감찰정보 등 공직비리 점검(Ⅰ)_3162.pdf,.pdf,547401,4216b08155d5b05da8081cae127ee3a8477c348a4249ad137f90fdef92cb7499,3162,2025,특정사안,감찰정보 등 공직비리 점검(Ⅰ),pdf
S03079,감사원,BAI,20250520_[특정사안]_산림사업 관리·감독실태_3168.pdf,.pdf,2017438,62798a3a112d7ca8f7d5aa2e544a2e09bc76979f85d87701c54779a709ddb49e,3168,2025,특정사안,산림사업 관리·감독실태,pdf
S03080,감사원,BAI,20250522_[국민제안]_농산물 수입 및 양곡 매입에 대한 감사(국회감사요구)_3166.pdf,.pdf,425271,739c8d388dde1cf6a38b649c0c563c679bb3b09dd66f709718b908f6be8438ca,3166,2025,국민제안,농산물 수입 및 양곡 매입에 대한 감사(국회감사요구),pdf
S03081,감사원,BAI,20250527_[특정사안]_주요 연기금 등의 대체투자 운용 및 관리실태_3169.pdf,.pdf,3867465,e6ffe079333762e6bf0af519f90a40d22dd29630363783adf03f69ecee2d1c4d,3169,2025,특정사안,주요 연기금 등의 대체투자 운용 및 관리실태,pdf
S03082,감사원,BAI,20250530_[재무]_2024회계연도 국가결산검사_3170_v1.pdf,.pdf,17817535,08afa81c26e09b33ed49bb926bf9fb8f8d5b378870ed97b5eb5fbfcac0bae185,3170,2025,재무,2024회계연도 국가결산검사,pdf
S03083,감사원,BAI,20250530_[재무]_2024회계연도 국가결산검사_3170_v2.pdf,.pdf,10996367,6c3e77756733c8b6c6d74ec0b304837b202247012b63bb5858e44194851c1f32,3170,2025,재무,2024회계연도 국가결산검사,pdf
S03084,감사원,BAI,20250530_[재무]_2024회계연도 국가결산검사_3170_v3.pdf,.pdf,654029,02120b0639151c12853c208f4c1254b841b10da8d2568d5862936e65e6e1ec34,3170,2025,재무,2024회계연도 국가결산검사,pdf
S03085,감사원,BAI,20250612_[기관정기]_한국가스공사 정기감사_3171.pdf,.pdf,4177328,73c46dbca4573d4e435a65eca67f8971a4cd12cb68383a6cf55faf7e1661192d,3171,2025,기관정기,한국가스공사 정기감사,pdf
S03086,감사원,BAI,20250616_[국민제안]_부산광역시 북구 건설폐기물 임시보관장소 용도변경 및 설치ㆍ운영 관련_3172.pdf,.pdf,403046,c400687d32965225f0f4b622bd19260e116e8382d9f275eaad5f108a8f311ddb,3172,2025,국민제안,부산광역시 북구 건설폐기물 임시보관장소 용도변경 및 설치ㆍ운영 관련,pdf
S03087,감사원,BAI,20250619_[기관정기]_국토교통부 기관정기감사_3173.pdf,.pdf,5598415,d2b0f8c76a9e6bdddaed291d1701cdb5c28555a5f701a862e1562d231df88f06,3173,2025,기관정기,국토교통부 기관정기감사,pdf
S03088,감사원,BAI,20250620_[국민제안]_국가교육위원회의 공무 전용 차량 관리 및 복무 관련 사항_3174.pdf,.pdf,510816,ddcc2476b9e10e9889cc86f68a42393c3dd8a97c54bd0aa934cd28c480b74504,3174,2025,국민제안,국가교육위원회의 공무 전용 차량 관리 및 복무 관련 사항,pdf
S03089,감사원,BAI,20250624_[특정사안]_공직비리 직무감찰 Ⅲ_3175.pdf,.pdf,825611,56858b7beb24f258bef9634d1540f1f5fc22eb81249c5d30c81b21d8dd2c7743,3175,2025,특정사안,공직비리 직무감찰 Ⅲ,pdf
S03090,감사원,BAI,20250626_[기관정기]_사립학교교직원연금공단·공무원연금공단 정기감사_3176.pdf,.pdf,1278557,0b2908907a531451b3d7dd66f1a4224faa05d605f28eab8c9747c2030e6ead1c,3176,2025,기관정기,사립학교교직원연금공단·공무원연금공단 정기감사,pdf
S03091,감사원,BAI,20250701_[성과]_4차 산업혁명 대응점검Ⅲ(인력양성분야)_3177.pdf,.pdf,755744,3125717a7d87e03ea82d31b2a76ba028596f19dfd4ebdc9444a9d7231ea033bd,3177,2025,성과,4차 산업혁명 대응점검Ⅲ(인력양성분야),pdf
S03092,감사원,BAI,20250702_[국민제안]_경찰청의 중심지역관서제도 도입·추진 관련 국가경찰위원회의 심의절차 준수 여부(국회감사요구)_3178.pdf,.pdf,351276,2a747d0cfb16d9b90e68e50728370e96b37ca10e3b60f7fd49f6cf2281fdb379,3178,2025,국민제안,경찰청의 중심지역관서제도 도입·추진 관련 국가경찰위원회의 심의절차 준수 여부(국회감사요구),pdf
S03093,감사원,BAI,20250703_[기관정기]_한국지역난방공사 정기감사_3179.pdf,.pdf,2293238,0379b9facbce5af70e87fba8dfb9c2f4b290e6e12f7e9d0ef340f19404f49edc,3179,2025,기관정기,한국지역난방공사 정기감사,pdf
S03094,감사원,BAI,20250704_[국민제안]_법무부ㆍ검찰청ㆍ검사의 헌법ㆍ법령 위반 등 관련_3180.pdf,.pdf,604194,3d0d5705cf94342d685b786bab2231e92f16d4e128295aca043587b9f5e785fc,3180,2025,국민제안,법무부ㆍ검찰청ㆍ검사의 헌법ㆍ법령 위반 등 관련,pdf
S03095,감사원,BAI,20250707_[국민제안]_다봄 CCTV 등 3개 도로교통설비 설치·운용 실태_3181.pdf,.pdf,2197169,a0ce12a08370195c44266702cf1dd6139502fac9feaff606362a0667d0b83f91,3181,2025,국민제안,다봄 CCTV 등 3개 도로교통설비 설치·운용 실태,pdf
S03096,감사원,BAI,20250708_[국민제안]_이진숙 방송통신위원회 위원장의 공무원으로서의 정치적 중립의무 위반 의혹 등에 대한 감사(국회감사요구)_3182.pdf,.pdf,807254,39baecf7b727d44aced61ddce8e349bb2f5d7573e9bef49b1fcbc2d9b71e7b85,3182,2025,국민제안,이진숙 방송통신위원회 위원장의 공무원으로서의 정치적 중립의무 위반 의혹 등에 대한 감사(국회감사요구),pdf
S03097,감사원,BAI,20250709_[기관정기]_대전지방국세청 정기감사_3183.pdf,.pdf,905493,734316fc26f9a600e7f910d7051e56c3efe9be78f37a8ad797d881e4e3050490,3183,2025,기관정기,대전지방국세청 정기감사,pdf
S03098,감사원,BAI,20250710_[기관정기]_천안시 정기감사_3184.pdf,.pdf,979283,0a5a88713dc68d01670557c9ced19cb6432f70986127c80f7c92abc09e810518,3184,2025,기관정기,천안시 정기감사,pdf
S03099,감사원,BAI,20250715_[성과]_기후위기 적응 및 대응 실태Ⅳ(신종질병 등 대응 분야)_3185.pdf,.pdf,1024918,535c305a668456c8143db26879ec146bae4bbb92c65b884e9f632c09a9257d8c,3185,2025,성과,기후위기 적응 및 대응 실태Ⅳ(신종질병 등 대응 분야),pdf
S03100,감사원,BAI,20250717_[기관정기]_중소벤처기업진흥공단 정기감사_3186.pdf,.pdf,2430348,d50cd6de237c755c323325853ed09808ceb40809246531561269eb49f9b27245,3186,2025,기관정기,중소벤처기업진흥공단 정기감사,pdf
S03101,감사원,BAI,20250718_[국민제안]_서안성체육센터 위탁운영 관련_3190.pdf,.pdf,727295,d89489337780c898ae76b0a518928d70293204bc88ab4e878da20caa60c0e4b9,3190,2025,국민제안,서안성체육센터 위탁운영 관련,pdf
S03102,감사원,BAI,20250718_[기관정기]_대구광역시 정기감사_3189.pdf,.pdf,523296,bd0fdbbc40e435640016d51301b8f1c35d82b0adcb66c5709a9f824fda8cae17,3189,2025,기관정기,대구광역시 정기감사,pdf
S03103,감사원,BAI,20250721_[기관정기]_한국가스기술공사 정기감사_3187.pdf,.pdf,1947460,e4dcaf57816ab33e26407dbad8ab839d0995580453e8dd9c909550bb9c598deb,3187,2025,기관정기,한국가스기술공사 정기감사,pdf
S03104,감사원,BAI,20250723_[특정사안]_2023년 공직비리 기동감찰 II_3191.pdf,.pdf,884078,5357a9106bc91ddc5b0eb8db57353a83f6989c0199ab7e1681a3b61ff465153d,3191,2025,특정사안,2023년 공직비리 기동감찰 II,pdf
S03105,감사원,BAI,20250725_[국민제안]_제2세종문화회관 건립 사업 관련 (국회감사요구)_3192.pdf,.pdf,926626,a31bc9c3da1c236c748202594aff42b57f8e44f711543dd33a95e25c71d33e45,3192,2025,국민제안,제2세종문화회관 건립 사업 관련 (국회감사요구),pdf
S03106,감사원,BAI,20250725_[국민제안]_한강 리버버스 사업자 선정 관련 국회감사요구_3193.pdf,.pdf,417918,d080dd8278dc9c3d453877b447317337f1efda9bda0a0a9edd6b95713064f1aa,3193,2025,국민제안,한강 리버버스 사업자 선정 관련 국회감사요구,pdf
S03107,감사원,BAI,20250729_[기관정기]_과학기술정보통신부 정기감사_3194.pdf,.pdf,2416546,62dbcac1fe2f4fabad57625fca310f6876b61c2ecae58e7d1a1f1be01a7d8769,3194,2025,기관정기,과학기술정보통신부 정기감사,pdf
S03108,감사원,BAI,20250731_[기관정기]_한국주택금융공사 기관정기감사_3195.pdf,.pdf,2202785,9114ffd5c8e3da5a1bbd13bc33834542618a77f639f5d6cb5953cb851380cce3,3195,2025,기관정기,한국주택금융공사 기관정기감사,pdf
S03109,감사원,BAI,20250805_[특정사안]_수도권 공유재산(부동산) 관리실태_3196.pdf,.pdf,761545,3b33eb2c5180b822c5e4366dd2a15019ee51a824b092710f98262a9a09a03e06,3196,2025,특정사안,수도권 공유재산(부동산) 관리실태,pdf
S03110,감사원,BAI,20250819_[성과]_SOC Ⅰ- ② 일반국도(설계단계) 건설사업관리 실태_3198.pdf,.pdf,1304017,0808cd94185304ca9c4929f76a47fdc90a094e884f914468093b7b37fbe4f517,3198,2025,성과,SOC Ⅰ- ② 일반국도(설계단계) 건설사업관리 실태,pdf
S03111,감사원,BAI,20250819_[성과]_SOC Ⅰ- ③ 일반국도(시공단계) 건설사업관리 실태_3199.pdf,.pdf,1942541,967ee13daa7376858dab0fb27dd467bc6d004e00562d5b41b0bcccf10ef5601e,3199,2025,성과,SOC Ⅰ- ③ 일반국도(시공단계) 건설사업관리 실태,pdf
S03112,감사원,BAI,20250904_[성과]_공공기관 결산 및 회계감사 운영실태_3200_v1.pdf,.pdf,1826645,c4eb2872340425d03917b97174b4a9c81c420a8f0106d657947f6a521a912fd7,3200,2025,성과,공공기관 결산 및 회계감사 운영실태,pdf
S03113,감사원,BAI,20250904_[성과]_공공기관 결산 및 회계감사 운영실태_3200_v2.pdf,.pdf,803907,946906f6992e056070ebdb115e18dfdfebbf77ef0ca09db2fd94a38ed67f2ac1,3200,2025,성과,공공기관 결산 및 회계감사 운영실태,pdf
S03114,감사원,BAI,20250909_[특정사안]_전력지원체계 획득 및 관리실태(전투준비 및 전쟁지속능력 확보업무 중심으로)_3201.pdf,.pdf,1279735,44f8e24fa36835afd42547dc5c12f06ed892bb129902614b55f48214b50b2154,3201,2025,특정사안,전력지원체계 획득 및 관리실태(전투준비 및 전쟁지속능력 확보업무 중심으로),pdf
S03115,감사원,BAI,20250915_[국민제안]_대구광역시 지하도상가 점포의 사용·수익허가 관련_3202.pdf,.pdf,366272,e8afc68a0bc5a199581ff9ab0f6e18461d2ae0648a425528597dd8bf6e97f73b,3202,2025,국민제안,대구광역시 지하도상가 점포의 사용·수익허가 관련,pdf
S03116,감사원,BAI,20250916_[특정사안]_산업단지 규제개선 추진실태_3203.pdf,.pdf,2649370,ee0aff4ab7f08769e4718c2ae1902b855f08d117dcc048a799bc2d260759db66,3203,2025,특정사안,산업단지 규제개선 추진실태,pdf
S03117,감사원,BAI,20250918_[기관정기]_농림축산식품부 정기감사_3204.pdf,.pdf,790376,f6b94f7e45fe1af421822fb5dae1380cbf55eeb7069e6418f36c2053c90d4919,3204,2025,기관정기,농림축산식품부 정기감사,pdf
S03118,감사원,BAI,20250919_[기관정기]_담양군·곡성군 정기감사_3209.pdf,.pdf,1385824,7cb5c933b356e4026236404f3fba130f497846ae4415e0473cf80c4e7dba302e,3209,2025,기관정기,담양군·곡성군 정기감사,pdf
S03119,감사원,BAI,"20250923_[성과]_지방공항 건설사업 추진실태(SOC Ⅳ공항-①,②,③)_3212.pdf",.pdf,1510990,d5ccc5e0b90c064ce589a1ded426828f50609c1eb2e6b2b82119c6ab60e66b6f,3212,2025,성과,"지방공항 건설사업 추진실태(SOC Ⅳ공항-①,②,③)",pdf
S03120,감사원,BAI,20250924_[국민제안]_해운대구 도시건축공동위원회 위원 제척 관련_3211.pdf,.pdf,368945,8cea33f23f0ede669f3ee4c8d7fc6ce9403458bfdbbbe6a68e0cb7a2746142c7,3211,2025,국민제안,해운대구 도시건축공동위원회 위원 제척 관련,pdf
S03121,감사원,BAI,20250929_[기관정기]_강원특별자치도 정기감사_3213.pdf,.pdf,837793,1434fd02a96a4079abb941a99f9fce8d5e8b71248dc58d3aba64207b1e81423e,3213,2025,기관정기,강원특별자치도 정기감사,pdf
S03122,감사원,BAI,20250930_[성과]_대국민 행정정보시스템 구축·운영실태_3220.pdf,.pdf,3714702,e5608764357ba77894dfb08b1052cf196ec5774f0bc6c68c39c7f06eef3d8d82,3220,2025,성과,대국민 행정정보시스템 구축·운영실태,pdf
S03123,감사원,BAI,20251001_[기관정기]_문화체육관광부 정기감사_3215.pdf,.pdf,1588172,7619a49a791156113a1a74c4a950d77e51f47773bf19d6ca9dffb82edf45c2be,3215,2025,기관정기,문화체육관광부 정기감사,pdf
S03124,감사원,BAI,20251013_[성과]_4차 산업혁명 대응점검Ⅳ(정보통신 인프라 위험대비 분야)_3216.pdf,.pdf,1148996,96ad053ae8c794a552db4c7a8e2a385dfca1add1962ac371b9dc98b3b06ce349,3216,2025,성과,4차 산업혁명 대응점검Ⅳ(정보통신 인프라 위험대비 분야),pdf
S03125,감사원,BAI,20251015_[특정사안]_도시재생사업 추진실태(광주광역시 및 전남·북 지역)_3219.pdf,.pdf,1094104,914c5eecad223bfdcea50f94e5d07746902db7c3f5239f32ace9783525449dec,3219,2025,특정사안,도시재생사업 추진실태(광주광역시 및 전남·북 지역),pdf
S03126,감사원,BAI,20251016_[특정사안]_유해화학물질 등 국민안전 위험요인 관리실태 점검_3218.pdf,.pdf,4117433,110346a4f3330346eb395edab5e54c7c01fbd063ca26242ed6ed511609dca7e7,3218,2025,특정사안,유해화학물질 등 국민안전 위험요인 관리실태 점검,pdf
S03127,감사원,BAI,20251023_[성과]_재난 및 안전관리체계 점검_3258.pdf,.pdf,5811329,d7b1ea01b07b08fc08e3cd28b33e7cdf81980551c6b9f14dbec7bc31f8fd57f5,3258,2025,성과,재난 및 안전관리체계 점검,pdf
S03128,감사원,BAI,20251028_[성과]_정부평가제도 운영 관리실태_3280.pdf,.pdf,1825858,00a085790f58d5eb5da1e5077b78b9635caca4b7d293c886cfc1a89f8f40e0d2,3280,2025,성과,정부평가제도 운영 관리실태,pdf
S03129,감사원,BAI,20251030_[특정사안]_상하수도분야 국고보조사업 추진실태_3223.pdf,.pdf,2054660,e5d882acad809e36304f5e8e7a07796e5bd33691113c771aeade9309171b25f8,3223,2025,특정사안,상하수도분야 국고보조사업 추진실태,pdf
S03130,감사원,BAI,20251103_[국민제안]_대통령실 집들이 행사 및 용산어린이정원 위탁업체 선정 의혹에 대한 국회감사요구_3224.pdf,.pdf,2011017,786425d78bc8fa5392d052f74f671742c17b5720eaa350e6adfc039fb79977ad,3224,2025,국민제안,대통령실 집들이 행사 및 용산어린이정원 위탁업체 선정 의혹에 대한 국회감사요구,pdf
S03131,감사원,BAI,20251106_[기관정기]_해양수산부 기관정기감사_3225.pdf,.pdf,1603216,99833eddf360382c1336ba0db87c3aed6d0cf16b603727a90eeb12ee1f248b03,3225,2025,기관정기,해양수산부 기관정기감사,pdf
S03132,감사원,BAI,20251110_[기관정기]_경찰청 및 서울·부산경찰청 정기감사_3227.pdf,.pdf,1797979,297018eb51c86db54bf3f2a3b133ea67f9e6beada47fbc0b97c0e9bea35d8a7a,3227,2025,기관정기,경찰청 및 서울·부산경찰청 정기감사,pdf
S03133,감사원,BAI,20251113_[성과]_고용보험기금 재정관리실태_3228.pdf,.pdf,8811478,788a518fb51fa55f1fe392ce743ecba9be0befc27656c1361b0437a16dc5d50a,3228,2025,성과,고용보험기금 재정관리실태,pdf
S03134,감사원,BAI,20251118_[특정사안]_어선 안전관리 실태점검_3229.pdf,.pdf,374160,1b602c4ce1c714740e6a4f46c399115b220636ae9787b1388edb1581af7714fb,3229,2025,특정사안,어선 안전관리 실태점검,pdf
S03135,감사원,BAI,20251120_[특정사안]_학교신설 등 추진실태_3230.pdf,.pdf,790882,84a631258027363fc976181bcdcd64c589d53499fd24114495795ad847eca13e,3230,2025,특정사안,학교신설 등 추진실태,pdf
S03136,감사원,BAI,20251125_[특정사안]_감찰정보 등 공직비리 점검(Ⅱ)_3231.pdf,.pdf,431919,76809c242ec6981f4eb930e76cec69436d9a13052a01f695b130c188ac76d966,3231,2025,특정사안,감찰정보 등 공직비리 점검(Ⅱ),pdf
S03137,감사원,BAI,20251127_[국민제안]_의대정원 증원 추진 과정에 대한 감사_3281.pdf,.pdf,1288545,517e73b3bf4d0ffc82839427f6ae65c63fa1ea6aedc681621f39ce1dfd2d673d,3281,2025,국민제안,의대정원 증원 추진 과정에 대한 감사,pdf
S03138,감사원,BAI,20251210_[국민제안]_김용원 상임위원 등 국가인권위원회의 헌정부정 등의 행위와 관련한 감사_3233.pdf,.pdf,1414023,60902613c7f3ee64ebd45cfa96e5cadc5ab2e9acf09d0122b670aaf87bd65708,3233,2025,국민제안,김용원 상임위원 등 국가인권위원회의 헌정부정 등의 행위와 관련한 감사,pdf
S03139,감사원,BAI,20251215_[기관정기]_한국자산관리공사 정기감사_3247.pdf,.pdf,2184101,65d4527e6e994d09813bc3ef387baf52194d1153cca7a8e7333ed573b599f640,3247,2025,기관정기,한국자산관리공사 정기감사,pdf
S03140,감사원,BAI,20251218_[기관정기]_고양시 정기감사_3236.pdf,.pdf,5024057,fa15fbf11707cad8a9249b01c815973a38b4397f290ac18687abaf73fe1b0f31,3236,2025,기관정기,고양시 정기감사,pdf
S03141,감사원,BAI,20251222_[기관정기]_경상남도 정기감사_3239.pdf,.pdf,1051051,8024c6479399536e2ccb5db074473b19a4cdf00b966ebc3ee2a7f92f34679949,3239,2025,기관정기,경상남도 정기감사,pdf
S03142,감사원,BAI,20251223_[특정사안]_농촌지역개발사업 추진실태_3238.pdf,.pdf,1695095,d84f80040f32b99c005cba9401dc1160828c722ff099f3b2c05d54213153b7a9,3238,2025,특정사안,농촌지역개발사업 추진실태,pdf
S03143,감사원,BAI,20251226_[국민제안]_동두천시의 구 성병관리소 부지와 공유재산 취득 업무처리 관련_3240.pdf,.pdf,527727,740a9dfea4c8eab1d251796e2ebbe257c0e34237d2ac7e9226c871f96ca7eece,3240,2025,국민제안,동두천시의 구 성병관리소 부지와 공유재산 취득 업무처리 관련,pdf
S03144,감사원,BAI,20251227_[국민제안]_AI디지털교과서 도입 관련(국회감사요구)_3279.pdf,.pdf,634949,8988f10f140410da7090a738de397459dc8337a9587a10372ed4a4626cdbc651,3279,2025,국민제안,AI디지털교과서 도입 관련(국회감사요구),pdf
S03145,감사원,BAI,20251229_[기관정기]_국가보훈부 정기감사_3273.pdf,.pdf,709694,62e28f497ed48fb98583f20f7353b8cd877628130aedb360578953b91e98c9b9,3273,2025,기관정기,국가보훈부 정기감사,pdf
S03146,감사원,BAI,20251230_[기관정기]_한국마사회 정기감사_3242.pdf,.pdf,1423518,a68d51d17ba6d9fbc992464a4dc75375c050ea6b1d25f2ae0fb53362f3362533,3242,2025,기관정기,한국마사회 정기감사,pdf
S03147,감사원,BAI,20260105_[성과]_인공지능 대비실태 Ⅰ(신뢰성 확보 분야)_3272.pdf,.pdf,712618,72dc3d54ab0b130dc9ca9910cadd84b9897cf28a87fef7fb6b9a191848c29210,3272,2026,성과,인공지능 대비실태 Ⅰ(신뢰성 확보 분야),pdf
S03148,감사원,BAI,20260107_[국민제안]_순천시 강변로 녹지 조성사업과 기후대응 도시 숲 조성사업 관련_3244.pdf,.pdf,917096,6b5ac2cb630411d7c1e07cad34c1de52bf18e2c706d272eef4c116d9b6b30847,3244,2026,국민제안,순천시 강변로 녹지 조성사업과 기후대응 도시 숲 조성사업 관련,pdf
S03149,감사원,BAI,20260108_[특정사안]_국방분야 공직기강 특별점검_3245.pdf,.pdf,587563,a2ec98afb16495f2c068399600b93781ad83174fdaf4f45dd69b5e893633f15a,3245,2026,특정사안,국방분야 공직기강 특별점검,pdf
S03150,감사원,BAI,20260112_[성과]_국세 체납징수 관리실태_3274.pdf,.pdf,2971866,dfc7975a3d8c41c386b8cc3a90b3555eb7cb446b6439c2258ebfdb1e4be93887,3274,2026,성과,국세 체납징수 관리실태,pdf
S03151,감사원,BAI,20260115_[기관정기]_국토교통부 기관정기감사(별도처리)_3250.pdf,.pdf,691285,1de37cd211fef1d2e40a088d9cb390ad77a0195706d805a9448eff49eae76fb2,3250,2026,기관정기,국토교통부 기관정기감사(별도처리),pdf
S03152,감사원,BAI,20260119_[성과]_공공기관 인력운용 실태_3275.pdf,.pdf,11036398,741ab0cb982d5fab03e6dab469e6085fa0438a369cf90e82564b3edb313d316d,3275,2026,성과,공공기관 인력운용 실태,pdf
S03153,감사원,BAI,20260120_[기관정기]_한국국제협력단 정기감사_3252.pdf,.pdf,1137717,9751bd76f4978dec250f260f6d6f2a72ea6542771d09a4de44f8bd2a47593c5b,3252,2026,기관정기,한국국제협력단 정기감사,pdf
S03154,감사원,BAI,20260121_[미분류]_2025년 국제형사재판소(ICC) 국제기구 감사_3276_v1.pdf,.pdf,1819997,fa8631b4e15a1fddc798c91a5a398d6d546feeb952a2fc1dc606d12121be295a,3276,2026,미분류,2025년 국제형사재판소(ICC) 국제기구 감사,pdf
S03155,감사원,BAI,20260121_[미분류]_2025년 국제형사재판소(ICC) 국제기구 감사_3276_v2.pdf,.pdf,2733559,e789a4ce7c40ce6a95067f448a77e5ce225c063ed3f4efd244e538409fe2445e,3276,2026,미분류,2025년 국제형사재판소(ICC) 국제기구 감사,pdf
S03156,감사원,BAI,20260121_[미분류]_2025년 국제형사재판소(ICC) 국제기구 감사_3276_v3.pdf,.pdf,1269604,271d9ef35a160c3fae90e2c75b601b324cd061d79a5e413e47a4dead55635d10,3276,2026,미분류,2025년 국제형사재판소(ICC) 국제기구 감사,pdf
S03157,감사원,BAI,20260121_[미분류]_2025년 국제형사재판소(ICC) 국제기구 감사_3276_v4.pdf,.pdf,433252,4cd592a8c44bdc6f59e6fe977189ebab9e74292d3cbe22f39c9417e33a570567,3276,2026,미분류,2025년 국제형사재판소(ICC) 국제기구 감사,pdf
S03158,감사원,BAI,20260121_[미분류]_2025년 국제형사재판소(ICC) 국제기구 감사_3276_v5.pdf,.pdf,194208,c512dea58d4bd5b8335ad5b28462402b92ac50907c1f10ccecb943a765ac8ab2,3276,2026,미분류,2025년 국제형사재판소(ICC) 국제기구 감사,pdf
S03159,감사원,BAI,20260127_[성과]_개인정보 보호 및 관리실태_3271.pdf,.pdf,1326536,339113c67162d234a8fc122b09da624612c23ad29faf07de0de80fa98dead255,3271,2026,성과,개인정보 보호 및 관리실태,pdf
S03160,감사원,BAI,20260128_[국민제안]_여주시매립장주민협의체 지도·감독 관련_3255.pdf,.pdf,263223,f68b7a1accb99f403475a533316b25f85301ca87d9b0316f7d7c6d1d802a92ca,3255,2026,국민제안,여주시매립장주민협의체 지도·감독 관련,pdf
S03161,감사원,BAI,20260129_[국민제안]_대통령 관저 이전(국회감사요구) 관련_3277.pdf,.pdf,1259694,18c1cb87adb1c345823dfc12f6fefb2030014e08bc31883d1be50fb78a7555ab,3277,2026,국민제안,대통령 관저 이전(국회감사요구) 관련,pdf
S03162,감사원,BAI,20260203_[기관정기]_한국무역보험공사 정기감사_3262.pdf,.pdf,2402477,a1f367bf8ef2c9ae9dc3c655b28cee3db4a20fa5b7c997f0544e9df93a763bcc,3262,2026,기관정기,한국무역보험공사 정기감사,pdf
S03163,감사원,BAI,20260204_[국민제안]_방송통신심의위원회 위원장(류희림)의 민원사주와 은폐 의혹과 관련한 감사_3261.pdf,.pdf,1092092,db4119b4934b8d2eb57a0b62fb4cce47e426789b72b023eb2ce893118f893af8,3261,2026,국민제안,방송통신심의위원회 위원장(류희림)의 민원사주와 은폐 의혹과 관련한 감사,pdf
S03164,감사원,BAI,20260209_[기관정기]_대구지방국세청 정기감사_3263.pdf,.pdf,1236821,1ba69228b0513d30ab1d5488f9474bdf425abf1923d6e6b93bca74bdf84f108a,3263,2026,기관정기,대구지방국세청 정기감사,pdf
S03165,감사원,BAI,20260211_[국민제안]_함양군의 함양 사계 4U 조성사업 추진과 사업부지 매입 관련_3264.pdf,.pdf,363463,2d507305081746596a2017667c59f9379f448a577321ce14ae17a80d767bdde0,3264,2026,국민제안,함양군의 함양 사계 4U 조성사업 추진과 사업부지 매입 관련,pdf
S03166,감사원,BAI,20260212_[특정사안]_지방공공기관 취약업무 점검_3265.pdf,.pdf,443926,e6ca68d53ba2e4922b38821f305804a9331c59055750d0f95a8afd316dacdd93,3265,2026,특정사안,지방공공기관 취약업무 점검,pdf
S03167,감사원,BAI,20260223_[성과]_코로나19 대응실태 진단 및 분석_3270.pdf,.pdf,7467797,1ea503aa6fcd53e036b86d80bad050471346b1005790f16290a0ba334a9cc815,3270,2026,성과,코로나19 대응실태 진단 및 분석,pdf
S03168,감사원,BAI,20260224_[국민제안]_대전광역시 관내 국가하천 준설공사 관련_3267.pdf,.pdf,328938,4c51be2772b085188288205a9c7d072640968b28a3586fb12797802c367f6b35,3267,2026,국민제안,대전광역시 관내 국가하천 준설공사 관련,pdf
S03169,감사원,BAI,20260225_[기관정기]_공정거래위원회 정기감사_3278.pdf,.pdf,2473342,cf94185cfad51dbe437969eb9f8a6058efc4a5261c3e97987ea5668800cc712e,3278,2026,기관정기,공정거래위원회 정기감사,pdf
S03170,감사원,BAI,20260304_[특정사안]_대한체육회 운영 및 관리·감독실태_3282.pdf,.pdf,2894064,1f90734ab60475b1c1060ddc271fba3eb0cd53b42dd772d8456f45df5652a907,3282,2026,특정사안,대한체육회 운영 및 관리·감독실태,pdf
S03171,감사원,BAI,"20260305_[성과]_SOC Ⅱ-②,③ 고속국도(설계 및 시공단계) 건설사업관리 실태_3284.zip",.zip,4918451,1210a61d6bef2326062ab761a38f97565f97273066bf694bbb5e7c2e68a9cd47,3284,2026,성과,"SOC Ⅱ-②,③ 고속국도(설계 및 시공단계) 건설사업관리 실태",zip
S03172,감사원,BAI,"20260305_[성과]_SOC Ⅱ-②,③ 고속국도(설계 및 시공단계) 건설사업관리 실태_3284_v1.pdf",.pdf,755463,5110042c87ac1fa123ef4cc6dd0bf6e28e0207c54b0bfa08ee26eddab20a196c,3284,2026,성과,"SOC Ⅱ-②,③ 고속국도(설계 및 시공단계) 건설사업관리 실태",pdf
S03173,감사원,BAI,"20260305_[성과]_SOC Ⅱ-②,③ 고속국도(설계 및 시공단계) 건설사업관리 실태_3284_v2.pdf",.pdf,4522218,23d83217d1c91d35b0f79f85f54cef66619ee2c539355299e4dbc89d2fcad8a1,3284,2026,성과,"SOC Ⅱ-②,③ 고속국도(설계 및 시공단계) 건설사업관리 실태",pdf
S03174,감사원,BAI,20260306_[국민제안]_국가보훈부의 이달의 독립운동가 선정 관련_3283.pdf,.pdf,263948,9d1467c19848ddb860f000ab4ee059ba4c8d80adba9b471fa1ab63d442b5accd,3283,2026,국민제안,국가보훈부의 이달의 독립운동가 선정 관련,pdf
S03175,감사원,BAI,20260309_[특정사안]_철도시설 안전관리 실태 점검_3287.pdf,.pdf,2611112,3c9b83760855d5b612f4ebb540e8abba1414713bb9a91d73a87222829a1fb26a,3287,2026,특정사안,철도시설 안전관리 실태 점검,pdf
S03176,감사원,BAI,20260310_[성과]_항공안전 취약분야 관리실태_3286.pdf,.pdf,4049202,b199645752d5b401b2f1d322c0b8c421cbb5ac49130f5db39f902f01f019daa5,3286,2026,성과,항공안전 취약분야 관리실태,pdf
S03177,감사원,BAI,20260312_[재무]_2024회계연도 공공기관 결산검사_3288.pdf,.pdf,1163549,2c56fc264aaa90fabc80680f0072568c2583e6f3dde7a5c3e4e479f3b87737cf,3288,2026,재무,2024회계연도 공공기관 결산검사,pdf
S03178,감사원,BAI,20260316_[국민제안]_한강버스 및 여의도 선착장 조성사업 관련 국회감사요구_3289.pdf,.pdf,1728523,7a7c9642e3b40ba2767db7d57a8dbc911a35eb05590851dc82648ce80d51d246,3289,2026,국민제안,한강버스 및 여의도 선착장 조성사업 관련 국회감사요구,pdf
S03179,감사원,BAI,20260317_[국민제안]_실감형 광화문 프로젝트 사업 추진실태 관련(공익감사청구)_3290.pdf,.pdf,2036453,8569edf1885fed21a08181a9fada19b3bc33634abe8e4f209476dc97f36b7328,3290,2026,국민제안,실감형 광화문 프로젝트 사업 추진실태 관련(공익감사청구),pdf
S03180,감사원,BAI,20260318_[기타서면]_변상판정 청구사항 조사 및 처리_3291.pdf,.pdf,257361,d0f8bb8f65c124e989da206ec28b157b9e312d421f86c617a71155567a7fca6e,3291,2026,기타서면,변상판정 청구사항 조사 및 처리,pdf
S03181,감사원,BAI,20260319_[기관정기]_조달청 정기감사_3296.pdf,.pdf,1850796,5acb66adfcff960bf1cf2ae7deda278104da1b79d0fab14b4bf2c1b087029a71,3296,2026,기관정기,조달청 정기감사,pdf
S03182,감사원,BAI,20260324_[성과]_인공지능 대비실태 Ⅱ(보건ㆍ의료분야 개인정보 데이터 제공 및 저작권 관리 분야)_3293.pdf,.pdf,656345,1116122789a9eadfe2bf3aac6b74683ad178ac310f275055b5ca8310a424e38e,3293,2026,성과,인공지능 대비실태 Ⅱ(보건ㆍ의료분야 개인정보 데이터 제공 및 저작권 관리 분야),pdf
S03183,감사원,BAI,20260331_[기관정기]_상주시 대구광역시 수성구 정기감사_3294.pdf,.pdf,2237155,1ccede86ccc6aa7aac19fb3b6740909c211fab589eaa4f209ba5d40e3b69275a,3294,2026,기관정기,상주시 대구광역시 수성구 정기감사,pdf
S03184,감사원,BAI,20260413_[성과]_노인복지제도 운영 및 관리 실태(장기요양보험·기초연금을 중심으로)_3303.pdf,.pdf,2135178,7b651030a2aadd93d1e9471ab0793576dca0c97455c7b7c8dfc75c9eca261bce,3303,2026,성과,노인복지제도 운영 및 관리 실태(장기요양보험·기초연금을 중심으로),pdf
S03185,감사원,BAI,20260416_[기관정기]_파주시·양주시 정기감사_3304.pdf,.pdf,1106221,2dd2b928f996b95fba8cf3a705a22f7a4216058f80b56b45efcaa8ae79c97122,3304,2026,기관정기,파주시·양주시 정기감사,pdf
S03186,감사원,BAI,20260420_[특정사안]_경기지역 건설사업 추진실태_3298.pdf,.pdf,973392,3afd982a88e7bd6bc36b5b7337b5284b01e4d6f659d250da33ffd42cc36925f7,3298,2026,특정사안,경기지역 건설사업 추진실태,pdf
S03187,감사원,BAI,20260422_[특정사안]_부정지출 및 재정누수 점검 Ⅱ_3306.pdf,.pdf,593357,da32595fd5a05edb67dfbda5d028ef80548c265de973f53af487581d2a1e7676,3306,2026,특정사안,부정지출 및 재정누수 점검 Ⅱ,pdf
S03188,감사원,BAI,20260423_[기관정기]_창원시·밀양시 정기감사_3305.pdf,.pdf,1162622,46040de909b81f17ed56fd7871c67c5500a8651774b829ea03c49a978b3a80c4,3305,2026,기관정기,창원시·밀양시 정기감사,pdf
S03189,감사원,BAI,20260427_[기관정기]_국세청 정기감사_3307.pdf,.pdf,1736159,1c9eb049b444c3364aa81d93809dfef73b387ca1c350b07a34a94e29eb2ec657,3307,2026,기관정기,국세청 정기감사,pdf
S03190,감사원,BAI,20260428_[국민제안]_의대정원 증원 추진 과정에 대한 감사_3308.pdf,.pdf,4360993,0bafd6a0152413df4391e0bf07a5fc87115ab8b358a2a42f77ee4e4ee4eec5da,3308,2026,국민제안,의대정원 증원 추진 과정에 대한 감사,pdf
S03191,감사원,BAI,20260506_[국민제안]_양평군의 개발행위허가와 각종 업무 부당처리 관련_3309.pdf,.pdf,12464384,5e0d1d5ebe846c4773cd879219e69badaaa5e6926ab939f4612df3b27dbe1847,3309,2026,국민제안,양평군의 개발행위허가와 각종 업무 부당처리 관련,pdf
S03192,감사원,BAI,20260507_[기관정기]_한국수력원자력 기관정기감사_3310.pdf,.pdf,1338604,b8e304fab043d8f07966150ec2b5191fea23a90dee02fdd1ca9a9af0d1eaaca4,3310,2026,기관정기,한국수력원자력 기관정기감사,pdf
S03193,감사원,BAI,20260508_[특정사안]_공직기강 점검 Ⅰ_3311.pdf,.pdf,1028746,99dddbc6c2625ae533ec51bbce7910a2307b51feac441db9fef79d5b894fa218,3311,2026,특정사안,공직기강 점검 Ⅰ,pdf
S03194,감사원,BAI,20260520_[기관정기]_완도군 기관정기감사_3312.pdf,.pdf,299149,88b0ef107bc01861e08f5ea9358d17f61947b96b7e7984694cdfc7c4dbd52e80,3312,2026,기관정기,완도군 기관정기감사,pdf
S03195,감사원,BAI,20260527_[특정사안]_계약업무 등 취약분야 공직감찰_3313.pdf,.pdf,1780584,e9d8313de2ad712459194b087eecce6bb0feeb982306534a9d34e68c9c43e31a,3313,2026,특정사안,계약업무 등 취약분야 공직감찰,pdf
S03196,감사원,BAI,20260529_[재무]_2025회계연도 국가결산검사_3314.zip,.zip,12477315,76af3576ed385f3415962023a9a49e71b727cfef1bd21e604d01b018d2ae0b2a,3314,2026,재무,2025회계연도 국가결산검사,zip
S03197,감사원,BAI,20260529_[재무]_2025회계연도 국가결산검사_3314_v1.pdf,.pdf,10970669,00ac4fb2e3c2834b7d07ab174fffc01c2f3f9b292887926f90f4148a622b84bf,3314,2026,재무,2025회계연도 국가결산검사,pdf
S03198,감사원,BAI,20260529_[재무]_2025회계연도 국가결산검사_3314_v2.pdf,.pdf,6732605,41a14d770a5a88dbbc7adb9210c8253e027346a2b583d79b36af2e967e03b802,3314,2026,재무,2025회계연도 국가결산검사,pdf
S03199,감사원,BAI,20260601_[기타서면]_변상판정 청구사항 조사 및 처리_3315.pdf,.pdf,623720,13e38fe83298bf2abe5ba3b444d8370536c59cade70c441e3da229c5d7181909,3315,2026,기타서면,변상판정 청구사항 조사 및 처리,pdf
S03200,감사원,BAI,20260609_[기관정기]_김해시 정기감사_3316.pdf,.pdf,884698,30c3ad072bd2994add111054ba6f12b7dc76730765065798f35e716de567ff8f,3316,2026,기관정기,김해시 정기감사,pdf
S03201,감사원,BAI,20260610_[성과]_주요 농업정책자금 지원사업 운영실태_3317.pdf,.pdf,2502742,584f22ff999bf1360b01accd573e977a95ae055d8b2e03ddfd37c7a99d5b7a6f,3317,2026,성과,주요 농업정책자금 지원사업 운영실태,pdf
S03202,감사원,BAI,20260611_[재무]_공공기관 회계감리_3318.pdf,.pdf,886551,d96164135aa837a6d3ae7cb70fb43f8fa44f2381d50038a153414a43030e10be,3318,2026,재무,공공기관 회계감리,pdf
S03203,감사원,BAI,20260630_[기관정기]_평택시 정기감사_3326.pdf,.pdf,525711,bb78e99f47a2100307128e7dee6d3448e7e435ad50e60d126d59eca23a1dfa85,3326,2026,기관정기,평택시 정기감사,pdf
S03204,감사원,BAI_CONV,20120209_[특정사안]_택지개발사업 추진실태_1250.pdf,.pdf,9943460,75581bf794002c45ee9802175675988956e08426b8642d2874e95d83bd77d1e5,1250,2012,특정사안,택지개발사업 추진실태,pdf_conv
S03205,감사원,BAI_CONV,20120213_[성과]_금융소비자 보호 등 금융감독실태_1251.pdf,.pdf,8280981,3d69e89fd70f1a9583b90ddc2135816c714882441ea4335d41c0a6638db2e418,1251,2012,성과,금융소비자 보호 등 금융감독실태,pdf_conv
S03206,감사원,BAI_CONV,20120215_[특정사안]_지방자치단체 계약 관련 토착비리 점검_1252.pdf,.pdf,5416308,ae7055284d234d794df1dd99909b97696eae8d1482910b58c7b393ccc2ef0018,1252,2012,특정사안,지방자치단체 계약 관련 토착비리 점검,pdf_conv
S03207,감사원,BAI_CONV,20120220_[특정사안]_정부의 정책연구용역비 집행실태_1254.pdf,.pdf,14025101,f37722f1e1e22fc59cbdac5bbebee1fa0b262b4bf854e46f95c8b5a1554ee406,1254,2012,특정사안,정부의 정책연구용역비 집행실태,pdf_conv
S03208,감사원,BAI_CONV,20120224_[기관정기]_대한지적공사 기관운영감사_1257.pdf,.pdf,2701846,849880e103875833ad7b57d8eaf4cf921be8b860d1378d73f641ea4efb200dc5,1257,2012,기관정기,대한지적공사 기관운영감사,pdf_conv
S03209,감사원,BAI_CONV,20120228_[특정사안]_행정중심복합도시 건설사업 추진실태_1258.pdf,.pdf,13017816,d06e168c6f3efb727af235bd70563cdce7deea55277f5111e04864492fb5ed59,1258,2012,특정사안,행정중심복합도시 건설사업 추진실태,pdf_conv
S03210,감사원,BAI_CONV,20120229_[특정사안]_증권시장 운영 및 감독실태_1259.pdf,.pdf,7821698,616682b3028e70e79cc2529491f7605693da929cf3dca1950d34f1ccb45793a8,1259,2012,특정사안,증권시장 운영 및 감독실태,pdf_conv
S03211,감사원,BAI_CONV,20120302_[미분류]_도시지원시설용지 특혜 분양 의혹 관련 감사청구_1260.pdf,.pdf,761608,7ce4243f5422c7dc7d1724463e3d245b760f50420e47f69b70c01e8e7b163acd,1260,2012,미분류,도시지원시설용지 특혜 분양 의혹 관련 감사청구,pdf_conv
S03212,감사원,BAI_CONV,20120306_[특정사안]_비위첩보 기동점검_1261.pdf,.pdf,1647084,577e5c704eac58f795f37ff2cc2e9cec41b28be932df2427d51b19c032b3d3de,1261,2012,특정사안,비위첩보 기동점검,pdf_conv
S03213,감사원,BAI_CONV,20120308_[특정사안]_교육분야 고위공직자 등 비리점검_1262.pdf,.pdf,1847756,d88542c4a85874e46d845ed53746b234b630718c90c6147dc0d3f39394ca17b2,1262,2012,특정사안,교육분야 고위공직자 등 비리점검,pdf_conv
S03214,감사원,BAI_CONV,20120313_[특정사안]_경제인문사회연구회 및 소속 출연연구기관 운영실태_1264.pdf,.pdf,4747463,31407e61ac2452f42b12343562acff1d13e6fa05d9772fa3736e0278c8df5b50,1264,2012,특정사안,경제인문사회연구회 및 소속 출연연구기관 운영실태,pdf_conv
S03215,감사원,BAI_CONV,20120313_[특정사안]_민간자본보조사업 실태점검_1263.pdf,.pdf,2745828,93bfb11b83ba087bdc06825aa7051e38d3ed8951cb00e4035500d5490fe4f668,1263,2012,특정사안,민간자본보조사업 실태점검,pdf_conv
S03216,감사원,BAI_CONV,20120315_[기관정기]_한국국제협력단 기관운영감사_1265.pdf,.pdf,6883764,e4cab1c1c5f7e35fbbe3eb71a98a34214877e597f388f78709cb7a4f04dc9ff3,1265,2012,기관정기,한국국제협력단 기관운영감사,pdf_conv
S03217,감사원,BAI_CONV,20120316_[특정사안]_하절기 복무기강 특별점검_1266.pdf,.pdf,3896883,048db17284d4b471ce59e8201783db0f58ea4a70e9c1f070dbae9c1db0869307,1266,2012,특정사안,하절기 복무기강 특별점검,pdf_conv
S03218,감사원,BAI_CONV,20120320_[특정사안]_고속국도 건설공사 집행 및 유지관리실태_1267.pdf,.pdf,5018093,d6e5ecfcc96aa96498d4d429253f09e8b05f4d4ea5d651200e9bdcf1ba6929ff,1267,2012,특정사안,고속국도 건설공사 집행 및 유지관리실태,pdf_conv
S03219,감사원,BAI_CONV,20120322_[기관정기]_강원도 기관운영감사_1269.pdf,.pdf,5607896,814073d2a0bff0c566d6c00ab58c1d00212f2fed4f7415ce9a8257dd52cf886f,1269,2012,기관정기,강원도 기관운영감사,pdf_conv
S03220,감사원,BAI_CONV,20120328_[특정사안]_폐자원 에너지화 사업 추진실태_1271.pdf,.pdf,2780337,7d064ddf66b3c92534b77c73d585a491670ca84536aa8ffe96029be4e9c5b416,1271,2012,특정사안,폐자원 에너지화 사업 추진실태,pdf_conv
S03221,감사원,BAI_CONV,20120330_[특정사안]_사회복지통합망 등 대국민서비스 정보시스템 구축 및 활용실태_1272.pdf,.pdf,8336976,ad8e9498094fb0125810eabb80983cf7fd788ead3a899fc66048d7dcdb214b5c,1272,2012,특정사안,사회복지통합망 등 대국민서비스 정보시스템 구축 및 활용실태,pdf_conv
S03222,감사원,BAI_CONV,20120403_[특정사안]_지식경제부 산하 공공기관 회계관리 실태_1273.pdf,.pdf,4484619,cec8dc1da7c8405999559666c0468f25eb4449c7d9cddc291af143d92c101a72,1273,2012,특정사안,지식경제부 산하 공공기관 회계관리 실태,pdf_conv
S03223,감사원,BAI_CONV,20120418_[기관정기]_서울특별시 은평구 영등포구 기관운영감사_1276.pdf,.pdf,4292625,3ce9fa94b26929736339a5c0ad55d3cbd4e64dff48d5705e4af1e6e55de624dc,1276,2012,기관정기,서울특별시 은평구 영등포구 기관운영감사,pdf_conv
S03224,감사원,BAI_CONV,20120419_[기관정기]_대구광역시 및 달성군 기관운영감사_1277.pdf,.pdf,4700676,5054905e528fcc06acc99d63b0d38e841306c6c6b4316250a96129798255e247,1277,2012,기관정기,대구광역시 및 달성군 기관운영감사,pdf_conv
S03225,감사원,BAI_CONV,20120425_[특정사안]_대형화재 대응 및 관리체계 구축실태_1279.pdf,.pdf,5446812,15f94511941ed28de7d6747305e426ac7c4013a14faa3aca2ae0f2c7efa4d304,1279,2012,특정사안,대형화재 대응 및 관리체계 구축실태,pdf_conv
S03226,감사원,BAI_CONV,20120426_[미분류]_제주국제자유도시개발센터 기관운영감사_1280.pdf,.pdf,4222807,eeb2196bddb0b3d458bb7c6f67672e481f5b04ac6bfbfc18b1ac01002baade84,1280,2012,미분류,제주국제자유도시개발센터 기관운영감사,pdf_conv
S03227,감사원,BAI_CONV,20120430_[특정사안]_방산원가 분야 기동점검_1282.pdf,.pdf,5747768,f6704c332eaf763ab1499c458d639d98c816e7a26aa6c033e5c2f802f43fcb3b,1282,2012,특정사안,방산원가 분야 기동점검,pdf_conv
S03228,감사원,BAI_CONV,20120501_[미분류]_조세법령 및 예규통칙 운영실태_1283.pdf,.pdf,2419003,4927909c9f03b6292f5025c18b5a4fed18bb076c0f2803bd005907f046e8c500,1283,2012,미분류,조세법령 및 예규통칙 운영실태,pdf_conv
S03229,감사원,BAI_CONV,20120502_[특정사안]_아시아문화중심도시 조성사업 추진실태_1285.pdf,.pdf,3733893,2bd6c3f3da99ea609afe420545ad754d1c8ff0a523cb9f1d0b16921ddf920e42,1285,2012,특정사안,아시아문화중심도시 조성사업 추진실태,pdf_conv
S03230,감사원,BAI_CONV,20120503_[특정사안]_보육지원시책 추진실태_1286.pdf,.pdf,9521925,ceca0aae81524075eb2a656024aa3557986e3659966b8276a45312a92ec4b783,1286,2012,특정사안,보육지원시책 추진실태,pdf_conv
S03231,감사원,BAI_CONV,20120504_[특정사안]_자체감사기구 운영실태 점검_1287.pdf,.pdf,4510048,1f72e937740f4c3839eeb4988e441cc2a0d7d02ec5d97a7cc486bfdba4fd0651,1287,2012,특정사안,자체감사기구 운영실태 점검,pdf_conv
S03232,감사원,BAI_CONV,20120508_[기관정기]_통계청 기관운영감사_1288.pdf,.pdf,2618278,1ca86668c62b4c4671251b53afa956b61b317c691994026487845afa1bce9073,1288,2012,기관정기,통계청 기관운영감사,pdf_conv
S03233,감사원,BAI_CONV,20120509_[기관정기]_한국마사회 기관운영감사_1289.pdf,.pdf,3004521,23872da2df2eb52e748ca289bd973e4fcfa4e460a51693357204a313a0c364e2,1289,2012,기관정기,한국마사회 기관운영감사,pdf_conv
S03234,감사원,BAI_CONV,20120510_[특정사안]_정책금융기관 자회사 관리실태_1290.pdf,.pdf,5261051,8f0c9639ff7844435993e2bef9779f32f155fc20bd29016bed381a73216c8fda,1290,2012,특정사안,정책금융기관 자회사 관리실태,pdf_conv
S03235,감사원,BAI_CONV,20120514_[특정사안]_지방 건설공사 계약제도 운용실태_1291.pdf,.pdf,4840682,12c4eba8b11be8f39a479bb1b727d914b18185ef6270aef635e7ebc06ecaf1da,1291,2012,특정사안,지방 건설공사 계약제도 운용실태,pdf_conv
S03236,감사원,BAI_CONV,20120515_[특정사안]_불공정거래 조사처리실태_1293.pdf,.pdf,2749026,bfd8aa34a778495afbbdf931e5b401a07675831def8b9cfb7928843310e7daf2,1293,2012,특정사안,불공정거래 조사처리실태,pdf_conv
S03237,감사원,BAI_CONV,20120522_[특정사안]_문화재 보수 및 정비사업 집행실태_1295.pdf,.pdf,5508575,77a38d4150d5d295d898606d921ce16a427147698028167c7bcebbd3454879f3,1295,2012,특정사안,문화재 보수 및 정비사업 집행실태,pdf_conv
S03238,감사원,BAI_CONV,20120530_[특정사안]_도시지역 침수예방 및 복구사업 추진실태_1298.pdf,.pdf,37880604,bd943a296acb1ae362ad171532c4e981e2c3c43ecbba7763e15a741add3f5dab,1298,2012,특정사안,도시지역 침수예방 및 복구사업 추진실태,pdf_conv
S03239,감사원,BAI_CONV,20120601_[특정사안]_세무조사 운영실태_1302.pdf,.pdf,6026163,afb2d5ac28769e6b888bea96345cce17c4c8544f013ecd7573c1e497a6d512a0,1302,2012,특정사안,세무조사 운영실태,pdf_conv
S03240,감사원,BAI_CONV,20120605_[기관정기]_중소기업청 기관운영감사_1303.pdf,.pdf,3132807,33f476558b76db466eecbd90dac5fb3e2500e3489543fc782a389e6febf44bf9,1303,2012,기관정기,중소기업청 기관운영감사,pdf_conv
S03241,감사원,BAI_CONV,20120605_[특정사안]_친환경 농업단지 조성사업관련 감사청구_1304.pdf,.pdf,744480,b508d7a08e94397943baba0d9133e701a8b1e3b21de65731664dc2ba5cc6eac3,1304,2012,특정사안,친환경 농업단지 조성사업관련 감사청구,pdf_conv
S03242,감사원,BAI_CONV,20120608_[기관정기]_부산지방해양항만청 기관운영감사_1307.pdf,.pdf,3141594,1a4084f24d5888a50a44e4b07764811f621a47371788b1538b53d2e7d30db53d,1307,2012,기관정기,부산지방해양항만청 기관운영감사,pdf_conv
S03243,감사원,BAI_CONV,20120612_[특정사안]_공적자금 지원 금융기관 경영관리실태_1309.pdf,.pdf,4933095,4e36cde14ea4cb09ba5d857a5e69adeb399379074e350bb330a39c79524610ab,1309,2012,특정사안,공적자금 지원 금융기관 경영관리실태,pdf_conv
S03244,감사원,BAI_CONV,20120614_[기관정기]_보건복지부 기관운영감사_1311.pdf,.pdf,4693105,112a754ecbfe612d61bcea32c4dcc22ecf8ac09960e64bb6a36573bab44ec477,1311,2012,기관정기,보건복지부 기관운영감사,pdf_conv
S03245,감사원,BAI_CONV,20120614_[특정사안]_방산비리 기동점검_1310.pdf,.pdf,1822681,8ffe53519a2683d9c5d3539f0608390050097789d15f863a1ef9bbfeb52cf7b9,1310,2012,특정사안,방산비리 기동점검,pdf_conv
S03246,감사원,BAI_CONV,20120615_[기관정기]_전라남도 기관운영 감사_1312.pdf,.pdf,7613529,0ef6c59031dfc1a403b3bff8e3006bef2c6ee38d0381eae87018597a0aa1bc0a,1312,2012,기관정기,전라남도 기관운영 감사,pdf_conv
S03247,감사원,BAI_CONV,20120619_[미분류]_인천항만공사의 예산낭비 관련 감사청구_1314.pdf,.pdf,971460,b02128d89679d757bcdb397144e6426e4c14d4f1ec5e985c6db6dbd01719d556,1314,2012,미분류,인천항만공사의 예산낭비 관련 감사청구,pdf_conv
S03248,감사원,BAI_CONV,20120619_[특정사안]_산업기술분야 정부출연 연구기관 운영실태_1313.pdf,.pdf,5099476,d47c19f4d6240d01b9262626018a5e8acbd922cf6d0babe177421a911b4aefb0,1313,2012,특정사안,산업기술분야 정부출연 연구기관 운영실태,pdf_conv
S03249,감사원,BAI_CONV,20120620_[특정사안]_공공기관 등 공직자 이권개입 비리점검_1315.pdf,.pdf,2263649,ced4ce835519e53d04d6f5afac8e8d62e5c38c3ba9fd28a26cec82a24f8fc591,1315,2012,특정사안,공공기관 등 공직자 이권개입 비리점검,pdf_conv
S03250,감사원,BAI_CONV,20120622_[기관정기]_한국환경공단 기관운영감사_1317.pdf,.pdf,3461053,8437acbc43dd941d581c2a052a48348562e156c193e5c66db7ad9c7cb571a146,1317,2012,기관정기,한국환경공단 기관운영감사,pdf_conv
S03251,감사원,BAI_CONV,20120625_[기타손망실]_임차보증금 망실 관련 변상판정_1319.pdf,.pdf,1021961,d31b63935a0652f01cf7f61fa87d4410abfc51e000f394eb610ab6127ca95f4b,1319,2012,기타손망실,임차보증금 망실 관련 변상판정,pdf_conv
S03252,감사원,BAI_CONV,20120625_[미분류]_두륜산 도립공원 축구장 부실공사 관련 감사청구_1320.pdf,.pdf,661862,a6749c3c42e61f2a2ac96b0cd873e7346395e0730e568b499e8ca0911b919e15,1320,2012,미분류,두륜산 도립공원 축구장 부실공사 관련 감사청구,pdf_conv
S03253,감사원,BAI_CONV,20120627_[기관정기]_인천국제공항공사 기관운영감사_1322.pdf,.pdf,4522269,3e9f83bb5d25125d5b4db9d562f94968a8c76ba8bce510196ed7e69486f45929,1322,2012,기관정기,인천국제공항공사 기관운영감사,pdf_conv
S03254,감사원,BAI_CONV,20120627_[기관정기]_한국관광공사 기관운영감사_1321.pdf,.pdf,2836297,2afbf0371366b7dcc17a0adafa950e761ab24dea29a0ed9b41fcd3e8f584a44b,1321,2012,기관정기,한국관광공사 기관운영감사,pdf_conv
S03255,감사원,BAI_CONV,20120628_[기관정기]_한국가스공사 기관운영감사_1323.pdf,.pdf,1300937,3522a1914faa72755ea41f2a3dea1c8e3c735fd0059e5e984aec7ac791f41f9a,1323,2012,기관정기,한국가스공사 기관운영감사,pdf_conv
S03256,감사원,BAI_CONV,20120628_[미분류]_가력도 선착장 점사용 허가 등 관련 감사청구_1324.pdf,.pdf,778882,fa17b5a75844f9cff5f8e04cbbaa94cb9352a36c24d9ebfcf4f699a6a0c03372,1324,2012,미분류,가력도 선착장 점사용 허가 등 관련 감사청구,pdf_conv
S03257,감사원,BAI_CONV,20120629_[특정사안]_농업경쟁력 강화사업 추진실태_1325.pdf,.pdf,10437913,d3ed21a1e61533a0a3714b473de2731c8dff5cc21d17be9b0d8800d639635b7e,1325,2012,특정사안,농업경쟁력 강화사업 추진실태,pdf_conv
S03258,감사원,BAI_CONV,20120702_[특정사안]_농수산식품유통공사 재무감사_1326.pdf,.pdf,3540913,c511a790cc31c51dc8c7de8e50a512db4b5c35dca046c0bd14d43cb2222221b0,1326,2012,특정사안,농수산식품유통공사 재무감사,pdf_conv
S03259,감사원,BAI_CONV,20120704_[특정사안]_전시 관광 등 시설사업 추진실태_1327.pdf,.pdf,23016747,289fa181670c80b786bba0ed02459f92c07106b9dce8bcd913ee7b1fc7fb9fb8,1327,2012,특정사안,전시 관광 등 시설사업 추진실태,pdf_conv
S03260,감사원,BAI_CONV,20120705_[특정사안]_사회복지시설 후원금 등 관리실태_1328.pdf,.pdf,3382314,71f367a879a0d76372d8ea656850abc29afbd4f5ef965a183f93b1310bc59dce,1328,2012,특정사안,사회복지시설 후원금 등 관리실태,pdf_conv
S03261,감사원,BAI_CONV,20120706_[기관정기]_한국지역난방공사 및 대한석탄공사 기관운영감사_1329.pdf,.pdf,5331771,5e37d5de984b416b81386698f148051d14ed6eda0256c4dcd31db8d934f8a847,1329,2012,기관정기,한국지역난방공사 및 대한석탄공사 기관운영감사,pdf_conv
S03262,감사원,BAI_CONV,20120709_[기관정기]_국토해양부 기관운영감사_1330.pdf,.pdf,3967584,bea66fc0586715ef9a4c88ee9bb4d3b7e203eccd5c0dfb7290cf1852a8e66a1c,1330,2012,기관정기,국토해양부 기관운영감사,pdf_conv
S03263,감사원,BAI_CONV,20120711_[기관정기]_울산 부산광역시 기관운영감사_1331.pdf,.pdf,6220552,5dfb5a42c8d34b74d299009b50c28004ae4a2d86e66a3be77479dbf26268d309,1331,2012,기관정기,울산 부산광역시 기관운영감사,pdf_conv
S03264,감사원,BAI_CONV,20120713_[성과]_기금의 자산운용 등 평가실태_1332.pdf,.pdf,8578609,da45c0bbc09d421b4da0dd73632b020340f757935b01d40b20ec0d9a5ae58a71,1332,2012,성과,기금의 자산운용 등 평가실태,pdf_conv
S03265,감사원,BAI_CONV,20120717_[기관정기]_충청북도교육청 기관운영감사_1333.pdf,.pdf,4268983,8b153227183ee9d57593a04b6a2d19ea5108a9c2837aaa65d3f5c1d42e8ed373,1333,2012,기관정기,충청북도교육청 기관운영감사,pdf_conv
S03266,감사원,BAI_CONV,20120719_[특정사안]_경제자유구역 개발사업 추진실태_1334.pdf,.pdf,3656467,b21cf1a5d5c0a09a4275d4ab20ef5918ed90a4ef09b189789b3e120f13ade763,1334,2012,특정사안,경제자유구역 개발사업 추진실태,pdf_conv
S03267,감사원,BAI_CONV,20120727_[특정사안]_전문직업인 양성 지원실태_1336.pdf,.pdf,7736552,3005fb104bd119b82473b808182095652c32a22bcc808ba21d2ce9a3505f0398,1336,2012,특정사안,전문직업인 양성 지원실태,pdf_conv
S03268,감사원,BAI_CONV,20120731_[기관정기]_한국주택금융공사 기관운영감사_1337.pdf,.pdf,8628792,f901fedc6a402a0b565b4433e3849ee4f627cac317b7c547d8ab2429373de86a,1337,2012,기관정기,한국주택금융공사 기관운영감사,pdf_conv
S03269,감사원,BAI_CONV,20120803_[기관정기]_서울특별시 기관운영감사_1338.pdf,.pdf,2985638,6e4357d76a86035350583498f1793f15dfaf17cc69edccef5b9e0683776dc529,1338,2012,기관정기,서울특별시 기관운영감사,pdf_conv
S03270,감사원,BAI_CONV,20120807_[기관정기]_서울지방국세청 기관운영감사_1339.pdf,.pdf,3777762,af866802ef8f7088ac01feb54f3ef994d7cb02ba58c9ee33aaded7454a1f7e29,1339,2012,기관정기,서울지방국세청 기관운영감사,pdf_conv
S03271,감사원,BAI_CONV,20120813_[특정사안]_경남지역 건설사업 집행실태_1341.pdf,.pdf,3096469,cc76b258915279e364a5ac52bed4095eda160a9bb08622da78f8450559883447,1341,2012,특정사안,경남지역 건설사업 집행실태,pdf_conv
S03272,감사원,BAI_CONV,20120817_[기관정기]_인천광역시·남동구 기관운영감사_1342.pdf,.pdf,3777256,d5593085f7399587c48cf91cd2e295f344277515e3c56baaa12e1aa356a463fc,1342,2012,기관정기,인천광역시·남동구 기관운영감사,pdf_conv
S03273,감사원,BAI_CONV,20120821_[특정사안]_공무원연금 및 사학연금 운용실태_1343.pdf,.pdf,6544949,3655c25bff3c73a4d77515f82cce4b8836240cfb11e14e6186122e5a61f27eaa,1343,2012,특정사안,공무원연금 및 사학연금 운용실태,pdf_conv
S03274,감사원,BAI_CONV,20120824_[특정사안]_군수품(비무기) 조달 및 관리실태_1344.pdf,.pdf,6219435,d8a97b7ca6f8be63af0914154ef38e8c7e7b4b66b237f473227902c65c5e5964,1344,2012,특정사안,군수품(비무기) 조달 및 관리실태,pdf_conv
S03275,감사원,BAI_CONV,20120829_[특정사안]_교육분야 산학협력 추진실태_1345.pdf,.pdf,6830311,c1bfff90c62db777975ca2e9d380f65c0c3a53e4b8b4f85d80aee51d5e264136,1345,2012,특정사안,교육분야 산학협력 추진실태,pdf_conv
S03276,감사원,BAI_CONV,20120831_[기관정기]_부산지방국세청 기관운영감사_1346.pdf,.pdf,1782682,02e8fe1a677964887c4d64f77d6a9f1083aa2f0efab7fe19d334405b177bf74d,1346,2012,기관정기,부산지방국세청 기관운영감사,pdf_conv
S03277,감사원,BAI_CONV,20120904_[기관정기]_국가과학기술위원회 원자력안전위원회기관운영감사_1347.pdf,.pdf,1255993,4541032d5ea3d5c45ae52eda0c0e002a5377053902401e3a95bed296e711eff6,1347,2012,기관정기,국가과학기술위원회 원자력안전위원회기관운영감사,pdf_conv
S03278,감사원,BAI_CONV,20120906_[기관정기]_방위사업청 기관운영감사_1348.pdf,.pdf,4422350,70f3c85ab5f70b010bea55f6417ad7103028d3110b2cda3108c6fe631da7dafa,1348,2012,기관정기,방위사업청 기관운영감사,pdf_conv
S03279,감사원,BAI_CONV,20120910_[미분류]_은평뉴타운 종교용지 특혜분양 등 관련 감사청구_1349.pdf,.pdf,868170,35dd8240ee8b0f66bebf851d8a5afa935e7fde6ef806ed99106cd92727a06ae1,1349,2012,미분류,은평뉴타운 종교용지 특혜분양 등 관련 감사청구,pdf_conv
S03280,감사원,BAI_CONV,20120912_[특정사안]_취약시기 공직기강 특별점검_1351.pdf,.pdf,4112977,f23c7e9e4ba47e0228b79c101b6d75cc077620e85206e08915459bf99047f180,1351,2012,특정사안,취약시기 공직기강 특별점검,pdf_conv
S03281,감사원,BAI_CONV,20120921_[미분류]_홍성군 브랜드택시 보조금사업 관련 감사청구_1354.pdf,.pdf,859704,629b75186a3dcac4ace7e3f96bf656a874372929e76f30bf09279ab3a00d1a4c,1354,2012,미분류,홍성군 브랜드택시 보조금사업 관련 감사청구,pdf_conv
S03282,감사원,BAI_CONV,20120921_[특정사안]_용인시 주민센터 건립 관련 감사청구_1353.pdf,.pdf,727832,243d804548b29bb7a8ac7f85c62513a45a74fe4105ea10362af2f862b8b8c14f,1353,2012,특정사안,용인시 주민센터 건립 관련 감사청구,pdf_conv
S03283,감사원,BAI_CONV,20120925_[기타손망실]_소득세 및 보험료 횡령 관련 변상판정 청구사항_1356.pdf,.pdf,1496364,7a949e0d325a5c1b221629965b9086481ac25aa8bcd0060d8f91a08f4b169b40,1356,2012,기타손망실,소득세 및 보험료 횡령 관련 변상판정 청구사항,pdf_conv
S03284,감사원,BAI_CONV,20120925_[미분류]_구상금 결정업무 태만관련 변상판정 청구사항_1355.pdf,.pdf,1454034,1ec0197544c569a569bc629951e6dcd436df642ba106179d80a25c3ff30ad30e,1355,2012,미분류,구상금 결정업무 태만관련 변상판정 청구사항,pdf_conv
S03285,감사원,BAI_CONV,20120926_[특정사안]_무기체계 유지보수 실태_1357.pdf,.pdf,7409302,c8c4c2b0a4d3c5cfa1f55449f9c388db1f4a2539446cd438bcec32ac6155132b,1357,2012,특정사안,무기체계 유지보수 실태,pdf_conv
S03286,감사원,BAI_CONV,20121017_[특정사안]_공공기관 대형건설공사 추진실태_1359.pdf,.pdf,4391714,570cb59967203d1082fd77d49743815fc8dca1fefc18ed5da7f9c3bf60e5c00c,1359,2012,특정사안,공공기관 대형건설공사 추진실태,pdf_conv
S03287,감사원,BAI_CONV,"20121024_[재무]_해양환경관리공단, 한국해양수산연수원 기관운영감사_1361.pdf",.pdf,3759168,6c901917ac476dbbc6d68643090019abf8671e809b9ce0c51ce2129cc6f384ec,1361,2012,재무,"해양환경관리공단, 한국해양수산연수원 기관운영감사",pdf_conv
S03288,감사원,BAI_CONV,20121026_[특정사안]_울산시 남구 생활폐기물 수집운반 대행계약 관련 감사청구_1362.pdf,.pdf,702237,7427d84d94f7e42ab0d7aa57b76bdfb830fa79697825bee8417cd51e264af722,1362,2012,특정사안,울산시 남구 생활폐기물 수집운반 대행계약 관련 감사청구,pdf_conv
S03289,감사원,BAI_CONV,20121031_[특정사안]_행정기관 등의 위법 부당한 민원업무 처리실태_1363.pdf,.pdf,3826498,d771fa141f106a7cd4d9ca43721887c5554724fdba0a27e315e1839cb3d86c74,1363,2012,특정사안,행정기관 등의 위법 부당한 민원업무 처리실태,pdf_conv
S03290,감사원,BAI_CONV,20121101_[특정사안]_부산대학교 OO회관 건립운영 관련 공익감사청구_1364.pdf,.pdf,1506061,1c55e5b49bc45abf23a95fb64dc22d0975df1bf9d2e05658c65f7c1cb999f9cb,1364,2012,특정사안,부산대학교 OO회관 건립운영 관련 공익감사청구,pdf_conv
S03291,감사원,BAI_CONV,20121112_[특정사안]_지방교육행정 운영실태(주요사업)_1366.pdf,.pdf,4872893,d58ce02833c21481c640ddcbd8dafd90a3ba0154608fa11ce775788ed0754a05,1366,2012,특정사안,지방교육행정 운영실태(주요사업),pdf_conv
S03292,감사원,BAI_CONV,20121113_[특정사안]_GGGI정부지원예산의 회계집행에 대한 감사_1367.pdf,.pdf,3096034,1b10ae68737642104f094bfc20c1b6bcce848540ac3e0e2642db02a02ed2d350,1367,2012,특정사안,GGGI정부지원예산의 회계집행에 대한 감사,pdf_conv
S03293,감사원,BAI_CONV,20121116_[특정사안]_재외공관 및 해외사무소 운영실태_1368.pdf,.pdf,6097731,82458a4f3640ff83a12d093fe158d7427d3946d8194f43e9253a4b31e3d60a9a,1368,2012,특정사안,재외공관 및 해외사무소 운영실태,pdf_conv
S03294,감사원,BAI_CONV,20121119_[특정사안]_재산제세 과세실태_1369.pdf,.pdf,2153846,40ef587405d7830e269f1f82add8b5d7b19f42a4ee195c974ba021cd52c5dd42,1369,2012,특정사안,재산제세 과세실태,pdf_conv
S03295,감사원,BAI_CONV,20121127_[특정사안]_인천 동구 새마을회관 부당사용 감독 관련 감사청구_1371.pdf,.pdf,696893,02591c15c95619cc591e78efd58203723d20cc5fc757362a671c48383b036279,1371,2012,특정사안,인천 동구 새마을회관 부당사용 감독 관련 감사청구,pdf_conv
S03296,감사원,BAI_CONV,20121129_[특정사안]_중소기업 금융지원실태_1373.pdf,.pdf,7140412,5929b612740320e635c0c3012a062498707e8caa8765c14bacadb2869b10cd63,1373,2012,특정사안,중소기업 금융지원실태,pdf_conv
S03297,감사원,BAI_CONV,20121130_[특정사안]_주요 재정사업 예산운용실태_1374.pdf,.pdf,19769543,85bc7f6ac35196c7d8ab9a2670690f2cab57dff2fe41431c3d37263674ab2cc0,1374,2012,특정사안,주요 재정사업 예산운용실태,pdf_conv
S03298,감사원,BAI_CONV,20121205_[특정사안]_국가핵심기반시설 위기관리실태_1375.pdf,.pdf,46423206,3235a61fdddb33b144f2287c7c43350850be9179e912a2b860238bff2aac9c8b,1375,2012,특정사안,국가핵심기반시설 위기관리실태,pdf_conv
S03299,감사원,BAI_CONV,20121207_[기관정기]_한국은행 기관운영감사_1376.pdf,.pdf,2118566,6b3c4b2aece2bd86bc9ab7451e3f6d499c94e53c3649f04760009c40a59b12bc,1376,2012,기관정기,한국은행 기관운영감사,pdf_conv
S03300,감사원,BAI_CONV,20121211_[성과]_복지사업 현장실태 종합점검_1377.pdf,.pdf,9430268,529fbd68a996404f8f38f34d0a317db3575782a14e346584dc0cf281c5064dae,1377,2012,성과,복지사업 현장실태 종합점검,pdf_conv
S03301,감사원,BAI_CONV,20121213_[특정사안]_지방교육행정 운영실태(회계집행 및 지도감독분야)_1378.pdf,.pdf,4828309,3be039de2bc46a2e0a517eef39264e18e3120c858d65561783f4613558b6769e,1378,2012,특정사안,지방교육행정 운영실태(회계집행 및 지도감독분야),pdf_conv
S03302,감사원,BAI_CONV,20121214_[미분류]_(주)하이원 엔터테인먼트 손망실 통보사항 서면감사_1379.pdf,.pdf,1533866,6f5d36594067ce8c7b99e22adc7cabd19327667c42f353f69c4080af0383188a,1379,2012,미분류,(주)하이원 엔터테인먼트 손망실 통보사항 서면감사,pdf_conv
S03303,감사원,BAI_CONV,20130109_[특정사안]_국영무역 주요농산물 판매수입실태_1385.pdf,.pdf,73417430,686e0a0843c8cef4dd7eba935326e252b260da531f257353a9203fc648aad0d4,1385,2013,특정사안,국영무역 주요농산물 판매수입실태,pdf_conv
S03304,감사원,BAI_CONV,20130115_[특정사안]_국민연금 운용실태_1388.pdf,.pdf,6691831,c5ad68cd78749702b8368ea43a97d08f85b5f943ed0f366e23d3e05549886d29,1388,2013,특정사안,국민연금 운용실태,pdf_conv
S03305,감사원,BAI_CONV,20130117_[기타손망실]_변상판정 청구사항_1389.pdf,.pdf,1133340,c1fd33cfefc67971d25a0921a5de9c816defcdbc90e0f152c3168276c8a26e04,1389,2013,기타손망실,변상판정 청구사항,pdf_conv
S03306,감사원,BAI_CONV,20130117_[특정사안]_군 의료체계 개선 추진실태_1390.pdf,.pdf,5587852,00a8548e75f597700e2748eddd46120ed1e8cdcfa352a525a2e0b91826104df2,1390,2013,특정사안,군 의료체계 개선 추진실태,pdf_conv
S03307,감사원,BAI_CONV,20130121_[특정사안]_문경 온천지구 관리운영 관련 감사청구_1392.pdf,.pdf,690942,fd12946ee6c34e9d003a96f30d163e1269254d6007fe01ae4fd46bf0c24cce9a,1392,2013,특정사안,문경 온천지구 관리운영 관련 감사청구,pdf_conv
S03308,감사원,BAI_CONV,20130121_[특정사안]_창원시 철강산업단지 선정비리 의혹 감사청구_1393.pdf,.pdf,880964,ce20f14a182f4964853922d3904d02a9d485f1e32089f196526dc04e2fc83e12,1393,2013,특정사안,창원시 철강산업단지 선정비리 의혹 감사청구,pdf_conv
S03309,감사원,BAI_CONV,20130122_[특정사안]_전자발찌 착용자 등 보호관찰대상자 관리실태 국회감사청구_1394.pdf,.pdf,7284288,d9047d4dd07808171c1e6ad067b4813d1344a8816d4d1957d41ba6b6ec9245a5,1394,2013,특정사안,전자발찌 착용자 등 보호관찰대상자 관리실태 국회감사청구,pdf_conv
S03310,감사원,BAI_CONV,20130125_[미분류]_부안 농공단지 조성사업 변경용역 관련 변상판정청구사항_1395.pdf,.pdf,963979,0ef655c90c0f26e923e056503c57481ccc14366cca8d0b7a77b80c07d2692697,1395,2013,미분류,부안 농공단지 조성사업 변경용역 관련 변상판정청구사항,pdf_conv
S03311,감사원,BAI_CONV,20130201_[특정사안]_방송문화진흥회의 경영관리 및 감독실태_1396.pdf,.pdf,3066944,76d18f8384e5bf30218960e9ec227ed27a96077b68ef04fb370c92ca5f65cfa2,1396,2013,특정사안,방송문화진흥회의 경영관리 및 감독실태,pdf_conv
S03312,감사원,BAI_CONV,20130204_[특정사안]_FMS방식의 해외무기 구매실태(국회감사요구사항)_1397.pdf,.pdf,3087770,97545754704283ffc70bfef5f71d2458e9fc5834f4317c44698f261a75087a87,1397,2013,특정사안,FMS방식의 해외무기 구매실태(국회감사요구사항),pdf_conv
S03313,감사원,BAI_CONV,20130205_[특정사안]_기업 R&D투자 조세감면 실태(국회감사요구사항)_1399.pdf,.pdf,3034124,1f96b802df220c55ba87aaf10f464bbdf014486e0c4f173a0f9d96f2e59e738f,1399,2013,특정사안,기업 R&D투자 조세감면 실태(국회감사요구사항),pdf_conv
S03314,감사원,BAI_CONV,20130205_[특정사안]_예산 외 재정사업 운영실태(국회감사요구사항)_1398.pdf,.pdf,4267085,0ec87f39d4e5738ba466828c29c5c4b3153b1bd6e456a6f0223d0ad88048c086,1398,2013,특정사안,예산 외 재정사업 운영실태(국회감사요구사항),pdf_conv
S03315,감사원,BAI_CONV,20130207_[특정사안]_취약기관 고위공직자 비리 등 점검_1400.pdf,.pdf,3388969,f9323225a3736d4b6e7dfee8858920b9d138e648e0ebe071fff49feeccd4e682,1400,2013,특정사안,취약기관 고위공직자 비리 등 점검,pdf_conv
S03316,감사원,BAI_CONV,20130219_[특정사안]_국방 연구개발비 집행 분야 기동점검_1403.pdf,.pdf,2592671,8cb6473216df20c41630b3d3d514853a05a8a80e3c48a6964b0caf6db28664b6,1403,2013,특정사안,국방 연구개발비 집행 분야 기동점검,pdf_conv
S03317,감사원,BAI_CONV,20130221_[기관정기]_한국정보화진흥원 기관운영감사_1404.pdf,.pdf,3939759,ff8343836be9f75146155232b8c9a563a0c952316035af7015c008b43d0cc372,1404,2013,기관정기,한국정보화진흥원 기관운영감사,pdf_conv
S03318,감사원,BAI_CONV,20130221_[기타기타]_이사회 수당 지급관련 변상판정_1405.pdf,.pdf,793221,37978e78e93e9b7ac313e4a658b790a8527bb85e5a5a04161b664ff120b47882,1405,2013,기타기타,이사회 수당 지급관련 변상판정,pdf_conv
S03319,감사원,BAI_CONV,20130227_[특정사안]_공공기관 임직원 비리점검_1406.pdf,.pdf,2001537,df726be436c3f7dd698203ad13c1f2c11fac4774ccebd2bf5e4e550a25ed183f,1406,2013,특정사안,공공기관 임직원 비리점검,pdf_conv
S03320,감사원,BAI_CONV,20130307_[기관정기]_광주광역시 기관운영감사_1408.pdf,.pdf,5148327,9c21053d8e07b3d5eead64658986aa7b3ce27e1b6eaea3ed9296742d4e32f5e9,1408,2013,기관정기,광주광역시 기관운영감사,pdf_conv
S03321,감사원,BAI_CONV,20130308_[특정사안]_혁신도시 건설사업 추진실태(국회감사요구사항)_1409.pdf,.pdf,6711401,df88f9763694f79ff0a8f6d47b26325a72b03a18b1918cfe4c503c451952bf6d,1409,2013,특정사안,혁신도시 건설사업 추진실태(국회감사요구사항),pdf_conv
S03322,감사원,BAI_CONV,20130319_[특정사안]_부품·소재산업 육성 및 지원 실태_1412.pdf,.pdf,10897321,b4bd788a1f62707a7c9975e1ea301b8ce375ef53c4ce0cc6b99cadd1cce5a265,1412,2013,특정사안,부품·소재산업 육성 및 지원 실태,pdf_conv
S03323,감사원,BAI_CONV,20130321_[특정사안]_취약 복지법인 기동점검_1413.pdf,.pdf,1885558,57404be0df474b0350fd07251ed51705d940ab8d7bfb524bafb339f032f608db,1413,2013,특정사안,취약 복지법인 기동점검,pdf_conv
S03324,감사원,BAI_CONV,20130326_[특정사안]_자체감사기구 운영실태_1414.pdf,.pdf,5281008,02ea5034781283027a73627dc5a249bb4e123a4ec4160ff99e9761264fef590c,1414,2013,특정사안,자체감사기구 운영실태,pdf_conv
S03325,감사원,BAI_CONV,20130328_[기타서면]_사천시 소관 변상판정 청구사항 서면감사_1415.pdf,.pdf,1205919,944a82bec858947b91e0b072e78a258f8e09ca03ca2d5a97a347c7ce821dc5fe,1415,2013,기타서면,사천시 소관 변상판정 청구사항 서면감사,pdf_conv
S03326,감사원,BAI_CONV,20130329_[기타손망실]_부가가치세 가산세 납부 관련 변상책임에 관한 무책판정_1416.pdf,.pdf,875887,84017ac63fa35c12b148002275ac9abd8b23b38e46dc70c7955741874606b8ab,1416,2013,기타손망실,부가가치세 가산세 납부 관련 변상책임에 관한 무책판정,pdf_conv
S03327,감사원,BAI_CONV,20130401_[특정사안]_산림자원 조성 및 관리실태_1417.pdf,.pdf,15622513,71f280b53769016ea56ae96cd9a17a3bc703352e8c6d14ac74dcef8d7efac7a2,1417,2013,특정사안,산림자원 조성 및 관리실태,pdf_conv
S03328,감사원,BAI_CONV,20130412_[기관정기]_한국방송통신대학교 기관운영감사_1421.pdf,.pdf,2678291,20403ff513a6054da0d4f2dcb9ae0de585902bfbf9b4c27600918a9c831bd287,1421,2013,기관정기,한국방송통신대학교 기관운영감사,pdf_conv
S03329,감사원,BAI_CONV,20130412_[특정사안]_행정기관 등의 위법 부당한 민원업무 처리실태_1422.pdf,.pdf,16337726,4e0af64266ba2923a97a9083fdf416c76cde1dafe8f4c5da52909f7fc907cdf9,1422,2013,특정사안,행정기관 등의 위법 부당한 민원업무 처리실태,pdf_conv
S03330,감사원,BAI_CONV,20130419_[기관정기]_인천광역시 남동구 기관운영감사(별도처리)_1425.pdf,.pdf,1777518,3b32e98d12ab21c32084579e5950fc9e48e70a6a854cce864220dce7e44743ea,1425,2013,기관정기,인천광역시 남동구 기관운영감사(별도처리),pdf_conv
S03331,감사원,BAI_CONV,20130422_[특정사안]_체육진흥시책 추진실태_1426.pdf,.pdf,5097263,42516daab27b87bb6c615c7911518aadff26c64645f88726ae2b7e0a9862990f,1426,2013,특정사안,체육진흥시책 추진실태,pdf_conv
S03332,감사원,BAI_CONV,20130424_[특정사안]_청년 및 여성 장애인 고용정책추진실태_1427.pdf,.pdf,7814608,fe929d462961e97b27a921846751d1bc48c540f9aba1f24eff552be2929c9d8d,1427,2013,특정사안,청년 및 여성 장애인 고용정책추진실태,pdf_conv
S03333,감사원,BAI_CONV,20130502_[특정사안]_보훈병원 관리 및 운영실태_1431.pdf,.pdf,13304487,4e162fb5b5438f35125a39615f41996fb267eec91b3dcf45c0e06ab6aeea98a8,1431,2013,특정사안,보훈병원 관리 및 운영실태,pdf_conv
S03334,감사원,BAI_CONV,20130506_[미분류]_기초기술분야 정부출연연구기관 운영실태_1435.pdf,.pdf,14881953,4e49b8b800a0d6f27d0bcdeb7d418922365a0317085b0ff6ae5cfe91dad84c9c,1435,2013,미분류,기초기술분야 정부출연연구기관 운영실태,pdf_conv
S03335,감사원,BAI_CONV,20130509_[특정사안]_도로교통 안전관리시책 추진실태_1438.pdf,.pdf,8905902,e5ee721b14ae902c316cd34e1da00d7477f51ebaf74eff331d9b48c18b721e83,1438,2013,특정사안,도로교통 안전관리시책 추진실태,pdf_conv
S03336,감사원,BAI_CONV,20130510_[특정사안]_특수지 재외공관 등 운영실태_1439.pdf,.pdf,4145854,b5d7c9d02af68e22c2a731be4e1ecb43747e91936d5409cda6e1d32dbcddda4f,1439,2013,특정사안,특수지 재외공관 등 운영실태,pdf_conv
S03337,감사원,BAI_CONV,20130513_[특정사안]_기관 간 업무협조실태_1440.pdf,.pdf,3271882,9803ad3dd5be46ccca56bb1b17271fe6a92231591766845937dfe408d534fd36,1440,2013,특정사안,기관 간 업무협조실태,pdf_conv
S03338,감사원,BAI_CONV,20130514_[특정사안]_무기체계 획득 및 관리실태_1441.pdf,.pdf,4762796,376d433bb69aa4c48da665ed5ee4ee35a45554d59b29c9133879181bf21cc629,1441,2013,특정사안,무기체계 획득 및 관리실태,pdf_conv
S03339,감사원,BAI_CONV,20130520_[기관정기]_군인공제회 기관운영감사_1442.pdf,.pdf,2936989,2c0d168e7f3f061c17ee0aa63de333cd55b355473861dd04e8b43aaa37f5948f,1442,2013,기관정기,군인공제회 기관운영감사,pdf_conv
S03340,감사원,BAI_CONV,20130521_[특정사안]_대전 등 4개 지역 테크노파크 운영실태(국회 요구사항)_1443.pdf,.pdf,6156796,ff6761e11b8578258134b4e56cfe776a0fd00d67e37da8c505fe2c97b4fd3b13,1443,2013,특정사안,대전 등 4개 지역 테크노파크 운영실태(국회 요구사항),pdf_conv
S03341,감사원,BAI_CONV,20130524_[미분류]_선금급 채권확보 부당처리 관련 변상판정_1445.pdf,.pdf,866159,deaa70cf2f38c3371e41c2dd7e1bcd96924262d1926a5c6ccc5f665ed279699e,1445,2013,미분류,선금급 채권확보 부당처리 관련 변상판정,pdf_conv
S03342,감사원,BAI_CONV,20130524_[특정사안]_부실과세 방지 및 납세자 권익보호실태_1446.pdf,.pdf,3637404,aea28880eae683719d26f9e15ff887465b4b612a21fb30a3c9af9d5960392606,1446,2013,특정사안,부실과세 방지 및 납세자 권익보호실태,pdf_conv
S03343,감사원,BAI_CONV,20130528_[특정사안]_취약 복지시설 기동점검_1447.pdf,.pdf,2038670,4b7451c11a691544bd0fb8dfe651a008ab878327b39e6089e5fdec912453e237,1447,2013,특정사안,취약 복지시설 기동점검,pdf_conv
S03344,감사원,BAI_CONV,20130604_[특정사안]_도서지역 개발사업 추진실태_1452.pdf,.pdf,11477271,2df23214aff4a85926611c16bc3bed86d31d9820e714869d058d4620b38138e3,1452,2013,특정사안,도서지역 개발사업 추진실태,pdf_conv
S03345,감사원,BAI_CONV,20130612_[특정사안]_공기업 재무 및 사업구조 관리실태_1453.pdf,.pdf,13489133,344b5d7ac5d68a08f4a9f5252305ab2eeae70fdfdc153dd250eca3a00811a018,1453,2013,특정사안,공기업 재무 및 사업구조 관리실태,pdf_conv
S03346,감사원,BAI_CONV,20130613_[특정사안]_종중 임야 도로편입 취소 관련_1455.pdf,.pdf,636850,1ed9a838183efcfb7e4d4fdf935ab10bd8dc1b7c73ddbcd60e50c24f6d4d61f4,1455,2013,특정사안,종중 임야 도로편입 취소 관련,pdf_conv
S03347,감사원,BAI_CONV,20130621_[특정사안]_울산광역시 관하 청소대행계약관련 감사청구_1458.pdf,.pdf,1153672,259ca7094d74643feb70b9d61ade99a37922582d283bbba54729b24825542f75,1458,2013,특정사안,울산광역시 관하 청소대행계약관련 감사청구,pdf_conv
S03348,감사원,BAI_CONV,20130621_[특정사안]_한식세계화 지원 사업 집행실태 관련 국회감사요구사항_1460.pdf,.pdf,3664394,ff86fba20cd5c709a951544fa8fe6f39216c6bdd540308e608ac478ca8cc9b47,1460,2013,특정사안,한식세계화 지원 사업 집행실태 관련 국회감사요구사항,pdf_conv
S03349,감사원,BAI_CONV,20130624_[특정사안]_교육복지시책 추진실태_1461.pdf,.pdf,8974679,4b79a0da325326cc8b462801dada65f086794378fb9e74d8b8ada5f156e9f5db,1461,2013,특정사안,교육복지시책 추진실태,pdf_conv
S03350,감사원,BAI_CONV,20130701_[특정사안]_급여횡령 등 회계비리 점검_1464.pdf,.pdf,3278032,143f6c4be920073d30c31b00f18940e52ea133435c4b37731792fa4351c6f154,1464,2013,특정사안,급여횡령 등 회계비리 점검,pdf_conv
S03351,감사원,BAI_CONV,20130705_[특정사안]_공영주차장 조성 및 구립 어린이집 확장이전 관련 감사청구_1467.pdf,.pdf,986751,3bf755bb4837fc622916f0c3cc8f872be45660afcba39bf43db75fd5365c98fa,1467,2013,특정사안,공영주차장 조성 및 구립 어린이집 확장이전 관련 감사청구,pdf_conv
S03352,감사원,BAI_CONV,20130705_[특정사안]_종합센터 운영에 대한 간섭 관련 감사청구_1466.pdf,.pdf,810200,d17d41cd6dcec7e6f6009d92879582c1a8b0a56f5070e5944a02e5315dad0179,1466,2013,특정사안,종합센터 운영에 대한 간섭 관련 감사청구,pdf_conv
S03353,감사원,BAI_CONV,20130711_[성과]_FTA 국내지원대책 추진실태_1469.pdf,.pdf,8057371,2188b16f77b0c86b77389f7937fa52de7ca5dc3a22b354d07a53956e76b6af6c,1469,2013,성과,FTA 국내지원대책 추진실태,pdf_conv
S03354,감사원,BAI_CONV,20130712_[재무]_통일부 국민권익위원회 재무감사(별도처리)_1470.pdf,.pdf,688759,fe4b72b357efe98afafd779bb8e65219f51859d3799b02c532b87667250c7eae,1470,2013,재무,통일부 국민권익위원회 재무감사(별도처리),pdf_conv
S03355,감사원,BAI_CONV,20130717_[특정사안]_공적 서민주택금융 지원실태_1472.pdf,.pdf,3758045,31b172026e795c8d4ea14de6f3e023d499bad89d02630d7c13492566c5695029,1472,2013,특정사안,공적 서민주택금융 지원실태,pdf_conv
S03356,감사원,BAI_CONV,20130719_[특정사안]_(주)문경레저타운 관리 운영 관련 감사청구_1475.pdf,.pdf,997677,ede8133af8c68b09fc0f14f4be03bfbead56ac3f7acd39bb4b2673116ea2e707,1475,2013,특정사안,(주)문경레저타운 관리 운영 관련 감사청구,pdf_conv
S03357,감사원,BAI_CONV,20130719_[특정사안]_공공기관 임직원 비리점검_1474.pdf,.pdf,965244,ee7d267de9edd244232288440102d15d0f5aa989119c1f2ef2f7e2be325fee72,1474,2013,특정사안,공공기관 임직원 비리점검,pdf_conv
S03358,감사원,BAI_CONV,20130723_[특정사안]_충청지역 기반시설(도로 하천 등) 건설 관리실태_1476.pdf,.pdf,7053464,565a19647cff4230c2349ed6857e03bb8bad9dcf6e237b710f6273a919dd3cf6,1476,2013,특정사안,충청지역 기반시설(도로 하천 등) 건설 관리실태,pdf_conv
S03359,감사원,BAI_CONV,20130724_[특정사안]_영종도 제3연륙교 건설사업 추진실태(국회감사요구사항)_1477.pdf,.pdf,2796832,3e84857ddec4b4ee743180cfcc31bce0aed4dde24f0669e8c9a1e247441e9aa8,1477,2013,특정사안,영종도 제3연륙교 건설사업 추진실태(국회감사요구사항),pdf_conv
S03360,감사원,BAI_CONV,20130725_[특정사안]_공공정보 공유 및 개방실태_1478.pdf,.pdf,12434795,052bf3628d253e4142fe8c495a2de0352dfbec93d257adfc1df640a9bcc9cb24,1478,2013,특정사안,공공정보 공유 및 개방실태,pdf_conv
S03361,감사원,BAI_CONV,20130801_[특정사안]_국방자원 운용실태_1480.pdf,.pdf,3160790,ad0286bdf46005a9c8a28021fe934302dc560ec9322fdec39c9f88b8fe4517fe,1480,2013,특정사안,국방자원 운용실태,pdf_conv
S03362,감사원,BAI_CONV,20130805_[특정사안]_전환기 공직기강 특별점검_1481.pdf,.pdf,14898156,54f2d963227804ae70a0d023adf48e22402dc8db845d39e2d848be8f81c22de3,1481,2013,특정사안,전환기 공직기강 특별점검,pdf_conv
S03363,감사원,BAI_CONV,20130808_[미분류]_충남도청 이전 신도시 토지보상 관련 서면감사_1482.pdf,.pdf,882749,340308a3b193739140f55347e8ee31280c5c09b8f49b7cfeb5733215e07a9806,1482,2013,미분류,충남도청 이전 신도시 토지보상 관련 서면감사,pdf_conv
S03364,감사원,BAI_CONV,20130813_[특정사안]_복지전달체계 운영실태_1483.pdf,.pdf,4831161,67bb312f4cb6982cc582ba50589edb51ab14948287556c2fb0879e7c65ab7c60,1483,2013,특정사안,복지전달체계 운영실태,pdf_conv
S03365,감사원,BAI_CONV,20130904_[특정사안]_민간투자 교통사업의 수요예측 및 타당성 조사 관리실태(국회감사요구사항)_1485.pdf,.pdf,10003375,ad8c9801512a61f24eaef9bb4a704683e07a8cc3ec253e448897940772acb065,1485,2013,특정사안,민간투자 교통사업의 수요예측 및 타당성 조사 관리실태(국회감사요구사항),pdf_conv
S03366,감사원,BAI_CONV,20130926_[특정사안]_대규모 국고보조사업 등 집행실태_1488.pdf,.pdf,10847909,89ddce007b3977d23857649350b9c548b85578e9e2e372d16198d1b1c7765d68,1488,2013,특정사안,대규모 국고보조사업 등 집행실태,pdf_conv
S03367,감사원,BAI_CONV,20131017_[특정사안]_교육복지시책 추진실태(별도처리)_1491.pdf,.pdf,884840,233c234328fb9b2a2cf2733a926e693faab9f3dd3831c4becdea33e5bb9d5790,1491,2013,특정사안,교육복지시책 추진실태(별도처리),pdf_conv
S03368,감사원,BAI_CONV,20131022_[기타서면]_토지수용 재결신청 지연처리에 따른 가산금 지급 관련 서면감사_1493.pdf,.pdf,1046074,7507a15ce0e10cd54a6bff64427656553d7fd545504b2d68993b910d4c364279,1493,2013,기타서면,토지수용 재결신청 지연처리에 따른 가산금 지급 관련 서면감사,pdf_conv
S03369,감사원,BAI_CONV,20131031_[특정사안]_우정사업 운영실태_1496.pdf,.pdf,4991115,614e838d90c56c9fde420a0cb8a0db6d890df689602085694eee62f02f8f0ecb,1496,2013,특정사안,우정사업 운영실태,pdf_conv
S03370,감사원,BAI_CONV,20131126_[특정사안]_사이버대학 등 특수대학 운영실태(국립대학 분야)_1500.pdf,.pdf,2110213,65c2f1ab93faffa9908cce951817d69ff56ae2f9f20d27d4472cf708e48893de,1500,2013,특정사안,사이버대학 등 특수대학 운영실태(국립대학 분야),pdf_conv
S03371,감사원,BAI_CONV,20131129_[특정사안]_금융소비자 보호 및 감독실태_1502.pdf,.pdf,2855098,ac77bb27cd9abcc43fe2d2e8ef9fd16782839df7e306f1eefac1edf03f3153d6,1502,2013,특정사안,금융소비자 보호 및 감독실태,pdf_conv
S03372,감사원,BAI_CONV,20131203_[특정사안]_가평군 토지불법사용 방치 관련 감사청구_1503.pdf,.pdf,818249,5cda7fe48b704a335fb6a262062869c7f7598181bd17c88bdde994b46ae9c109,1503,2013,특정사안,가평군 토지불법사용 방치 관련 감사청구,pdf_conv
S03373,감사원,BAI_CONV,20131204_[특정사안]_항만시설 확충사업 및 운영관리실태_1505.pdf,.pdf,12365996,3e88d3ba2f3942ab5eae0577d4448621d08c8bc8d820bb783eab61cd7a1a066f,1505,2013,특정사안,항만시설 확충사업 및 운영관리실태,pdf_conv
S03374,감사원,BAI_CONV,20131210_[특정사안]_국가R&D 재정 효율화실태_1506.pdf,.pdf,3536730,6545ce053fdac0104f3d0ab678765054977dbb208e5f67682bcce71f5e1c4096,1506,2013,특정사안,국가R&D 재정 효율화실태,pdf_conv
S03375,감사원,BAI_CONV,20131211_[특정사안]_복지전달체계 운영실태_1507.pdf,.pdf,11458575,93b4ab0b03ed3540d7e4658dbe736bcacbcd0c30244550f7e1c5dbdc73488cfc,1507,2013,특정사안,복지전달체계 운영실태,pdf_conv
S03376,감사원,BAI_CONV,20131212_[특정사안]_민생비리 특별점검(토착건설분야)_1508.pdf,.pdf,3912613,6348189e6f4b00433464b707f2f8ac73427d593968d22fc73df1c2f40d824be2,1508,2013,특정사안,민생비리 특별점검(토착건설분야),pdf_conv
S03377,감사원,BAI_CONV,20131213_[특정사안]_강릉원주대학교 기성회계 예산 부당집행 등 관련 감사청구_1509.pdf,.pdf,868277,d47078be1ec02160ca562ddb83dd456d63b4d9614382ba98b6b2a315bbc946f8,1509,2013,특정사안,강릉원주대학교 기성회계 예산 부당집행 등 관련 감사청구,pdf_conv
S03378,감사원,BAI_CONV,20131218_[특정사안]_원전부품 안전성 확보 추진실태_1511.pdf,.pdf,4605167,36339a25f7bcb36f7e50ef83e910011764ea923727944162d2e6868e53ae664a,1511,2013,특정사안,원전부품 안전성 확보 추진실태,pdf_conv
S03379,감사원,BAI_CONV,20131220_[특정사안]_특정업무경비 집행실태_1513.pdf,.pdf,2978794,fd82d4737156800c58fcf00888a98e5a128b417ebca473dcd73ec739f1b455e6,1513,2013,특정사안,특정업무경비 집행실태,pdf_conv
S03380,감사원,BAI_CONV,20140107_[특정사안]_공직비리 기동점검_1516.pdf,.pdf,1452776,c718627f4009bf23175a3fdf4b8cc69980f8c73d13bf89467eca81c67d02ce03,1516,2014,특정사안,공직비리 기동점검,pdf_conv
S03381,감사원,BAI_CONV,20140109_[특정사안]_고속국도 건설 및 주요구조물 안전관리실태_1517.pdf,.pdf,7588956,d83821559f5007264b3643616a19dbf3e93b8b350c4713c782b8abb5a7b11dc2,1517,2014,특정사안,고속국도 건설 및 주요구조물 안전관리실태,pdf_conv
S03382,감사원,BAI_CONV,20140114_[특정사안]_여수엑스포 기간 시내버스 손실보조금 부당 지급_1518.pdf,.pdf,1486583,dd1ffeafac95c9e2705bdcc8042c92c599d8a6718f6da218665c5c3a500e833e,1518,2014,특정사안,여수엑스포 기간 시내버스 손실보조금 부당 지급,pdf_conv
S03383,감사원,BAI_CONV,20140116_[특정사안]_보육료 등 집행관리실태_1519.pdf,.pdf,4646547,ede8b840c556c8c9b67c8cf4c4dbad43c5ebf580cb138c1b51da82b66f1ea49b,1519,2014,특정사안,보육료 등 집행관리실태,pdf_conv
S03384,감사원,BAI_CONV,20140121_[특정사안]_해안권 개발사업 추진실태_1520.pdf,.pdf,2795455,46c505402c335b03f77aa499fa2a00a815191c1a2b0fcac2510d8b7ae718f240,1520,2014,특정사안,해안권 개발사업 추진실태,pdf_conv
S03385,감사원,BAI_CONV,20140123_[특정사안]_지자체 주요사업 예산편성 및 집행실태_1521.pdf,.pdf,5003583,0723613406be481660b0c012760be937301810db9cff023284a61162d5e72569,1521,2014,특정사안,지자체 주요사업 예산편성 및 집행실태,pdf_conv
S03386,감사원,BAI_CONV,20140128_[미분류]_주택건설사업계획승인 관련 부패행위신고 사항_1522.pdf,.pdf,659536,27721aad604946538edded3bb8cc3690e817cc12bfcd7c0cf64bcf65f6eea7db,1522,2014,미분류,주택건설사업계획승인 관련 부패행위신고 사항,pdf_conv
S03387,감사원,BAI_CONV,20140128_[특정사안]_보건교사 보수교육과정 개선 및 운영 관련 감사청구_1523.pdf,.pdf,694479,fdc11cff0ada88ad5f0aef60f4dea189ce1cb2d9c74200b116dafca57060d941,1523,2014,특정사안,보건교사 보수교육과정 개선 및 운영 관련 감사청구,pdf_conv
S03388,감사원,BAI_CONV,20140204_[특정사안]_계약 등 취약분야 비리점검_1524.pdf,.pdf,3387279,699b3cc75dad6065a1b4001c7ab8ed3e4221cc68ed2df3000e11e2bcf2d08f75,1524,2014,특정사안,계약 등 취약분야 비리점검,pdf_conv
S03389,감사원,BAI_CONV,20140206_[특정사안]_주요 민생분야 민원업무 처리실태_1525.pdf,.pdf,4302538,2635c9bbdd9041f8a76c29be801577f12b80197adc13ef420968d226e260977d,1525,2014,특정사안,주요 민생분야 민원업무 처리실태,pdf_conv
S03390,감사원,BAI_CONV,20140211_[특정사안]_과세자료 수집 관리 및 활용실태_1526.pdf,.pdf,3163365,a98ec349f2aa0e3ddbed6da83a74da3328d265ca5a63bf637bc3e3c5a500cb14,1526,2014,특정사안,과세자료 수집 관리 및 활용실태,pdf_conv
S03391,감사원,BAI_CONV,20140213_[특정사안]_LH공사의 공동주택 건설관리실태_1527.pdf,.pdf,6014345,f00014bdda746d6719e63ab3b53861a8394aff8201902cb4ab4eef79fd1c2182,1527,2014,특정사안,LH공사의 공동주택 건설관리실태,pdf_conv
S03392,감사원,BAI_CONV,20140218_[기관정기]_조달청 기관운영감사_1528.pdf,.pdf,3694378,e00134577c3e9a090bcd37fadc130013d1ec52f220e5dd2fe02083d25b4bb38d,1528,2014,기관정기,조달청 기관운영감사,pdf_conv
S03393,감사원,BAI_CONV,20140227_[기타손망실]_청사취득 중 과태료 및 취득세 등 가산세 납부에 관한 변상판정 청구사항_1529.pdf,.pdf,1183415,58a1e972b0b0cc95fb670474547265ff68cfb20b68874a520d3cf1928bded42b,1529,2014,기타손망실,청사취득 중 과태료 및 취득세 등 가산세 납부에 관한 변상판정 청구사항,pdf_conv
S03394,감사원,BAI_CONV,20140305_[특정사안]_전력지원체계 획득 관리실태_1530.pdf,.pdf,2955704,2440a0d28705f1cf6ace777a7826a8b0c8304630f44f97f54bd06e54794e04e2,1530,2014,특정사안,전력지원체계 획득 관리실태,pdf_conv
S03395,감사원,BAI_CONV,20140312_[특정사안]_주요 공공기관 수익금 집행 및 관리실태(우선처리)_1531.pdf,.pdf,823514,8141282dba665237f3bc4e4540922066f83aaed468121634054491311772f48e,1531,2014,특정사안,주요 공공기관 수익금 집행 및 관리실태(우선처리),pdf_conv
S03396,감사원,BAI_CONV,20140318_[특정사안]_지상전력 운용 및 관리실태_1533.pdf,.pdf,2936042,e6fc73af03f22f3d8bd0f466e096b2ea09d04d3314d8b7e387bc96aa364a9b44,1533,2014,특정사안,지상전력 운용 및 관리실태,pdf_conv
S03397,감사원,BAI_CONV,20140320_[특정사안]_부산대병원 계약 및 건설공사 집행실태_1534.pdf,.pdf,5122787,c69ef620ce89a71e461fc3d530a3e114f735200626f12df004c2c057222601a0,1534,2014,특정사안,부산대병원 계약 및 건설공사 집행실태,pdf_conv
S03398,감사원,BAI_CONV,20140328_[특정사안]_한국방송공사 및 자회사 운영실태_1536.pdf,.pdf,3095401,74f582280b207b33ecdab2628dc31c716a1c0c140276e85c57830bdb9a4b7b10,1536,2014,특정사안,한국방송공사 및 자회사 운영실태,pdf_conv
S03399,감사원,BAI_CONV,20140401_[기관정기]_서울지방국세청 기관운영감사_1538.pdf,.pdf,4138558,35d2d6ceb5ef30bf1a64b4e2a41a555edd939447dbfc0b763488336ac5a5b977,1538,2014,기관정기,서울지방국세청 기관운영감사,pdf_conv
S03400,감사원,BAI_CONV,20140403_[특정사안]_국도 등 도로건설사업 집행실태_1539.pdf,.pdf,19457746,65e06011f0d36e0be9be1bcd27a7451ad243eba16b6abe9db943b2561fec6cf2,1539,2014,특정사안,국도 등 도로건설사업 집행실태,pdf_conv
S03401,감사원,BAI_CONV,20140407_[특정사안]_공직비리 기동점검_1540.pdf,.pdf,2329547,220b939675da28b745d8148137e298726f3918dbccf19e6411a53bfef34d2d6a,1540,2014,특정사안,공직비리 기동점검,pdf_conv
S03402,감사원,BAI_CONV,20140408_[특정사안]_지자체 건설사업(전라남도 제주특별자치도)안전 및 품질관리실태_1541.pdf,.pdf,22981890,15a7d67afb788496736ed22a6cfd53a1cb08d4a266bdb2dd8eccbe0fced54890,1541,2014,특정사안,지자체 건설사업(전라남도 제주특별자치도)안전 및 품질관리실태,pdf_conv
S03403,감사원,BAI_CONV,20140409_[특정사안]_유해화학물질 관리실태_1542.pdf,.pdf,7161461,1ccbe5ab99d93bba7cc1f603b7b1cd6486724c2170f01a865cb3df8ee28418dd,1542,2014,특정사안,유해화학물질 관리실태,pdf_conv
S03404,감사원,BAI_CONV,20140410_[특정사안]_방산비리 기동점검_1543.pdf,.pdf,1411995,b0eaae362d71d4f6955b2c11e245b2b76d84f2f8de314b590929a3e098594a7f,1543,2014,특정사안,방산비리 기동점검,pdf_conv
S03405,감사원,BAI_CONV,20140416_[특정사안]_전파자원 관리실태_1544.pdf,.pdf,2371234,6baba2dd3985ae41f505f9d01d8f5e2a1e07c7e89aebd6b8bd25312e8b9b5fc0,1544,2014,특정사안,전파자원 관리실태,pdf_conv
S03406,감사원,BAI_CONV,20140423_[특정사안]_대국민 안보교육 추진실태(국회감사요구사항)_1546.pdf,.pdf,3366652,48380492a5d41bbe4595b5bc98c3593a7197ea9787d7c54edb38b7c577f33ea6,1546,2014,특정사안,대국민 안보교육 추진실태(국회감사요구사항),pdf_conv
S03407,감사원,BAI_CONV,20140430_[특정사안]_물류·관광 공공기관 출자회사 관리실태_1548.pdf,.pdf,8929590,2a14cb54321b71d7346abc96fdf43d8bc6d7acc1c9a3ace298228cded417a2ba,1548,2014,특정사안,물류·관광 공공기관 출자회사 관리실태,pdf_conv
S03408,감사원,BAI_CONV,20140501_[특정사안]_조세감면제도 운영실태_1549.pdf,.pdf,5961238,5e9088d4bf035ea2adbaab4d22dd7eab121a19ff198f54ba3fff64c12a3a4690,1549,2014,특정사안,조세감면제도 운영실태,pdf_conv
S03409,감사원,BAI_CONV,20140508_[특정사안]_지방공기업 경영관리실태Ⅰ_1550.pdf,.pdf,5473336,d9f667f3e5b977828cdf224b3d27ddececdd5d4c73a3973786142f67ef46fa75,1550,2014,특정사안,지방공기업 경영관리실태Ⅰ,pdf_conv
S03410,감사원,BAI_CONV,20140512_[기관정기]_경상북도 및 경산시 기관운영감사_1552.pdf,.pdf,2603833,3d28ce1f1d654459e0e0722c8a01b2f6efea987acc3f16a6de9245a1dcf91598,1552,2014,기관정기,경상북도 및 경산시 기관운영감사,pdf_conv
S03411,감사원,BAI_CONV,20140512_[기관정기]_대전광역시 및 서구 기관운영감사_1551.pdf,.pdf,4213878,a04658232699ef79673ea9fe8b889ca1302e8eadd433d937c9ff3ffabfcd1f9d,1551,2014,기관정기,대전광역시 및 서구 기관운영감사,pdf_conv
S03412,감사원,BAI_CONV,20140516_[미분류]_대학 교육역량 강화시책 추진실태_1554.pdf,.pdf,5773334,cbd6e15945e5543dfe453063abf1262508e9f19874aef505722a48858c2b8ef6,1554,2014,미분류,대학 교육역량 강화시책 추진실태,pdf_conv
S03413,감사원,BAI_CONV,20140519_[특정사안]_민생침해 범죄예방 및 관리실태_1555.pdf,.pdf,23233847,419dc959a7a77b17f5dd0b12b91f39846877eb5cec3a9c926d972371737cb923,1555,2014,특정사안,민생침해 범죄예방 및 관리실태,pdf_conv
S03414,감사원,BAI_CONV,20140520_[특정사안]_철도시설안전 및 경영관리실태_1556.pdf,.pdf,9317871,3b308da51dfca1a97dfd9e31cd13cb06751b0648658dcff14f68d7d15d98d4e2,1556,2014,특정사안,철도시설안전 및 경영관리실태,pdf_conv
S03415,감사원,BAI_CONV,20140521_[미분류]_충청북도 도금고 협력사업비 집행에 대한 감사청구_1558.pdf,.pdf,720342,9a93225001594037220c4eac682641b9dbfa4de5c9d110270144cd8532d8ecd3,1558,2014,미분류,충청북도 도금고 협력사업비 집행에 대한 감사청구,pdf_conv
S03416,감사원,BAI_CONV,20140522_[특정사안]_학교급식 공급 및 안전관리실태_1565.pdf,.pdf,12364721,8943421ddc2415895cc1dc81f1ecc16439c4e5cb2049564bcc573f1cf4ab7319,1565,2014,특정사안,학교급식 공급 및 안전관리실태,pdf_conv
S03417,감사원,BAI_CONV,20140526_[기관정기]_행정중심복합도시건설청 등 2개기관 기관운영감사_1560.pdf,.pdf,1713990,3552b1789774af1b16ccfe66de38151bfb335583b23304c6e3bc45b0dc549563,1560,2014,기관정기,행정중심복합도시건설청 등 2개기관 기관운영감사,pdf_conv
S03418,감사원,BAI_CONV,20140528_[특정사안]_직업능력개발사업 추진실태_1561.pdf,.pdf,3809801,4adb549473ceb44eb7674f92dec81d20b5f3ad0bcba6bb25c442216fb3363371,1561,2014,특정사안,직업능력개발사업 추진실태,pdf_conv
S03419,감사원,BAI_CONV,20140603_[기타손망실]_화훼생산(수출)단지 조성사업 변상판정_1566.pdf,.pdf,1154254,4267503b42b264720b455ef9374b080e5d86fb73f9baa9107dd84857862971bb,1566,2014,기타손망실,화훼생산(수출)단지 조성사업 변상판정,pdf_conv
S03420,감사원,BAI_CONV,20140609_[특정사안]_재외공관 운영 및 외교부 주요사업 추진실태_1567.pdf,.pdf,9581558,97671bba506930b95f52015e034f057ef995d322eb6a6ebab6a5112257d98b6f,1567,2014,특정사안,재외공관 운영 및 외교부 주요사업 추진실태,pdf_conv
S03421,감사원,BAI_CONV,20140611_[특정사안]_한국마사회 등 주요 공공기관 수익금 집행 및 관리실태_1568.pdf,.pdf,4766174,cb0ee15fa9ca9b2a72f49b25d2b3422c4c8fe9b1deef5a93b2c4bb906138180d,1568,2014,특정사안,한국마사회 등 주요 공공기관 수익금 집행 및 관리실태,pdf_conv
S03422,감사원,BAI_CONV,20140612_[특정사안]_하반기 민원 정보사항 점검_1569.pdf,.pdf,3177898,e696ea5c92ce60372a2dc9980a322c61418e4d52b3c39e79d2f07c056bc8b1ae,1569,2014,특정사안,하반기 민원 정보사항 점검,pdf_conv
S03423,감사원,BAI_CONV,20140616_[미분류]_광양만권경제자유구역 신대배후단지 조성사업 관련 감사청구_1571.pdf,.pdf,3588230,aa8dcfd279f095b977cfb1899844057d481799bf2307b242c1ec4b025744b511,1571,2014,미분류,광양만권경제자유구역 신대배후단지 조성사업 관련 감사청구,pdf_conv
S03424,감사원,BAI_CONV,20140618_[특정사안]_군사시설 이전 및 군용지 관리실태_1572.pdf,.pdf,2737352,8a22b70d58326da2796dba385c7b1ee0d50ec6c44caa84c0b86ebad09989c151,1572,2014,특정사안,군사시설 이전 및 군용지 관리실태,pdf_conv
S03425,감사원,BAI_CONV,20140619_[특정사안]_공직비리 기동점검(13년-4차)_1573.pdf,.pdf,2335564,65111df1df8749c680ff4666d6ef7fad280fad29afbeffc207edebdc72cf7174,1573,2014,특정사안,공직비리 기동점검(13년-4차),pdf_conv
S03426,감사원,BAI_CONV,20140623_[기관정기]_보건복지부 기관운영감사_1574.pdf,.pdf,3646008,6ec7440b28561e99bb9169ede3a03414a62632fbe06a02c5a3931e7cdcd1407a,1574,2014,기관정기,보건복지부 기관운영감사,pdf_conv
S03427,감사원,BAI_CONV,20140625_[특정사안]_수출입 및 해외투자 금융지원실태_1575.pdf,.pdf,6144324,5009894648529ff9e170e8bb3dcff0fbdb522adba68abbe933c34192270435e8,1575,2014,특정사안,수출입 및 해외투자 금융지원실태,pdf_conv
S03428,감사원,BAI_CONV,20140627_[특정사안]_구룡마을 개발사업 추진실태_1576.pdf,.pdf,6651235,e3a2be6938e8942fd50e6e3cce548b5fa2686447f746f8191d19af3b40022a85,1576,2014,특정사안,구룡마을 개발사업 추진실태,pdf_conv
S03429,감사원,BAI_CONV,20140630_[미분류]_창업 및 벤처기업 지원 육성실태_1577.pdf,.pdf,10736627,3b4a0528797bc03bf80844202fe035cb062f98e0c18ed341b8c45eb8418c56b7,1577,2014,미분류,창업 및 벤처기업 지원 육성실태,pdf_conv
S03430,감사원,BAI_CONV,20140702_[특정사안]_자체감사기구 운영실태_1578.pdf,.pdf,5075916,f284697c84202a9221a3f5016aae4d534e899e4b636da330365b515a6ad41bff,1578,2014,특정사안,자체감사기구 운영실태,pdf_conv
S03431,감사원,BAI_CONV,20140709_[기관정기]_한국교직원공제회 기관운영감사_1581.pdf,.pdf,3264470,b3ab0ce7eee2288ee5e20bc16a0f9a5eb3db46ec14235ebeb1316252f0d27687,1581,2014,기관정기,한국교직원공제회 기관운영감사,pdf_conv
S03432,감사원,BAI_CONV,20140709_[특정사안]_사이버대학 등 특수대학 운영실태(국립대학분야)_1582.pdf,.pdf,799728,2c1004abe52445b20d2616132d26eb3d8c2d91ec2fd772ddd91533f97d92beaa,1582,2014,특정사안,사이버대학 등 특수대학 운영실태(국립대학분야),pdf_conv
S03433,감사원,BAI_CONV,20140711_[특정사안]_지자체 주요사업 예산편성 및 집행실태(별도처리)_1583.pdf,.pdf,1029969,5794d6e054b1abe37a6c09e6685a75758b60f1732833ed9a7f9f98137a0bf462,1583,2014,특정사안,지자체 주요사업 예산편성 및 집행실태(별도처리),pdf_conv
S03434,감사원,BAI_CONV,20140714_[특정사안]_기업어음 회사채 등 시장성 차입금 관리 감독 실태(공익)_1584.pdf,.pdf,3995854,d5b94f63496d56d02c4fe3a549df15a85d6266f944f6d6942e93cf27ebada68e,1584,2014,특정사안,기업어음 회사채 등 시장성 차입금 관리 감독 실태(공익),pdf_conv
S03435,감사원,BAI_CONV,20140716_[기관정기]_공군본부 기관운영감사_1585.pdf,.pdf,1400525,e17bfeb5a29b303ad9f62356fdf82c20689a2069a324135f2004180b58f69432,1585,2014,기관정기,공군본부 기관운영감사,pdf_conv
S03436,감사원,BAI_CONV,20140722_[특정사안]_교정시설 운영 및 수용 관리 실태_1586.pdf,.pdf,6495024,956d559b00366ebd55bff61f2b766b859c9394f279554386cb68e7027b526e67,1586,2014,특정사안,교정시설 운영 및 수용 관리 실태,pdf_conv
S03437,감사원,BAI_CONV,20140725_[기관정기]_농림축산식품부 등 3개 기관 기관운영감사_1588.pdf,.pdf,3379363,9c081601bd956b9e67cfb2c6ae2deff9b0a4a65ce52058f0732a8811a8ca3a82,1588,2014,기관정기,농림축산식품부 등 3개 기관 기관운영감사,pdf_conv
S03438,감사원,BAI_CONV,20140730_[특정사안]_로봇물고기 등 산업기술분야 R&D관리실태(국회)_1590.pdf,.pdf,5592533,40fe52d17281e3394bdf9deccd748ad108847752be98fe469a6cf8ea52c71b42,1590,2014,특정사안,로봇물고기 등 산업기술분야 R&D관리실태(국회),pdf_conv
S03439,감사원,BAI_CONV,20140801_[기관정기]_해양수산부 기관운영감사_1591.pdf,.pdf,7410276,c827ae0828a160e43c0553c987641a0316912039ed9507c3529e5e73d8f77c81,1591,2014,기관정기,해양수산부 기관운영감사,pdf_conv
S03440,감사원,BAI_CONV,20140804_[특정사안]_국고보조금 등 회계취약분야 비리점검_1592.pdf,.pdf,5253643,7ade03beac3fa9e4d1a4df330d43f3ad82d4d0935e40ff21c459fee804079344,1592,2014,특정사안,국고보조금 등 회계취약분야 비리점검,pdf_conv
S03441,감사원,BAI_CONV,20140806_[미분류]_영산강 하구둑 구조개선사업 지체상금 관련 부패신고_1593.pdf,.pdf,9032230,824e7d9c6f5fa8425dc2ac146796f8cc938b9eaface0eadd9b35896d35857fd7,1593,2014,미분류,영산강 하구둑 구조개선사업 지체상금 관련 부패신고,pdf_conv
S03442,감사원,BAI_CONV,20140807_[기관정기]_중부지방국세청 기관운영감사_1594.pdf,.pdf,3344942,1375b641adb1b91119274744b50440264aeb0596efbd8acd54ca72a3fb0f4def,1594,2014,기관정기,중부지방국세청 기관운영감사,pdf_conv
S03443,감사원,BAI_CONV,20140807_[특정사안]_조세감면제도 운영실태 별도처리_1595.pdf,.pdf,622819,d2bad6b17337cea631bbf99de7d0dd7eff8c3781a67a074fec251b24274b256b,1595,2014,특정사안,조세감면제도 운영실태 별도처리,pdf_conv
S03444,감사원,BAI_CONV,20140811_[특정사안]_지방세 부과 및 징수 실태_1596.pdf,.pdf,9174166,35c14fa017deffce426a34358f1aed0f4507538670fd3e458b8767ec1d5d496f,1596,2014,특정사안,지방세 부과 및 징수 실태,pdf_conv
S03445,감사원,BAI_CONV,20140813_[기관정기]_기상청 기관운영감사_1597.pdf,.pdf,6563459,46ba4037658af7b75c3ebf11f9a623e193f2521352b601ad316d95e8b9e88d01,1597,2014,기관정기,기상청 기관운영감사,pdf_conv
S03446,감사원,BAI_CONV,20140818_[특정사안]_금융부실자산 인수 및 경영관리 실태_1598.pdf,.pdf,4201865,1c7105c504e42dd2a17d39b74fe77f79a06b3b8324e01f30fe9510c234de252f,1598,2014,특정사안,금융부실자산 인수 및 경영관리 실태,pdf_conv
S03447,감사원,BAI_CONV,20140820_[기관정기]_안전행정부 기관운영감사_1599.pdf,.pdf,3691684,998c8d6b4e19a93d3db27dfcd0200b2e78dda339921f9832a1bbe7f38e823927,1599,2014,기관정기,안전행정부 기관운영감사,pdf_conv
S03448,감사원,BAI_CONV,20140821_[기관정기]_경기도 및 수원시 기관운영감사_1600.pdf,.pdf,2088693,d3528f3d6d135d53fb047b734e0c0deca1f54eb6c59f946a05c284205fcf383f,1600,2014,기관정기,경기도 및 수원시 기관운영감사,pdf_conv
S03449,감사원,BAI_CONV,20140825_[특정사안]_조달청 대행 건설사업 집행실태_1601.pdf,.pdf,3742436,34dc2246959b8275c6751050909bbdb033f4c75599a4cac45b1fd989df69754a,1601,2014,특정사안,조달청 대행 건설사업 집행실태,pdf_conv
S03450,감사원,BAI_CONV,20140827_[기관정기]_방위사업청 기관운영감사_1602.pdf,.pdf,2022680,a23175901d840856d62daa4b7a9ab1a91226a68975072e443d7bbaa82e50daf2,1602,2014,기관정기,방위사업청 기관운영감사,pdf_conv
S03451,감사원,BAI_CONV,20140902_[미분류]_상반기 민원업무 처리실태_1603.pdf,.pdf,6008032,a9df2fb70e3f90b79166d74ce0e33ec789080c265a7c86606decd0e726545c30,1603,2014,미분류,상반기 민원업무 처리실태,pdf_conv
S03452,감사원,BAI_CONV,20140911_[특정사안]_LH공사의 조성용지 매각 관리 실태_1605.pdf,.pdf,4238832,b0b8e05b66011bd01394fc810929fbbb981ee8aeb44217c1177d7124a99189d6,1605,2014,특정사안,LH공사의 조성용지 매각 관리 실태,pdf_conv
S03453,감사원,BAI_CONV,"20140916_[특정사안]_지방자치단체 부담금 부과,징수실태_1606.pdf",.pdf,5821181,38f73801f25ef7657332b7d873445f378f4b54ddd0057f89affa55af28942e4b,1606,2014,특정사안,"지방자치단체 부담금 부과,징수실태",pdf_conv
S03454,감사원,BAI_CONV,20140918_[미분류]_드림스타트센터 임대차 계약업무 관련 변상판정_1607.pdf,.pdf,1048939,45f910df52e04d9e0193cf0cba517263411695be9506cd7a2766f113f727616d,1607,2014,미분류,드림스타트센터 임대차 계약업무 관련 변상판정,pdf_conv
S03455,감사원,BAI_CONV,20140922_[특정사안]_국고보조금 등 회계취약분야 비리점검(별도처리)_1608.pdf,.pdf,1929590,1f4ead94dcd3213a0137dd9ad9181e112a0a175de9200bc6ad8638a2bcd6f359,1608,2014,특정사안,국고보조금 등 회계취약분야 비리점검(별도처리),pdf_conv
S03456,감사원,BAI_CONV,20140924_[특정사안]_초중고 방과후 학교 운영실태_1609.pdf,.pdf,3948137,ce3eba3b63d1699bb18fe6f1580aaa3860c6b48718410c6df63ae616bc2dc2c1,1609,2014,특정사안,초중고 방과후 학교 운영실태,pdf_conv
S03457,감사원,BAI_CONV,20141007_[특정사안]_공공기관 경영관리실태(한국가스공사)_1616.pdf,.pdf,3864730,f970dc205c72cec870473160b5681ca971a27f97b86e25739d90b1c58d95420e,1616,2014,특정사안,공공기관 경영관리실태(한국가스공사),pdf_conv
S03458,감사원,BAI_CONV,20141007_[특정사안]_공공기관 경영관리실태(한국철도공사)_1614.pdf,.pdf,8574022,743078b4135529d0752de3afc9ac4c782f2592a7cc942d6694b36a6096917765,1614,2014,특정사안,공공기관 경영관리실태(한국철도공사),pdf_conv
S03459,감사원,BAI_CONV,20141007_[특정사안]_공공기관 경영비리 특별점검_1617.pdf,.pdf,8416019,6005e62d9b513bf9c2d1b0c15e92cf736f5bc7b46b30e9316485022a99d81c94,1617,2014,특정사안,공공기관 경영비리 특별점검,pdf_conv
S03460,감사원,BAI_CONV,20141010_[특정사안]_음식물류 폐기물 바이오가스화 시설사업 관리실태_1618.pdf,.pdf,9728602,c4b773b4e6001ec2a6682dbf4d6df0e3bc81c748bbbe8d8590e834192c5dc5c1,1618,2014,특정사안,음식물류 폐기물 바이오가스화 시설사업 관리실태,pdf_conv
S03461,감사원,BAI_CONV,20141016_[특정사안]_대구경북지역 건설사업 집행실태_1621.pdf,.pdf,7121986,1682d1719c5b31ae99f97a5d83e743ffab4f3ffd31c50c51815bb8d4b1411d4b,1621,2014,특정사안,대구경북지역 건설사업 집행실태,pdf_conv
S03462,감사원,BAI_CONV,20141022_[특정사안]_국민 기업 불편 유발관행 특별점검_1622.pdf,.pdf,5049361,49a94330445c560b9bc8997a76ff5a4807a8e4dc958307843245bd1eb5c4662b,1622,2014,특정사안,국민 기업 불편 유발관행 특별점검,pdf_conv
S03463,감사원,BAI_CONV,20141027_[특정사안]_자메이카전력공사 투자실태(한국동서발전)(국회요구)_1623.pdf,.pdf,3240624,90ede722231aac8ed5a012ccacff9cfebbf06e18df135e071f40bb5d13daef7a,1623,2014,특정사안,자메이카전력공사 투자실태(한국동서발전)(국회요구),pdf_conv
S03464,감사원,BAI_CONV,20141030_[특정사안]_함양 본백-용평 간 도로 확포장사업 관련 감사청구_1624.pdf,.pdf,868759,554e3d6386137b1b07c68f42db1af1195464799ec841185dd0c3fc3e1e9fa0d9,1624,2014,특정사안,함양 본백-용평 간 도로 확포장사업 관련 감사청구,pdf_conv
S03465,감사원,BAI_CONV,20141104_[특정사안]_전력수급기본계획 관련 발전사업자 선정실태(국회)_1625.pdf,.pdf,4031710,58ca1c6cee4af831680c8b054d64d1370fb11a7965d5aac60f58b4f88b0376ed,1625,2014,특정사안,전력수급기본계획 관련 발전사업자 선정실태(국회),pdf_conv
S03466,감사원,BAI_CONV,20141106_[특정사안]_지방상수도 건설사업 집행실태_1626.pdf,.pdf,17366044,866201371d99e49595c02045eb281f6da610cb5db18037b996cc9a45a4cfa307,1626,2014,특정사안,지방상수도 건설사업 집행실태,pdf_conv
S03467,감사원,BAI_CONV,20141112_[특정사안]_공공기관 경영관리실태(LH공사)_1627.pdf,.pdf,4222270,422058583256820bbaa41ce62910492e8e513cce7e7ac996e18a247c6750d41d,1627,2014,특정사안,공공기관 경영관리실태(LH공사),pdf_conv
S03468,감사원,BAI_CONV,20141127_[특정사안]_공공기관 경영관리실태(한국관광공사 및 한국방송광고진흥공사)_1629.pdf,.pdf,3139717,31f00aea702a0c80c4daf90d4c398f13f3f9471178ae60ca2ef42ec0cf326024,1629,2014,특정사안,공공기관 경영관리실태(한국관광공사 및 한국방송광고진흥공사),pdf_conv
S03469,감사원,BAI_CONV,20141203_[특정사안]_공공기관 경영관리실태(수공 및 도공)_1630.pdf,.pdf,3426980,3ebec2fad172832d408f925005585dbfbb474da9cb45f649b30c3372ea3d0a1e,1630,2014,특정사안,공공기관 경영관리실태(수공 및 도공),pdf_conv
S03470,감사원,BAI_CONV,20141210_[특정사안]_국고보조금 등 회계취약분야 비리점검(별도)_1631.pdf,.pdf,867121,735be8bae16b7a5a3fabbaca8246311753ab76e0687a8ee916a163d0f928ad2e,1631,2014,특정사안,국고보조금 등 회계취약분야 비리점검(별도),pdf_conv
S03471,감사원,BAI_CONV,20141210_[특정사안]_전력계통운영시스템 운영 및 한국형 계통운영시스템 개발구축실태_1632.pdf,.pdf,4573094,ab72271798a446ad64f47d75f385c447b716a43a04a40172784176933ba50837,1632,2014,특정사안,전력계통운영시스템 운영 및 한국형 계통운영시스템 개발구축실태,pdf_conv
S03472,감사원,BAI_CONV,20141216_[미분류]_공공기관 R&D 투자 관리실태_1636.pdf,.pdf,4721535,768628925903b606549e6c4290cc845a49b5cb12844f57daffc4a7c299cef8d3,1636,2014,미분류,공공기관 R&D 투자 관리실태,pdf_conv
S03473,감사원,BAI_CONV,20141218_[미분류]_지능형 조세회피 과세실태_1638.pdf,.pdf,6061555,605435f4011b59ad6148fb1e3f8b7b7478e0dd94b09e31c743ad2b81da6d5478,1638,2014,미분류,지능형 조세회피 과세실태,pdf_conv
S03474,감사원,BAI_CONV,20141222_[미분류]_공공기관 관련 비위첩보 등 기동점검_1639.pdf,.pdf,2397583,6960efd86f79cd258db49f9f96c6032962c2fb53a59221950ed6beb5ac3a4748,1639,2014,미분류,공공기관 관련 비위첩보 등 기동점검,pdf_conv
S03475,감사원,BAI_CONV,"20141230_[특정사안]_공공기관 경영관리실태(대한주택보증, 한국지역난방공사)_1640.pdf",.pdf,3450449,313043147cce084757419f6331ce545417cc71b9a8e2dd5bdf42c0eb2bc63fcc,1640,2014,특정사안,"공공기관 경영관리실태(대한주택보증, 한국지역난방공사)",pdf_conv
S03476,감사원,BAI_CONV,"20150102_[특정사안]_공공기관 경영관리실태(한국광물자원공사, 대한석탄공사, 한국산업단지공단)_1642.pdf",.pdf,4272339,4fb91f44ab751531597295d09bcb3e0f9bd73a45079a1db4987553e10d134e90,1642,2015,특정사안,"공공기관 경영관리실태(한국광물자원공사, 대한석탄공사, 한국산업단지공단)",pdf_conv
S03477,감사원,BAI_CONV,20150102_[특정사안]_공공기관 경영관리실태(한국석유공사)_1641.pdf,.pdf,6328617,452634059522a40aceb3d262a977134bd041e2a845a8c1c0f95bc8a7b4647792,1641,2015,특정사안,공공기관 경영관리실태(한국석유공사),pdf_conv
S03478,감사원,BAI_CONV,20150107_[특정사안]_방산제도 운용 및 관리실태_1643.pdf,.pdf,7580031,58b406f978be45d712c718f71f5743def9409d6288b11d262b5bf1274ff24545,1643,2015,특정사안,방산제도 운용 및 관리실태,pdf_conv
S03479,감사원,BAI_CONV,20150108_[특정사안]_강릉시의 주문진 항만부지 관리 관련_1644.pdf,.pdf,759996,6c5eb507db9011e655311c7bf8b45b6679140cd16f897a59c7a5926538f44793,1644,2015,특정사안,강릉시의 주문진 항만부지 관리 관련,pdf_conv
S03480,감사원,BAI_CONV,20150113_[특정사안]_교통 관련 보조금 집행 실태_1646.pdf,.pdf,6465588,db85eacf5211596728b3fb68a33c7ce5ae7e3bebd3b719e7a9abe2a0b697d501,1646,2015,특정사안,교통 관련 보조금 집행 실태,pdf_conv
S03481,감사원,BAI_CONV,20150115_[특정사안]_금융공공기관 경영관리실태I(중소기업은행 외 3개 기관)_1647.pdf,.pdf,8564864,9aedd12040a3a4dbfcba0b861c65fe6862dc2fecb862c939559baaa46d8a862a,1647,2015,특정사안,금융공공기관 경영관리실태I(중소기업은행 외 3개 기관),pdf_conv
S03482,감사원,BAI_CONV,20150115_[특정사안]_금융공공기관 경영관리실태II(한국은행 외 3개 기관)_1648.pdf,.pdf,3962441,18345a8616196a91d00f4ea9db42748833e56f91cd070bb19f74e80c6cfafa14,1648,2015,특정사안,금융공공기관 경영관리실태II(한국은행 외 3개 기관),pdf_conv
S03483,감사원,BAI_CONV,20150115_[특정사안]_금융공공기관 경영관리실태III(한국수출입은행 외 2개 기관)_1649.pdf,.pdf,4532078,3eac6c5c6a183fd7d03cc4cb6dd67dfef0d33626d9220abc7edba7abb75cac4b,1649,2015,특정사안,금융공공기관 경영관리실태III(한국수출입은행 외 2개 기관),pdf_conv
S03484,감사원,BAI_CONV,20150120_[기관정기]_국세청 기관운영감사_1650.pdf,.pdf,2287292,5ebf2e645d5127bb6d80120dcaf72aa37f4614bd7abaa2d149b804e379daee20,1650,2015,기관정기,국세청 기관운영감사,pdf_conv
S03485,감사원,BAI_CONV,20150122_[기관정기]_기초과학연구원 기관운영감사_1651.pdf,.pdf,3795277,43a1fa6c508ad13ae880033167600cfbbe07ce4c1a7b5db9c61cbcdfbf73b013,1651,2015,기관정기,기초과학연구원 기관운영감사,pdf_conv
S03486,감사원,BAI_CONV,20150127_[기관정기]_부산지방국세청 기관운영감사_1652.pdf,.pdf,2638715,b0252f8b337c00bd5124006b10bf3522b67265a62f5d0dd3380c8d5a7f4cf9d0,1652,2015,기관정기,부산지방국세청 기관운영감사,pdf_conv
S03487,감사원,BAI_CONV,"20150129_[기관정기]_한국조폐공사, 대한무역투자진흥공사 기관운영감사_1653.pdf",.pdf,2780088,870d79cfa01481e3107b361cf3ed6ef4414fa54cbc1cf01bfa922d5eb8cfae03,1653,2015,기관정기,"한국조폐공사, 대한무역투자진흥공사 기관운영감사",pdf_conv
S03488,감사원,BAI_CONV,"20150203_[기관정기]_부산,여수광양항만공사 기관운영감사_1654.pdf",.pdf,10975011,a72cf7cd1be23dae9090b008e2521f966820ee508b84b5bf7e46143e32cdc750,1654,2015,기관정기,"부산,여수광양항만공사 기관운영감사",pdf_conv
S03489,감사원,BAI_CONV,"20150205_[기관정기]_충청북도, 청주시 기관운영감사_1655.pdf",.pdf,4697769,80368825ce9517941a091540ed7f30d8b7ef83b5a4f46fd3c828b65f581a658e,1655,2015,기관정기,"충청북도, 청주시 기관운영감사",pdf_conv
S03490,감사원,BAI_CONV,"20150206_[성과]_공공의료체계 구축,관리실태(재부의)_1657.pdf",.pdf,1551064,0624d7ed5cd77e83be2b9d665018d3cc2c549d9c9e3990742acc3d5a982c3c8d,1657,2015,성과,"공공의료체계 구축,관리실태(재부의)",pdf_conv
S03491,감사원,BAI_CONV,20150209_[특정사안]_인천 부평동-장고개 간 도로개설공사 관련_1658.pdf,.pdf,677239,bec60715df69a66193c5a6c342424fdaa547b18053120e2cf43c367c67998383,1658,2015,특정사안,인천 부평동-장고개 간 도로개설공사 관련,pdf_conv
S03492,감사원,BAI_CONV,20150211_[기타기타]_비품 구매관련 변상판정 청구사항_1662.pdf,.pdf,1725395,706f6878fdfe00bf40561ec1779ac6933e05c7304429450697a3bf6765db689d,1662,2015,기타기타,비품 구매관련 변상판정 청구사항,pdf_conv
S03493,감사원,BAI_CONV,20150211_[특정사안]_공공기관 R&D 투자관리실태(별도처리)_1661.pdf,.pdf,2140079,cc1fd35d60ac9924d9d98c1a2ea46988a91e155a2472eb94bc8ebc3e6c7baf2f,1661,2015,특정사안,공공기관 R&D 투자관리실태(별도처리),pdf_conv
S03494,감사원,BAI_CONV,20150212_[특정사안]_공공부문의 불공정 관행 특별점검_1663.pdf,.pdf,3389469,ef95e304a2cccdd995d519fe24c3f849c0f9c61e1af85a5b8a4a762d048524bb,1663,2015,특정사안,공공부문의 불공정 관행 특별점검,pdf_conv
S03495,감사원,BAI_CONV,20150216_[기관정기]_기획재정부 기관운영감사_1664.pdf,.pdf,2252439,fa5ab9c7caccdf1d22127786a8494b869a17ac71e21a158c76d9ad3deba99c13,1664,2015,기관정기,기획재정부 기관운영감사,pdf_conv
S03496,감사원,BAI_CONV,20150216_[기관정기]_대한지적공사 기관운영감사_1665.pdf,.pdf,1729369,0e0b6ae54ecd42706d0b7d438652a7691c5f815bc77e16bc42f8c57762584a51,1665,2015,기관정기,대한지적공사 기관운영감사,pdf_conv
S03497,감사원,BAI_CONV,20150224_[기관정기]_대구광역시 및 달서구 기관운영감사_1667.pdf,.pdf,3204269,4573730546eb45baf1a2b4f1c583c4533dcec15c4bf6ee2d80954e7cac0f23ff,1667,2015,기관정기,대구광역시 및 달서구 기관운영감사,pdf_conv
S03498,감사원,BAI_CONV,"20150225_[특정사안]_인천송도 6,8공구 개별공시지가 결정 관련 감사청구_1668.pdf",.pdf,1022632,9fd472684477d28cf1ff1fd698b75b6542a472ebdbd77738a91e9c1b7a850da6,1668,2015,특정사안,"인천송도 6,8공구 개별공시지가 결정 관련 감사청구",pdf_conv
S03499,감사원,BAI_CONV,20150226_[기관정기]_국토연구원 기관운영감사_1671.pdf,.pdf,1367916,50940fd0e452b1d6615da9de0f62e8b244a9c6de597a68bd1aa2f651f1441540,1671,2015,기관정기,국토연구원 기관운영감사,pdf_conv
S03500,감사원,BAI_CONV,20150226_[특정사안]_인천국제공항 운영실태(별도)_1670.pdf,.pdf,1239571,9ba36a8225922223a1183f86447b45210a483a22c300cc9bdb0920c161f9ae48,1670,2015,특정사안,인천국제공항 운영실태(별도),pdf_conv
S03501,감사원,BAI_CONV,20150302_[기관정기]_한국산업기술진흥원 기관운영감사_1673.pdf,.pdf,2072549,c6d18a425333693546a4e93858a61e710c49183f9b0287306c089ed5f31ca9af,1673,2015,기관정기,한국산업기술진흥원 기관운영감사,pdf_conv
S03502,감사원,BAI_CONV,20150303_[특정사안]_공적개발원조사업(ODA) 추진실태_1674.pdf,.pdf,8115373,7db64c1715806acfa03a767f21843bae67726946864d038c2a6b8492b6d3194b,1674,2015,특정사안,공적개발원조사업(ODA) 추진실태,pdf_conv
S03503,감사원,BAI_CONV,20150304_[특정사안]_콘텐츠 지원사업 추진실태_1676.pdf,.pdf,3203201,c2de42c48a6f6bc30014c9e755dabc3fcabeda553a9e7a1e65dbc32ee2534951,1676,2015,특정사안,콘텐츠 지원사업 추진실태,pdf_conv
S03504,감사원,BAI_CONV,20150305_[특정사안]_경제자유구역사업특별회계 재산 부당 전용 관련 감사청구_1678.pdf,.pdf,724634,773ae800f5a968708bf3dac8113e3566f44ad2c8eb8d50f098f36299b4b288ce,1678,2015,특정사안,경제자유구역사업특별회계 재산 부당 전용 관련 감사청구,pdf_conv
S03505,감사원,BAI_CONV,20150305_[특정사안]_선거철 취약시기 공직기강 특별점검_1677.pdf,.pdf,9822976,8fe55dc098f4250c813e34b6386a59a078976f87dabb0a9d45b6b471f8e74f0c,1677,2015,특정사안,선거철 취약시기 공직기강 특별점검,pdf_conv
S03506,감사원,BAI_CONV,20150309_[기관정기]_한국감정원 및 제주국제자유도시개발센터 기관운영감사_1680.pdf,.pdf,3387127,6c814bbb4e31890595aa6a3783bab65da733b6140c7ef1accc719e611e82a543,1680,2015,기관정기,한국감정원 및 제주국제자유도시개발센터 기관운영감사,pdf_conv
S03507,감사원,BAI_CONV,20150309_[특정사안]_과학기술 ICT 진흥사업 연구비 집행 실태_1679.pdf,.pdf,10116611,2eab2187d35d44951b82e8009901211d1ff68163dda510cff20f8b0ee6c842ec,1679,2015,특정사안,과학기술 ICT 진흥사업 연구비 집행 실태,pdf_conv
S03508,감사원,BAI_CONV,20150310_[특정사안]_건강보험 등 사회보험 운영실태_1681.pdf,.pdf,8442036,1ed2ad5f8319b7ea8e1ea4e50870aac6a5700fa325b2e6afc875fd80f428e705,1681,2015,특정사안,건강보험 등 사회보험 운영실태,pdf_conv
S03509,감사원,BAI_CONV,20150312_[기관정기]_식품의약품안전처 기관운영감사_1682.pdf,.pdf,2402744,7105d983023adcb9c23acc594009581415adbacdd4ee1de01d9129fb84f1571a,1682,2015,기관정기,식품의약품안전처 기관운영감사,pdf_conv
S03510,감사원,BAI_CONV,"20150316_[특정사안]_계약, 인사 등 취약분야 기동 감찰_1684.pdf",.pdf,2168009,5c0220d9c316b0ae9973dbbf460cf10f88d659b4c5ea5f9b0a4d1fcae4ea8958,1684,2015,특정사안,"계약, 인사 등 취약분야 기동 감찰",pdf_conv
S03511,감사원,BAI_CONV,20150316_[특정사안]_국민연금 운용 및 경영관리실태_1683.pdf,.pdf,5084400,d64be54839f6f1e4b79b0a33b69cb3a3e2a9c9147190d305db782ead2c167c2b,1683,2015,특정사안,국민연금 운용 및 경영관리실태,pdf_conv
S03512,감사원,BAI_CONV,20150318_[특정사안]_재난·재해기금 운영 실태(국회요구)_1686.pdf,.pdf,6355716,268309a7f3071816fbda5e7ec4fe9bf82121f25072515a3212255bf1bcb651bc,1686,2015,특정사안,재난·재해기금 운영 실태(국회요구),pdf_conv
S03513,감사원,BAI_CONV,20150319_[특정사안]_재정지원 일자리사업 추진실태_1687.pdf,.pdf,3990202,77ba59db2ea1a7056e22bc0e5716a502523fa4c67519ebe5c29535885bfe9a8e,1687,2015,특정사안,재정지원 일자리사업 추진실태,pdf_conv
S03514,감사원,BAI_CONV,"20150323_[특정사안]_지방자치단체 출자, 출연기관 운영실태_1688.pdf",.pdf,4760412,506989cad39852b77eb260465591572e269c26b0bcb9d39bb35309d621bd3ff4,1688,2015,특정사안,"지방자치단체 출자, 출연기관 운영실태",pdf_conv
S03515,감사원,BAI_CONV,20150326_[기관정기]_환경부 기관운영감사_1690.pdf,.pdf,5928748,40839885fdd00e92e6082151d06a50b4e6a759103dead2395faa0de22ea420da,1690,2015,기관정기,환경부 기관운영감사,pdf_conv
S03516,감사원,BAI_CONV,20150326_[특정사안]_세무대리 등 납세협력제도 운용실태_1691.pdf,.pdf,4348414,5d5c514847e8c25aad1dbed88b856566eb489403a211971bac87e371cffbc57f,1691,2015,특정사안,세무대리 등 납세협력제도 운용실태,pdf_conv
S03517,감사원,BAI_CONV,20150330_[특정사안]_축산물 안전관리실태_1692.pdf,.pdf,6566259,4f8e2079e6e92e3332f84772432906e953fc5f0fe7aaa089712147c34905ccee,1692,2015,특정사안,축산물 안전관리실태,pdf_conv
S03518,감사원,BAI_CONV,20150331_[기관정기]_한국농수산식품유통공사 기관운영감사_1693.pdf,.pdf,2258584,4c3356c1db8ecbf504c5db8decd39e69f25589b1da0e04ce0d74f234ee967314,1693,2015,기관정기,한국농수산식품유통공사 기관운영감사,pdf_conv
S03519,감사원,BAI_CONV,20150402_[기관정기]_한국임업진흥원 등 2개 기관 기관운영감사_1694.pdf,.pdf,3072762,19602613385fb1775988f4478543c40123d71043f1e4937ad7e21cfce1fcfbe7,1694,2015,기관정기,한국임업진흥원 등 2개 기관 기관운영감사,pdf_conv
S03520,감사원,BAI_CONV,20150406_[기관정기]_법무부 기관운영감사_1695.pdf,.pdf,3002406,0c922ad21ba3e500eb3cdc1b6806882cb1a73ee2de62583a120e46a5eb05f060,1695,2015,기관정기,법무부 기관운영감사,pdf_conv
S03521,감사원,BAI_CONV,20150408_[특정사안]_서울지하철 건설 안전 및 품질 관리실태_1696.pdf,.pdf,4699425,3b76410724b1d515a33063c76d1fcf97286d540adc4a6f1a0dba9fd710732a72,1696,2015,특정사안,서울지하철 건설 안전 및 품질 관리실태,pdf_conv
S03522,감사원,BAI_CONV,20150408_[특정사안]_호남 및 수도권 고속철도 건설사업 추진실태_1697.pdf,.pdf,7340199,8ee41e966882430c361e38e10231095fa925f9e96ceb8464de2e4944a61aedf7,1697,2015,특정사안,호남 및 수도권 고속철도 건설사업 추진실태,pdf_conv
S03523,감사원,BAI_CONV,20150410_[기관정기]_경찰청 기관운영감사_1698.pdf,.pdf,5047716,abed59010143ea5e32ce91e770ef5e3de6e5d248e97c39b1389e31fd1f75b81d,1698,2015,기관정기,경찰청 기관운영감사,pdf_conv
S03524,감사원,BAI_CONV,"20150413_[기타기타]_재심의판정(영암군, 선금급 채권확보업무 부당처리 관련)에 따른 서면감사_1700.pdf",.pdf,1175658,c56034751fc681907733146d6123c530b6e6430b493eaf2518156be0f3138246,1700,2015,기타기타,"재심의판정(영암군, 선금급 채권확보업무 부당처리 관련)에 따른 서면감사",pdf_conv
S03525,감사원,BAI_CONV,20150413_[성과]_산업인력 양성 교육시책 추진실태_1699.pdf,.pdf,6647350,83b6f33d5cdced59ffd127e13c26fe6d827106c42fde4199837cc4409ab7fda5,1699,2015,성과,산업인력 양성 교육시책 추진실태,pdf_conv
S03526,감사원,BAI_CONV,20150414_[성과]_의료서비스 관리실태_1701.pdf,.pdf,7317754,18b3f427b24b85405c409f9ec52a563b143c446faf860890ce1f7674c7c1abec,1701,2015,성과,의료서비스 관리실태,pdf_conv
S03527,감사원,BAI_CONV,20150420_[특정사안]_화력발전소 건설사업 추진실태_1703.pdf,.pdf,3105963,eec9516f84b5ad4e5d3d4b42dfd0cd0eb1660ebe7b3fec63c44ec9b0188f013b,1703,2015,특정사안,화력발전소 건설사업 추진실태,pdf_conv
S03528,감사원,BAI_CONV,20150421_[특정사안]_대한체육회의 관리직 성과연봉 지급 부적정 등 관련 감사청구_1705.pdf,.pdf,714268,8401eaf748fd24aa06e66b8b64435bd9f2779f67b724b95baf5b68a17ce9d1b9,1705,2015,특정사안,대한체육회의 관리직 성과연봉 지급 부적정 등 관련 감사청구,pdf_conv
S03529,감사원,BAI_CONV,20150423_[기관정기]_금융감독원 기관운영감사_1707.pdf,.pdf,5017037,f460e5a20b374f03ddb38d8ae6fcd9a2f9db57a3f6854f34d875b9c73304f5c8,1707,2015,기관정기,금융감독원 기관운영감사,pdf_conv
S03530,감사원,BAI_CONV,20150423_[특정사안]_일반국도 등 도로건설사업 추진 실태_1706.pdf,.pdf,46185597,f009024e44757e2ab282091c18f9d725e6e5cbbc0e127df884068582ab5e9791,1706,2015,특정사안,일반국도 등 도로건설사업 추진 실태,pdf_conv
S03531,감사원,BAI_CONV,20150428_[기관정기]_문화체육관광부 기관운영감사_1708.pdf,.pdf,2813667,ed9aec2730ba62026bf800d8d8d7a47ec474a5150bb025091824b280cbcaf12f,1708,2015,기관정기,문화체육관광부 기관운영감사,pdf_conv
S03532,감사원,BAI_CONV,20150430_[기관정기]_제주특별자치도 기관운영감사_1709.pdf,.pdf,3890796,a3a3afbb713be7a77eb4cf98c65581132d55f0f7f96906c1fb5cc6c431002a25,1709,2015,기관정기,제주특별자치도 기관운영감사,pdf_conv
S03533,감사원,BAI_CONV,"20150506_[기관정기]_서울특별시, 강서구, 서초구 기관운영감사_1710.pdf",.pdf,14623263,8b750a79c1339992320f492121602c25ec96d41f676689342d89feb2abc34b0a,1710,2015,기관정기,"서울특별시, 강서구, 서초구 기관운영감사",pdf_conv
S03534,감사원,BAI_CONV,20150506_[특정사안]_서울시 도로 등 건설사업 추진실태_1711.pdf,.pdf,58436222,c0875b08d138e79568fc16a18e04ec700a8bc1eeb4a62fe1af4801d2928161ba,1711,2015,특정사안,서울시 도로 등 건설사업 추진실태,pdf_conv
S03535,감사원,BAI_CONV,20150507_[특정사안]_재외공관 및 외교부 본부 운영실태_1712.pdf,.pdf,4551028,e034180682b3cbe99106ac6723037fece1a562acce0c2a470da81fe7d6e54e74,1712,2015,특정사안,재외공관 및 외교부 본부 운영실태,pdf_conv
S03536,감사원,BAI_CONV,"20150512_[특정사안]_학교 안전관리(시설, 교육) 실태_1715.pdf",.pdf,8322142,276f3d5c496570a73b296958833719c76769f69a02fd42869abdb9b6a4158026,1715,2015,특정사안,"학교 안전관리(시설, 교육) 실태",pdf_conv
S03537,감사원,BAI_CONV,20150514_[기관정기]_한국농어촌공사 기관운영감사_1716.pdf,.pdf,4187675,c11278f683e2077ea0a190f776e2f0797a0231e69f43c4b168e02f74e938f5a3,1716,2015,기관정기,한국농어촌공사 기관운영감사,pdf_conv
S03538,감사원,BAI_CONV,20150520_[특정사안]_광해방지사업 추진실태_1719.pdf,.pdf,5863157,c4121d62dcf3956aa35a656dc14778a2e3177aafa05f1787a90a24ab47a2ea14,1719,2015,특정사안,광해방지사업 추진실태,pdf_conv
S03539,감사원,BAI_CONV,20150521_[기관정기]_산림청 기관운영감사_1720.pdf,.pdf,2206189,2914d3d5cfb4eb4045f979f1eb00b1f692684ac9d8497b25d010ae338026a151,1720,2015,기관정기,산림청 기관운영감사,pdf_conv
S03540,감사원,BAI_CONV,20150526_[특정사안]_국가 R&D 참여연구원 관리실태_1721.pdf,.pdf,7133207,2f4805a4e1718887e98597a4597892d8275f2b009e9f2b503079a42367920387,1721,2015,특정사안,국가 R&D 참여연구원 관리실태,pdf_conv
S03541,감사원,BAI_CONV,"20150527_[기관정기]_김포시, 양주시, 구리시 기관운영감사_2100.pdf",.pdf,4186303,2a59ad167ac51673e5b5f998711acfb8193b19fc03043870e5dde634efe80e1f,2100,2015,기관정기,"김포시, 양주시, 구리시 기관운영감사",pdf_conv
S03542,감사원,BAI_CONV,20150528_[기관정기]_대전지방국세청 기관운영감사_1722.pdf,.pdf,2947496,6ad82ae75a8471cf1ef3bacf94ef73b8e8c64ca0f1e1bd3ae63210399af247e4,1722,2015,기관정기,대전지방국세청 기관운영감사,pdf_conv
S03543,감사원,BAI_CONV,20150529_[기관정기]_국토교통부 기관운영감사(우선처리)_1741.pdf,.pdf,858153,74be1f02cc7747feca69fa491b4f33eaed875c149de21b847fae6b77637e2b83,1741,2015,기관정기,국토교통부 기관운영감사(우선처리),pdf_conv
S03544,감사원,BAI_CONV,20150529_[재무]_감사원 재무감사_1740.pdf,.pdf,1014540,3fb5dfc24f890544bef45f33f70851ac822f8ae80f0f32fbd24995e723530ea5,1740,2015,재무,감사원 재무감사,pdf_conv
S03545,감사원,BAI_CONV,20150529_[재무]_고용노동부 외 2개 기관 재무감사_1732.pdf,.pdf,1764222,e4f5a7b8c78bd4c301ba56ab721254dfed1d9cf142b38ba3dce4d55d67c01d5d,1732,2015,재무,고용노동부 외 2개 기관 재무감사,pdf_conv
S03546,감사원,BAI_CONV,20150529_[재무]_교육부 재무감사_1734.pdf,.pdf,1559183,5df80626691cb3a6e729281177e5de66a1d2df75e6eefc92689f5f2b051ae150,1734,2015,재무,교육부 재무감사,pdf_conv
S03547,감사원,BAI_CONV,20150529_[재무]_국방부 등 3개 기관 재무감사_1739.pdf,.pdf,1151547,a634de3525c625c707e39b2140de75b43202666ff7b9895b6c2f64933055b49b,1739,2015,재무,국방부 등 3개 기관 재무감사,pdf_conv
S03548,감사원,BAI_CONV,20150529_[재무]_국세청 재무감사_1725.pdf,.pdf,1319799,ead7714f8f135a5576f2036d00048fe6737b559166e96ecb8dc191b2117fee63,1725,2015,재무,국세청 재무감사,pdf_conv
S03549,감사원,BAI_CONV,20150529_[재무]_국회 등 7개 기관 재무감사_1736.pdf,.pdf,2123759,8876c65cf449f45d4f22860f08add75bc02643571f6760ed64a3d17b9ad49f27,1736,2015,재무,국회 등 7개 기관 재무감사,pdf_conv
S03550,감사원,BAI_CONV,20150529_[재무]_금융위원회 재무감사_1728.pdf,.pdf,1935398,68998ab10814616bf0c44717ce108a5bd02948f0dfde5e90079406d2e6d7ddbe,1728,2015,재무,금융위원회 재무감사,pdf_conv
S03551,감사원,BAI_CONV,20150529_[재무]_기획재정부 등 3개 기관 재무감사_1723.pdf,.pdf,1268296,00231ca02eb6384acac21172c8c266680d40ae487f2acca2c5b25ecec6ac3c2f,1723,2015,재무,기획재정부 등 3개 기관 재무감사,pdf_conv
S03552,감사원,BAI_CONV,20150529_[재무]_농림축산식품부 등 2개 기관 재무감사_1727.pdf,.pdf,1447268,415e2715d29b82c689708fb22c59d92da91232fa65ec2e053d450d2fe1bf01d0,1727,2015,재무,농림축산식품부 등 2개 기관 재무감사,pdf_conv
S03553,감사원,BAI_CONV,20150529_[재무]_대통령비서실 등 7개 기관 재무감사_1735.pdf,.pdf,2574861,a2be8b143859d732831a97266bd612dadb2df8f391c32ddaa84307f046e50d89,1735,2015,재무,대통령비서실 등 7개 기관 재무감사,pdf_conv
S03554,감사원,BAI_CONV,20150529_[재무]_문화재청 등 2개 기관 재무감사_1738.pdf,.pdf,1798280,75635475145be54b32c212c7f5f442656da785111a2f2512871e6a3659cca1cf,1738,2015,재무,문화재청 등 2개 기관 재무감사,pdf_conv
S03555,감사원,BAI_CONV,20150529_[재무]_미래창조과학부 등 3개 기관 재무감사_1724.pdf,.pdf,1744922,a30b9bf97e5dbf539a6d45ac291a05f0ac04faae5c3cef7db726555e0c7c929e,1724,2015,재무,미래창조과학부 등 3개 기관 재무감사,pdf_conv
S03556,감사원,BAI_CONV,20150529_[재무]_보건복지부 재무감사_1731.pdf,.pdf,1359976,a8fd598eff8a0202347ffa804f4672afef8a55d7db0239df1719c90b95e52dda,1731,2015,재무,보건복지부 재무감사,pdf_conv
S03557,감사원,BAI_CONV,20150529_[재무]_산업통상자원부 등 3개 기관 재무감사_1726.pdf,.pdf,2111350,6efa7bf1106b7f106665853b4b678892c65bd910207ed888aefb9966abebb955,1726,2015,재무,산업통상자원부 등 3개 기관 재무감사,pdf_conv
S03558,감사원,BAI_CONV,20150529_[재무]_식품의약품안전처 재무감사_1733.pdf,.pdf,1320456,23267a5b9806de4ca5496ac4194d9d35353845c67ed193ca1a77997a0462c246,1733,2015,재무,식품의약품안전처 재무감사,pdf_conv
S03559,감사원,BAI_CONV,20150529_[재무]_외교부 등 7개 기관 재무감사_1737.pdf,.pdf,1637635,9fc25cb2da7c4856ef82d9d21389b0be2c034a240b16a3c8fe233a80017d7d9f,1737,2015,재무,외교부 등 7개 기관 재무감사,pdf_conv
S03560,감사원,BAI_CONV,20150529_[재무]_행정중심복합도시건설청 등 2개 기관 재무감사_1729.pdf,.pdf,1075162,b19166e15d2daa5ac59c61f7d945e301ee21cdb154d4adcb77f89fd587da23fc,1729,2015,재무,행정중심복합도시건설청 등 2개 기관 재무감사,pdf_conv
S03561,감사원,BAI_CONV,"20150529_[재무]_환경부, 해양수산부, 기상청 재무감사_1730.pdf",.pdf,1335982,f37334e6429370c6c56aac2edbc4a669c8fdaa93f34b5192dc7b6854eef72aa9,1730,2015,재무,"환경부, 해양수산부, 기상청 재무감사",pdf_conv
S03562,감사원,BAI_CONV,20150601_[특정사안]_전력지원 공공기관 경영관리 실태(한국전력기술 등 4개 한전 비발전자회사)_1742.pdf,.pdf,5783172,3bc9cb0eadf26f4df72dd524f649fd7385b16afb663e79ffba38b15f80964e2a,1742,2015,특정사안,전력지원 공공기관 경영관리 실태(한국전력기술 등 4개 한전 비발전자회사),pdf_conv
S03563,감사원,BAI_CONV,20150602_[특정사안]_국가 주요 정보화사업 추진 및 관리실태_1743.pdf,.pdf,14641863,7057aff6c687d6c1acb0356132068264ff85daebaacd533fd98bc7c60ee9376d,1743,2015,특정사안,국가 주요 정보화사업 추진 및 관리실태,pdf_conv
S03564,감사원,BAI_CONV,20150609_[특정사안]_계약 등 취약분야 공직기강 특별점검_1745.pdf,.pdf,3139009,da62b029852a23132f72e747a9f4ec48a9688b76a4b6cb0de5cb7c1f5317508c,1745,2015,특정사안,계약 등 취약분야 공직기강 특별점검,pdf_conv
S03565,감사원,BAI_CONV,20150610_[기관정기]_통계청 기관운영감사_1746.pdf,.pdf,2088253,68704310ecb048e6fd9b1fff39655cfc2a7a3bc1f47e8afb450df7885312fb5e,1746,2015,기관정기,통계청 기관운영감사,pdf_conv
S03566,감사원,BAI_CONV,20150611_[특정사안]_국가공간정보체계 구축 및 운용실태_1748.pdf,.pdf,9782045,a7e7aa671dce7694962a698cd8cddc4ab0bdd25b2616c45e717ac4c3b18e64fa,1748,2015,특정사안,국가공간정보체계 구축 및 운용실태,pdf_conv
S03567,감사원,BAI_CONV,20150616_[특정사안]_국가사무의 민간위탁 업무 관리실태_1749.pdf,.pdf,6771978,6195957dd0e4a7ff4d5f2e68e1beef999ec79fe2f9cf480477da6129a814ab7f,1749,2015,특정사안,국가사무의 민간위탁 업무 관리실태,pdf_conv
S03568,감사원,BAI_CONV,20150617_[기관정기]_강원도 및 원주시 기관운영감사_1751.pdf,.pdf,3100920,03799848fe0d0560a007a7148b2a2f641fb975319dd0821ad01a13f5a3d0bcf6,1751,2015,기관정기,강원도 및 원주시 기관운영감사,pdf_conv
S03569,감사원,BAI_CONV,"20150618_[기관정기]_인천광역시,강화군 기관운영감사_1752.pdf",.pdf,2665646,a2daf1a064d2ce4ecd441c4b3b39144abb0dd99248ae687b7d5acb3773e08429,1752,2015,기관정기,"인천광역시,강화군 기관운영감사",pdf_conv
S03570,감사원,BAI_CONV,20150623_[특정사안]_투자활성화 대책 추진실태_1753.pdf,.pdf,7534347,4f38a63917311d33903b4b35a554dc3fb39353342a05e2dd8f8f4443bfc0c2d5,1753,2015,특정사안,투자활성화 대책 추진실태,pdf_conv
S03571,감사원,BAI_CONV,20150629_[특정사안]_납세조합 지도감독 실태_1755.pdf,.pdf,3124740,59467a13bc3a4852cf6a4e83bf7c109dc93a71500dfddec6d89969c350e0b8e3,1755,2015,특정사안,납세조합 지도감독 실태,pdf_conv
S03572,감사원,BAI_CONV,20150630_[기타손망실]_토지보상금 공탁업무 관련 서면감사_1757.pdf,.pdf,891011,f93855b4350d41e5fde079ea1866120aeacec2d17c622947c4151c3bb0945aa8,1757,2015,기타손망실,토지보상금 공탁업무 관련 서면감사,pdf_conv
S03573,감사원,BAI_CONV,20150630_[특정사안]_화성동탄(2) 신도시 개발사업 추진실태_1756.pdf,.pdf,17906678,f2e55d3f28e5c1018f57eb1a118302cdcbe84b45b61006d5027a70a45eacae54,1756,2015,특정사안,화성동탄(2) 신도시 개발사업 추진실태,pdf_conv
S03574,감사원,BAI_CONV,20150702_[특정사안]_국방연구개발 추진실태_1758.pdf,.pdf,50899808,d307ef74cca41171543ecb7e5bec37289cfeac779e0fbfaa7158f2ee7336bdae,1758,2015,특정사안,국방연구개발 추진실태,pdf_conv
S03575,감사원,BAI_CONV,20150706_[기관정기]_국립공원관리공단 및 수도권매립지관리공사 기관운영감사_1759.pdf,.pdf,5299373,4cc937a7b2a3a0dffa418f6519e3db24d0da3520ceb065eb3c852440c2c9298d,1759,2015,기관정기,국립공원관리공단 및 수도권매립지관리공사 기관운영감사,pdf_conv
S03576,감사원,BAI_CONV,20150707_[특정사안]_○○ 전국마라톤대회 대행사 담합 등 관련 감사청구_1761.pdf,.pdf,1006398,ef3cd0749bc0fc155db09acc88fc60b1c8ec9bd09803063cf3c74f7b8ba71a29,1761,2015,특정사안,○○ 전국마라톤대회 대행사 담합 등 관련 감사청구,pdf_conv
S03577,감사원,BAI_CONV,20150707_[특정사안]_○○대 기숙사 건립 관련 감사청구_1760.pdf,.pdf,1108299,8718ededf3874102438f3a77019c7162f2ca777faf048107aee7a562ea51b6ad,1760,2015,특정사안,○○대 기숙사 건립 관련 감사청구,pdf_conv
S03578,감사원,BAI_CONV,20150708_[특정사안]_복지사업 재정지원 실태(교육분야)_1764.pdf,.pdf,2796663,c5c7485f992e02e3dc64cf17e7a26731536febaadab1fe4b67d3be62940528b0,1764,2015,특정사안,복지사업 재정지원 실태(교육분야),pdf_conv
S03579,감사원,BAI_CONV,20150708_[특정사안]_복지사업 재정지원 실태(복지분야)_1762.pdf,.pdf,4881659,b874dc825664cf819cbd46a1366e89e75dd05ba9322e100b7cd96f125205feb4,1762,2015,특정사안,복지사업 재정지원 실태(복지분야),pdf_conv
S03580,감사원,BAI_CONV,20150709_[특정사안]_농림수산업자신용보증기금 보증지원 실태_1765.pdf,.pdf,2116495,f5488fa3e64ee8e94dcd97ac9d3fed61e36f391a749c16ee8e6cc5778cf819b6,1765,2015,특정사안,농림수산업자신용보증기금 보증지원 실태,pdf_conv
S03581,감사원,BAI_CONV,20150715_[특정사안]_서울보증보험(주)의 주요보증보험 심사 및 사후관리 실태_1767.pdf,.pdf,2134339,505ec769bdb2c1c266b66dc088ac75123be934978829f167de6f9b5e9546ab6b,1767,2015,특정사안,서울보증보험(주)의 주요보증보험 심사 및 사후관리 실태,pdf_conv
S03582,감사원,BAI_CONV,20150716_[특정사안]_금융유관기관 공적업무 수행 및 감독실태_1768.pdf,.pdf,3359284,204c80f66451a7e3b9c8f45f22b6849566904217ccd3b4047cdccbe5b916db31,1768,2015,특정사안,금융유관기관 공적업무 수행 및 감독실태,pdf_conv
S03583,감사원,BAI_CONV,20150722_[특정사안]_자체감사기구 운영실태_1769.pdf,.pdf,4935673,d72812a11264847c78eab3378c798a60c185df8a5a0c88ff3efbada33b243034,1769,2015,특정사안,자체감사기구 운영실태,pdf_conv
S03584,감사원,BAI_CONV,20150723_[특정사안]_한국가스공사 예선사업 관리실태_1770.pdf,.pdf,3639319,d91f0d14b90bc6b5ff3ce03e691946a47049d8b63cd1f5053ae0337fa2c7c414,1770,2015,특정사안,한국가스공사 예선사업 관리실태,pdf_conv
S03585,감사원,BAI_CONV,20150723_[특정사안]_한전산업개발(주) 경영관리실태_1771.pdf,.pdf,3285398,cf8d5b0d046e0571a4260aaa4c817d5ac63c8138a3df57b03e89f2ff8fa426b7,1771,2015,특정사안,한전산업개발(주) 경영관리실태,pdf_conv
S03586,감사원,BAI_CONV,20150727_[기관정기]_광주지방국세청 기관운영감사_1772.pdf,.pdf,4310312,89c20843c8e6f2379f66f77b821472c4ed816061115bf72b80524823781b5119,1772,2015,기관정기,광주지방국세청 기관운영감사,pdf_conv
S03587,감사원,BAI_CONV,20150728_[특정사안]_학교교육정상화시책 추진실태_1773.pdf,.pdf,2908412,5a5917ea377e2c6e91b008f92f170e6d56057be71b7ff118ac950b313dc4144a,1773,2015,특정사안,학교교육정상화시책 추진실태,pdf_conv
S03588,감사원,BAI_CONV,20150729_[특정사안]_질병관리본부 유전체사업 등 연구사업 추진실태_1775.pdf,.pdf,6043192,519d62455a3eb24608683d9eaf3f50716b60653dfb910451631775255c563b0a,1775,2015,특정사안,질병관리본부 유전체사업 등 연구사업 추진실태,pdf_conv
S03589,감사원,BAI_CONV,20150729_[특정사안]_천연물신약 연구개발 실태_1774.pdf,.pdf,2837221,b5baf0df5bc3264cb87a128365d8dda1cd273c79d4a580d41a7ee87bbda8a418,1774,2015,특정사안,천연물신약 연구개발 실태,pdf_conv
S03590,감사원,BAI_CONV,20150805_[특정사안]_소극적 업무처리 및 국민부담 유발행위 점검_1778.pdf,.pdf,10539281,13bde7f0d6cd7f34095c9f538320739b397b207262d18fcfe7af7b3780e0a4d5,1778,2015,특정사안,소극적 업무처리 및 국민부담 유발행위 점검,pdf_conv
S03591,감사원,BAI_CONV,20150806_[특정사안]_중소기업 R&D 지원실태_1779.pdf,.pdf,7625584,6a6f799960780e26e680826fa0c97e63e842318a0a14e8ef5fa09fe48ac895b2,1779,2015,특정사안,중소기업 R&D 지원실태,pdf_conv
S03592,감사원,BAI_CONV,20150812_[특정사안]_학교시설 건설사업 추진실태_1780.pdf,.pdf,10743304,d0e042ae2305c2883b50f60ec4dc111812cffb35af60b3a3b139cda221859a71,1780,2015,특정사안,학교시설 건설사업 추진실태,pdf_conv
S03593,감사원,BAI_CONV,"20150819_[기관정기]_인천,포항지방해양수산청 기관운영감사_1781.pdf",.pdf,3644159,e8a25deb0eb806a377f8e51a7a687fb952f91f52b9abed978a349bac482609c5,1781,2015,기관정기,"인천,포항지방해양수산청 기관운영감사",pdf_conv
S03594,감사원,BAI_CONV,"20150825_[특정사안]_공공기관 계약관리실태(건설, 물류)_1783.pdf",.pdf,6524099,3e59853074e831fb7ee8316381d04a314f7038ad11f8b99db89eecf3eb11e242,1783,2015,특정사안,"공공기관 계약관리실태(건설, 물류)",pdf_conv
S03595,감사원,BAI_CONV,20150827_[특정사안]_금정산성 다목적광장 조성사업 추진 관련 감사청구_1785.pdf,.pdf,917528,7d717c00ee341dec1945e1f47e7a97d891dc7dba8ca93c86e864827a37c03d1a,1785,2015,특정사안,금정산성 다목적광장 조성사업 추진 관련 감사청구,pdf_conv
S03596,감사원,BAI_CONV,20150827_[특정사안]_긴급출동구조체계 구축운영실태_1784.pdf,.pdf,9976622,4f10a0f099ba411bf09852e7137fbd8fc58a16583286bd6fdbb561297bbbc9f2,1784,2015,특정사안,긴급출동구조체계 구축운영실태,pdf_conv
S03597,감사원,BAI_CONV,20150907_[특정사안]_무형문화재 전승활동 지원실태_1790.pdf,.pdf,3684280,4995a07815b0458737a7f375b1407808185e0aa777a3e3bfaa5a9dc479be08fc,1790,2015,특정사안,무형문화재 전승활동 지원실태,pdf_conv
S03598,감사원,BAI_CONV,"20150908_[특정사안]_전문생산기술연구소에 대한 산업통상자원부, 국세청의 관리감독 관련 감사청구_1791.pdf",.pdf,941698,7ac54f13300fd698ac3934658e044a96f8db1dc16d290d685fb21cc7183a386a,1791,2015,특정사안,"전문생산기술연구소에 대한 산업통상자원부, 국세청의 관리감독 관련 감사청구",pdf_conv
S03599,감사원,BAI_CONV,20150916_[기관정기]_강원도 및 원주시 기관운영감사(별도처리)_1793.pdf,.pdf,1178055,550fe7c72b2bd628a119c57291adb944814e819d3eac60805581ce8e2596ea36,1793,2015,기관정기,강원도 및 원주시 기관운영감사(별도처리),pdf_conv
S03600,감사원,BAI_CONV,"20150922_[기관정기]_인천광역시, 강화군 기관운영감사(재부의)_1794.pdf",.pdf,685621,f81999e50e29090708eac97b089ab65a3d375ab1cea8750344b7f9418242ef5b,1794,2015,기관정기,"인천광역시, 강화군 기관운영감사(재부의)",pdf_conv
S03601,감사원,BAI_CONV,20150923_[특정사안]_송파관광정보센터 건립 예산낭비 등 관련 감사청구_1795.pdf,.pdf,948740,f147e3d45a106c3122751553ffc68b66074bd67ed665488b0396da0a47441a1f,1795,2015,특정사안,송파관광정보센터 건립 예산낭비 등 관련 감사청구,pdf_conv
S03602,감사원,BAI_CONV,20151001_[기타손망실]_공사 선금급 관련 변상판정청구_1796.pdf,.pdf,1124113,a07c64f954f93ea605187d3d95f3bbc3e3e9074aad3c44abe783340d4f9da02e,1796,2015,기타손망실,공사 선금급 관련 변상판정청구,pdf_conv
S03603,감사원,BAI_CONV,20151006_[기타손망실]_변상판정 청구사항 서면감사_1797.pdf,.pdf,1518576,847c2a70c935de466cef64036708722ae6d2e90d5c11d5f991288080e9dff824,1797,2015,기타손망실,변상판정 청구사항 서면감사,pdf_conv
S03604,감사원,BAI_CONV,20151012_[특정사안]_무기체계 등 방산비리 기동점검(1차)_1799.pdf,.pdf,3707277,cdc4eaf674ad37350952f18b2a74278170f2464fe3675614d3be011c37abd293,1799,2015,특정사안,무기체계 등 방산비리 기동점검(1차),pdf_conv
S03605,감사원,BAI_CONV,20151012_[특정사안]_취약분야 방산비리 기동점검_1798.pdf,.pdf,2070804,4e089850cd3f99d7e4914d638e494287b00aa29460ad1b1d88d63ed41287d431,1798,2015,특정사안,취약분야 방산비리 기동점검,pdf_conv
S03606,감사원,BAI_CONV,20151013_[특정사안]_외국인 출입국 등 관리실태_1801.pdf,.pdf,3220529,d88b1cf3e609662b3384e1028d5e8a7dee14a1cb5d3ca840ec7f9f43155475db,1801,2015,특정사안,외국인 출입국 등 관리실태,pdf_conv
S03607,감사원,BAI_CONV,20151015_[특정사안]_지방자치단체 건설사업 타당성 등 점검_1802.pdf,.pdf,23766557,47bcd67f11bbe51c6da4b0a0c698274ea9357518b7719fcd8afee5366eab7a7e,1802,2015,특정사안,지방자치단체 건설사업 타당성 등 점검,pdf_conv
S03608,감사원,BAI_CONV,20151019_[특정사안]_지방자치단체 재정운영실태(우선처리)_1803.pdf,.pdf,989594,b361ef52408b75b3f4e1843a5e8248291c8e8ed50e17587c758507ebc95283ee,1803,2015,특정사안,지방자치단체 재정운영실태(우선처리),pdf_conv
S03609,감사원,BAI_CONV,20151020_[특정사안]_지방자치단체 등 기동점검_1804.pdf,.pdf,3469185,a8081128fe6bdca6972fd3ac12373e051d5016e8b748927be4012ac816b181d8,1804,2015,특정사안,지방자치단체 등 기동점검,pdf_conv
S03610,감사원,BAI_CONV,20151021_[특정사안]_국고보조금 등 정부지원금 집행실태_1805.pdf,.pdf,10782449,ebda9dcd203a5929be5c04aa6403198ad3941081b45142faf2fa3dc00d9c4c4e,1805,2015,특정사안,국고보조금 등 정부지원금 집행실태,pdf_conv
S03611,감사원,BAI_CONV,20151027_[특정사안]_농식품산업 육성 및 지원 실태_1807.pdf,.pdf,2824174,2a6d1eae8f02ce834e14f6413da32afc5dad967622f07ced7b14f34c272eb19c,1807,2015,특정사안,농식품산업 육성 및 지원 실태,pdf_conv
S03612,감사원,BAI_CONV,20151028_[특정사안]_성공불융자제도 운영실태_1809.pdf,.pdf,3861928,06665c04c1a49dedad438935bd970c834c28ed7874607b1febed035efe61d4b6,1809,2015,특정사안,성공불융자제도 운영실태,pdf_conv
S03613,감사원,BAI_CONV,20151028_[특정사안]_해외자원개발 성공불융자 회수에 관한 사항_1808.pdf,.pdf,2816447,bc1f5290194662b0c8e4fe2043c3bb0723c3523b47feae2c038ffc6eed1748eb,1808,2015,특정사안,해외자원개발 성공불융자 회수에 관한 사항,pdf_conv
S03614,감사원,BAI_CONV,20151029_[특정사안]_해군전력 증강사업 추진실태_1810.pdf,.pdf,4945196,4f7d609902806c467a417239ac41027c6d6c2fc47dbf63cd125b8218b4e5b41f,1810,2015,특정사안,해군전력 증강사업 추진실태,pdf_conv
S03615,감사원,BAI_CONV,20151111_[특정사안]_한국투자공사 운영 실태_1811.pdf,.pdf,7653308,78588dcef0171e3ab95ff3ec667fae69a9c994247d899d83a5106bc6c3432292,1811,2015,특정사안,한국투자공사 운영 실태,pdf_conv
S03616,감사원,BAI_CONV,"20151124_[특정사안]_부산, 울산지역 건설사업 추진실태_1813.pdf",.pdf,4026875,61ea44f40836223f0b7f0dcfd0ac4b4c13a6c05833645009975c2532a8cda457,1813,2015,특정사안,"부산, 울산지역 건설사업 추진실태",pdf_conv
S03617,감사원,BAI_CONV,20151125_[기관정기]_한국공항공사 기관운영감사_1814.pdf,.pdf,3759565,77c2ddda292d0ef51e7b1f933df57389e490cd46c9eb84facf016cd149a06471,1814,2015,기관정기,한국공항공사 기관운영감사,pdf_conv
S03618,감사원,BAI_CONV,20151130_[성과]_해외자원개발사업 성과분석_1815.pdf,.pdf,10240676,022bd39132e0ff41a845ff799f7e6ffe08a942b6dc258bc7a7af8d1af048b2ae,1815,2015,성과,해외자원개발사업 성과분석,pdf_conv
S03619,감사원,BAI_CONV,20151201_[특정사안]_수산업 육성 및 관리실태_1816.pdf,.pdf,23002409,549f1b3e4b6471c622f0c56c65678c0fa78c43c7b2a4012731f889e55b7864f9,1816,2015,특정사안,수산업 육성 및 관리실태,pdf_conv
S03620,감사원,BAI_CONV,20151203_[기관정기]_해양환경관리공단 기관운영감사_1817.pdf,.pdf,4243173,8d05e6eb0106de0a5757212b6f9d59e3cbde3947d844b87a3ef0b57d7455d9bc,1817,2015,기관정기,해양환경관리공단 기관운영감사,pdf_conv
S03621,감사원,BAI_CONV,20151207_[특정사안]_일반철도 건설사업 추진실태_1827.pdf,.pdf,5858428,0d0b949c2146faa8635eab8ec389dcfc893b9995ed39a1eae4b5b8d8e1a5eca7,1827,2015,특정사안,일반철도 건설사업 추진실태,pdf_conv
S03622,감사원,BAI_CONV,20151209_[특정사안]_경제자유구역 지정 운영 실태_1828.pdf,.pdf,5290290,c16379e723dd8cca6ab38a0166f530574633390ad5b165d0c93ab26aa770cbe4,1828,2015,특정사안,경제자유구역 지정 운영 실태,pdf_conv
S03623,감사원,BAI_CONV,20151210_[특정사안]_자본금융거래 과세실태_1829.pdf,.pdf,3520984,000d08bf6a6c3507944b20fb6046ac003bc32eba90f9cc57e78ca578bcf6e73d,1829,2015,특정사안,자본금융거래 과세실태,pdf_conv
S03624,감사원,BAI_CONV,20151214_[기관정기]_대한지방행정공제회 등 4개 공제회 기관운영감사_1830.pdf,.pdf,6455638,f72ac73d74a4d3244bbef9fbb077db7b55e8470aa6ba4ca3a73660f368ee4a4f,1830,2015,기관정기,대한지방행정공제회 등 4개 공제회 기관운영감사,pdf_conv
S03625,감사원,BAI_CONV,20151215_[특정사안]_지방교육청 재정운용 실태(1)_1831.pdf,.pdf,5696071,791c1a885f3672b627ab440bc5b58fe6cbc8d920a1538dcea1e3259ed2de7dcf,1831,2015,특정사안,지방교육청 재정운용 실태(1),pdf_conv
S03626,감사원,BAI_CONV,20151215_[특정사안]_지방교육청 재정운용 실태(2)_1832.pdf,.pdf,3032436,b7f5d8caa0bb7c678a6ac0f333a65626714dd192e8a2bf3c5cc1d97bb74c656a,1832,2015,특정사안,지방교육청 재정운용 실태(2),pdf_conv
S03627,감사원,BAI_CONV,20151215_[특정사안]_지방교육청 재정운용 실태(3)_1833.pdf,.pdf,2705012,42308d6bb71b7d4d670b6e155cd7459925c0a3566362a0543f600b412c882835,1833,2015,특정사안,지방교육청 재정운용 실태(3),pdf_conv
S03628,감사원,BAI_CONV,20151215_[특정사안]_지방교육청 재정운용 실태(4)_1834.pdf,.pdf,12496835,acf76e0cf7f09b287764e482840723c54eb111e237c420f37d9c7b020ee86f70,1834,2015,특정사안,지방교육청 재정운용 실태(4),pdf_conv
S03629,감사원,BAI_CONV,20151215_[특정사안]_지방교육청 재정운용 실태(5)_1835.pdf,.pdf,4757863,b2d4c3e25e0333a2dd4db47a30cec3186979a9326f2f779532b468204b0b9648,1835,2015,특정사안,지방교육청 재정운용 실태(5),pdf_conv
S03630,감사원,BAI_CONV,20151216_[특정사안]_출연·출자금 예산편성 및 관리실태_1836.pdf,.pdf,4904222,54639deefc840b7f06664535499851f46c823d52442e016065db9cb4bdda3002,1836,2015,특정사안,출연·출자금 예산편성 및 관리실태,pdf_conv
S03631,감사원,BAI_CONV,20151217_[특정사안]_금융규제 운영 및 개선실태_1837.pdf,.pdf,6403421,4a5f4141e14a0f514584aca90a314b200b4ff05b008ef4ec02fc4e236d58a879,1837,2015,특정사안,금융규제 운영 및 개선실태,pdf_conv
S03632,감사원,BAI_CONV,20151222_[특정사안]_지방자치단체 재정운영 실태_1840.pdf,.pdf,9197553,3f1f43ede1a928e4570fa42127ea88d36de9e3fd68a151edf9b5e7f90f93d1a3,1840,2015,특정사안,지방자치단체 재정운영 실태,pdf_conv
S03633,감사원,BAI_CONV,20151223_[특정사안]_제주한라대학교 운영 및 지도감독 실태_1841.pdf,.pdf,1940573,0554ab03203bee98692ea920197c345984704477f79de87d2ad92e1c7e1dd970,1841,2015,특정사안,제주한라대학교 운영 및 지도감독 실태,pdf_conv
S03634,감사원,BAI_CONV,20151223_[특정사안]_한민고등학교 설립 지원실태_1842.pdf,.pdf,1469172,41053818c824aade6f1600a83545871fe541eb29f4adfe883e9240e091010976,1842,2015,특정사안,한민고등학교 설립 지원실태,pdf_conv
S03635,감사원,BAI_CONV,20151224_[특정사안]_직무관련 취약분야 비리점검_1844.pdf,.pdf,1673917,a8d56c588be1135df85d847b19e31d705c7d2489bea2f61dd2b96d6db2170589,1844,2015,특정사안,직무관련 취약분야 비리점검,pdf_conv
S03636,감사원,BAI_CONV,20151228_[특정사안]_도시지역 침수예방 및 복구사업 추진실태_1845.pdf,.pdf,7977743,a75b94d1728f20eb22e473b198b9ce287502b0c6b7583a58667878417c43a2b6,1845,2015,특정사안,도시지역 침수예방 및 복구사업 추진실태,pdf_conv
S03637,감사원,BAI_CONV,20151229_[특정사안]_취약 세무분야 관리실태_1846.pdf,.pdf,2459529,a34a828728b2198baa064004f1f0fd236e9ace3437a48f954a7626d90aad3f56,1846,2015,특정사안,취약 세무분야 관리실태,pdf_conv
S03638,감사원,BAI_CONV,20151230_[기관정기]_경기도 기관운영감사_1847.pdf,.pdf,3249840,4682e368bc7c91decf8e9e2ee0b894fc10911e912d0a4f7b8320c02709f2bed0,1847,2015,기관정기,경기도 기관운영감사,pdf_conv
S03639,감사원,BAI_CONV,20160106_[기관정기]_서울메트로·서울특별시도시철도공사 기관운영감사_1849.pdf,.pdf,3843449,95243e5d64cbe41b27ced231f003d189ad95d790bd8c29406a8e8fa3c62299a9,1849,2016,기관정기,서울메트로·서울특별시도시철도공사 기관운영감사,pdf_conv
S03640,감사원,BAI_CONV,20160114_[특정사안]_메르스 예방 및 대응실태_1850.pdf,.pdf,13079582,f17ce8d81b07f6d4a5fab4178b25c1a5bec4b340f80068ce143f8aed7dcd28bd,1850,2016,특정사안,메르스 예방 및 대응실태,pdf_conv
S03641,감사원,BAI_CONV,20160126_[성과]_수출입 통관 관리체계 개선실태_1851.pdf,.pdf,5157325,f01d43ff7250182c8e7551c71c47cd2027ac365c4c4280aaff83b80487f64195,1851,2016,성과,수출입 통관 관리체계 개선실태,pdf_conv
S03642,감사원,BAI_CONV,20160202_[특정사안]_민생분야 행정처벌기준 운용실태_1852.pdf,.pdf,5933623,c65e3356c70e81f7cf438101634e790b0a24b606d9a74129ec63760cfe5210d2,1852,2016,특정사안,민생분야 행정처벌기준 운용실태,pdf_conv
S03643,감사원,BAI_CONV,20160204_[특정사안]_지상전력 증강사업 추진실태_1853.pdf,.pdf,2989282,400362230d7da8826b3d4921e552d63d78b919575c97b9747088f3406a7647c1,1853,2016,특정사안,지상전력 증강사업 추진실태,pdf_conv
S03644,감사원,BAI_CONV,20160211_[특정사안]_문화예술진흥시책 추진실태_1854.pdf,.pdf,5060364,efbc97ac04a601f6e29162a84d0bce636bd1fd146df69367091129a1c78c96ec,1854,2016,특정사안,문화예술진흥시책 추진실태,pdf_conv
S03645,감사원,BAI_CONV,20160216_[특정사안]_소방 물품·장비 구매 및 운용실태_1855.pdf,.pdf,5161917,2e2abc5b30b68c7269f21f0eeabc55c82505d7181e8a0cb1c2eb4f923882cb32,1855,2016,특정사안,소방 물품·장비 구매 및 운용실태,pdf_conv
S03646,감사원,BAI_CONV,20160217_[미분류]_한국농어촌공사 일용직 인건비 집행실태_1856.pdf,.pdf,5503970,1cb88ad4604af404b0ae7a1078df6a13a4cfa1ee9118000bb0d3816730372182,1856,2016,미분류,한국농어촌공사 일용직 인건비 집행실태,pdf_conv
S03647,감사원,BAI_CONV,20160218_[특정사안]_항공안전 기술개발 및 시스템 구축실태_1857.pdf,.pdf,6595110,83516673837ae2b6b96e8eddb980b30de58244d5d4a74e284a5647d6b67abd4e,1857,2016,특정사안,항공안전 기술개발 및 시스템 구축실태,pdf_conv
S03648,감사원,BAI_CONV,20160223_[미분류]_감사결과 이행실태_1860.pdf,.pdf,1901092,806f1238f36c9840a77e54d7bc73d7481afcb8dcc8537c089003e3678a809fdb,1860,2016,미분류,감사결과 이행실태,pdf_conv
S03649,감사원,BAI_CONV,20160224_[기관정기]_여수시 기관운영감사_1861.pdf,.pdf,1634832,563074edfc1e1dea4367bd10473c5683d23aa998104f52f9a7eca4fbf39ef786,1861,2016,기관정기,여수시 기관운영감사,pdf_conv
S03650,감사원,BAI_CONV,20160224_[미분류]_논산경찰서 관사 임차보증금 망실 통보 등에 따른 변상책임 검토_1862.pdf,.pdf,1087884,e3e7cfe4f2d5e615ecbe5160cbe1a73f4c16db37571e2d08c9268e3fbf7fba8d,1862,2016,미분류,논산경찰서 관사 임차보증금 망실 통보 등에 따른 변상책임 검토,pdf_conv
S03651,감사원,BAI_CONV,20160225_[특정사안]_공공기관 등 기동점검_1863.pdf,.pdf,3235568,256f1d654b04fff53b04835af862feba19da62611e1e514aa0945cc06b319699,1863,2016,특정사안,공공기관 등 기동점검,pdf_conv
S03652,감사원,BAI_CONV,20160229_[기관정기]_행정자치부·인사혁신처 기관운영감사_1865.pdf,.pdf,4753837,826981120e412e8b84080dc2a6590527e5bbca97dba20ccb0a5383be32de1bab,1865,2016,기관정기,행정자치부·인사혁신처 기관운영감사,pdf_conv
S03653,감사원,BAI_CONV,20160302_[특정사안]_지방도 건설사업 추진실태_1866.pdf,.pdf,9519679,10dc951762af54f9f94f761204b6fd1002add36a2b424177ae39059d1b0a4094,1866,2016,특정사안,지방도 건설사업 추진실태,pdf_conv
S03654,감사원,BAI_CONV,20160303_[특정사안]_건설·환경 국고보조금 관리 및 집행실태_1867.pdf,.pdf,9496594,e43be5dfceba5d2f684132a4ca5fe5c5e10a4b72c4d3cde9cd33c1f98b06cdb6,1867,2016,특정사안,건설·환경 국고보조금 관리 및 집행실태,pdf_conv
S03655,감사원,BAI_CONV,20160308_[특정사안]_주요 사업성기금 조성 및 관리실태_1868.pdf,.pdf,3366585,52525b92377e5c632d476c7e0325afc2eb995bb2176227d32970a6363a5a9435,1868,2016,특정사안,주요 사업성기금 조성 및 관리실태,pdf_conv
S03656,감사원,BAI_CONV,20160309_[기관정기]_중앙선거관리위원회 기관운영감사_1869.pdf,.pdf,2219724,e77c63e553cb3517072c8fe5486ccd1a83bb45e89c8c90f4af7938203fb29574,1869,2016,기관정기,중앙선거관리위원회 기관운영감사,pdf_conv
S03657,감사원,BAI_CONV,20160310_[특정사안]_농업법인 지원 및 관리 실태_1870.pdf,.pdf,6538748,b10891691fdda3717418ab76d008439225f38ef6c779872c819cdb513323d7ec,1870,2016,특정사안,농업법인 지원 및 관리 실태,pdf_conv
S03658,감사원,BAI_CONV,20160315_[특정사안]_공공분야 회계관리실태_1871.pdf,.pdf,3502636,5802fc1b16a580c70336945b0bceed76519a70532d718367582a7f751d2c9118,1871,2016,특정사안,공공분야 회계관리실태,pdf_conv
S03659,감사원,BAI_CONV,20160316_[성과]_대형 국가연구개발사업 추진실태_1872.pdf,.pdf,5411816,e5f37fa6cca500b752e559ca75ca7ccf110d3737080a00f23c9b7ce9197b9dba,1872,2016,성과,대형 국가연구개발사업 추진실태,pdf_conv
S03660,감사원,BAI_CONV,20160322_[기관정기]_서울지방국세청 기관운영감사_1874.pdf,.pdf,2667055,7252371e77028256276ac72c001597c14fb85deee0e336e195608f1d0ee949de,1874,2016,기관정기,서울지방국세청 기관운영감사,pdf_conv
S03661,감사원,BAI_CONV,20160323_[특정사안]_군용 차량 및 유류 사용실태_1877.pdf,.pdf,2792938,16323f362d221d22cc5697fb1359c7de19a6be741f308be5e6fe6aed88fb3e37,1877,2016,특정사안,군용 차량 및 유류 사용실태,pdf_conv
S03662,감사원,BAI_CONV,20160323_[특정사안]_전력지원 물자 획득비리 기동점검_1876.pdf,.pdf,5483333,28b1c4ef8a4bf397513d5f8377ab77429135431ebc9cb6650af04998e1e54fc1,1876,2016,특정사안,전력지원 물자 획득비리 기동점검,pdf_conv
S03663,감사원,BAI_CONV,20160324_[특정사안]_인천국제공항 건설사업 추진실태_1878.pdf,.pdf,3074843,51ee9a4bd314e49f1ea0137d5e91139616b54ae0b04d1dc9474e926c93e0d34d,1878,2016,특정사안,인천국제공항 건설사업 추진실태,pdf_conv
S03664,감사원,BAI_CONV,20160329_[특정사안]_공공기관 경영개선 이행실태_1879.pdf,.pdf,6830978,4fccaad78b5e66a95a56eac0b6668c8cb876b4bdb30223097ea4c63a1f211a60,1879,2016,특정사안,공공기관 경영개선 이행실태,pdf_conv
S03665,감사원,BAI_CONV,20160330_[기관정기]_세종특별자치시 기관운영감사_1880.pdf,.pdf,2088225,599867affb8f7dd79d03448e57ce7180c747aad1c7f9cfe8033b0c5a2ee82d6a,1880,2016,기관정기,세종특별자치시 기관운영감사,pdf_conv
S03666,감사원,BAI_CONV,20160331_[기관정기]_병무청 기관운영감사_1881.pdf,.pdf,2123351,34d5aefa1000eb001a0224ffd56aeacb5b8c5f7da4f35f1e7e3e67b2b21420fd,1881,2016,기관정기,병무청 기관운영감사,pdf_conv
S03667,감사원,BAI_CONV,20160405_[특정사안]_재외국민보호 등 영사업무 운영실태_1883.pdf,.pdf,3523249,0e4a7f2161c3a8da6af1ee1e1e84a73389f0d574594dbbb303a7e3a138e559c1,1883,2016,특정사안,재외국민보호 등 영사업무 운영실태,pdf_conv
S03668,감사원,BAI_CONV,20160406_[특정사안]_국가기관 등 기동점검_1884.pdf,.pdf,2314637,f10c043dae3108e6b787d2d3d817f47409c6795e6f9414bde08b3966f4ba1862,1884,2016,특정사안,국가기관 등 기동점검,pdf_conv
S03669,감사원,BAI_CONV,20160407_[특정사안]_자체감사기구 운영실태_1885.pdf,.pdf,6977359,8910acf019a0e0bca750eaaea597ad98c65d47939014f43766d1216dcfb863b3,1885,2016,특정사안,자체감사기구 운영실태,pdf_conv
S03670,감사원,BAI_CONV,20160414_[기관정기]_한국마사회 기관운영감사_1886.pdf,.pdf,2402950,a368a6339170672694155d10252efb97bc38467d43b46f69c033a501b59700e2,1886,2016,기관정기,한국마사회 기관운영감사,pdf_conv
S03671,감사원,BAI_CONV,20160418_[특정사안]_국가 사이버안전 관리 실태_1887.pdf,.pdf,13001618,ad8b24c6e0a755db4369eb79af23b878e15e51613122252061cc3a0ab7cc8656,1887,2016,특정사안,국가 사이버안전 관리 실태,pdf_conv
S03672,감사원,BAI_CONV,20160419_[기관정기]_한국전력공사 기관운영감사_1888.pdf,.pdf,6222142,f9906c583c3cc26d794235b983cd8ac45a9167ba47ef7540febcfebceb74b5dc,1888,2016,기관정기,한국전력공사 기관운영감사,pdf_conv
S03673,감사원,BAI_CONV,20160420_[특정사안]_지역산업 육성사업 추진실태_1889.pdf,.pdf,5899259,f2110af8e909310b682d124be3076760f66e7529e4d4edd1a27be50d69a2802e,1889,2016,특정사안,지역산업 육성사업 추진실태,pdf_conv
S03674,감사원,BAI_CONV,20160426_[특정사안]_공적연금기금 자산운용실태_1892.pdf,.pdf,7636653,c530fc9a107f84e8e23a1b0ab614f7fdb8f9deb26ece0c5f731cffde844def54,1892,2016,특정사안,공적연금기금 자산운용실태,pdf_conv
S03675,감사원,BAI_CONV,20160502_[특정사안]_한국항공우주연구원 등 5개 정부출연연구기관 R&D 관리실태_1896.pdf,.pdf,6659716,7be1ec97ae086f83a9e6f20c53e0c3fddfb0609e3afd0c4968e2d577a523a385,1896,2016,특정사안,한국항공우주연구원 등 5개 정부출연연구기관 R&D 관리실태,pdf_conv
S03676,감사원,BAI_CONV,20160503_[특정사안]_건설자재 품질관리실태_1897.pdf,.pdf,7785020,3c9eeffcc93b815317bef6271399c66aca283a305a8efd1b20170b56b2d6792a,1897,2016,특정사안,건설자재 품질관리실태,pdf_conv
S03677,감사원,BAI_CONV,20160504_[특정사안]_과세사각 관리실태_1898.pdf,.pdf,4616805,8f22c941b1a824c9fb736df36dc6cf1e1fce7d317f475978a743e403e2558b28,1898,2016,특정사안,과세사각 관리실태,pdf_conv
S03678,감사원,BAI_CONV,20160510_[특정사안]_수도권 대기환경 개선사업 추진실태_1899.pdf,.pdf,6808307,ea580a7050c8641d05bce51317bb1448664b775cb04c6a8f053d8f6407a9bc2f,1899,2016,특정사안,수도권 대기환경 개선사업 추진실태,pdf_conv
S03679,감사원,BAI_CONV,20160517_[특정사안]_법인화된 국립대학 운영실태_1902.pdf,.pdf,5452119,d177d72706c27c77d910eebbf592861d58a9cf768a40329e6581610c17389b48,1902,2016,특정사안,법인화된 국립대학 운영실태,pdf_conv
S03680,감사원,BAI_CONV,20160518_[특정사안]_물품 및 장비 구매·개발 등 실태점검_1903.pdf,.pdf,3309359,fc1ed76b0fdbb13ca3b17cb34e0653106e0b279c43e4134c331edeb447c49c8f,1903,2016,특정사안,물품 및 장비 구매·개발 등 실태점검,pdf_conv
S03681,감사원,BAI_CONV,20160523_[특정사안]_영양고추유통공사의 회계사무 및 대형화재 관련 공익감사청구_1908.pdf,.pdf,984688,42153ae99c3b3f6a0068bcb4c453d408a07fad6aab4b5a1f69bf4881eab56a15,1908,2016,특정사안,영양고추유통공사의 회계사무 및 대형화재 관련 공익감사청구,pdf_conv
S03682,감사원,BAI_CONV,20160524_[특정사안]_누리과정 예산편성실태_1909.pdf,.pdf,4179529,cc95988c08d6f88d9400d44d2dede447c75fbad152f0965cf42a77d4cd71f898,1909,2016,특정사안,누리과정 예산편성실태,pdf_conv
S03683,감사원,BAI_CONV,20160525_[기관정기]_한국철도시설공단 기관운영감사_1910.pdf,.pdf,3595403,91bee587cd1225f02435ba50ec8b906196a56699a855163767cb30abd4f6d4dc,1910,2016,기관정기,한국철도시설공단 기관운영감사,pdf_conv
S03684,감사원,BAI_CONV,20160602_[특정사안]_취약시기 공직기강 특별점검_1915.pdf,.pdf,3932111,64132fddf0fc77275e425b0331fc68131c6426f3be470c8c88b0ed1473e8faa3,1915,2016,특정사안,취약시기 공직기강 특별점검,pdf_conv
S03685,감사원,BAI_CONV,20160607_[기관정기]_해양수산부 기관운영감사_1916.pdf,.pdf,3553236,58f6760ed213749202fb3bcc7ade63b28d1f10d4798e36b840cb2983d9f600e5,1916,2016,기관정기,해양수산부 기관운영감사,pdf_conv
S03686,감사원,BAI_CONV,20160608_[특정사안]_담양 성곡리 농축순환자원화시설 조성사업 관련 공익 감사청구_1917.pdf,.pdf,1094751,f387cdaa14ddeb10b7d0c6769a67215477c692677a94a24bc75a163b6b8133fd,1917,2016,특정사안,담양 성곡리 농축순환자원화시설 조성사업 관련 공익 감사청구,pdf_conv
S03687,감사원,BAI_CONV,20160609_[특정사안]_공정거래업무 관리실태_1918.pdf,.pdf,4365948,ae0b2d4b2f2078cb4bb91ebdcffe0d108e9ae35a8d24750f9fa0531597f0192f,1918,2016,특정사안,공정거래업무 관리실태,pdf_conv
S03688,감사원,BAI_CONV,20160614_[기관정기]_노원구·송파구 기관운영감사_1920.pdf,.pdf,3527819,fe3e71535a1a074a6b77174fa51d94dd861e68016f5e92401bed98b32fb74cb2,1920,2016,기관정기,노원구·송파구 기관운영감사,pdf_conv
S03689,감사원,BAI_CONV,20160615_[특정사안]_금융공공기관 출자회사 관리실태_1922.pdf,.pdf,9215397,e52ce2a66fe586bc187ce717927eb49b1c1631970262f7d9538a0b6003372dac,1922,2016,특정사안,금융공공기관 출자회사 관리실태,pdf_conv
S03690,감사원,BAI_CONV,20160616_[특정사안]_KF-16 전투기 성능개량사업 추진실태_1923.pdf,.pdf,2965309,51c749d6e49b97b9592298579df0ddb7744e2ce5efa9aa1a4ea050baaa655f7c,1923,2016,특정사안,KF-16 전투기 성능개량사업 추진실태,pdf_conv
S03691,감사원,BAI_CONV,20160616_[특정사안]_경인전력관제센터 신설·운영실태_1924.pdf,.pdf,9147260,edb2a1c2f2038e80b017bfda48bf79d97a8f055ba815e23a9205cca80631a0dd,1924,2016,특정사안,경인전력관제센터 신설·운영실태,pdf_conv
S03692,감사원,BAI_CONV,20160621_[기관정기]_국세청 본청 기관운영감사_1925.pdf,.pdf,3141759,2a5462e2669d0b499b1f09f99d709c2e956abae986314eb354c8ca9599df2f7a,1925,2016,기관정기,국세청 본청 기관운영감사,pdf_conv
S03693,감사원,BAI_CONV,20160621_[기관정기]_중부지방국세청 기관운영감사_1926.pdf,.pdf,2353368,fe1faca91a656007b9e0f1c74e88abf613c2c5906a47219c04dd58bce2203730,1926,2016,기관정기,중부지방국세청 기관운영감사,pdf_conv
S03694,감사원,BAI_CONV,20160624_[기관정기]_기상청 기관운영감사_1927.pdf,.pdf,2258566,704cd58431c717c064de3d72550f496c36288965fb20ffd3975af321ec191dcc,1927,2016,기관정기,기상청 기관운영감사,pdf_conv
S03695,감사원,BAI_CONV,20160628_[기관정기]_서울특별시시설관리공단·서울특별시농수산식품공사 기관운영감사_1928.pdf,.pdf,2656259,02150bf78fd03aa4f76225d01406f1e10b224eaf1e32a5f1510b014d0a65a087,1928,2016,기관정기,서울특별시시설관리공단·서울특별시농수산식품공사 기관운영감사,pdf_conv
S03696,감사원,BAI_CONV,20160629_[기관정기]_남양주시 및 파주시 기관운영감사_1929.pdf,.pdf,3173887,e786be1f4bb99b0b8dbfb8818e20c439519556093334f1d7baffefef15c19c53,1929,2016,기관정기,남양주시 및 파주시 기관운영감사,pdf_conv
S03697,감사원,BAI_CONV,20160630_[기관정기]_구미시 기관운영감사_1930.pdf,.pdf,3414771,cd67b0ae76681c2bf274a9ca5916cf9c90a9b81f83f36b8d536f939f9ed4565d,1930,2016,기관정기,구미시 기관운영감사,pdf_conv
S03698,감사원,BAI_CONV,20160705_[기관정기]_인천광역시 부평구 기관운영감사_1931.pdf,.pdf,2472871,9ca6716163373a9759bb5645d384f1f730158fca2d85857e61304e124e617095,1931,2016,기관정기,인천광역시 부평구 기관운영감사,pdf_conv
S03699,감사원,BAI_CONV,20160706_[기관정기]_평택시·시흥시 기관운영감사_1932.pdf,.pdf,1843202,e5575cd74607a94db8681ede69e79d9cf0c1b318d961e85190bd0ef15afaed8d,1932,2016,기관정기,평택시·시흥시 기관운영감사,pdf_conv
S03700,감사원,BAI_CONV,20160707_[기관정기]_천안시 기관운영감사_1933.pdf,.pdf,6681208,65c18b3d9f15355b2a19b006f5dad17c975403446734cff015102fd479eba3f2,1933,2016,기관정기,천안시 기관운영감사,pdf_conv
S03701,감사원,BAI_CONV,20160712_[특정사안]_공직비리 기동점검Ⅰ_1934.pdf,.pdf,2439933,a70555087b2cf196f6dc215478220273a3fed5923e99c6db72cac042aff57f9d,1934,2016,특정사안,공직비리 기동점검Ⅰ,pdf_conv
S03702,감사원,BAI_CONV,20160713_[기관정기]_한국지역난방공사 기관운영감사_1935.pdf,.pdf,2297059,c9b6eec0918afa0fb1bf4bdc26874e5df76706fc52bd06d606f65176dfd8b709,1935,2016,기관정기,한국지역난방공사 기관운영감사,pdf_conv
S03703,감사원,BAI_CONV,20160714_[기관정기]_주택도시보증공사 기관운영감사_1937.pdf,.pdf,2327247,054566de029483a903d6954a452d36cf4e6220d903a8eb737468546e1037f5c2,1937,2016,기관정기,주택도시보증공사 기관운영감사,pdf_conv
S03704,감사원,BAI_CONV,20160719_[특정사안]_수도권고속철도 건설사업 추진실태_1939.pdf,.pdf,8573264,d80ff8be37d88262e5cd9fed51e28e6cda6de1ddb0aa9ee4d3135b251343a4ca,1939,2016,특정사안,수도권고속철도 건설사업 추진실태,pdf_conv
S03705,감사원,BAI_CONV,20160720_[특정사안]_2018평창동계올림픽 준비실태_1940.pdf,.pdf,7710070,1d3330cc9c1ba80a740a015f8e33890cffedc9b41e9d6bad974126283ed8fd0c,1940,2016,특정사안,2018평창동계올림픽 준비실태,pdf_conv
S03706,감사원,BAI_CONV,20160726_[특정사안]_사행산업 관련 공공기관 수익금 집행실태_1941.pdf,.pdf,6510682,e2a647cb18c14e81fdf978001cbc57e101ecbe0bc1c1fb28be2aa690fc4088b4,1941,2016,특정사안,사행산업 관련 공공기관 수익금 집행실태,pdf_conv
S03707,감사원,BAI_CONV,20160727_[기관정기]_한국자산관리공사 기관운영감사_1942.pdf,.pdf,3317951,3bea5eb6829fefaa7aa3a33f8d6956d3269cace484f8485e440978411df54e6d,1942,2016,기관정기,한국자산관리공사 기관운영감사,pdf_conv
S03708,감사원,BAI_CONV,20160728_[미분류]_관사 임차보증금 망실 관련 변상판정_1943.pdf,.pdf,1095733,c69b14d5684797879676c59d051c024b429dc40f47e613a5fb4bb4e5558a55ee,1943,2016,미분류,관사 임차보증금 망실 관련 변상판정,pdf_conv
S03709,감사원,BAI_CONV,20160809_[특정사안]_선거철 공직기강 점검_1944.pdf,.pdf,2946307,45ca6e700fa9254a0e12aae7236b23c738d0e07e948c8c13f72db95b47764cb3,1944,2016,특정사안,선거철 공직기강 점검,pdf_conv
S03710,감사원,BAI_CONV,20160811_[기관정기]_금융위원회 기관운영감사_1945.pdf,.pdf,3395366,54f175873a1f65c375f9461996c557889a222213b25a8f7279da3485a644e7ba,1945,2016,기관정기,금융위원회 기관운영감사,pdf_conv
S03711,감사원,BAI_CONV,20160817_[기관정기]_부산 등 4개 항만공사 기관운영감사_1946.pdf,.pdf,5530081,b048fc4798c2a1ae311132bf066bc6e0c3b6b9b0730b40c20a260cf69c03a176,1946,2016,기관정기,부산 등 4개 항만공사 기관운영감사,pdf_conv
S03712,감사원,BAI_CONV,20160818_[특정사안]_주요 정보화사업 계약업무 추진실태_1947.pdf,.pdf,11683321,6f86b1ca5afb2484b94341f3b91345a134a00413be26cbe9b7cc11ff3eace7fe,1947,2016,특정사안,주요 정보화사업 계약업무 추진실태,pdf_conv
S03713,감사원,BAI_CONV,20160831_[성과]_재정융자사업 예산편성 및 관리실태_1948.pdf,.pdf,8860230,af0d6fdd47c407881382626e2ad2b773900a25a580dc132854c5ff425a98287e,1948,2016,성과,재정융자사업 예산편성 및 관리실태,pdf_conv
S03714,감사원,BAI_CONV,20160906_[미분류]_장애연금 과다지급 관련 변상판정청구 사항_1949.pdf,.pdf,1163559,e402b341b3fc43b9574f3ce92416ede2560c63f2a6e90ab4fb315aa106bd0955,1949,2016,미분류,장애연금 과다지급 관련 변상판정청구 사항,pdf_conv
S03715,감사원,BAI_CONV,20160912_[특정사안]_국민안전 위협요소 대응·관리 실태(범죄예방 및 도로교통 안전 분야)_1951.pdf,.pdf,6386096,ca5859a996911fd8e353b1e29283a911ca9c549699ca15623171cff7592f585a,1951,2016,특정사안,국민안전 위협요소 대응·관리 실태(범죄예방 및 도로교통 안전 분야),pdf_conv
S03716,감사원,BAI_CONV,20160927_[기관정기]_한국관광공사 기관운영감사_1953.pdf,.pdf,2793964,efc338b8edceaae9daec6a253d350a70d85a66602c01ab5be82cb6bda29320ad,1953,2016,기관정기,한국관광공사 기관운영감사,pdf_conv
S03717,감사원,BAI_CONV,20161004_[기관정기]_미래창조과학부 기관운영감사_1954.pdf,.pdf,5100983,568d75a210f805b7aace800aec1003858666b3526d39a8d91d1a81c6cafa991f,1954,2016,기관정기,미래창조과학부 기관운영감사,pdf_conv
S03718,감사원,BAI_CONV,20161020_[성과]_청년고용대책 성과분석_1957.pdf,.pdf,7058558,995d3d247026f0a17bf0b094f15b28cf561b3400765d1a022ea838f752322aa8,1957,2016,성과,청년고용대책 성과분석,pdf_conv
S03719,감사원,BAI_CONV,20161025_[특정사안]_실업급여 등 고용안전망 운영실태_1959.pdf,.pdf,10288014,c4f6b0f53680e434ec3fd5542ad68100b59c3e9fc57615928903fb3406bb52d7,1959,2016,특정사안,실업급여 등 고용안전망 운영실태,pdf_conv
S03720,감사원,BAI_CONV,20161027_[특정사안]_자체감사기구 운영실태(국가ㆍ공공기관)_1961.pdf,.pdf,7570191,1bc6ee3eebaf6ad71f3e983a7a67c6bf5f2cf9e6292586f3e82f5745a786b006,1961,2016,특정사안,자체감사기구 운영실태(국가ㆍ공공기관),pdf_conv
S03721,감사원,BAI_CONV,20161101_[성과]_보육 등 지원사업 성과관리실태_1962.pdf,.pdf,5666354,8b0af1b88d77a0e9f649d691689f923462ee133a586c9af1cfe9ee15dfa92846,1962,2016,성과,보육 등 지원사업 성과관리실태,pdf_conv
S03722,감사원,BAI_CONV,20161108_[특정사안]_세무조사 운영실태_1964.pdf,.pdf,6004001,c9dde626ff6d07dba76565775402157c6da8eaf8ac8c547e8f4da8de34173b97,1964,2016,특정사안,세무조사 운영실태,pdf_conv
S03723,감사원,BAI_CONV,"20161109_[기관정기]_인천남·서구, 강릉·동해시 기관운영감사_1965.pdf",.pdf,4651923,878099c596759b5099f60c26459177281d9c7cfde3a608230082d56508b02b25,1965,2016,기관정기,"인천남·서구, 강릉·동해시 기관운영감사",pdf_conv
S03724,감사원,BAI_CONV,20161110_[기관정기]_전라북도 기관운영감사_1966.pdf,.pdf,3417539,b7f23e142cd599505913e0ac099acb80002dd981dcb003f657985fe203e06828,1966,2016,기관정기,전라북도 기관운영감사,pdf_conv
S03725,감사원,BAI_CONV,20161117_[특정사안]_감사결과 이행실태_1968.pdf,.pdf,2451367,eab71292412283cbf8bfc9fadcf35ac17fd072ee5e90a4712233be835db2789e,1968,2016,특정사안,감사결과 이행실태,pdf_conv
S03726,감사원,BAI_CONV,20161124_[특정사안]_한국가스공사 계약 등 비리점검_1971.pdf,.pdf,6365287,a893e7543095bdb015d61062e09e533240ff136d7de9d1388bbb3c36634b5f6e,1971,2016,특정사안,한국가스공사 계약 등 비리점검,pdf_conv
S03727,감사원,BAI_CONV,20161129_[특정사안]_인ㆍ허가 등 대민업무 처리실태[2](강동구ㆍ강서구ㆍ성동구ㆍ영등포구)_1972.pdf,.pdf,38357896,6bf56d47ac1ec909a1e60ab04f03fc9a56c3aa65aa8a21c5dcfb708360bc9c9c,1972,2016,특정사안,인ㆍ허가 등 대민업무 처리실태[2](강동구ㆍ강서구ㆍ성동구ㆍ영등포구),pdf_conv
S03728,감사원,BAI_CONV,20161129_[특정사안]_인ㆍ허가 등 대민업무 처리실태[4](오산시ㆍ수원시ㆍ김포시ㆍ부천시)_1974.pdf,.pdf,1898543,0a167c6f33223af5a7ea2f0c7ee98930d1cf3427726edc444b8d9e11b8c903f3,1974,2016,특정사안,인ㆍ허가 등 대민업무 처리실태[4](오산시ㆍ수원시ㆍ김포시ㆍ부천시),pdf_conv
S03729,감사원,BAI_CONV,20161208_[특정사안]_공직비리 기동점검Ⅱ_1976.pdf,.pdf,2644336,d0ca36ba5bb203ab0a9e99a6b1d215660ede837e22766faeb651ac5566c36b08,1976,2016,특정사안,공직비리 기동점검Ⅱ,pdf_conv
S03730,감사원,BAI_CONV,20161214_[특정사안]_국토이용 및 개발계획 수립추진실태_1978.pdf,.pdf,8892355,84248a38da1a20e31e99b8e74001617e50d0a681683e846cdd8a63798dddab4a,1978,2016,특정사안,국토이용 및 개발계획 수립추진실태,pdf_conv
S03731,감사원,BAI_CONV,20161221_[특정사안]_기업금융시스템 운영 및 감독실태_1979.pdf,.pdf,9008185,d80c963e8e6d8e7718e6dec4cf9807587c3ff6ba7cc6da21f9025ec5699fcb80,1979,2016,특정사안,기업금융시스템 운영 및 감독실태,pdf_conv
S03732,감사원,BAI_CONV,20170104_[특정사안]_기금의 미수납채권 관리실태_1980.pdf,.pdf,1914927,8c903ca7ecdcc4e02b25053944f6db528a125433b2e09a1c7a886f90a4a8265b,1980,2017,특정사안,기금의 미수납채권 관리실태,pdf_conv
S03733,감사원,BAI_CONV,20170105_[특정사안]_신성장동력 에너지사업 추진실태_1981.pdf,.pdf,12182840,aa73478195a9939e2a5f0fd756caa7aaa0d5c08b3d9b22bb5f37ab07ff904924,1981,2017,특정사안,신성장동력 에너지사업 추진실태,pdf_conv
S03734,감사원,BAI_CONV,20170111_[특정사안]_하수관로정비 임대형 민자사업 추진실태_1982.pdf,.pdf,7613235,820cc673d0a4733b997d6cb593893c86dd99d4df6207b6c7f0cd485c7d26241b,1982,2017,특정사안,하수관로정비 임대형 민자사업 추진실태,pdf_conv
S03735,감사원,BAI_CONV,20170117_[특정사안]_탄약 폐기처리 사업 운영실태_1983.pdf,.pdf,7693906,8e9882220964010adedd504e9e0ec580b206bb1cdb2eb7d676136a1d6420201f,1983,2017,특정사안,탄약 폐기처리 사업 운영실태,pdf_conv
S03736,감사원,BAI_CONV,20170118_[특정사안]_국세정보시스템 활용 및 보안 실태_1984.pdf,.pdf,6371744,54444ee78c9ce32e7a93f3e1d78bbca52dd2e40ce825bbf696a58322d741a8e8,1984,2017,특정사안,국세정보시스템 활용 및 보안 실태,pdf_conv
S03737,감사원,BAI_CONV,20170124_[특정사안]_보건의료산업 육성사업 등 관리실태_1985.pdf,.pdf,7033762,db2c604d7a021d8a9c9eca312ab824023e3f7652e1270d5604e40c5cb1eb4841,1985,2017,특정사안,보건의료산업 육성사업 등 관리실태,pdf_conv
S03738,감사원,BAI_CONV,20170125_[기관정기]_부산지방국토관리청 기관운영감사_1986.pdf,.pdf,4099909,6743925663c0a49abe2c3486c4e5ea3b443b4b7295423e17d5127f425d8d8884,1986,2017,기관정기,부산지방국토관리청 기관운영감사,pdf_conv
S03739,감사원,BAI_CONV,20170201_[특정사안]_농산물 수급 관리실태_1993.pdf,.pdf,4570420,bb619e2c30018fecb5972ab3d04b36878e1a570938dd67666520b8123ee82410,1993,2017,특정사안,농산물 수급 관리실태,pdf_conv
S03740,감사원,BAI_CONV,20170208_[특정사안]_주요장비 등 물품 구입 및 관리실태_1995.pdf,.pdf,6654466,68877b150ba0980b17afad69f54135c918752a80f2937fc2fb458e81ea10e1ce,1995,2017,특정사안,주요장비 등 물품 구입 및 관리실태,pdf_conv
S03741,감사원,BAI_CONV,20170214_[기관정기]_한국교육방송공사 기관운영감사_1996.pdf,.pdf,3774686,4e4047294574f6aeec9b7318fea8c0f4c524af1ef372b5bd16f4e7a997a432c9,1996,2017,기관정기,한국교육방송공사 기관운영감사,pdf_conv
S03742,감사원,BAI_CONV,20170222_[특정사안]_국가공간정보 데이터 구축 및 활용 실태_1998.pdf,.pdf,32542781,850844742031899abf21aafcba3b7d8091125d902fbea45217a504b98d5375b5,1998,2017,특정사안,국가공간정보 데이터 구축 및 활용 실태,pdf_conv
S03743,감사원,BAI_CONV,20170302_[기관정기]_동두천시·가평군 기관운영감사_2000.pdf,.pdf,3627505,3d67c08056973c02fe1f6d6500447d414c88859604c3f60ba6abd7afa1d0aec7,2000,2017,기관정기,동두천시·가평군 기관운영감사,pdf_conv
S03744,감사원,BAI_CONV,20170303_[미분류]_변상판정 청구사항 서면감사_2001.pdf,.pdf,2224885,032a3a7b2275cb9aa5dee6f787646062793ad333a17a2d09fd6cd210a10e11a1,2001,2017,미분류,변상판정 청구사항 서면감사,pdf_conv
S03745,감사원,BAI_CONV,20170307_[특정사안]_교육정보시스템 구축·운영 실태_2002.pdf,.pdf,3871355,79fd3320654553b07262db27251f883b2156d586c297da0e06df39070f188cfb,2002,2017,특정사안,교육정보시스템 구축·운영 실태,pdf_conv
S03746,감사원,BAI_CONV,20170308_[특정사안]_양도소득 과세실태_2003.pdf,.pdf,6576142,0f7dd583b3cba4cbc46ddfc0e5bf43584a8f99a4e3046670c7377d0c5be06009,2003,2017,특정사안,양도소득 과세실태,pdf_conv
S03747,감사원,BAI_CONV,20170309_[특정사안]_주요 재정사업 유사·중복 통폐합 등 추진실태_2004.pdf,.pdf,9280944,0dbb0a18929a4bf80fa8227e1fe0aa1e0e07025f8d8649103c8c160ff2ef83b7,2004,2017,특정사안,주요 재정사업 유사·중복 통폐합 등 추진실태,pdf_conv
S03748,감사원,BAI_CONV,20170314_[기관정기]_안양시·군포시 기관운영감사_2006.pdf,.pdf,2654232,4f62b1b166b3f733543c0fbc7df79ac1ea7eea1bc219ce141197a559b238e5f5,2006,2017,기관정기,안양시·군포시 기관운영감사,pdf_conv
S03749,감사원,BAI_CONV,"20170316_[기관정기]_국무조정실·국무총리비서실, 국민권익위원회 기관운영감사_2023.pdf",.pdf,5005714,667b5244baf386e132aa4c9a987087f2cd4cdc1d91061b64c9b529d26df67256,2023,2017,기관정기,"국무조정실·국무총리비서실, 국민권익위원회 기관운영감사",pdf_conv
S03750,감사원,BAI_CONV,20170320_[특정사안]_취약계층 주거 공급 및 관리실태_2007.pdf,.pdf,5890338,0f0541a8681888d158debbd54b00ac0343f49349282efc577191e64bfc262ec6,2007,2017,특정사안,취약계층 주거 공급 및 관리실태,pdf_conv
S03751,감사원,BAI_CONV,20170322_[특정사안]_연안정비사업 추진실태_2008.pdf,.pdf,33158157,66dc11cd1889a6c3db0dd323e44d8c3cf213449e10ffebc48229f97fbaa0dad4,2008,2017,특정사안,연안정비사업 추진실태,pdf_conv
S03752,감사원,BAI_CONV,20170324_[특정사안]_재외공관 및 외교부 본부 운영실태_2018.pdf,.pdf,10276771,984b56da604c54cdff7d3ed8763f1c95028acf343e30b48a0e2eaf2875af390f,2018,2017,특정사안,재외공관 및 외교부 본부 운영실태,pdf_conv
S03753,감사원,BAI_CONV,20170328_[특정사안]_관광인프라 조성 및 활성시책 추진실태_2012.pdf,.pdf,6212801,ca512fddad4489d5f8788d93559857fe7819691a6d93fc4be86e4be2521c3fb2,2012,2017,특정사안,관광인프라 조성 및 활성시책 추진실태,pdf_conv
S03754,감사원,BAI_CONV,20170329_[특정사안]_소녀보건 교육프로그램 영상물제작 등 계약 추진실태_2013.pdf,.pdf,1635111,33e4cfbf199320625f4af78d4ce2edaa33792b7eccad32aad852f397a1b27af2,2013,2017,특정사안,소녀보건 교육프로그램 영상물제작 등 계약 추진실태,pdf_conv
S03755,감사원,BAI_CONV,20170330_[특정사안]_자체감사기구 운영실태(지방자치단체)_2016.pdf,.pdf,6667684,46b83ad713467889f84f9cc99234a4e62f53926c8de2346385bef5eca61cd84f,2016,2017,특정사안,자체감사기구 운영실태(지방자치단체),pdf_conv
S03756,감사원,BAI_CONV,20170330_[특정사안]_지방자치단체 부담금 예산의 편성 및 집행 관련 공익감사청구_2015.pdf,.pdf,1204009,47847b909a234310e8c5fd1d5f0d5f4e9d3e35dd2d2915baa91590bd9e62ffc6,2015,2017,특정사안,지방자치단체 부담금 예산의 편성 및 집행 관련 공익감사청구,pdf_conv
S03757,감사원,BAI_CONV,20170404_[특정사안]_국가연구개발사업 관리실태_2020.pdf,.pdf,3450321,eb7ef27d3e51b5dc2e38c5d32d1e40dde3ff54bc286da6fe38a0808dcab843b1,2020,2017,특정사안,국가연구개발사업 관리실태,pdf_conv
S03758,감사원,BAI_CONV,20170404_[특정사안]_주요 전력설비 운영 및 관리실태_2019.pdf,.pdf,15084149,8bcd8e3db5b50e04ea2bfb05ebfe58dd0a822e4cd736dca44bab54da630e9c65,2019,2017,특정사안,주요 전력설비 운영 및 관리실태,pdf_conv
S03759,감사원,BAI_CONV,20170405_[기관정기]_국민안전처 기관운영감사_2021.pdf,.pdf,9319164,3ec41268e1fae759c2be2ec96e72f6f9ea1452624404330c78686aae5c816403,2021,2017,기관정기,국민안전처 기관운영감사,pdf_conv
S03760,감사원,BAI_CONV,20170410_[기관정기]_속초시 등 6개 기관 중점분야 기관운영감사_2032.pdf,.pdf,10904152,f4d08ca83ad01aa597467dd1566e5939b9326bd03baed4ff9a057b12f7dfe3f9,2032,2017,기관정기,속초시 등 6개 기관 중점분야 기관운영감사,pdf_conv
S03761,감사원,BAI_CONV,20170410_[기관정기]_순천시 등 6개 기관 중점분야 기관운영감사_2024.pdf,.pdf,9691701,182c0198081ed8c30b1fd6a5274ebf8f799954b8b67c5559d9d9e5b7ec41d9da,2024,2017,기관정기,순천시 등 6개 기관 중점분야 기관운영감사,pdf_conv
S03762,감사원,BAI_CONV,20170410_[기관정기]_충주시 등 6개 기관 중점분야 기관운영감사_2025.pdf,.pdf,9016698,0a8d47a9711741ce281edc268b3cb3932d85b9d914dc1450e9889b91728f277f,2025,2017,기관정기,충주시 등 6개 기관 중점분야 기관운영감사,pdf_conv
S03763,감사원,BAI_CONV,20170411_[특정사안]_공적자금 지원 금융기관 관리 실태_2026.pdf,.pdf,7120591,0e99a5378d1de971867efad86cb8d02805e3212a5a8955e4779bbbb84f96394c,2026,2017,특정사안,공적자금 지원 금융기관 관리 실태,pdf_conv
S03764,감사원,BAI_CONV,20170417_[기관정기]_한국보훈복지의료공단 기관운영 감사_2030.pdf,.pdf,2806890,e14b044912a593693df890bd3ab815613156a0cfe2e3a023fd7d7e5ff09025e0,2030,2017,기관정기,한국보훈복지의료공단 기관운영 감사,pdf_conv
S03765,감사원,BAI_CONV,20170420_[성과]_지정폐기물 관리 실태_2034.pdf,.pdf,5697384,b4624aa8fb809508efd1e5528bd8eebe0287caaccab4e9993c1130f6c14f8498,2034,2017,성과,지정폐기물 관리 실태,pdf_conv
S03766,감사원,BAI_CONV,20170426_[성과]_민원처리체계 개선실태_2036.pdf,.pdf,6352455,033f8f66e7b39c4a6f7bb6e67f36d91becbe13226767e4d4776632feeecb72bb,2036,2017,성과,민원처리체계 개선실태,pdf_conv
S03767,감사원,BAI_CONV,20170427_[기관정기]_교육부 기관운영감사_2037.pdf,.pdf,4774627,2fe27b2e1c287d52f5c53d665a6594e6e98d511858a0c4f0601d0db5b431b980,2037,2017,기관정기,교육부 기관운영감사,pdf_conv
S03768,감사원,BAI_CONV,20170508_[기관정기]_대구 동구 등 6개 기관 중점분야 기관운영감사_2038.pdf,.pdf,5987226,94c85bae9ccd65990e1292c281907a043f145e2f65bbfba7254daabb8cd17aa8,2038,2017,기관정기,대구 동구 등 6개 기관 중점분야 기관운영감사,pdf_conv
S03769,감사원,BAI_CONV,20170511_[성과]_지역발전사업 추진실태_2039.pdf,.pdf,4738110,9b4b40eb1eff8e6ea51d3f2b160dbc7e3358cf9b8988eb221aaba991af4a2476,2039,2017,성과,지역발전사업 추진실태,pdf_conv
S03770,감사원,BAI_CONV,20170516_[성과]_고령사회 대비 노후소득보장체계 성과분석_2040.pdf,.pdf,4836492,c70925d9c004823712fc08731e314846a7115eb8faa00a182586e8f8a43da788,2040,2017,성과,고령사회 대비 노후소득보장체계 성과분석,pdf_conv
S03771,감사원,BAI_CONV,20170524_[특정사안]_공적개발원조(ODA) 추진실태_2043.pdf,.pdf,103126110,5e803a0ff8591563664dbd7a5a996f6671d07469bb1adceab48bb8192e2d8b1c,2043,2017,특정사안,공적개발원조(ODA) 추진실태,pdf_conv
S03772,감사원,BAI_CONV,20170525_[기관정기]_서울특별시 기관운영감사_2044.pdf,.pdf,5970928,0f49d411eb59ef914e1228a0443be51638cd37b0cbc44abfebb19f499e3d10f4,2044,2017,기관정기,서울특별시 기관운영감사,pdf_conv
S03773,감사원,BAI_CONV,20170614_[미분류]_상수도 노후관 교체공사비 낭비 관련 변상판정 청구사항_2050.pdf,.pdf,1673975,6ff2f6f0fef926aed920d4163539c94c9b3c39a6580a16f27b08350b82599b98,2050,2017,미분류,상수도 노후관 교체공사비 낭비 관련 변상판정 청구사항,pdf_conv
S03774,감사원,BAI_CONV,20170830_[기관정기]_한국산업인력공단 기관운영감사_2075.pdf,.pdf,3516801,1838b266500e08a558fcbab19c0c6cefab395c1568236c147ae8761c9fdc86d3,2075,2017,기관정기,한국산업인력공단 기관운영감사,pdf_conv
S03775,감사원,BAI_CONV,20181101_[기관정기]_방위사업청 기관운영감사_2225.pdf,.pdf,2834471,698f80c23951239a697401a467e3e6665101f212fa7933d0eca9d43c97303643,2225,2018,기관정기,방위사업청 기관운영감사,pdf_conv
S03776,감사원,BAI_CONV,20181217_[특정사안]_제2롯데월드 신축 행정협의조정 등 추진 실태_2249.pdf,.pdf,4471631,23ecef8788e29a0b7bad271fceefc6159a11f66c9d8b029c733a35b96b74e47a,2249,2018,특정사안,제2롯데월드 신축 행정협의조정 등 추진 실태,pdf_conv
S03777,감사원,BAI_CONV,20190501_[특정사안]_K-2 전차 파워팩 등 관도급 품목 분류 및 관리실태_2301.pdf,.pdf,2611773,1c4c316e6f505362adb3c741efd8ee3f1db4f9bfd3ea5be1d2ad65abade13a76,2301,2019,특정사안,K-2 전차 파워팩 등 관도급 품목 분류 및 관리실태,pdf_conv
S03778,감사원,BAI_CONV,20190919_[기관정기]_국방부 기관운영감사_2365.pdf,.pdf,4731382,de78b9b7d0c2a8f52c781956dc416bffdf23ca3b1839269b491d74c7fccb58fd,2365,2019,기관정기,국방부 기관운영감사,pdf_conv
S03779,화성,HWASEONG,3-01-00-2017_0617.pdf,.pdf,124206,0cb48daf110e6b847cfc2f222a37706bee8366a77a6f378402e373d877ddcd83,3-01-00-2017_0617,2017,,3-01-00-2017_0617,pdf
S03780,화성,HWASEONG,3-01-00-2017_0618.pdf,.pdf,198951,2e60921495f75d185e9722ba49c2ba0971ed9829ec5e62644cc2e317a25fd6e0,3-01-00-2017_0618,2017,,3-01-00-2017_0618,pdf
S03781,화성,HWASEONG,3-01-00-2018_0459.pdf,.pdf,58498,77adb719e5518f6fb1397d211e9d428bd13d94b47c818caeab507ab951567654,3-01-00-2018_0459,2018,,3-01-00-2018_0459,pdf
S03782,화성,HWASEONG,3-01-00-2018_0460.pdf,.pdf,58021,cd0e9f4614ff6d57f20333103bdf601b48c4f304dd8a98ad65943027421745d4,3-01-00-2018_0460,2018,,3-01-00-2018_0460,pdf
S03783,화성,HWASEONG,3-02-00-2017_0628.pdf,.pdf,138850,56af02a7b6f0656a3d91d2e7f6b4eccfb22581265dca3faa4e6c8e59c47ab14d,3-02-00-2017_0628,2017,,3-02-00-2017_0628,pdf
S03784,화성,HWASEONG,3-05-00-2017_0614.pdf,.pdf,194233,2a44eccd4542264c5e12b509fbedc6dec921e0c6a2d417d50bb3293af3aa5b49,3-05-00-2017_0614,2017,,3-05-00-2017_0614,pdf
S03785,화성,HWASEONG,3-05-00-2018_0457.pdf,.pdf,90012,c816895ae25ee46dd358b64ac6bd21b23c7f56ec3837a4840ab196737915dc85,3-05-00-2018_0457,2018,,3-05-00-2018_0457,pdf
S03786,화성,HWASEONG,3-05-00-2018_0458.pdf,.pdf,93875,40b05c1c044792ef50a3f33b99ee7f2c03993565fa5d41c3d718b954c2dfc20d,3-05-00-2018_0458,2018,,3-05-00-2018_0458,pdf
S03787,화성,HWASEONG,3-05-00-2018_0461.pdf,.pdf,64830,8912730bf0cc7e2badc873dcc1ebd65c3a135ae7c942669fed8d76883758e0cf,3-05-00-2018_0461,2018,,3-05-00-2018_0461,pdf
S03788,화성,HWASEONG,3-07-00-2017_0621.pdf,.pdf,161008,6c2f66c21af1089a8f71c21dc3c05f82b9a921c468ca1635dc973608eef6d46f,3-07-00-2017_0621,2017,,3-07-00-2017_0621,pdf
S03789,화성,HWASEONG,3-11-00-2018_0462.pdf,.pdf,48624,b5daa0def5580d8a2e85c28a12f675f600c3aef0b66b9cc360285d771a050a08,3-11-00-2018_0462,2018,,3-11-00-2018_0462,pdf
S03790,화성,HWASEONG,4-01-00-2022-202669.pdf,.pdf,116407,bbd972ea09bc023dd3937e83f7c3edf4b090139baffa1507589d56c8e90fd2ed,4-01-00-2022-202669,2022,,4-01-00-2022-202669,pdf
S03791,화성,HWASEONG,4-01-00-2022-202670.pdf,.pdf,116538,8cd70ff774fd8bab91a82a168dc98a625d22331d3ebe77a154a7ae024cf11805,4-01-00-2022-202670,2022,,4-01-00-2022-202670,pdf
S03792,화성,HWASEONG,4-01-00-2022-202671.pdf,.pdf,966688,46b76b3c427920a13e745fc6c5f1fdafe420cd8bc7e66656d6a43b79dfe823d9,4-01-00-2022-202671,2022,,4-01-00-2022-202671,pdf
S03793,화성,HWASEONG,4-01-00-2023-203957.pdf,.pdf,110970,438178664a4ed4d266bd4e9cf4f3a8be2db3d93d3797ed92e4ce426c05b3c441,4-01-00-2023-203957,2023,,4-01-00-2023-203957,pdf
S03794,화성,HWASEONG,4-01-00-2023-203963.pdf,.pdf,114874,ac73b716db9b0a5b438e41d5771bd7972ab3425ff2549755ed93af41031dff97,4-01-00-2023-203963,2023,,4-01-00-2023-203963,pdf
S03795,화성,HWASEONG,4-01-00-2023-203967.pdf,.pdf,113623,aa8de5cc59f9fb828053094c1664f66f5f2c408bae2c585362991a21984ea298,4-01-00-2023-203967,2023,,4-01-00-2023-203967,pdf
S03796,화성,HWASEONG,4-01-00-2023-203968.pdf,.pdf,150269,17fec9a449c93e223d53dbd9b293e5c9d3ac65e2c2bec7b2104cafb34fa8923f,4-01-00-2023-203968,2023,,4-01-00-2023-203968,pdf
S03797,화성,HWASEONG,4-01-00-2023-203972.pdf,.pdf,112653,f3d171424f6184f3c8f32c4df49138907951de989f6ab0ca6d993391543aa093,4-01-00-2023-203972,2023,,4-01-00-2023-203972,pdf
S03798,화성,HWASEONG,4-01-00-2023-204303.pdf,.pdf,117261,6a9b5ab88234906df73f4d07591eb864e46446c5faa0d6e42baacd6a269e321d,4-01-00-2023-204303,2023,,4-01-00-2023-204303,pdf
S03799,화성,HWASEONG,4-01-00-2023-204326.pdf,.pdf,120878,80f03d8d594855461abf73101b0295b1433de25128adf97c77995fe9503a72f4,4-01-00-2023-204326,2023,,4-01-00-2023-204326,pdf
S03800,화성,HWASEONG,4-01-00-2024-204841.pdf,.pdf,116160,9bd11858859fcdc4c423aaf2a638baece5fb1e96ebf739aade4758adc76a98c6,4-01-00-2024-204841,2024,,4-01-00-2024-204841,pdf
S03801,화성,HWASEONG,4-01-00-2024-204842.pdf,.pdf,114562,b69ba8c955813e92a48b53af2a40a48dae7fd91a6f90b8195c20ad1eb90f3594,4-01-00-2024-204842,2024,,4-01-00-2024-204842,pdf
S03802,화성,HWASEONG,4-01-00-2024-204843.pdf,.pdf,207370,f1406bde2fbb3933f03d8672c1a0ca31f1be80ec5cb7de4388da85275993e9b6,4-01-00-2024-204843,2024,,4-01-00-2024-204843,pdf
S03803,화성,HWASEONG,4-01-00-2024-204933.pdf,.pdf,125000,a1fc41d8d3e932403801f1faca6979e97e1aa4452b0cbf6d8d772c2f3b16ab16,4-01-00-2024-204933,2024,,4-01-00-2024-204933,pdf
S03804,화성,HWASEONG,4-01-00-2024-204934.pdf,.pdf,239854,c8c589c57ff6358ecdb1151e7c36a40cfce29d97428345e226c9e4924b953afd,4-01-00-2024-204934,2024,,4-01-00-2024-204934,pdf
S03805,화성,HWASEONG,4-01-00-2024-204959.pdf,.pdf,125116,5deecbcd3f5baade967dedfda4cdebdc8cba17c70d737457d5c66a969b083f13,4-01-00-2024-204959,2024,,4-01-00-2024-204959,pdf
S03806,화성,HWASEONG,4-01-00-2024-205517.pdf,.pdf,98034,c2f1f2645637a2e8e337182c8c1b155f1f71c946731331603a228bca1103486b,4-01-00-2024-205517,2024,,4-01-00-2024-205517,pdf
S03807,화성,HWASEONG,4-01-00-2024-205521.pdf,.pdf,145666,a6274013bd280a4bf118ba9e50393782c0598152e3f8e3e83d6611f323ca9bae,4-01-00-2024-205521,2024,,4-01-00-2024-205521,pdf
S03808,화성,HWASEONG,4-01-00-2025-205705.pdf,.pdf,117820,5a411375ba928e8f2c29cf0dd8c234337a398a6cc6be40ac30b0ec0b46858725,4-01-00-2025-205705,2025,,4-01-00-2025-205705,pdf
S03809,화성,HWASEONG,4-01-00-2025-205706.pdf,.pdf,118162,a08977b912a1eb43f13a22b29982b0d0d19878aac3d19545193174b5c97637a0,4-01-00-2025-205706,2025,,4-01-00-2025-205706,pdf
S03810,화성,HWASEONG,4-01-00-2025-205725.pdf,.pdf,111963,21e52cad897dc10d893526def9d96c231d773bd5d8806dd8577fca4483f40484,4-01-00-2025-205725,2025,,4-01-00-2025-205725,pdf
S03811,화성,HWASEONG,4-01-00-2025-205726.pdf,.pdf,114332,c157fbd8858c2f2e112ebaa45cf2a426f26c65b39e3c4e7bf37d55662ceda19d,4-01-00-2025-205726,2025,,4-01-00-2025-205726,pdf
S03812,화성,HWASEONG,4-01-00-2025-205741.pdf,.pdf,99609,881d0c206c878260a60d043a06f9c79654220b24947b3667f91cf8d241b68536,4-01-00-2025-205741,2025,,4-01-00-2025-205741,pdf
S03813,화성,HWASEONG,4-01-00-2025-205744.pdf,.pdf,101963,bd4d143a83780e660aeb965ad20c37ef77770a895f9ba34a4e66ac1af0e555a7,4-01-00-2025-205744,2025,,4-01-00-2025-205744,pdf
S03814,화성,HWASEONG,4-01-00-2025-205745.pdf,.pdf,102937,15be32f350b8a14bdc94949b89e7d9a82f25f3251ce805c0ebcab920bd2984bf,4-01-00-2025-205745,2025,,4-01-00-2025-205745,pdf
S03815,화성,HWASEONG,4-01-00-2025-205746.pdf,.pdf,100429,616f0b82532b097c4cc28276d5aa0e4abd2cfd318063386203b6c25726ffc849,4-01-00-2025-205746,2025,,4-01-00-2025-205746,pdf
S03816,화성,HWASEONG,4-01-00-2025-205755.pdf,.pdf,95927,7dffa7e9a70c1c81ee7a3f006241052446d42cd6510caf3976e9f0af4cfc4b59,4-01-00-2025-205755,2025,,4-01-00-2025-205755,pdf
S03817,화성,HWASEONG,4-01-00-2025-205763.pdf,.pdf,101928,eb312357862b19400c9932135604f20231a3c697aa49978ff64910719795f932,4-01-00-2025-205763,2025,,4-01-00-2025-205763,pdf
S03818,화성,HWASEONG,4-01-00-2025-205770.pdf,.pdf,102151,4d644c3edf9f3c4cab6da085275cea6349d0cf16d49ac9fcc50cb925080df710,4-01-00-2025-205770,2025,,4-01-00-2025-205770,pdf
S03819,화성,HWASEONG,4-01-00-2025-205772.pdf,.pdf,99705,46ba5599a0e944ac20bf638e740ace7d5f6a82195305131fb41638437df5bf1e,4-01-00-2025-205772,2025,,4-01-00-2025-205772,pdf
S03820,화성,HWASEONG,4-01-00-2025-205783.pdf,.pdf,107837,fea57a3fb2d47a211bf2eea5ef95ac40c1579c2f67dc7e1bd78e7cc709ff7fab,4-01-00-2025-205783,2025,,4-01-00-2025-205783,pdf
S03821,화성,HWASEONG,4-01-00-2025-205976.pdf,.pdf,106746,f1332277d228f15dfd344b5220bb8e4b4cd6a8d120afa7ba66aa5f95841e9ebf,4-01-00-2025-205976,2025,,4-01-00-2025-205976,pdf
S03822,화성,HWASEONG,4-01-00-2025-205977.pdf,.pdf,105213,db50721f7ce1857c568cbe03b8c432ebaf88a5f30b84262d78c43af15e8451e7,4-01-00-2025-205977,2025,,4-01-00-2025-205977,pdf
S03823,화성,HWASEONG,4-01-00-2025-205987.pdf,.pdf,105494,c9dbf2665197ccaf0fa3667749835d51167baeaf475c218d60fd9bd32dc346d4,4-01-00-2025-205987,2025,,4-01-00-2025-205987,pdf
S03824,화성,HWASEONG,4-01-00-2025-205992.pdf,.pdf,104546,f0ef873056aacde67f7c3cb526c7150468fb6fdd53b665e94fee5ce61faa604e,4-01-00-2025-205992,2025,,4-01-00-2025-205992,pdf
S03825,화성,HWASEONG,4-01-00-2025-206005.pdf,.pdf,96037,2a93031363d4921ee24b7c0dccceb22c973012a64ab4e5b06cd3e501a7df9877,4-01-00-2025-206005,2025,,4-01-00-2025-206005,pdf
S03826,화성,HWASEONG,4-01-00-2025-206017.pdf,.pdf,108926,4b969fd7cbddd727ca5384dbe704a457fbd5c4ba302c248e6ba80f2ad446049b,4-01-00-2025-206017,2025,,4-01-00-2025-206017,pdf
S03827,화성,HWASEONG,4-01-00-2025-206184.pdf,.pdf,84984,b1076a71d5ee97227660237123d2b5ce0ce30ff76daa9c3b0f55bcb0dc2eed4c,4-01-00-2025-206184,2025,,4-01-00-2025-206184,pdf
S03828,화성,HWASEONG,4-01-00-2025-206192.pdf,.pdf,85249,819958fda5d3788b2b6044391aaa55759e273182476d9a06c095f7e7a9272ee0,4-01-00-2025-206192,2025,,4-01-00-2025-206192,pdf
S03829,화성,HWASEONG,4-01-00-2025-206196.pdf,.pdf,86545,eb7a5f6d5a734168c1f7a2e64ba97030fe3be74ffe5b38036c4b1ead0347aa69,4-01-00-2025-206196,2025,,4-01-00-2025-206196,pdf
S03830,화성,HWASEONG,4-01-00-2025-206197.pdf,.pdf,136135,14b678634c0870d05eb602c9275b1da813cb3653a1578a7c7a77dcdd0ab361c8,4-01-00-2025-206197,2025,,4-01-00-2025-206197,pdf
S03831,화성,HWASEONG,4-01-00-2025-206207.pdf,.pdf,116252,54b89f28f770b6d3d6185aebeaadbe6f3c01cf1a6e32166b2682f9b40803b279,4-01-00-2025-206207,2025,,4-01-00-2025-206207,pdf
S03832,화성,HWASEONG,4-01-00-2025-206220.pdf,.pdf,113483,dd432c906582a2ff3e637d8831726f0d71b77b277e08eb62483d923022ed2654,4-01-00-2025-206220,2025,,4-01-00-2025-206220,pdf
S03833,화성,HWASEONG,4-01-00-2025-206610.pdf,.pdf,85943,eec1bf7a260dd0fd9db16424fa123554da21cee7058f7a3de817bc6655fdc90d,4-01-00-2025-206610,2025,,4-01-00-2025-206610,pdf
S03834,화성,HWASEONG,4-01-00-2025-206618.pdf,.pdf,103588,0a6f0da19cba033721d92f28497293f3308364b7ccbc2a3c7d39ff21123b034b,4-01-00-2025-206618,2025,,4-01-00-2025-206618,pdf
S03835,화성,HWASEONG,4-01-00-2025-206621.pdf,.pdf,90867,7cd66bd38f75e07afdcd3f2dc9957eacb08d6f33f0c8a9af77274ce3425ab028,4-01-00-2025-206621,2025,,4-01-00-2025-206621,pdf
S03836,화성,HWASEONG,4-01-00-2026-206988.pdf,.pdf,111194,bc917af0774e369ce94a523349c469f878bfbfea89abae749e6314cda615d408,4-01-00-2026-206988,2026,,4-01-00-2026-206988,pdf
S03837,화성,HWASEONG,4-02-00-2022-202661.pdf,.pdf,116546,5ed234cc20ac39618d905863c0db33c911f43760b3d4ab98cdc527943839e92c,4-02-00-2022-202661,2022,,4-02-00-2022-202661,pdf
S03838,화성,HWASEONG,4-02-00-2022-202662.pdf,.pdf,134376,b8518201c317c3bdc7e5d5b35c8c15ae65719fd7bbe930b711f5447de350ef4a,4-02-00-2022-202662,2022,,4-02-00-2022-202662,pdf
S03839,화성,HWASEONG,4-02-00-2022-202663.pdf,.pdf,117536,5614d82fa25e401944456a9b0bcab8fcaf1d49809d986e3cdeeedb861ae79e75,4-02-00-2022-202663,2022,,4-02-00-2022-202663,pdf
S03840,화성,HWASEONG,4-02-00-2022-202664.pdf,.pdf,117612,a7cb6680f027dc54872cf1ec60b2f91989cbca6fa89aa374ffbd330b096b2c69,4-02-00-2022-202664,2022,,4-02-00-2022-202664,pdf
S03841,화성,HWASEONG,4-02-00-2022-204163.pdf,.pdf,149962,94c71b30a8d1d9476fa7ece3db5eba5cf9fa9314428a2bf11648dd9984835e82,4-02-00-2022-204163,2022,,4-02-00-2022-204163,pdf
S03842,화성,HWASEONG,4-02-00-2022-204176.pdf,.pdf,126316,66352da66da155c6816be3615e438ba1416300446d5c69d146a97d901d9788e1,4-02-00-2022-204176,2022,,4-02-00-2022-204176,pdf
S03843,화성,HWASEONG,4-02-00-2022-204177.pdf,.pdf,127700,f3f524d2ce12e15c97ce3d1cd247f5df6bf0853efd338654b6d727f18ed8ed4e,4-02-00-2022-204177,2022,,4-02-00-2022-204177,pdf
S03844,화성,HWASEONG,4-02-00-2022-204180.pdf,.pdf,124941,6f96a095e6545dc9846059b8c819109b2b430a89c39a1a02b320e4d54a7ca6d6,4-02-00-2022-204180,2022,,4-02-00-2022-204180,pdf
S03845,화성,HWASEONG,4-02-00-2022-204181.pdf,.pdf,124747,b984961bd621329ec96b22e0a15d1ede6580cee8ffe6d8f0f3e0dfbdee7f4745,4-02-00-2022-204181,2022,,4-02-00-2022-204181,pdf
S03846,화성,HWASEONG,4-02-00-2022-204183.pdf,.pdf,125499,c974630941d6fd8e2f5338329735ac0f29055ea59372bce4c2d056fb2cd51b13,4-02-00-2022-204183,2022,,4-02-00-2022-204183,pdf
S03847,화성,HWASEONG,4-02-00-2022-204184.pdf,.pdf,134759,da9465ecbd98be44a23800652cc18abdf2511f4ee45f29741cabd9cb54383506,4-02-00-2022-204184,2022,,4-02-00-2022-204184,pdf
S03848,화성,HWASEONG,4-02-00-2022-204185.pdf,.pdf,133961,a1992f357d83af55d6edddf360302b02d8459abbd67cd50bdef9305df1182b6a,4-02-00-2022-204185,2022,,4-02-00-2022-204185,pdf
S03849,화성,HWASEONG,4-02-00-2022-204186.pdf,.pdf,134345,48c1a400e29364c8f1adaef11fedf46eacce2b325daf5be77542f4b6e640271a,4-02-00-2022-204186,2022,,4-02-00-2022-204186,pdf
S03850,화성,HWASEONG,4-02-00-2022-204187.pdf,.pdf,133336,2a229efd5aea63de01f8dde0697d996850f6fef0bc05179c8c95defeb06cc2a0,4-02-00-2022-204187,2022,,4-02-00-2022-204187,pdf
S03851,화성,HWASEONG,4-02-00-2022-204188.pdf,.pdf,174849,15b8d6ba666c7192a750a7b46f5c2c738a9dff379604b641c3b6bde9c76a2486,4-02-00-2022-204188,2022,,4-02-00-2022-204188,pdf
S03852,화성,HWASEONG,4-02-00-2022-204189.pdf,.pdf,127172,f46c1983277230192cdfdaea35afe644d857ca04b05f1514a75a7061ad0054bb,4-02-00-2022-204189,2022,,4-02-00-2022-204189,pdf
S03853,화성,HWASEONG,4-02-00-2022-204190.pdf,.pdf,126846,0c7a91034145f2d210d96972b5c134d636f7ba94ebc8a4604beba08bfd68b974,4-02-00-2022-204190,2022,,4-02-00-2022-204190,pdf
S03854,화성,HWASEONG,4-02-00-2022-204191.pdf,.pdf,135966,55200fa7fdd6f8419918904ffea091513099c15d4e105fa12c06b9f5d8b5f540,4-02-00-2022-204191,2022,,4-02-00-2022-204191,pdf
S03855,화성,HWASEONG,4-02-00-2022-204192.pdf,.pdf,127594,ed9af8df7cd609c167c63e37d10492203e447bb778aef83b4120216c4c576a61,4-02-00-2022-204192,2022,,4-02-00-2022-204192,pdf
S03856,화성,HWASEONG,4-02-00-2022-204195.pdf,.pdf,107186,e6d3dd746f07f4031cdaa2d5266343de96ece68c205ab8f09eb4d2346f1d6d7f,4-02-00-2022-204195,2022,,4-02-00-2022-204195,pdf
S03857,화성,HWASEONG,4-02-00-2022-204244.pdf,.pdf,111807,56a642205c0c9ccaf66fc30e7b38293680a5d8d71f4caa55eb6621600b1dd8bd,4-02-00-2022-204244,2022,,4-02-00-2022-204244,pdf
S03858,화성,HWASEONG,4-02-00-2022-204247.pdf,.pdf,170513,f6071afc207511b7ff026a1538f7c03999b488b0738b09dbc95e995776d0a55a,4-02-00-2022-204247,2022,,4-02-00-2022-204247,pdf
S03859,화성,HWASEONG,4-02-00-2022-204249.pdf,.pdf,120479,c24f99088dbc9b2efa5a309bdc5aa839926ef36bde7ea7af2a454d7175117f5e,4-02-00-2022-204249,2022,,4-02-00-2022-204249,pdf
S03860,화성,HWASEONG,4-02-00-2022-204250.pdf,.pdf,170358,31cd951617051353a3bdf1df5c4bb70f831121357eed63fe5a008d79d6d419f9,4-02-00-2022-204250,2022,,4-02-00-2022-204250,pdf
S03861,화성,HWASEONG,4-02-00-2022-204251.pdf,.pdf,169226,dfc1d9ab7d91c8d45f25f7ca4cea4b9e79e6971a023418f3bd46fad591a1550c,4-02-00-2022-204251,2022,,4-02-00-2022-204251,pdf
S03862,화성,HWASEONG,4-02-00-2022-204252.pdf,.pdf,91949,8edadf9587d35302d5084d88e155d5b799f0b549f29244cc3a02640e69406cc6,4-02-00-2022-204252,2022,,4-02-00-2022-204252,pdf
S03863,화성,HWASEONG,4-02-00-2023-203473.pdf,.pdf,107319,4751f4cd3e736c8e808dd8eb434c317f35a88ade48c5d2294dbdb30f64c5c02c,4-02-00-2023-203473,2023,,4-02-00-2023-203473,pdf
S03864,화성,HWASEONG,4-02-00-2023-203479.pdf,.pdf,182756,c3d4650378a229ce88efac39883ff82782519e7278087c2f5e55aa712ade0358,4-02-00-2023-203479,2023,,4-02-00-2023-203479,pdf
S03865,화성,HWASEONG,4-02-00-2023-203486.pdf,.pdf,72708,5010c7bc998fb0c0604dee97c70e37dbe2ee4deaf21ba6a7c70fcaeea3aeadb0,4-02-00-2023-203486,2023,,4-02-00-2023-203486,pdf
S03866,화성,HWASEONG,4-02-00-2023-203487.pdf,.pdf,100369,5a4b9fbb6f7d3ae29c72c0949035fbac7624d57481f6da761491fa22b5e97e66,4-02-00-2023-203487,2023,,4-02-00-2023-203487,pdf
S03867,화성,HWASEONG,4-02-00-2023-203489.pdf,.pdf,105442,d5e9862424ad0e43a8cd19a60e2cbafd5ff8d7e978ea28f487d5eb00d51693df,4-02-00-2023-203489,2023,,4-02-00-2023-203489,pdf
S03868,화성,HWASEONG,4-02-00-2023-203490.pdf,.pdf,129368,ad5620534a8e6da701cf76cdd1a65ad12bf078973431107e1dddfb2fa9791b03,4-02-00-2023-203490,2023,,4-02-00-2023-203490,pdf
S03869,화성,HWASEONG,4-02-00-2023-203491.pdf,.pdf,122264,b862b876bf5054f3028f888eb5411b467cfc6ce7f3ef377b611678b5d1f1c4a3,4-02-00-2023-203491,2023,,4-02-00-2023-203491,pdf
S03870,화성,HWASEONG,4-02-00-2023-203492.pdf,.pdf,124454,534cfe4879965c8480b3649f073ab079abee73e69c04e2368bc1141b2c25f398,4-02-00-2023-203492,2023,,4-02-00-2023-203492,pdf
S03871,화성,HWASEONG,4-02-00-2023-203494.pdf,.pdf,102476,a614403c48b6d8b7f237a88ed37fbbee776d6ce352584a8d8418156dce944b4e,4-02-00-2023-203494,2023,,4-02-00-2023-203494,pdf
S03872,화성,HWASEONG,4-02-00-2023-203495.pdf,.pdf,165231,da9919403a527778052b5b805f47db15a5413fc2b32bdf646f646fa58382e426,4-02-00-2023-203495,2023,,4-02-00-2023-203495,pdf
S03873,화성,HWASEONG,4-02-00-2023-203496.pdf,.pdf,97295,37f4e967e0de91ba33c80a5d877b981fa4e14a969fc4e3855b0cf09f7305286b,4-02-00-2023-203496,2023,,4-02-00-2023-203496,pdf
S03874,화성,HWASEONG,4-02-00-2023-203497.pdf,.pdf,58149,c2f244d5df9e310cea101f2953e1d5a3980408a6eb32c4929d83baffb1786396,4-02-00-2023-203497,2023,,4-02-00-2023-203497,pdf
S03875,화성,HWASEONG,4-02-00-2023-203499.pdf,.pdf,63840,95f7f36254fad35765999a1188a25884f55bd196e147927557859ef419bd35ac,4-02-00-2023-203499,2023,,4-02-00-2023-203499,pdf
S03876,화성,HWASEONG,4-02-00-2023-203500.pdf,.pdf,74012,745e4e7f99529934d4024b71ed647e5e95cdac1cb41d9f5738e32b860c035991,4-02-00-2023-203500,2023,,4-02-00-2023-203500,pdf
S03877,화성,HWASEONG,4-02-00-2023-203501.pdf,.pdf,69961,9845fbc451ef64e14bbfc8067f9346a0ad604ee8abb7da1492b19611adc3f6b6,4-02-00-2023-203501,2023,,4-02-00-2023-203501,pdf
S03878,화성,HWASEONG,4-02-00-2023-203502.pdf,.pdf,63810,344f530f3e900b976a89e272b05d5d75f7bd74a0c669267485277a2bde2034fa,4-02-00-2023-203502,2023,,4-02-00-2023-203502,pdf
S03879,화성,HWASEONG,4-02-00-2023-203503.pdf,.pdf,214535,9a78471c1475936603f3e971aa7fe2f7fa862e70d8b0ae9a9582178de08e7486,4-02-00-2023-203503,2023,,4-02-00-2023-203503,pdf
S03880,화성,HWASEONG,4-02-00-2023-203504.pdf,.pdf,69828,6ff3194764e1e57a302f878e4620fcd967844e0e605d03b7bef426cb49a513ce,4-02-00-2023-203504,2023,,4-02-00-2023-203504,pdf
S03881,화성,HWASEONG,4-02-00-2023-203505.pdf,.pdf,69386,486040f7b4f3962e42da968c5ecbfd91d892d3ee9f09f6751ddf41398aa13a43,4-02-00-2023-203505,2023,,4-02-00-2023-203505,pdf
S03882,화성,HWASEONG,4-02-00-2023-203506.pdf,.pdf,276545,9f8a768fd58008cba7b8eef02d47c137c8bc01580562ae11611dbad911f52194,4-02-00-2023-203506,2023,,4-02-00-2023-203506,pdf
S03883,화성,HWASEONG,4-02-00-2023-203511.pdf,.pdf,100896,a5420c04dd29d94598b5342e805b6557bd9e800de5c60ab15561e1d5d58986b1,4-02-00-2023-203511,2023,,4-02-00-2023-203511,pdf
S03884,화성,HWASEONG,4-02-00-2023-203969.pdf,.pdf,111495,2a63c174e0deef824a3040f035019150a8554d2cc60936488c55c18076f58285,4-02-00-2023-203969,2023,,4-02-00-2023-203969,pdf
S03885,화성,HWASEONG,4-02-00-2023-203971.pdf,.pdf,116720,639a1b3daef7cb3cfe27ba8c9835271bb531cba81ce168511b56ffe6d722e0bc,4-02-00-2023-203971,2023,,4-02-00-2023-203971,pdf
S03886,화성,HWASEONG,4-02-00-2023-203973.pdf,.pdf,116248,949968a41a06f8130cf88cd8da480524a3ec2bf759c6dbf367475b7c631cabd6,4-02-00-2023-203973,2023,,4-02-00-2023-203973,pdf
S03887,화성,HWASEONG,4-02-00-2023-203975.pdf,.pdf,111009,bd01348c028fbc0641b739b53396cdb1a6c8748e6481075d9192e34f665ec04d,4-02-00-2023-203975,2023,,4-02-00-2023-203975,pdf
S03888,화성,HWASEONG,4-02-00-2023-204265.pdf,.pdf,115897,1689fc47f18dd1e28d1b7f00603c8dc8e52c1f5c314538e9067492d6a5dd8364,4-02-00-2023-204265,2023,,4-02-00-2023-204265,pdf
S03889,화성,HWASEONG,4-02-00-2023-204270.pdf,.pdf,116830,58d35877b18b7c4650fdbacf3f1d622882a92219d01757ccbdff10d75e24b620,4-02-00-2023-204270,2023,,4-02-00-2023-204270,pdf
S03890,화성,HWASEONG,4-02-00-2023-204273.pdf,.pdf,115733,011bd2fc6e17d00cc65c59505c79f2fb06883de4f99dff5b464a32a55e4a8550,4-02-00-2023-204273,2023,,4-02-00-2023-204273,pdf
S03891,화성,HWASEONG,4-02-00-2023-204274.pdf,.pdf,191890,f2a3a08312d73583fb3f98d8a07566c3d5f900e2a97f1d1ec226045cde4ab832,4-02-00-2023-204274,2023,,4-02-00-2023-204274,pdf
S03892,화성,HWASEONG,4-02-00-2023-204275.pdf,.pdf,202039,179a24d0914ac3ac13a9285f243f877a503074900b7cf0fd5dfa058bca746309,4-02-00-2023-204275,2023,,4-02-00-2023-204275,pdf
S03893,화성,HWASEONG,4-02-00-2023-204276.pdf,.pdf,115673,c6b0837fdd63b0156a1dbef191d47009d3dceeea212912ced2312f1530914380,4-02-00-2023-204276,2023,,4-02-00-2023-204276,pdf
S03894,화성,HWASEONG,4-02-00-2023-204277.pdf,.pdf,115004,9026afc7cfb9430227d6706697e966e09210a9a46a91378b073787e7a6443448,4-02-00-2023-204277,2023,,4-02-00-2023-204277,pdf
S03895,화성,HWASEONG,4-02-00-2023-204278.pdf,.pdf,115915,6780cdf713bcf462a9a1defe87f219bac6842d5d27105ae8fd30141657866e4a,4-02-00-2023-204278,2023,,4-02-00-2023-204278,pdf
S03896,화성,HWASEONG,4-02-00-2023-204279.pdf,.pdf,204298,25c902616f92b79f65148adf20ccde20576a98a25a085854a58a56d8bcd77345,4-02-00-2023-204279,2023,,4-02-00-2023-204279,pdf
S03897,화성,HWASEONG,4-02-00-2023-204280.pdf,.pdf,243192,1e4bc3400f08d41bd71bd752124bc081df14d21aae312020fc9c65c963766b77,4-02-00-2023-204280,2023,,4-02-00-2023-204280,pdf
S03898,화성,HWASEONG,4-02-00-2023-204281.pdf,.pdf,118309,a76484c69db9925f5582e9aff1605eb9d6dc16e0f225569b9877851704c388e7,4-02-00-2023-204281,2023,,4-02-00-2023-204281,pdf
S03899,화성,HWASEONG,4-02-00-2023-204282.pdf,.pdf,116924,0dde047565c378c0b4d5f8e57324e0f182712866674128bda49694190386a76a,4-02-00-2023-204282,2023,,4-02-00-2023-204282,pdf
S03900,화성,HWASEONG,4-02-00-2023-204283.pdf,.pdf,126304,1fa943913aca0ee8671a0ad8096892ffdcddb152d242ebbc43dbb7f6759842d5,4-02-00-2023-204283,2023,,4-02-00-2023-204283,pdf
S03901,화성,HWASEONG,4-02-00-2023-204284.pdf,.pdf,192296,6e0700e969c8dfdbc10f97051af688d0d599e5d3ab37512d11b1b3965624fc95,4-02-00-2023-204284,2023,,4-02-00-2023-204284,pdf
S03902,화성,HWASEONG,4-02-00-2023-204290.pdf,.pdf,112818,bdb8668363e0df47e42da258f86c17259e4268a786315ade74dd1009c95a1f2a,4-02-00-2023-204290,2023,,4-02-00-2023-204290,pdf
S03903,화성,HWASEONG,4-02-00-2023-204306.pdf,.pdf,116581,06d73eb43039ff7d1e28447b75969e4b2f0b0b4b52518b34d350ea4d2dedad80,4-02-00-2023-204306,2023,,4-02-00-2023-204306,pdf
S03904,화성,HWASEONG,4-02-00-2023-204307.pdf,.pdf,128846,b9c6a4c210749c7f4460d6b271ecd16cd6bebac79532ce25a76b6407b48ca9a1,4-02-00-2023-204307,2023,,4-02-00-2023-204307,pdf
S03905,화성,HWASEONG,4-02-00-2023-204310.pdf,.pdf,118748,66f34d35e6c31d2c3fb0e7c990ee76a0216b8127399219bb5b5fcff99f0ec49c,4-02-00-2023-204310,2023,,4-02-00-2023-204310,pdf
S03906,화성,HWASEONG,4-02-00-2023-204311.pdf,.pdf,113778,e0b87d223a77e7b97017e2e464f7191a6bde948f2dd422a729d66feb6b19d785,4-02-00-2023-204311,2023,,4-02-00-2023-204311,pdf
S03907,화성,HWASEONG,4-02-00-2023-204312.pdf,.pdf,114864,0a5f1587592f9076c418f9ab456997ef587be9c7663a7586ae1752f186915c4e,4-02-00-2023-204312,2023,,4-02-00-2023-204312,pdf
S03908,화성,HWASEONG,4-02-00-2023-204329.pdf,.pdf,118686,db5cbdd81e6ba3f78c200977a910226c55b2e6c4e4907da399d5cb3e4d1b4148,4-02-00-2023-204329,2023,,4-02-00-2023-204329,pdf
S03909,화성,HWASEONG,4-02-00-2023-204330.pdf,.pdf,130383,2aa9b2d4909dffbe04dcfe9310a1227f4874134924d534c65395c9930ad62187,4-02-00-2023-204330,2023,,4-02-00-2023-204330,pdf
S03910,화성,HWASEONG,4-02-00-2023-204331.pdf,.pdf,117183,66be8ab698f0db79a34cde2e748dca05c2b922fe9215cc80beb5fc542f27f5aa,4-02-00-2023-204331,2023,,4-02-00-2023-204331,pdf
S03911,화성,HWASEONG,4-02-00-2023-204335.pdf,.pdf,188125,d1beccd3ee8352094e871074466ee9263bcd5106298bc7783cc05b6da2f0c7c3,4-02-00-2023-204335,2023,,4-02-00-2023-204335,pdf
S03912,화성,HWASEONG,4-02-00-2023-204336.pdf,.pdf,190259,0acd6d7ad5b829c50601a2f3c46f4e16e38f74a4c920202f8bafbe0b03b2a4c1,4-02-00-2023-204336,2023,,4-02-00-2023-204336,pdf
S03913,화성,HWASEONG,4-02-00-2023-204337.pdf,.pdf,236420,9ae84116a249b7ec7084dd0fb74f694dcc49528bd00b51d110fcf5f3a3b41e63,4-02-00-2023-204337,2023,,4-02-00-2023-204337,pdf
S03914,화성,HWASEONG,4-02-00-2023-204342.pdf,.pdf,196924,938efc60699ccb69f58be7b41a7765f6c42aae42c860b98946df58507480858a,4-02-00-2023-204342,2023,,4-02-00-2023-204342,pdf
S03915,화성,HWASEONG,4-02-00-2023-204352.pdf,.pdf,133902,d6a694436af824b40e54cc0f339b90d4cd499820d36507e39eef3bdaa8bc4352,4-02-00-2023-204352,2023,,4-02-00-2023-204352,pdf
S03916,화성,HWASEONG,4-02-00-2023-204353.pdf,.pdf,140175,bd624de43685157f5a5659ab346b9422ca99a04fb699b8d6a9bcfd37eba9981e,4-02-00-2023-204353,2023,,4-02-00-2023-204353,pdf
S03917,화성,HWASEONG,4-02-00-2023-204355.pdf,.pdf,141323,c5bed29d57480fefcb61a8af9fbe1caf64356440d64eddb8eec8e38bec19a641,4-02-00-2023-204355,2023,,4-02-00-2023-204355,pdf
S03918,화성,HWASEONG,4-02-00-2023-204356.pdf,.pdf,139399,f6e346e78944f72de632c5b1b3672d8beb6a84f6cbc86a0d6afae564f65b6f68,4-02-00-2023-204356,2023,,4-02-00-2023-204356,pdf
S03919,화성,HWASEONG,4-02-00-2023-204357.pdf,.pdf,140648,8c98fb2256f1e714b7783f6020854e50e63d158444e1898f3b39beb084709a1a,4-02-00-2023-204357,2023,,4-02-00-2023-204357,pdf
S03920,화성,HWASEONG,4-02-00-2023-204358.pdf,.pdf,139561,ed08b4fc045cdc06ec9a96404efb244ab2368b0dcf198c526cb3f92839bd51d2,4-02-00-2023-204358,2023,,4-02-00-2023-204358,pdf
S03921,화성,HWASEONG,4-02-00-2023-204359.pdf,.pdf,241532,32cb821da2f96d1d6140e7f03184297d3aa8f1688afcf46fedeab238c4608c01,4-02-00-2023-204359,2023,,4-02-00-2023-204359,pdf
S03922,화성,HWASEONG,4-02-00-2023-204360.pdf,.pdf,137107,771a8c67a0b0f430785bf7415922cecb7a82e6f206683658418f20d70887d349,4-02-00-2023-204360,2023,,4-02-00-2023-204360,pdf
S03923,화성,HWASEONG,4-02-00-2023-204361.pdf,.pdf,134859,dce8f0de009dc4a2045a9d77829abe9fb943b10d338e847f38be7b4d0f8846f4,4-02-00-2023-204361,2023,,4-02-00-2023-204361,pdf
S03924,화성,HWASEONG,4-02-00-2023-204362.pdf,.pdf,135540,c4b36f7be7fe0605c22d452c3656817a931fd94d5eefee5ed141e4a64afd2822,4-02-00-2023-204362,2023,,4-02-00-2023-204362,pdf
S03925,화성,HWASEONG,4-02-00-2023-204363.pdf,.pdf,136288,5581f38924cf1d1b86343a2fb8f8725281fb6d07346001cd58d28db97e2f2b93,4-02-00-2023-204363,2023,,4-02-00-2023-204363,pdf
S03926,화성,HWASEONG,4-02-00-2023-204364.pdf,.pdf,141991,6ea40e93e53e316be46cda4949003bd83eaa9759e3b3b59cd342da2d5eef2c44,4-02-00-2023-204364,2023,,4-02-00-2023-204364,pdf
S03927,화성,HWASEONG,4-02-00-2023-204378.pdf,.pdf,125979,8b9a277ba1df023eb75ef9ae17138156250a968e979c1a8764c6f400f6be52bf,4-02-00-2023-204378,2023,,4-02-00-2023-204378,pdf
S03928,화성,HWASEONG,4-02-00-2023-204379.pdf,.pdf,242105,8a7027080dd12899a1ca0ec0a1aff20f3acb481009de4f76fbf31ab8fbe42bda,4-02-00-2023-204379,2023,,4-02-00-2023-204379,pdf
S03929,화성,HWASEONG,4-02-00-2023-204380.pdf,.pdf,212693,eb0d209c5c0df4db5a0d9d777c726a63e6f91969c4f9816606a70cf9d5ad2e52,4-02-00-2023-204380,2023,,4-02-00-2023-204380,pdf
S03930,화성,HWASEONG,4-02-00-2023-204381.pdf,.pdf,217068,ff44819cc27ee58ff155db3bcc000d003f8efa7ff6e0aeb3598fc0b2e54abc93,4-02-00-2023-204381,2023,,4-02-00-2023-204381,pdf
S03931,화성,HWASEONG,4-02-00-2023-204382.pdf,.pdf,151679,78bd38cf5aebba204224e802ed39235943c1d24b965852ca483df3ef0b083cbc,4-02-00-2023-204382,2023,,4-02-00-2023-204382,pdf
S03932,화성,HWASEONG,4-02-00-2023-204383.pdf,.pdf,124528,375d4896e81ac148727a6015af2e151a2d7d53691ee70a22881921728e6d5380,4-02-00-2023-204383,2023,,4-02-00-2023-204383,pdf
S03933,화성,HWASEONG,4-02-00-2023-204384.pdf,.pdf,208772,60249f4547e8bd1d9f755cd0008d88334884cbb387ff8b3970bc50b378cadb2e,4-02-00-2023-204384,2023,,4-02-00-2023-204384,pdf
S03934,화성,HWASEONG,4-02-00-2023-204385.pdf,.pdf,146869,e7e4ab7094d91ab837995fd7b83399c2b6cc27d4830162641e07159968f6ca79,4-02-00-2023-204385,2023,,4-02-00-2023-204385,pdf
S03935,화성,HWASEONG,4-02-00-2023-204387.pdf,.pdf,152652,2fb17040af6882b8a5634c552b35a4d39b8f8977eb6e4b3bc232d812cf3b809b,4-02-00-2023-204387,2023,,4-02-00-2023-204387,pdf
S03936,화성,HWASEONG,4-02-00-2023-204388.pdf,.pdf,153220,69e6ec1b39f17636b6814cd875241c114bab5a8caa13eec101bbd0719ee87d27,4-02-00-2023-204388,2023,,4-02-00-2023-204388,pdf
S03937,화성,HWASEONG,4-02-00-2023-204390.pdf,.pdf,152308,892a2bfe7a36d2bdbc6eca96c06d1654604e348224bb4355bccf68660938b70c,4-02-00-2023-204390,2023,,4-02-00-2023-204390,pdf
S03938,화성,HWASEONG,4-02-00-2023-204391.pdf,.pdf,241372,d6465c00375523b8e01364a9600165229472b3b6f5cb7e788f40105c63463456,4-02-00-2023-204391,2023,,4-02-00-2023-204391,pdf
S03939,화성,HWASEONG,4-02-00-2023-204397.pdf,.pdf,119062,c9ecb9452d1015c9e71b1dbed245f28e587cc4affb4b8084ef9cbeef05a0ddc9,4-02-00-2023-204397,2023,,4-02-00-2023-204397,pdf
S03940,화성,HWASEONG,4-02-00-2024-204777.pdf,.pdf,251183,4d51e72950dbed5987baf7c4429d40bcb7d9c73412cfe6f0a3ecb83adca83605,4-02-00-2024-204777,2024,,4-02-00-2024-204777,pdf
S03941,화성,HWASEONG,4-02-00-2024-204794.pdf,.pdf,142783,92e3328a62ce256467c1bddd79656ab98a1e18da7808fe9075691328024f40dd,4-02-00-2024-204794,2024,,4-02-00-2024-204794,pdf
S03942,화성,HWASEONG,4-02-00-2024-204796.pdf,.pdf,144624,dafe8b50e1033ab951034e5ca498b84a746a27a2ae9ce932ff3ec0a55f0799c7,4-02-00-2024-204796,2024,,4-02-00-2024-204796,pdf
S03943,화성,HWASEONG,4-02-00-2024-204797.pdf,.pdf,204231,33cf844e08e9cce16d8be4cfc2f09b74b5953dbb6ef37135f746c74591a51645,4-02-00-2024-204797,2024,,4-02-00-2024-204797,pdf
S03944,화성,HWASEONG,4-02-00-2024-204799.pdf,.pdf,124350,6b2ee81d1a1676a3f8d1bd507ee951c1785c7d4f75747855b6127f1ee499049b,4-02-00-2024-204799,2024,,4-02-00-2024-204799,pdf
S03945,화성,HWASEONG,4-02-00-2024-204801.pdf,.pdf,122554,26381b03c77cd3ce493881201b493f2da1394c568dac3f555f9c37dc53ce390d,4-02-00-2024-204801,2024,,4-02-00-2024-204801,pdf
S03946,화성,HWASEONG,4-02-00-2024-204802.pdf,.pdf,122211,76fe447dbe04225ab3c04e3de812e6ba12b0076fe77ad6079ac16eb26249a431,4-02-00-2024-204802,2024,,4-02-00-2024-204802,pdf
S03947,화성,HWASEONG,4-02-00-2024-204803.pdf,.pdf,201910,f9a7749e7ff87219fa7a5b7e0d1a795fc3a216af295d303368b776abf3314f96,4-02-00-2024-204803,2024,,4-02-00-2024-204803,pdf
S03948,화성,HWASEONG,4-02-00-2024-204804.pdf,.pdf,141912,5b3db4c3043cee55120427469504768ec425ba27a5bf698f5e124c272bdc34fd,4-02-00-2024-204804,2024,,4-02-00-2024-204804,pdf
S03949,화성,HWASEONG,4-02-00-2024-204807.pdf,.pdf,132669,bfd9561d07505fef6f3ebd528e16e537a89faaeff048178fc05d387540fb563c,4-02-00-2024-204807,2024,,4-02-00-2024-204807,pdf
S03950,화성,HWASEONG,4-02-00-2024-204812.pdf,.pdf,185699,65efca2b5dc1d11317110b183343ba0d8bd0a8229f0ace7d5f29d060f15efd76,4-02-00-2024-204812,2024,,4-02-00-2024-204812,pdf
S03951,화성,HWASEONG,4-02-00-2024-204814.pdf,.pdf,131935,cea85fdf3af6a98938453fe9d84ecfa64a5805b2f495fc7a7ecd3de1132d36bd,4-02-00-2024-204814,2024,,4-02-00-2024-204814,pdf
S03952,화성,HWASEONG,4-02-00-2024-204818.pdf,.pdf,183008,4ff1338c0ce7cc495c355588e1e24f57e99f31c4f46d97794f826aa78e156ff5,4-02-00-2024-204818,2024,,4-02-00-2024-204818,pdf
S03953,화성,HWASEONG,4-02-00-2024-204819.pdf,.pdf,136044,206e112e89b18f9ff8484edd63365c4cda032f7450018e03e03635a1356b643f,4-02-00-2024-204819,2024,,4-02-00-2024-204819,pdf
S03954,화성,HWASEONG,4-02-00-2024-204820.pdf,.pdf,199715,e42e93cb3d2ad8d9166ca6185675fd532f5963cd3f77d42725ad4655a22d4f50,4-02-00-2024-204820,2024,,4-02-00-2024-204820,pdf
S03955,화성,HWASEONG,4-02-00-2024-204822.pdf,.pdf,215564,393b3b8755cffe35620eaeed211f4d9bfa6f217c8ef9a851d1119dc2fe6ec885,4-02-00-2024-204822,2024,,4-02-00-2024-204822,pdf
S03956,화성,HWASEONG,4-02-00-2024-204823.pdf,.pdf,159033,da2a7b4c9d1cff79d83a2dcdfaed35c03977544c0b7e8bf67d7a47aba6192ffc,4-02-00-2024-204823,2024,,4-02-00-2024-204823,pdf
S03957,화성,HWASEONG,4-02-00-2024-204824.pdf,.pdf,158967,4cc6a518df215269884e0366af511bda3a90f8ea5b5cb38a6d9ae7f6ba182cee,4-02-00-2024-204824,2024,,4-02-00-2024-204824,pdf
S03958,화성,HWASEONG,4-02-00-2024-204828.pdf,.pdf,189778,927c7ae73bb0bc27615d2a4aef0b3cb49bd28ef091063a9222edec2aaece97a5,4-02-00-2024-204828,2024,,4-02-00-2024-204828,pdf
S03959,화성,HWASEONG,4-02-00-2024-204837.pdf,.pdf,118962,a72ed02c2cf03776404bb398e409000512999446caa017904f12598b78eac4b7,4-02-00-2024-204837,2024,,4-02-00-2024-204837,pdf
S03960,화성,HWASEONG,4-02-00-2024-204846.pdf,.pdf,195955,e31b2a390c41005eafa60904219d669efb8e0a0c6da74bbb1147cf42531c7593,4-02-00-2024-204846,2024,,4-02-00-2024-204846,pdf
S03961,화성,HWASEONG,4-02-00-2024-204848.pdf,.pdf,111705,31a1585128e8da86548c141844ed5b91b49cd2f76bd2b578afb79e7d12fb695a,4-02-00-2024-204848,2024,,4-02-00-2024-204848,pdf
S03962,화성,HWASEONG,4-02-00-2024-204849.pdf,.pdf,111505,7220bf27f7483bf5ab7b497cb767b24da0178c4ea3e62a4d25ca9d03beb7ced3,4-02-00-2024-204849,2024,,4-02-00-2024-204849,pdf
S03963,화성,HWASEONG,4-02-00-2024-204857.pdf,.pdf,104126,33ecb7e0aa40ac9fb2341fcd3ea2012fefb5ba2578753064991ec384b6d24272,4-02-00-2024-204857,2024,,4-02-00-2024-204857,pdf
S03964,화성,HWASEONG,4-02-00-2024-204863.pdf,.pdf,125875,0cf0193d84d753a5b23082d99ad1ca3b41d64815bc706f22d43b16317bd9bbcc,4-02-00-2024-204863,2024,,4-02-00-2024-204863,pdf
S03965,화성,HWASEONG,4-02-00-2024-204864.pdf,.pdf,104170,fb6c24a42e62cfce772d70e016e725e5b2087e16aa3ac0c5dca3af50f6a85c37,4-02-00-2024-204864,2024,,4-02-00-2024-204864,pdf
S03966,화성,HWASEONG,4-02-00-2024-204865.pdf,.pdf,125355,18666bbee724dd9211fcf1a60ac3eed0fa79ba502237d023031f3fe52ae12a9c,4-02-00-2024-204865,2024,,4-02-00-2024-204865,pdf
S03967,화성,HWASEONG,4-02-00-2024-204866.pdf,.pdf,104617,791aca525581dc38af195632d236a066cdf007f36b5c9095265d50e2cd70ee97,4-02-00-2024-204866,2024,,4-02-00-2024-204866,pdf
S03968,화성,HWASEONG,4-02-00-2024-204868.pdf,.pdf,104445,7c6a67b86a532a1c0e3373509e9b67f77a9442e14d0dbea2717b7a5c9d79f14c,4-02-00-2024-204868,2024,,4-02-00-2024-204868,pdf
S03969,화성,HWASEONG,4-02-00-2024-204869.pdf,.pdf,122711,5bb7a4bc9a67dc9e5c8dd54b5d84ce5f99952cf4ad24aaaa4c2e39b0a59ba998,4-02-00-2024-204869,2024,,4-02-00-2024-204869,pdf
S03970,화성,HWASEONG,4-02-00-2024-204935.pdf,.pdf,268277,bf824241ffefe764b7d1b655adda35923c2d885897446f8fbb516626b68d3092,4-02-00-2024-204935,2024,,4-02-00-2024-204935,pdf
S03971,화성,HWASEONG,4-02-00-2024-204936.pdf,.pdf,208944,4c70e8a23c7f35d3ce7f862406be1232265aabdb2912b04a63202940824c9229,4-02-00-2024-204936,2024,,4-02-00-2024-204936,pdf
S03972,화성,HWASEONG,4-02-00-2024-204937.pdf,.pdf,155778,6895b3ee2e11295a3beadc9eb944d8516870791ff0fcd70c1f5732d39c71e97f,4-02-00-2024-204937,2024,,4-02-00-2024-204937,pdf
S03973,화성,HWASEONG,4-02-00-2024-204938.pdf,.pdf,208307,d3b96e79f77e75c94ac014054892336e35f3dc57ed02e7b43f31543236efc4ba,4-02-00-2024-204938,2024,,4-02-00-2024-204938,pdf
S03974,화성,HWASEONG,4-02-00-2024-204939.pdf,.pdf,125746,226483250c18ed5af6363b85a0db8063f81c4f0d529b51ccfb765d445f23c53f,4-02-00-2024-204939,2024,,4-02-00-2024-204939,pdf
S03975,화성,HWASEONG,4-02-00-2024-204940.pdf,.pdf,125466,7500da814bb1288ca7a4fee2cff232702636da2899457f74bdf017b31ff97675,4-02-00-2024-204940,2024,,4-02-00-2024-204940,pdf
S03976,화성,HWASEONG,4-02-00-2024-204941.pdf,.pdf,124685,aee7c0aebada54d92ed1169cf3afa596911e6f801315b0d0516b8c82971f6d8c,4-02-00-2024-204941,2024,,4-02-00-2024-204941,pdf
S03977,화성,HWASEONG,4-02-00-2024-204942.pdf,.pdf,128774,1f63619d81415bb884b8822bb3007ef742c142a2f33ace57237cf755484ff919,4-02-00-2024-204942,2024,,4-02-00-2024-204942,pdf
S03978,화성,HWASEONG,4-02-00-2024-204958.pdf,.pdf,214945,996248621060867f46efb647ef1b5a869266e378adcfa0b1a6ca0e8614828183,4-02-00-2024-204958,2024,,4-02-00-2024-204958,pdf
S03979,화성,HWASEONG,4-02-00-2024-204969.pdf,.pdf,111015,123eec90158d003ab2fd3c42e5821144cb9638c068708b398ab49756b75d27b9,4-02-00-2024-204969,2024,,4-02-00-2024-204969,pdf
S03980,화성,HWASEONG,4-02-00-2024-204970.pdf,.pdf,198003,cb64e81da99ec24b3bf26104691926507ed8ae35b1e729439a5ffeec4fca6476,4-02-00-2024-204970,2024,,4-02-00-2024-204970,pdf
S03981,화성,HWASEONG,4-02-00-2024-204971.pdf,.pdf,166056,00e7e1485a1b3eaa579b511db61636a922803bbfc5b9794d00c877bf436ed80c,4-02-00-2024-204971,2024,,4-02-00-2024-204971,pdf
S03982,화성,HWASEONG,4-02-00-2024-204972.pdf,.pdf,135771,b8fc0414553a54b869bfa2a29b420b732246659190be97c21efd474aafe06408,4-02-00-2024-204972,2024,,4-02-00-2024-204972,pdf
S03983,화성,HWASEONG,4-02-00-2024-204973.pdf,.pdf,114478,2e8b9f860ac6c5bac289107013ad3f5be19e90299b79dd48d4f82a19657750a3,4-02-00-2024-204973,2024,,4-02-00-2024-204973,pdf
S03984,화성,HWASEONG,4-02-00-2024-204974.pdf,.pdf,111103,67d3a4d8bfe018f3d1e5c718d7c4b96248976720eb796c3dc0f23fb0e7b342c3,4-02-00-2024-204974,2024,,4-02-00-2024-204974,pdf
S03985,화성,HWASEONG,4-02-00-2024-204975.pdf,.pdf,110918,6d3471b29d6a94e29246e6f94b384aa153a80ecbe9fed4a3913986796b7501cf,4-02-00-2024-204975,2024,,4-02-00-2024-204975,pdf
S03986,화성,HWASEONG,4-02-00-2024-204977.pdf,.pdf,110511,bf4190968cd80e6821c80a0a8931672e77777c20ad8671f173f90a8d9d57efc3,4-02-00-2024-204977,2024,,4-02-00-2024-204977,pdf
S03987,화성,HWASEONG,4-02-00-2024-204978.pdf,.pdf,165550,5dcb7d1c5a136dfe8ec2761251ed00e9bae2676f9faf3686a784c1c272cb6007,4-02-00-2024-204978,2024,,4-02-00-2024-204978,pdf
S03988,화성,HWASEONG,4-02-00-2024-205153.pdf,.pdf,139703,a500ca3a641578ba21c8371fb2495cacd26e1b8ef26fb112f5c0f90005e6c4f0,4-02-00-2024-205153,2024,,4-02-00-2024-205153,pdf
S03989,화성,HWASEONG,4-02-00-2024-205155.pdf,.pdf,210908,29d2cfeacff95293cfd7ea633c8c46224d98b95ea3b339478f9af32a2895bed6,4-02-00-2024-205155,2024,,4-02-00-2024-205155,pdf
S03990,화성,HWASEONG,4-02-00-2024-205156.pdf,.pdf,154977,9ab6f289db9fc4b36ccea29ddc6198e25c0de899a0da686ae85f688c8b1f3ae7,4-02-00-2024-205156,2024,,4-02-00-2024-205156,pdf
S03991,화성,HWASEONG,4-02-00-2024-205157.pdf,.pdf,138006,ae05c1499e3836ad81643c4b07ca3f1211b5ffe20bc30b7aa11f8f5d9c923fee,4-02-00-2024-205157,2024,,4-02-00-2024-205157,pdf
S03992,화성,HWASEONG,4-02-00-2024-205158.pdf,.pdf,152849,03e7bd456e6ea439b4f73d0c2ca69206e95c71ede08a5bb30099366ba2a818ff,4-02-00-2024-205158,2024,,4-02-00-2024-205158,pdf
S03993,화성,HWASEONG,4-02-00-2024-205159.pdf,.pdf,111633,4fa6c1d876cb60c594d083662df5df0551f1d06af142883d79aab7191c117fef,4-02-00-2024-205159,2024,,4-02-00-2024-205159,pdf
S03994,화성,HWASEONG,4-02-00-2024-205161.pdf,.pdf,109523,82876904fadc3d87a7d4524efdd3cd6966fd0c4011f3bb69c6a2a3a98fb73426,4-02-00-2024-205161,2024,,4-02-00-2024-205161,pdf
S03995,화성,HWASEONG,4-02-00-2024-205162.pdf,.pdf,206036,e1d03246258333702bb7966eb2dcde7f1eec956a16439801f81e50faf6f4ea3b,4-02-00-2024-205162,2024,,4-02-00-2024-205162,pdf
S03996,화성,HWASEONG,4-02-00-2024-205163.pdf,.pdf,142896,5458e8e241cc518a6981ee9d1ad4084c8f05f51d38f8f4bcb1b422d81aa60264,4-02-00-2024-205163,2024,,4-02-00-2024-205163,pdf
S03997,화성,HWASEONG,4-02-00-2024-205166.pdf,.pdf,172304,bb4a59491abe50a1bf073d97ee4c1462da7467f20209dc908f0f021e7d7608a6,4-02-00-2024-205166,2024,,4-02-00-2024-205166,pdf
S03998,화성,HWASEONG,4-02-00-2024-205167.pdf,.pdf,129813,5b082a5b3d8477a1c0f22517449a1b239fb7d9f05d58fed06593d1be292667d4,4-02-00-2024-205167,2024,,4-02-00-2024-205167,pdf
S03999,화성,HWASEONG,4-02-00-2024-205169.pdf,.pdf,159604,b85c9674e4e38a1b43718a07c6381c700b32e2b3e70652e0f19a64437731a525,4-02-00-2024-205169,2024,,4-02-00-2024-205169,pdf
S04000,화성,HWASEONG,4-02-00-2024-205172.pdf,.pdf,192021,2ca4dece7bb0c40f80268385d82b22239e6538c2d08d167528a6511bb500def4,4-02-00-2024-205172,2024,,4-02-00-2024-205172,pdf
S04001,화성,HWASEONG,4-02-00-2024-205173.pdf,.pdf,195850,f5b63010ca6fdf7575565e910c09cf913aa926a94cc0fcb6038824a04d731a4b,4-02-00-2024-205173,2024,,4-02-00-2024-205173,pdf
S04002,화성,HWASEONG,4-02-00-2024-205174.pdf,.pdf,196139,60d57885159cdef0ef9eca041dc12f1afabe6397916a01734a7813a7541aa652,4-02-00-2024-205174,2024,,4-02-00-2024-205174,pdf
S04003,화성,HWASEONG,4-02-00-2024-205175.pdf,.pdf,233762,8eb7242ffe9e848ec7065dbe0f8eb94791bb7041adad0459324cab1bde918502,4-02-00-2024-205175,2024,,4-02-00-2024-205175,pdf
S04004,화성,HWASEONG,4-02-00-2024-205176.pdf,.pdf,128334,22dc512eebec9ec6ef8883a1e3f27ed8fd7d69321c0222ef4995ee683aa041db,4-02-00-2024-205176,2024,,4-02-00-2024-205176,pdf
S04005,화성,HWASEONG,4-02-00-2024-205177.pdf,.pdf,130171,341993bb5a30c9e3f209d43198336569736da65e3bcf2d28a5fa9b90af903dd4,4-02-00-2024-205177,2024,,4-02-00-2024-205177,pdf
S04006,화성,HWASEONG,4-02-00-2024-205178.pdf,.pdf,124561,d678d7bd246d9e25524ecc1a9654c63d7ee196f626e2cfe69c3026d684de323a,4-02-00-2024-205178,2024,,4-02-00-2024-205178,pdf
S04007,화성,HWASEONG,4-02-00-2024-205179.pdf,.pdf,192446,a8474598740080c9de52c8f335ffc34ca5392668b8c125b262b49bef08295a7e,4-02-00-2024-205179,2024,,4-02-00-2024-205179,pdf
S04008,화성,HWASEONG,4-02-00-2024-205180.pdf,.pdf,128463,4504ed9937eb2739f978d38baf7aaf0a195a1791c29d4b35cb2446892162a367,4-02-00-2024-205180,2024,,4-02-00-2024-205180,pdf
S04009,화성,HWASEONG,4-02-00-2024-205181.pdf,.pdf,123867,eb096f71c0b2990f66c301990c6876b0c42638f219aaa883a1bf98e41c8f540d,4-02-00-2024-205181,2024,,4-02-00-2024-205181,pdf
S04010,화성,HWASEONG,4-02-00-2024-205317.pdf,.pdf,117197,039eb21036cf03fa405e77931bc1f58cdfa777c60a397c7fe974cb642e13f9e6,4-02-00-2024-205317,2024,,4-02-00-2024-205317,pdf
S04011,화성,HWASEONG,4-02-00-2024-205323.pdf,.pdf,121276,89d1aa3dd8e3262405da62bbe67de4895d8e0e422c5144a5277033639d7022bb,4-02-00-2024-205323,2024,,4-02-00-2024-205323,pdf
S04012,화성,HWASEONG,4-02-00-2024-205324.pdf,.pdf,161399,414066c7014db49edccefe8e01dd1de5bcfff9dd51756ddf8c3ea46cfb607570,4-02-00-2024-205324,2024,,4-02-00-2024-205324,pdf
S04013,화성,HWASEONG,4-02-00-2024-205325.pdf,.pdf,122298,f30046cbef85d84d47dbc56548635a8af1e197184524dc77431a7ed1b0d3edc1,4-02-00-2024-205325,2024,,4-02-00-2024-205325,pdf
S04014,화성,HWASEONG,4-02-00-2024-205326.pdf,.pdf,115185,e282a8ccaf24223c93c3b9762b71993acac84c07d9369c3df5a72043b73098e9,4-02-00-2024-205326,2024,,4-02-00-2024-205326,pdf
S04015,화성,HWASEONG,4-02-00-2024-205327.pdf,.pdf,119514,bae53c7564c68f67cdc6c7590f3db8bd85c2e30d0ffb9d49cf0ab68959ac2715,4-02-00-2024-205327,2024,,4-02-00-2024-205327,pdf
S04016,화성,HWASEONG,4-02-00-2024-205328.pdf,.pdf,118895,e25a4aedf49df6f4861a54da44474466d6a4f8f03631fea743ca42c3adec7463,4-02-00-2024-205328,2024,,4-02-00-2024-205328,pdf
S04017,화성,HWASEONG,4-02-00-2024-205329.pdf,.pdf,118476,dc54af4b8032f5ca09113bc1a8cc6ece4fe50422b5be04400626ed2275eb7655,4-02-00-2024-205329,2024,,4-02-00-2024-205329,pdf
S04018,화성,HWASEONG,4-02-00-2024-205330.pdf,.pdf,117846,3a36f455de21cfc4b72e6bb310aec202f956b403ba0cf4ccf821fe42edb8a64c,4-02-00-2024-205330,2024,,4-02-00-2024-205330,pdf
S04019,화성,HWASEONG,4-02-00-2024-205331.pdf,.pdf,135201,1d0f3acd8cd06c2f98bcde0cfa3f382a5f898bbc593805670f7476124b9ccbb4,4-02-00-2024-205331,2024,,4-02-00-2024-205331,pdf
S04020,화성,HWASEONG,4-02-00-2024-205337.pdf,.pdf,140448,70f29f8c4134c5d50e24b05e5239960413ed84389fad1b387ec60c7f26c7f125,4-02-00-2024-205337,2024,,4-02-00-2024-205337,pdf
S04021,화성,HWASEONG,4-02-00-2024-205338.pdf,.pdf,142060,e15fc9dd3e6760453c882c80bbb0fef00b122b7c2dff29949fbbf35a2a62dfc5,4-02-00-2024-205338,2024,,4-02-00-2024-205338,pdf
S04022,화성,HWASEONG,4-02-00-2024-205339.pdf,.pdf,105322,ba8246d992c87648d74b730d05a39390aad7faa5f58cb58f5db8430ca357f9c5,4-02-00-2024-205339,2024,,4-02-00-2024-205339,pdf
S04023,화성,HWASEONG,4-02-00-2024-205340.pdf,.pdf,143260,559d4ac95e96c1478d6391adf3b049f7df04c9bb5ed7a0bcc41f76ddf025bdbb,4-02-00-2024-205340,2024,,4-02-00-2024-205340,pdf
S04024,화성,HWASEONG,4-02-00-2024-205341.pdf,.pdf,104816,ed36a0d5a5480e53978bba598ed34035955f3915fc70746486beb47b7211d71f,4-02-00-2024-205341,2024,,4-02-00-2024-205341,pdf
S04025,화성,HWASEONG,4-02-00-2024-205344.pdf,.pdf,104574,24e9a7472ab9d6bf673f04f78fe69d077cafb8574f90f5610e87f947153c6fcd,4-02-00-2024-205344,2024,,4-02-00-2024-205344,pdf
S04026,화성,HWASEONG,4-02-00-2024-205514.pdf,.pdf,94660,773ba7363b8f385f836dd1b36e2308b792c857193622fe1eee5bd8f64b860a18,4-02-00-2024-205514,2024,,4-02-00-2024-205514,pdf
S04027,화성,HWASEONG,4-02-00-2024-205518.pdf,.pdf,98621,3f756ca6c00f63238ae4752830d45eac3fe5a309842c84b09733421075ecacd6,4-02-00-2024-205518,2024,,4-02-00-2024-205518,pdf
S04028,화성,HWASEONG,4-02-00-2024-205519.pdf,.pdf,97955,c567095e9d958d920fcf778e449e19653abab3c7881c2de63223e55bcbef5ec0,4-02-00-2024-205519,2024,,4-02-00-2024-205519,pdf
S04029,화성,HWASEONG,4-02-00-2025-205701.pdf,.pdf,118105,757b9ff01caf48671abde32c58003c7d96a83ee4298a3622d0062845c86b1d90,4-02-00-2025-205701,2025,,4-02-00-2025-205701,pdf
S04030,화성,HWASEONG,4-02-00-2025-205702.pdf,.pdf,114853,97549b17aa78b45984a8216e62e5e044195d93ec55c8cf091f8a78a3b0ebfbc0,4-02-00-2025-205702,2025,,4-02-00-2025-205702,pdf
S04031,화성,HWASEONG,4-02-00-2025-205703.pdf,.pdf,115749,fc1d0e12cbca345bfcde0b3f2cb3a417966f2fe0d80cbec1621f75fdede5cac6,4-02-00-2025-205703,2025,,4-02-00-2025-205703,pdf
S04032,화성,HWASEONG,4-02-00-2025-205704.pdf,.pdf,125107,9b089599c00e42335de7b055b1666bb6ffee1414e488aefbd3e949ef0525a847,4-02-00-2025-205704,2025,,4-02-00-2025-205704,pdf
S04033,화성,HWASEONG,4-02-00-2025-205722.pdf,.pdf,111463,8ff21ebc7cf174915c72c302ef5ae1faebc31abea47bedb732ab5c7332ec6308,4-02-00-2025-205722,2025,,4-02-00-2025-205722,pdf
S04034,화성,HWASEONG,4-02-00-2025-205723.pdf,.pdf,154519,b6b423a79991a53af3204c2ccd6765d44a67edc4e49f9de25ee2af6c501f1491,4-02-00-2025-205723,2025,,4-02-00-2025-205723,pdf
S04035,화성,HWASEONG,4-02-00-2025-205724.pdf,.pdf,115258,06dbd9e4dc4dbe709b6af93b3f399e964abd95f859a22e704351360043f21719,4-02-00-2025-205724,2025,,4-02-00-2025-205724,pdf
S04036,화성,HWASEONG,4-02-00-2025-205733.pdf,.pdf,113609,7f7668099840d9d97feb744b36fab3ecea0d90369db2618e221861c402d4aad3,4-02-00-2025-205733,2025,,4-02-00-2025-205733,pdf
S04037,화성,HWASEONG,4-02-00-2025-205734.pdf,.pdf,112918,99bcad32e4cd2ff665ed293775d5d0172c1de3297ee0342ab0e99a1baad89bc2,4-02-00-2025-205734,2025,,4-02-00-2025-205734,pdf
S04038,화성,HWASEONG,4-02-00-2025-205742.pdf,.pdf,115500,2ca569164e9766e3b39c37703e8c0460c577035483e3b7547da4dbd84ee14e8a,4-02-00-2025-205742,2025,,4-02-00-2025-205742,pdf
S04039,화성,HWASEONG,4-02-00-2025-205743.pdf,.pdf,115117,918e2c41cb0e723e71536fa9a48c97a8e93edd43fab3ade9ac6b5f20fad4ab8a,4-02-00-2025-205743,2025,,4-02-00-2025-205743,pdf
S04040,화성,HWASEONG,4-02-00-2025-205752.pdf,.pdf,97320,1e55fddba3a1612238d2c2077c36c5c27e8477388e7f9c28abf60d5f44ccdfd5,4-02-00-2025-205752,2025,,4-02-00-2025-205752,pdf
S04041,화성,HWASEONG,4-02-00-2025-205753.pdf,.pdf,97742,95529dece58e304b51fe265fa74549fe0c11230a4d0b3b0b712274efc6851a4d,4-02-00-2025-205753,2025,,4-02-00-2025-205753,pdf
S04042,화성,HWASEONG,4-02-00-2025-205754.pdf,.pdf,99329,4e51d746c4bbc0ce3272719554fecfd045c35c51f553f9bcc28795e9cb8de813,4-02-00-2025-205754,2025,,4-02-00-2025-205754,pdf
S04043,화성,HWASEONG,4-02-00-2025-205761.pdf,.pdf,99319,2e45499cb99c33e48571832187f5d7bce817a14d7941191ec23ee9aa8f66b610,4-02-00-2025-205761,2025,,4-02-00-2025-205761,pdf
S04044,화성,HWASEONG,4-02-00-2025-205762.pdf,.pdf,100382,aa485b088175aaad0a75e7609ff4293b84c31dbb0641c39ce29021851e527d49,4-02-00-2025-205762,2025,,4-02-00-2025-205762,pdf
S04045,화성,HWASEONG,4-02-00-2025-205764.pdf,.pdf,102103,966451fcb628c81f0df1b42732eea71b4522f4049066da222de8ce1103c70ddc,4-02-00-2025-205764,2025,,4-02-00-2025-205764,pdf
S04046,화성,HWASEONG,4-02-00-2025-205771.pdf,.pdf,102559,30c7fe12261ec55ccde413ae7ee74aba50330c4df424a68e86f89d98eb36c18e,4-02-00-2025-205771,2025,,4-02-00-2025-205771,pdf
S04047,화성,HWASEONG,4-02-00-2025-205773.pdf,.pdf,101849,c1e2fb7560350f635ab036f60c018e6a203ddd014bf2c6c90ac9f564707b3c78,4-02-00-2025-205773,2025,,4-02-00-2025-205773,pdf
S04048,화성,HWASEONG,4-02-00-2025-205779.pdf,.pdf,108295,f9acc7fe409a1b37b76abc7717738974ae73284c62d3cb4ca3385469646fde36,4-02-00-2025-205779,2025,,4-02-00-2025-205779,pdf
S04049,화성,HWASEONG,4-02-00-2025-205780.pdf,.pdf,107675,a714e30c19a90b44e3cfb203cf45d610a30eea6638e8c46f5acdf6ea63de6590,4-02-00-2025-205780,2025,,4-02-00-2025-205780,pdf
S04050,화성,HWASEONG,4-02-00-2025-205781.pdf,.pdf,109548,80c861b79fdb8e10c55beb692621ab187210293b95f91f1ef2d151dc7faa3239,4-02-00-2025-205781,2025,,4-02-00-2025-205781,pdf
S04051,화성,HWASEONG,4-02-00-2025-205782.pdf,.pdf,106721,4c9eabe37cb73579d2af6c7362351bac40aabced0d9e3b245010624a7d9bb8aa,4-02-00-2025-205782,2025,,4-02-00-2025-205782,pdf
S04052,화성,HWASEONG,4-02-00-2025-205787.pdf,.pdf,123554,4ffa21c32a2dfb5a3a9b7bcb9ff64766894630890e2c4155976b5c4e81e9bbb7,4-02-00-2025-205787,2025,,4-02-00-2025-205787,pdf
S04053,화성,HWASEONG,4-02-00-2025-205795.pdf,.pdf,120868,7840a2a768265a3d9d5e022976722d07ac20a0d3645b1464682fd0282518fe58,4-02-00-2025-205795,2025,,4-02-00-2025-205795,pdf
S04054,화성,HWASEONG,4-02-00-2025-205796.pdf,.pdf,119866,c2a9618d1b7867edd7c152f7227cd3ab2a0541a1bcdf61b6ef9711af2bd61d68,4-02-00-2025-205796,2025,,4-02-00-2025-205796,pdf
S04055,화성,HWASEONG,4-02-00-2025-205799.pdf,.pdf,123013,32bfbd2c66ef0a145afbf208734bea8477b822d231de821ec79e095654e36943,4-02-00-2025-205799,2025,,4-02-00-2025-205799,pdf
S04056,화성,HWASEONG,4-02-00-2025-205800.pdf,.pdf,128017,33a9e07c48a1d1a32b9ced2c51169fb3dc610a3fc690bbee14c417f943b95555,4-02-00-2025-205800,2025,,4-02-00-2025-205800,pdf
S04057,화성,HWASEONG,4-02-00-2025-205972.pdf,.pdf,106745,dbbd41e3c25507413d8c8294872c924d2d8594b3b8b2768d8e073f1ee46a0679,4-02-00-2025-205972,2025,,4-02-00-2025-205972,pdf
S04058,화성,HWASEONG,4-02-00-2025-205973.pdf,.pdf,104213,b8f2f9327308ecb24f744ba12be288668bf91b0a0ba316100546581c2c643f53,4-02-00-2025-205973,2025,,4-02-00-2025-205973,pdf
S04059,화성,HWASEONG,4-02-00-2025-205975.pdf,.pdf,105927,0070eb40abadacf993b2011d6d01f3c00e3660053ee1eb29c185f2d7c873f39d,4-02-00-2025-205975,2025,,4-02-00-2025-205975,pdf
S04060,화성,HWASEONG,4-02-00-2025-205978.pdf,.pdf,103719,4c17e98dcdac91f2c4c4aa2fe9e9ddd2a32f6cd6a410e582256a7ec12b402d3b,4-02-00-2025-205978,2025,,4-02-00-2025-205978,pdf
S04061,화성,HWASEONG,4-02-00-2025-205986.pdf,.pdf,102480,9cf898d601ad0ab53b86790dd9d2c9befb299643abde4dc1a945b424949fd75c,4-02-00-2025-205986,2025,,4-02-00-2025-205986,pdf
S04062,화성,HWASEONG,4-02-00-2025-205991.pdf,.pdf,105926,32ca528fbbc30b613a7cf07b908e68cdbe4502a67194c3c9af86ecbdf4cc590e,4-02-00-2025-205991,2025,,4-02-00-2025-205991,pdf
S04063,화성,HWASEONG,4-02-00-2025-205999.pdf,.pdf,103287,ab396e32c9b340abdceefa5cd1e059c239915beb5d2e94c14a8f6858e069a1b1,4-02-00-2025-205999,2025,,4-02-00-2025-205999,pdf
S04064,화성,HWASEONG,4-02-00-2025-206000.pdf,.pdf,95479,6b668d92cbe3727c1055c20db6e1ab1be04f6549c91eb8d9a41d6eeffc698b37,4-02-00-2025-206000,2025,,4-02-00-2025-206000,pdf
S04065,화성,HWASEONG,4-02-00-2025-206001.pdf,.pdf,100484,e2bd6a2b4ef757f26dd70182878c08f4cc47d66d285b3ebfb3c34c2b907d48ef,4-02-00-2025-206001,2025,,4-02-00-2025-206001,pdf
S04066,화성,HWASEONG,4-02-00-2025-206003.pdf,.pdf,154488,4b6e3baee81885e4f1cbc200952bb3c1a09dac435b9b1d734901361c1aba5b23,4-02-00-2025-206003,2025,,4-02-00-2025-206003,pdf
S04067,화성,HWASEONG,4-02-00-2025-206004.pdf,.pdf,148722,e048337fbcd00e2b1b2f0bc6fa42515a5b650ea9971834ad31c54d9e86c47b88,4-02-00-2025-206004,2025,,4-02-00-2025-206004,pdf
S04068,화성,HWASEONG,4-02-00-2025-206010.pdf,.pdf,151349,f6f4317758fa05788f0b1025fa5db324123d7d961e035fdd2655fbb1f0a7249c,4-02-00-2025-206010,2025,,4-02-00-2025-206010,pdf
S04069,화성,HWASEONG,4-02-00-2025-206011.pdf,.pdf,117251,7872bed30f96d4476544e1525b065503d66290d07a9d26786eef28cbd632de54,4-02-00-2025-206011,2025,,4-02-00-2025-206011,pdf
S04070,화성,HWASEONG,4-02-00-2025-206012.pdf,.pdf,118418,e4a651a4c45ac31ac509306a00a2f137a8ea01dbfaf0d3636dacd12d2501b8a6,4-02-00-2025-206012,2025,,4-02-00-2025-206012,pdf
S04071,화성,HWASEONG,4-02-00-2025-206016.pdf,.pdf,163030,6f7974afc3b1756495e1e6e9b3fd328e4583101e3627ce79a058c73b7e47e82f,4-02-00-2025-206016,2025,,4-02-00-2025-206016,pdf
S04072,화성,HWASEONG,4-02-00-2025-206185.pdf,.pdf,83630,63d300d89d071a9a3c25155363f8fb07e7ac6d2e18e933899b9e0f4461dd2f89,4-02-00-2025-206185,2025,,4-02-00-2025-206185,pdf
S04073,화성,HWASEONG,4-02-00-2025-206188.pdf,.pdf,88812,070e231de645610bb1fbcc9590c3dfa4e8a2e5bd4778085c4109b6f01320db58,4-02-00-2025-206188,2025,,4-02-00-2025-206188,pdf
S04074,화성,HWASEONG,4-02-00-2025-206189.pdf,.pdf,167482,904efe4bcdd97e50a2f4ba10698c50325ce6706028254703d5a8683e1c81c604,4-02-00-2025-206189,2025,,4-02-00-2025-206189,pdf
S04075,화성,HWASEONG,4-02-00-2025-206191.pdf,.pdf,107302,e2fba5f3f9e3775709877b3024de98a31e071f2d8145a58fe89e5aba10c5b84e,4-02-00-2025-206191,2025,,4-02-00-2025-206191,pdf
S04076,화성,HWASEONG,4-02-00-2025-206200.pdf,.pdf,88596,79133349673a3482440f99a7bf6492a9735884c9ba6f6039f7ba47bc91718311,4-02-00-2025-206200,2025,,4-02-00-2025-206200,pdf
S04077,화성,HWASEONG,4-02-00-2025-206201.pdf,.pdf,98738,eb56b125e63bfa5b12783eb1e01aad2155a6b91e172b5cd9a961c4ef2ccb6830,4-02-00-2025-206201,2025,,4-02-00-2025-206201,pdf
S04078,화성,HWASEONG,4-02-00-2025-206206.pdf,.pdf,90378,9b575ef551bb27c4f32b73ca48e4da8dfd77eaafa184ec8e51c024c303092a54,4-02-00-2025-206206,2025,,4-02-00-2025-206206,pdf
S04079,화성,HWASEONG,4-02-00-2025-206214.pdf,.pdf,91797,ae00370ef8e559b6e4ba78495c4b540a5fdc48432bdd20079535bb4b212ade94,4-02-00-2025-206214,2025,,4-02-00-2025-206214,pdf
S04080,화성,HWASEONG,4-02-00-2025-206218.pdf,.pdf,120949,bff9d933e63f5abe0ddfe9ff2e234b8e592592474ddea2c54a9cf95f10087721,4-02-00-2025-206218,2025,,4-02-00-2025-206218,pdf
S04081,화성,HWASEONG,4-02-00-2025-206232.pdf,.pdf,130633,0e20dbe4efed1c81ec243b17ec26a142d59b849bc1254d18c74f5309d774ef42,4-02-00-2025-206232,2025,,4-02-00-2025-206232,pdf
S04082,화성,HWASEONG,4-02-00-2025-206233.pdf,.pdf,119201,e085955f2660bcfee1c3cbdf427508db10751fdafbb16bfa8418b6b149d8b489,4-02-00-2025-206233,2025,,4-02-00-2025-206233,pdf
S04083,화성,HWASEONG,4-02-00-2025-206234.pdf,.pdf,129789,aafd7aee65cb956fdd786cfd768648cec8a2bb757371fa42435daf9870990988,4-02-00-2025-206234,2025,,4-02-00-2025-206234,pdf
S04084,화성,HWASEONG,4-02-00-2025-206241.pdf,.pdf,180273,7e0c1df1551db264e1a76b5c5542960436ac579daa35e6b17927f4d36f1cdd21,4-02-00-2025-206241,2025,,4-02-00-2025-206241,pdf
S04085,화성,HWASEONG,4-02-00-2025-206573.pdf,.pdf,261136,9157d65cf1bf99f2aa34febfea612488326f1e3cb9ff411e6bba992534e02ea8,4-02-00-2025-206573,2025,,4-02-00-2025-206573,pdf
S04086,화성,HWASEONG,4-02-00-2025-206574.pdf,.pdf,135745,6e1fe41501509b84ab34d7b7c0d70675a2236a96b7310cf2064d691b2673c819,4-02-00-2025-206574,2025,,4-02-00-2025-206574,pdf
S04087,화성,HWASEONG,4-02-00-2025-206575.pdf,.pdf,139339,c1cadf5f0b1406beafb3fcd945f36d4361723780d7073333faa07fde50ada8b3,4-02-00-2025-206575,2025,,4-02-00-2025-206575,pdf
S04088,화성,HWASEONG,4-02-00-2025-206576.pdf,.pdf,169029,54a03972509ee1f37d44a8083ff693e4c5f623b2dab918e8d5af7154bd575d1e,4-02-00-2025-206576,2025,,4-02-00-2025-206576,pdf
S04089,화성,HWASEONG,4-02-00-2025-206577.pdf,.pdf,297452,03f1f2b2fa14999514a49b929f62588397b4ec23c28739fc3e324ad78a9b7883,4-02-00-2025-206577,2025,,4-02-00-2025-206577,pdf
S04090,화성,HWASEONG,4-02-00-2025-206584.pdf,.pdf,217368,6c871734f0080134702b3d0df647c4aaa7c1a4bb05d665616c7bdbc6ec62fe91,4-02-00-2025-206584,2025,,4-02-00-2025-206584,pdf
S04091,화성,HWASEONG,4-02-00-2025-206588.pdf,.pdf,142636,7963f54c4f1e2f08c9e441a889450ce2e7ff37f61197651cd7044d5026d12edc,4-02-00-2025-206588,2025,,4-02-00-2025-206588,pdf
S04092,화성,HWASEONG,4-02-00-2025-206604.pdf,.pdf,100685,57984533c6499288a508574b460f5f3a8cdbbcaacdcba98453a33d722154dc7c,4-02-00-2025-206604,2025,,4-02-00-2025-206604,pdf
S04093,화성,HWASEONG,4-02-00-2025-206616.pdf,.pdf,91096,9d5aa642931348292b55d0f248387f4a0bea1c37e81a117f565750d21f4f8d9d,4-02-00-2025-206616,2025,,4-02-00-2025-206616,pdf
S04094,화성,HWASEONG,4-02-00-2025-206631.pdf,.pdf,100223,2e0c747fe22fdc9aced46bc38991eaab2169d358dfbc913c870b9e6a5f2a3b93,4-02-00-2025-206631,2025,,4-02-00-2025-206631,pdf
S04095,화성,HWASEONG,4-02-00-2025-206632.pdf,.pdf,109573,96aa6c1c41f614b618711ddc80437f273d56467063c3ab5f0170d440475788f5,4-02-00-2025-206632,2025,,4-02-00-2025-206632,pdf
S04096,화성,HWASEONG,4-02-00-2025-206633.pdf,.pdf,110617,95fed1354782839f1d5fd458f058b8a8613d3e30e9061f1bd90af9129db8d5aa,4-02-00-2025-206633,2025,,4-02-00-2025-206633,pdf
S04097,화성,HWASEONG,4-02-00-2025-206634.pdf,.pdf,125870,88bb8af6e4281931b34ebc644a5dfa0a696b2394353fc87099540185373990c4,4-02-00-2025-206634,2025,,4-02-00-2025-206634,pdf
S04098,화성,HWASEONG,4-02-00-2025-206639.pdf,.pdf,113479,0da6c4362ace40e07bb9ca59465777c2922112bd1a1b9281b545679f091301eb,4-02-00-2025-206639,2025,,4-02-00-2025-206639,pdf
S04099,화성,HWASEONG,4-02-00-2025-206640.pdf,.pdf,145171,c8eb1d8f3001440548b65376731c219e9e66bd23743b0f01909460671f41ad41,4-02-00-2025-206640,2025,,4-02-00-2025-206640,pdf
S04100,화성,HWASEONG,4-02-00-2025-206645.pdf,.pdf,99122,b02e4a82a3f3f30b325f50c3d2d9df01948e3a27623336cbe5bb33004dd38d19,4-02-00-2025-206645,2025,,4-02-00-2025-206645,pdf
S04101,화성,HWASEONG,4-02-00-2025-206646.pdf,.pdf,103602,8967a36fe8f1dadb1476dacdf5b18219835232c31bd3a8345470d1046ee9c373,4-02-00-2025-206646,2025,,4-02-00-2025-206646,pdf
S04102,화성,HWASEONG,4-02-00-2025-206648.pdf,.pdf,116992,f0a5fdf4c885fc75c1babe75484de24568ba0f527476308a2cab716721fb9570,4-02-00-2025-206648,2025,,4-02-00-2025-206648,pdf
S04103,화성,HWASEONG,4-02-00-2025-206649.pdf,.pdf,137643,a1fc692849b466c4e5e92bd7a01294d4cc3f79ee742b1f3d181f7719756d7fbf,4-02-00-2025-206649,2025,,4-02-00-2025-206649,pdf
S04104,화성,HWASEONG,4-02-00-2025-206650.pdf,.pdf,100796,8eb0db7ee348f0960cff6ce61f76a3d2cfce89a5c20036fdd6106401337c7043,4-02-00-2025-206650,2025,,4-02-00-2025-206650,pdf
S04105,화성,HWASEONG,4-02-00-2025-206651.pdf,.pdf,122640,636b7cda89f4b7d0300c924eab8047f07d21d1d0e62fb4cf31701c5cb8f85aab,4-02-00-2025-206651,2025,,4-02-00-2025-206651,pdf
S04106,화성,HWASEONG,4-02-00-2025-206652.pdf,.pdf,99430,2cffa81c846350810aecd847d655c8c48db958cfc70be1c43657ba75620863de,4-02-00-2025-206652,2025,,4-02-00-2025-206652,pdf
S04107,화성,HWASEONG,4-02-00-2025-206653.pdf,.pdf,101178,1625af7ef2c626b05709f3677917414da942e8847129e8ceb16482af68af42c4,4-02-00-2025-206653,2025,,4-02-00-2025-206653,pdf
S04108,화성,HWASEONG,4-02-00-2025-206654.pdf,.pdf,120271,8a48d9c6c9447d9ab45c3636b6129024898dd72d24f81cc65b7aeb78aa86b491,4-02-00-2025-206654,2025,,4-02-00-2025-206654,pdf
S04109,화성,HWASEONG,4-02-00-2026-206948.pdf,.pdf,119014,8c9d60621647b4d48dfb34b807ef2fbf7bbdab6b55bd3d83a8b7defdfbdedc41,4-02-00-2026-206948,2026,,4-02-00-2026-206948,pdf
S04110,화성,HWASEONG,4-02-00-2026-206950.pdf,.pdf,171352,8ab3fd76102abef98cdf0f04401c7affc2ca20df3faf62b2779fa63bebfe9a1e,4-02-00-2026-206950,2026,,4-02-00-2026-206950,pdf
S04111,화성,HWASEONG,4-02-00-2026-206971.pdf,.pdf,133892,fe3b94cd85446109ddbd9186756ec15f62d7ed3f15bcd4ed115dbff5014e5349,4-02-00-2026-206971,2026,,4-02-00-2026-206971,pdf
S04112,화성,HWASEONG,4-02-00-2026-206972.pdf,.pdf,132648,56111e873726c5a080328ff92494a2361dfdd61631ecded943c05cd3d2f74b25,4-02-00-2026-206972,2026,,4-02-00-2026-206972,pdf
S04113,화성,HWASEONG,4-02-00-2026-206973.pdf,.pdf,151580,ca4d737101b48f134b44a165cd2c0af7c3499e97c61b3db2fc6db8dec0a1ea73,4-02-00-2026-206973,2026,,4-02-00-2026-206973,pdf
S04114,화성,HWASEONG,4-02-00-2026-206985.pdf,.pdf,128254,6c3afc186be55f1cd3724f576dd9cf8466b45c4645541c0e6d8eca43b4f7e6ff,4-02-00-2026-206985,2026,,4-02-00-2026-206985,pdf
S04115,화성,HWASEONG,4-02-00-2026-207003.pdf,.pdf,222906,a5025576c71c21a32b482aa6680c47c43add6b1af8400f7f3d206f9da9fcabad,4-02-00-2026-207003,2026,,4-02-00-2026-207003,pdf
S04116,화성,HWASEONG,4-02-00-2026-207004.pdf,.pdf,240536,ef986444913209791ed416b8b0bc93d903e8ce7888f9b81a643592144049a0d7,4-02-00-2026-207004,2026,,4-02-00-2026-207004,pdf
S04117,화성,HWASEONG,4-02-00-2026-207005.pdf,.pdf,111210,f6607f783d4112534a47a6f177a290b0c5f2865a89a9d58a67cee2788748282d,4-02-00-2026-207005,2026,,4-02-00-2026-207005,pdf
S04118,화성,HWASEONG,4-02-00-2026-207006.pdf,.pdf,128612,30bf86bb45b1f512bffd9caa719fa39bb4bb2560394dc236aa7ad34607da2d92,4-02-00-2026-207006,2026,,4-02-00-2026-207006,pdf
S04119,화성,HWASEONG,4-02-00-2026-207007.pdf,.pdf,262988,6091c6da0cd04230596ac3a9b9c66d3449009a1ae516f4d50aa2989dec24afa2,4-02-00-2026-207007,2026,,4-02-00-2026-207007,pdf
S04120,화성,HWASEONG,4-02-00-2026-207008.pdf,.pdf,131952,7096d73b3d5aea82d4fe5181125e7857b7e8f2c6794db244cfc81846dd3ea9ba,4-02-00-2026-207008,2026,,4-02-00-2026-207008,pdf
S04121,화성,HWASEONG,4-03-00-2022-204242.pdf,.pdf,170889,678a67cdd3d23ebda2353b61b343cfbf6c916dba38838028c1dc0e8da54f23ad,4-03-00-2022-204242,2022,,4-03-00-2022-204242,pdf
S04122,화성,HWASEONG,4-03-00-2022-204243.pdf,.pdf,109796,9d8571a131bfa26029a7f94dfb45c4c6d86d1017a4a3d9a7295982cc48712925,4-03-00-2022-204243,2022,,4-03-00-2022-204243,pdf
S04123,화성,HWASEONG,4-03-00-2022-204248.pdf,.pdf,163815,e91fea1e7a7217085692fffefb3a03a889fff1430a875ad653e4edc6d9ceb922,4-03-00-2022-204248,2022,,4-03-00-2022-204248,pdf
S04124,화성,HWASEONG,4-03-00-2024-204780.pdf,.pdf,208959,580c851baff3aedaae40a8da621466dfdd6956c5490fa69af775f9a2d41d3988,4-03-00-2024-204780,2024,,4-03-00-2024-204780,pdf
S04125,화성,HWASEONG,4-03-00-2024-204783.pdf,.pdf,235640,6b4648e9b92fd1448a1653ab40ea883ed5c10da6a39eab38d6ac1d483805cff2,4-03-00-2024-204783,2024,,4-03-00-2024-204783,pdf
S04126,화성,HWASEONG,4-03-00-2024-204786.pdf,.pdf,124618,e257662b5f150c209205416dc97060d4566aff75d72d62e67caab28c8a0fc030,4-03-00-2024-204786,2024,,4-03-00-2024-204786,pdf
S04127,화성,HWASEONG,4-03-00-2024-204805.pdf,.pdf,573747,ad78e42c66d6640d0e9186c2a78c8bd656a25c1c7340f0b091217a3031cf1c12,4-03-00-2024-204805,2024,,4-03-00-2024-204805,pdf
S04128,화성,HWASEONG,4-03-00-2024-204806.pdf,.pdf,154266,8efbef3289de48affb8cca1eaac43d78906e283358d3e8faae1278f1d6fcbf31,4-03-00-2024-204806,2024,,4-03-00-2024-204806,pdf
S04129,화성,HWASEONG,4-03-00-2024-204833.pdf,.pdf,185454,03500d18ce397ef6393209b3a0ad68d41c0ba89aeb17f0752e5d61817fed1cc2,4-03-00-2024-204833,2024,,4-03-00-2024-204833,pdf
S04130,화성,HWASEONG,4-03-00-2024-204835.pdf,.pdf,205514,15ebc21685f73942ca9f3a3a15615e306509cdd741c69b036aaf3ec431af5c78,4-03-00-2024-204835,2024,,4-03-00-2024-204835,pdf
S04131,화성,HWASEONG,4-03-00-2024-204854.pdf,.pdf,150607,a5240047880bc3a4ee8fa1b0ca267e4f7dca66c3d1ce4a49c9c534dcb130c260,4-03-00-2024-204854,2024,,4-03-00-2024-204854,pdf
S04132,화성,HWASEONG,4-03-00-2024-204914.pdf,.pdf,124951,fae7bc5527052d02bb47b54b412fdaf0757a30885eb7f6f344568600dc7e24a2,4-03-00-2024-204914,2024,,4-03-00-2024-204914,pdf
S04133,화성,HWASEONG,4-03-00-2024-204915.pdf,.pdf,124707,838ef6c316833aeccdc42548d16a2b50cfdbd49c1786e0f016475f3bfe33b59f,4-03-00-2024-204915,2024,,4-03-00-2024-204915,pdf
S04134,화성,HWASEONG,4-03-00-2024-204916.pdf,.pdf,128294,196c3790f6ecfac8cb319183c5a2769e68cd8f8de04bf8eb3d053960a6f0bb9d,4-03-00-2024-204916,2024,,4-03-00-2024-204916,pdf
S04135,화성,HWASEONG,4-03-00-2025-205988.pdf,.pdf,143216,c47d020e3330e21082f9f33125479dc2f5dd224af5cdacd9f651946358310516,4-03-00-2025-205988,2025,,4-03-00-2025-205988,pdf
S04136,화성,HWASEONG,4-03-00-2025-206223.pdf,.pdf,121878,6850deb04c0d243420e894b28eae7e107d0f2eb20e8eedf776e08bf0297bda03,4-03-00-2025-206223,2025,,4-03-00-2025-206223,pdf
S04137,화성,HWASEONG,4-03-00-2025-206224.pdf,.pdf,119719,a4208f25e78fc3f033d4e3ce3904bc3e66d455da0dec38e0c905c4309b59774d,4-03-00-2025-206224,2025,,4-03-00-2025-206224,pdf
S04138,화성,HWASEONG,4-03-00-2025-206225.pdf,.pdf,118994,c467c8191f63816068b6c88864d03441b6979467721f6345ec4830ce73371355,4-03-00-2025-206225,2025,,4-03-00-2025-206225,pdf
S04139,화성,HWASEONG,4-03-00-2025-206226.pdf,.pdf,203497,1e17c73fb35d9456e1ad92f7219cd6d68d3a24cd25a736e99507c33eb79af6ca,4-03-00-2025-206226,2025,,4-03-00-2025-206226,pdf
S04140,화성,HWASEONG,4-04-00-2024-204918.pdf,.pdf,125231,50eb652a6ba6fa0ae84ba32b4d4cd9652f1ae8d87652e357bcbb75b66cbea6ce,4-04-00-2024-204918,2024,,4-04-00-2024-204918,pdf
S04141,화성,HWASEONG,4-04-00-2024-204923.pdf,.pdf,155182,b3756d0216db6383267a378ea93d0074f3200b4afb817db24560c2af7d05ee61,4-04-00-2024-204923,2024,,4-04-00-2024-204923,pdf
S04142,화성,HWASEONG,4-04-00-2024-204929.pdf,.pdf,208946,7d5cc57cb065f2359bd97684e78ea8b8e4b672a02cc58650394773d588a2dc08,4-04-00-2024-204929,2024,,4-04-00-2024-204929,pdf
S04143,화성,HWASEONG,4-04-00-2024-204930.pdf,.pdf,127747,b28028d0e2c0bd40547de0cb5f1b414234ccd0b25f6143adf1b9e805d5cc1364,4-04-00-2024-204930,2024,,4-04-00-2024-204930,pdf
S04144,화성,HWASEONG,4-04-00-2025-206183.pdf,.pdf,92634,2a3b5d50a8e29dad68d67e6e54131ef3e495b049a560262e4fb55af4ccfe0944,4-04-00-2025-206183,2025,,4-04-00-2025-206183,pdf
S04145,화성,HWASEONG,4-04-00-2025-206228.pdf,.pdf,120642,003379a41f844d8326fb984e7a27bdc22d2300d2f9600d254b74f4da631cd236,4-04-00-2025-206228,2025,,4-04-00-2025-206228,pdf
S04146,화성,HWASEONG,4-04-00-2026-206941.pdf,.pdf,143544,6224f411945b37dedba7fee90052beade3ee7b7f5cdb107cfacca912ee774c8a,4-04-00-2026-206941,2026,,4-04-00-2026-206941,pdf
S04147,화성,HWASEONG,4-04-00-2026-206942.pdf,.pdf,156022,a49d038460b3335886f7565d0e75b44084d5efcf73f5667c5392e1bd801ba79e,4-04-00-2026-206942,2026,,4-04-00-2026-206942,pdf
S04148,화성,HWASEONG,4-04-00-2026-206943.pdf,.pdf,110757,73cdbbf112ce9a39345300bccfb2d9a68f464cd7d9ff0456dde0627c69ca5740,4-04-00-2026-206943,2026,,4-04-00-2026-206943,pdf
S04149,화성,HWASEONG,4-04-00-2026-206945.pdf,.pdf,118884,0ecdef287feb40e4407c153275f4dd81e0f7971ab5403053aaf80ead0011fe6b,4-04-00-2026-206945,2026,,4-04-00-2026-206945,pdf
S04150,화성,HWASEONG,4-04-00-2026-206946.pdf,.pdf,145536,5aaf2edefdf538f53af31584bb04be873c0fe824e99f538542618794c72b6d11,4-04-00-2026-206946,2026,,4-04-00-2026-206946,pdf
S04151,화성,HWASEONG,4-04-00-2026-206951.pdf,.pdf,108695,07fdf0c68518dc143e9052ebbac4ba07495cffbab7b3b8ab2e59f39256544389,4-04-00-2026-206951,2026,,4-04-00-2026-206951,pdf
S04152,화성,HWASEONG,4-04-00-2026-206952.pdf,.pdf,156511,60941fbacc7313970612565e8da73312c0e0a5a2433f3aa683104f84f0a5e514,4-04-00-2026-206952,2026,,4-04-00-2026-206952,pdf
S04153,화성,HWASEONG,4-04-00-2026-206953.pdf,.pdf,155006,61c5517ccd9bca8b3260b8349b471f0bc84de3754ad919568896ec93b9fa045d,4-04-00-2026-206953,2026,,4-04-00-2026-206953,pdf
S04154,화성,HWASEONG,4-04-00-2026-206956.pdf,.pdf,161120,c880e53b58e7e24f92562a04323edf0c66c0f359ad4c9631713ea1e58108c35f,4-04-00-2026-206956,2026,,4-04-00-2026-206956,pdf
S04155,화성,HWASEONG,4-04-00-2026-206958.pdf,.pdf,154732,491e5a3f925fc510ebf3c4eedb6a09386a65bae4aac163566f0582d0c12dc932,4-04-00-2026-206958,2026,,4-04-00-2026-206958,pdf
S04156,화성,HWASEONG,4-04-00-2026-206959.pdf,.pdf,162350,68339490e68aac55dd78906c336e2d710512ecf19dd0efeb56f679bb5b2e1250,4-04-00-2026-206959,2026,,4-04-00-2026-206959,pdf
S04157,화성,HWASEONG,4-04-00-2026-206960.pdf,.pdf,161207,c3754e2adf54192451868b523008c08d60c933cbe1ca0b8a3d855559d7042e5b,4-04-00-2026-206960,2026,,4-04-00-2026-206960,pdf
S04158,화성,HWASEONG,4-04-00-2026-206963.pdf,.pdf,155540,7873ad0fb049738c02f9d9ef737efb25c9e45760c4db856ead5e7482bd4f5ed5,4-04-00-2026-206963,2026,,4-04-00-2026-206963,pdf
S04159,화성,HWASEONG,4-04-00-2026-206964.pdf,.pdf,148938,a235291f47df21f1df657c6f59b72dc69eada8bb4f405ff81257bbbc97ce5b17,4-04-00-2026-206964,2026,,4-04-00-2026-206964,pdf
S04160,화성,HWASEONG,4-04-00-2026-206965.pdf,.pdf,126362,223783d505d8fcf57e1479555daa3960694743f124f5600a19f688d9e8fc604c,4-04-00-2026-206965,2026,,4-04-00-2026-206965,pdf
S04161,화성,HWASEONG,4-04-00-2026-206968.pdf,.pdf,136706,a20491487713738216e4024d1585870dee26b978fa267b1593989843cf376759,4-04-00-2026-206968,2026,,4-04-00-2026-206968,pdf
S04162,화성,HWASEONG,4-04-00-2026-206969.pdf,.pdf,126350,fef5c4abc8ccb00ce549cfaa3624d1cc164d44e27816e16595ae04dac4252b24,4-04-00-2026-206969,2026,,4-04-00-2026-206969,pdf
S04163,화성,HWASEONG,4-04-00-2026-206976.pdf,.pdf,132833,d60f848a37b73853e507839cc7d759866c94ffdecfce8734ab745b693a011a9f,4-04-00-2026-206976,2026,,4-04-00-2026-206976,pdf
S04164,화성,HWASEONG,4-04-00-2026-206977.pdf,.pdf,142089,afcc9748b80e7c18af7ff77b6b6816c6990e99da7054e89c760eaa31b674c1be,4-04-00-2026-206977,2026,,4-04-00-2026-206977,pdf
S04165,화성,HWASEONG,4-04-00-2026-206978.pdf,.pdf,156090,4901501934a3810aa79ddec68124695cd670a9e4b8fd15707bc693d7bf9bc076,4-04-00-2026-206978,2026,,4-04-00-2026-206978,pdf
S04166,화성,HWASEONG,4-05-00-2022-202653.pdf,.pdf,118508,da626d864e6c99ebdd602e67fc0605e7f3eb7ec0cea71c7effca9589c1646e6b,4-05-00-2022-202653,2022,,4-05-00-2022-202653,pdf
S04167,화성,HWASEONG,4-05-00-2022-202654.pdf,.pdf,116146,6ca5ddbdfaaf836c6babfc9c37b48c07091c4a074c8818ca2cec4bdce18ebd0b,4-05-00-2022-202654,2022,,4-05-00-2022-202654,pdf
S04168,화성,HWASEONG,4-05-00-2022-202655.pdf,.pdf,114544,745b2a2d4bf40b396bbe6aa5326dc46a9463a613ad7994f2933a143bc9cc123c,4-05-00-2022-202655,2022,,4-05-00-2022-202655,pdf
S04169,화성,HWASEONG,4-05-00-2022-202656.pdf,.pdf,119044,41e3b3d31b6edaedbe27429d3cda834926a6b1d2e088b52ba06665e95d33fcbc,4-05-00-2022-202656,2022,,4-05-00-2022-202656,pdf
S04170,화성,HWASEONG,4-05-00-2022-204171.pdf,.pdf,180989,a55d819384d1988a03bf233b89951789ae9df928fd9d4c2eb7f6cdf89f29ab0d,4-05-00-2022-204171,2022,,4-05-00-2022-204171,pdf
S04171,화성,HWASEONG,4-05-00-2022-204172.pdf,.pdf,181969,4e99992933e33c2e61c77ae9c6805936fef12f819d17507a1aaede4237e29ac0,4-05-00-2022-204172,2022,,4-05-00-2022-204172,pdf
S04172,화성,HWASEONG,4-05-00-2022-204173.pdf,.pdf,191566,bc1005813562271001808487abdd32dd0a3c15192ac2956e322ebe3d36531306,4-05-00-2022-204173,2022,,4-05-00-2022-204173,pdf
S04173,화성,HWASEONG,4-05-00-2023-203507.pdf,.pdf,157343,b9ea1d4e4e7e43ad0944ab40531b23e14909955caaf6c7d7826cb516e57343d8,4-05-00-2023-203507,2023,,4-05-00-2023-203507,pdf
S04174,화성,HWASEONG,4-05-00-2023-203508.pdf,.pdf,164394,b708457796a124cac0569a5d06ee3c40866fd31507053a630bd26ba7fc3f2e83,4-05-00-2023-203508,2023,,4-05-00-2023-203508,pdf
S04175,화성,HWASEONG,4-05-00-2023-203509.pdf,.pdf,127583,0c3d3ce0d8ce203abd8ec12153db0358c6c88a3532e34e1a290cb0a82fd9c817,4-05-00-2023-203509,2023,,4-05-00-2023-203509,pdf
S04176,화성,HWASEONG,4-05-00-2023-203510.pdf,.pdf,140361,7556089aaa6672576a9011edbe645645ee4238fc76eb59c88ace9a93112e9c38,4-05-00-2023-203510,2023,,4-05-00-2023-203510,pdf
S04177,화성,HWASEONG,4-05-00-2023-203512.pdf,.pdf,192653,f9cfa3b6a1bcc2130dad248d628ba188b4c617ee0b997e80c531b5a65d7147b9,4-05-00-2023-203512,2023,,4-05-00-2023-203512,pdf
S04178,화성,HWASEONG,4-05-00-2023-203513.pdf,.pdf,109026,344cc21738f53b9fb5cfe8a8c0edf1d79a41344b429a35e520683aa7ace891e2,4-05-00-2023-203513,2023,,4-05-00-2023-203513,pdf
S04179,화성,HWASEONG,4-05-00-2023-203514.pdf,.pdf,64535,900c66398b4b716bc4fdbb59b3261f752359ae0954812befba1419bfd7508f1a,4-05-00-2023-203514,2023,,4-05-00-2023-203514,pdf
S04180,화성,HWASEONG,4-05-00-2023-203515.pdf,.pdf,87278,4fb7927e93bff075ba3dfbfe14175fbd10f7a8b0cba316d18705eec5da0a1b56,4-05-00-2023-203515,2023,,4-05-00-2023-203515,pdf
S04181,화성,HWASEONG,4-05-00-2023-203516.pdf,.pdf,73175,962ded09d158915608f9576eb98f640a48c7d7a242ab6bd73ba9edff963797ce,4-05-00-2023-203516,2023,,4-05-00-2023-203516,pdf
S04182,화성,HWASEONG,4-05-00-2023-203517.pdf,.pdf,131942,da59a432a9463d704dc13f9fb9027c262d7e68fcd6193ffebd4bc8e0866454b6,4-05-00-2023-203517,2023,,4-05-00-2023-203517,pdf
S04183,화성,HWASEONG,4-05-00-2023-203518.pdf,.pdf,77854,cda9d08a7bd94195c42981d0ad0f9d7f6147e2e248f46817304bf5bfdb301baa,4-05-00-2023-203518,2023,,4-05-00-2023-203518,pdf
S04184,화성,HWASEONG,4-05-00-2023-203519.pdf,.pdf,128306,83a8e1f9b41ce2d1fec29d6e1ff043ec12c315de4a6a83077803fd7b95cd2075,4-05-00-2023-203519,2023,,4-05-00-2023-203519,pdf
S04185,화성,HWASEONG,4-05-00-2023-203675.pdf,.pdf,68438,bbaf32d27c02e16d7bbc069018e25b1239fd25baf304b01b731ff743ffa85b2d,4-05-00-2023-203675,2023,,4-05-00-2023-203675,pdf
S04186,화성,HWASEONG,4-05-00-2023-203676.pdf,.pdf,77056,b015da5862c77ec8f76b962343064ed0cb7c6a54a6da3bedd0a39712a0ef3d56,4-05-00-2023-203676,2023,,4-05-00-2023-203676,pdf
S04187,화성,HWASEONG,4-05-00-2023-203677.pdf,.pdf,102727,815627b5eef7aca7e933cc1a6f2ddbbc3c5f9c1e0abfcacbf163e779f8509405,4-05-00-2023-203677,2023,,4-05-00-2023-203677,pdf
S04188,화성,HWASEONG,4-05-00-2023-203678.pdf,.pdf,83025,5039622c4d1ee34ee8cd502ec64764db4bfb2e487edcb0de7ced58742a17e0b0,4-05-00-2023-203678,2023,,4-05-00-2023-203678,pdf
S04189,화성,HWASEONG,4-05-00-2023-203679.pdf,.pdf,75948,d2b81d2d3bd85f8e7a12f0649f127b2171363b8fca2e7c3657eafa6ad6d7c1f0,4-05-00-2023-203679,2023,,4-05-00-2023-203679,pdf
S04190,화성,HWASEONG,4-05-00-2023-203680.pdf,.pdf,68229,56c8b53127298596d05ed033df0586c6651d15300f90aead1786ed5155844230,4-05-00-2023-203680,2023,,4-05-00-2023-203680,pdf
S04191,화성,HWASEONG,4-05-00-2023-203958.pdf,.pdf,159853,ec2f32d69c32d42dd0d5afa36fbcfcf4bb0928ce7896265259bbd4809850bea0,4-05-00-2023-203958,2023,,4-05-00-2023-203958,pdf
S04192,화성,HWASEONG,4-05-00-2023-203959.pdf,.pdf,111712,4ff2b6412820bf0a3eb473d1f173545b7fd4047c9d392a6c7abf0f0c828cd4d1,4-05-00-2023-203959,2023,,4-05-00-2023-203959,pdf
S04193,화성,HWASEONG,4-05-00-2023-203960.pdf,.pdf,116748,64dd019c2b7fa116a18ce4ee7e8dbf0534163175249ca9e783ed28e63ef91850,4-05-00-2023-203960,2023,,4-05-00-2023-203960,pdf
S04194,화성,HWASEONG,4-05-00-2023-204291.pdf,.pdf,118393,7556a733d479c01e071c85466d40beed37e63c9db0aa4cdaef929c1fc9223661,4-05-00-2023-204291,2023,,4-05-00-2023-204291,pdf
S04195,화성,HWASEONG,4-05-00-2023-204292.pdf,.pdf,157723,5b0a930b77fbcac3c47ca30668bef3d8872d413116d944cbc0b8a063d1eaed9c,4-05-00-2023-204292,2023,,4-05-00-2023-204292,pdf
S04196,화성,HWASEONG,4-05-00-2023-204308.pdf,.pdf,153849,9dfe3acb2542d5c9b926cdecf5423a95729229b204cf6c992eb9182a3c274fb2,4-05-00-2023-204308,2023,,4-05-00-2023-204308,pdf
S04197,화성,HWASEONG,4-05-00-2023-204309.pdf,.pdf,124134,5381bdb98c9e421b64423658281a17a8cf9743f2720cacc02cbff84acbc254f3,4-05-00-2023-204309,2023,,4-05-00-2023-204309,pdf
S04198,화성,HWASEONG,4-05-00-2023-204328.pdf,.pdf,189591,da102063944b017b5968ff3844c727bc5818e4e79731160c0f8dda93dfc4fd16,4-05-00-2023-204328,2023,,4-05-00-2023-204328,pdf
S04199,화성,HWASEONG,4-05-00-2023-204332.pdf,.pdf,190625,cc9fa6773fdd2af01bb98e9ab48407c9f3e2842ce895198f25f81f4c24ae9d60,4-05-00-2023-204332,2023,,4-05-00-2023-204332,pdf
S04200,화성,HWASEONG,4-05-00-2023-204333.pdf,.pdf,119682,c61d2068c1122b1cdd80b58f5992e08ccd11eae4bdfc0e9882689fa8a6c47f98,4-05-00-2023-204333,2023,,4-05-00-2023-204333,pdf
S04201,화성,HWASEONG,4-05-00-2023-204334.pdf,.pdf,116672,5d7024bcdd221923a5b20fcf3783501c89d494a261292ad622255737f7d33fca,4-05-00-2023-204334,2023,,4-05-00-2023-204334,pdf
S04202,화성,HWASEONG,4-05-00-2023-204365.pdf,.pdf,142027,b19592e945ff335d7055d56c8d23976d11247a282b6bdf4dbd1a7dced9a2b150,4-05-00-2023-204365,2023,,4-05-00-2023-204365,pdf
S04203,화성,HWASEONG,4-05-00-2023-204366.pdf,.pdf,196990,c8bf532160038002f2fd4e13fb1e064f0a0720d13268d0f6b6866e5a159ee4c8,4-05-00-2023-204366,2023,,4-05-00-2023-204366,pdf
S04204,화성,HWASEONG,4-05-00-2023-204367.pdf,.pdf,134197,a33d5f287deddde996070e6a34819bcb43c5289fa8678ffdbc0d89af6dc022b8,4-05-00-2023-204367,2023,,4-05-00-2023-204367,pdf
S04205,화성,HWASEONG,4-05-00-2023-204393.pdf,.pdf,127512,326481b799c2f3b85609ee33dabda6e01fca9cb5a183c560187945b15b7e4689,4-05-00-2023-204393,2023,,4-05-00-2023-204393,pdf
S04206,화성,HWASEONG,4-05-00-2023-204396.pdf,.pdf,207523,8b78fa70e2e5f3c61a53ddfa83ba1d2d84656da574e22e8605f855c1a18e55af,4-05-00-2023-204396,2023,,4-05-00-2023-204396,pdf
S04207,화성,HWASEONG,4-05-00-2024-204785.pdf,.pdf,142764,5de04aeb8335d65dcc0bbe9c427ab04a111e230ed56474761e411c24ae9ef927,4-05-00-2024-204785,2024,,4-05-00-2024-204785,pdf
S04208,화성,HWASEONG,4-05-00-2024-204792.pdf,.pdf,124610,c62a935801c00383bd0ed9df986491c087701f88b48bd7181d8541c77b654ce1,4-05-00-2024-204792,2024,,4-05-00-2024-204792,pdf
S04209,화성,HWASEONG,4-05-00-2024-204793.pdf,.pdf,144418,339ad4c63ab53aad91dedf7e8bfd4844470fdddad45745d4241568c1c4f25942,4-05-00-2024-204793,2024,,4-05-00-2024-204793,pdf
S04210,화성,HWASEONG,4-05-00-2024-204795.pdf,.pdf,148257,559763c18f74061c626b2f9c151521978ee806b9bdc93464510f935273f76d9a,4-05-00-2024-204795,2024,,4-05-00-2024-204795,pdf
S04211,화성,HWASEONG,4-05-00-2024-204821.pdf,.pdf,134918,3ebcb4af1320c4d9181185f43e2ae003ac099aed970d6c5a771b9547c1d87d37,4-05-00-2024-204821,2024,,4-05-00-2024-204821,pdf
S04212,화성,HWASEONG,4-05-00-2024-204827.pdf,.pdf,136194,c889c6a9c00fd5189d6df602a2942ed02ecca0ff32768185642a1e1e7a0893ba,4-05-00-2024-204827,2024,,4-05-00-2024-204827,pdf
S04213,화성,HWASEONG,4-05-00-2024-204829.pdf,.pdf,198277,b94f1adb10dc6154cecfe990630923193082488c0b2eab423fdf1beac6044ea9,4-05-00-2024-204829,2024,,4-05-00-2024-204829,pdf
S04214,화성,HWASEONG,4-05-00-2024-204836.pdf,.pdf,177786,29200336ba08e367cd9f120efadb20d90806c075d9164837cabbbec74127dce9,4-05-00-2024-204836,2024,,4-05-00-2024-204836,pdf
S04215,화성,HWASEONG,4-05-00-2024-204845.pdf,.pdf,134391,33260a68ebaeb1692b90a7524364390dd3c97e5d464612fd8eb8ecc15c478568,4-05-00-2024-204845,2024,,4-05-00-2024-204845,pdf
S04216,화성,HWASEONG,4-05-00-2024-204850.pdf,.pdf,194361,5011ee5748155ece974595983727c148d66a3f375069b3df72084d22bbdbf951,4-05-00-2024-204850,2024,,4-05-00-2024-204850,pdf
S04217,화성,HWASEONG,4-05-00-2024-204851.pdf,.pdf,188017,e33ce9600829eabe1f47047c5c9377d6a8993a6a3ad2859b728b56a2fbe237e1,4-05-00-2024-204851,2024,,4-05-00-2024-204851,pdf
S04218,화성,HWASEONG,4-05-00-2024-204852.pdf,.pdf,117634,229c1b19bc16f0419e71fdf10ea71489efdc5a448e4700b961f5997fe3e22c2f,4-05-00-2024-204852,2024,,4-05-00-2024-204852,pdf
S04219,화성,HWASEONG,4-05-00-2024-204945.pdf,.pdf,128456,7ff2aea424bbc14edf964caab9506236de6abe24d4fcbcb65b541dd07ad774b8,4-05-00-2024-204945,2024,,4-05-00-2024-204945,pdf
S04220,화성,HWASEONG,4-05-00-2024-204946.pdf,.pdf,208670,0a53c82f7f2e44d3794c857b3bdf2b164e5dfd5e38efe49b722bb023ad94b11b,4-05-00-2024-204946,2024,,4-05-00-2024-204946,pdf
S04221,화성,HWASEONG,4-05-00-2024-204953.pdf,.pdf,130512,b70673755820699c1ee744fd6bc2b5e1851f47bb4f8eb2fad3d2868018f633f7,4-05-00-2024-204953,2024,,4-05-00-2024-204953,pdf
S04222,화성,HWASEONG,4-05-00-2024-204954.pdf,.pdf,142211,e8daf2a0f96a8de6fa22b05b7cbe9d0ecf17b7da3ddf0db36af0692ca2263b56,4-05-00-2024-204954,2024,,4-05-00-2024-204954,pdf
S04223,화성,HWASEONG,4-05-00-2024-204955.pdf,.pdf,138598,8860c9a576f9dda389700a678bdb655748939be62f1dafe57498e8ce669612c2,4-05-00-2024-204955,2024,,4-05-00-2024-204955,pdf
S04224,화성,HWASEONG,4-05-00-2024-204956.pdf,.pdf,126546,e203f9263784d0720323d1dc3ba4311d7af37bef75ef0319de3d2d772421afaa,4-05-00-2024-204956,2024,,4-05-00-2024-204956,pdf
S04225,화성,HWASEONG,4-05-00-2024-204957.pdf,.pdf,214128,2304aff99d99605f368673e2615a9040f9c8836f563c3048e8c13ec7a00ab6a5,4-05-00-2024-204957,2024,,4-05-00-2024-204957,pdf
S04226,화성,HWASEONG,4-05-00-2024-204964.pdf,.pdf,116393,db03588c5ae12892f1521ff60c6e1d53c3993bb9326fe61bcb2f78dd813337e5,4-05-00-2024-204964,2024,,4-05-00-2024-204964,pdf
S04227,화성,HWASEONG,4-05-00-2024-204979.pdf,.pdf,115899,1275f79fd2f5d20bc45f5b28a9600406bd63bac338cd02c8fe9a331ec0608d90,4-05-00-2024-204979,2024,,4-05-00-2024-204979,pdf
S04228,화성,HWASEONG,4-05-00-2024-205147.pdf,.pdf,127696,c0c8c12bc870cceaaa344de43517c02e993e34301362ee6b776d6fd6e7ab63d7,4-05-00-2024-205147,2024,,4-05-00-2024-205147,pdf
S04229,화성,HWASEONG,4-05-00-2024-205151.pdf,.pdf,106371,2006a41be8c66bbb6df9d17a5508d72ef1886930d389840a1ced7d62ec2a9e44,4-05-00-2024-205151,2024,,4-05-00-2024-205151,pdf
S04230,화성,HWASEONG,4-05-00-2024-205152.pdf,.pdf,110960,04ff777afe503f7ebf5d86d9d96fbb2a234ab2c437b301f31299c391d6e63398,4-05-00-2024-205152,2024,,4-05-00-2024-205152,pdf
S04231,화성,HWASEONG,4-05-00-2024-205154.pdf,.pdf,110219,cd4a849de9547814c9415d9bb26dfa2dd229452557be0af48a0b4d7b15066b7b,4-05-00-2024-205154,2024,,4-05-00-2024-205154,pdf
S04232,화성,HWASEONG,4-05-00-2024-205160.pdf,.pdf,136768,7e534eef7ab261a47d003feba56235a07954bb96f4645880310955beea752376,4-05-00-2024-205160,2024,,4-05-00-2024-205160,pdf
S04233,화성,HWASEONG,4-05-00-2025-205689.pdf,.pdf,158891,ec3e4c3a567a7ccd79b6a39b0562382cd0e2680d87e738138711177a5a06a93e,4-05-00-2025-205689,2025,,4-05-00-2025-205689,pdf
S04234,화성,HWASEONG,4-05-00-2025-205696.pdf,.pdf,155036,ba4d61ecb99076b98fb1b58dd969dd97b2cc2044129194e36e947e40decae16d,4-05-00-2025-205696,2025,,4-05-00-2025-205696,pdf
S04235,화성,HWASEONG,4-05-00-2025-205698.pdf,.pdf,157662,92e8a33f453aca535e848fdbbbc65a3d502be251f2e1bfb19fed1bad69eb52c8,4-05-00-2025-205698,2025,,4-05-00-2025-205698,pdf
S04236,화성,HWASEONG,4-05-00-2025-205709.pdf,.pdf,113926,f0d484a50603cd0ad955b69e1549c5d56206d2d47cfddf5149c2b58fcf014350,4-05-00-2025-205709,2025,,4-05-00-2025-205709,pdf
S04237,화성,HWASEONG,4-05-00-2025-205710.pdf,.pdf,143450,b92f3ba9d7a186dfd4020e6cf9ae24a39e79ca1781c350f4fc131706b4892fef,4-05-00-2025-205710,2025,,4-05-00-2025-205710,pdf
S04238,화성,HWASEONG,4-05-00-2025-205711.pdf,.pdf,117001,f0fbabcb485aaef84b9cc54d276a6178999a5844dc5e233a9e514b66e8e8db1f,4-05-00-2025-205711,2025,,4-05-00-2025-205711,pdf
S04239,화성,HWASEONG,4-05-00-2025-205717.pdf,.pdf,146699,34127bb4fea8e61bb89cf46052f83196f5f03143530a80eb09ad6b97a7446276,4-05-00-2025-205717,2025,,4-05-00-2025-205717,pdf
S04240,화성,HWASEONG,4-05-00-2025-205720.pdf,.pdf,163923,afb97e3d3188af7ee9bbe6cb7dbf427d7b8f620166bb8961869cd8856c026ca3,4-05-00-2025-205720,2025,,4-05-00-2025-205720,pdf
S04241,화성,HWASEONG,4-05-00-2025-205727.pdf,.pdf,114898,569d1841eb9fd202558e9446a2c42278544ff9d724478479db8d29b420f1beff,4-05-00-2025-205727,2025,,4-05-00-2025-205727,pdf
S04242,화성,HWASEONG,4-05-00-2025-205728.pdf,.pdf,115319,e51032193b6132233ed6d627d584dc63e40fae055f9f1aa79875630942c57428,4-05-00-2025-205728,2025,,4-05-00-2025-205728,pdf
S04243,화성,HWASEONG,4-05-00-2025-205729.pdf,.pdf,113057,1bb1c5440d17c43845adbf927c1b82d4175adfdfe2c242a5e27ffd7aacbb3ff6,4-05-00-2025-205729,2025,,4-05-00-2025-205729,pdf
S04244,화성,HWASEONG,4-05-00-2025-205735.pdf,.pdf,114713,0f5344d58013c7c8e42fca127c0da5c32e56500842cc5a26bb03aa55ab87230e,4-05-00-2025-205735,2025,,4-05-00-2025-205735,pdf
S04245,화성,HWASEONG,4-05-00-2025-205736.pdf,.pdf,99136,96ab30206cab33a8362654bfb6986f5e3df6a91d178061b32ac248f07a2c9a29,4-05-00-2025-205736,2025,,4-05-00-2025-205736,pdf
S04246,화성,HWASEONG,4-05-00-2025-205793.pdf,.pdf,180412,3bef0f3cb576811de4644df979b8368ec4e64e45a3b00907d5b8a210a4692820,4-05-00-2025-205793,2025,,4-05-00-2025-205793,pdf
S04247,화성,HWASEONG,4-05-00-2025-205794.pdf,.pdf,123401,054aba67a30be8f655fb29a0d0dc13a674ba442272561dd9f0fd82ec38d6751b,4-05-00-2025-205794,2025,,4-05-00-2025-205794,pdf
S04248,화성,HWASEONG,4-05-00-2025-205797.pdf,.pdf,120927,d0359ae31f3d295c05fbd2e690eb0cee1762a172428e78278d8922d8d35feb00,4-05-00-2025-205797,2025,,4-05-00-2025-205797,pdf
S04249,화성,HWASEONG,4-05-00-2025-205798.pdf,.pdf,127989,e36298cd4dfca201fc7b6ab504fc1bd61e643f5a99bb7a213f12190da563b207,4-05-00-2025-205798,2025,,4-05-00-2025-205798,pdf
S04250,화성,HWASEONG,4-05-00-2025-205801.pdf,.pdf,129369,3b1c05d36322103a7ecdbd9e3b091fbb3a86ca1df3c213c204878303fae444cb,4-05-00-2025-205801,2025,,4-05-00-2025-205801,pdf
S04251,화성,HWASEONG,4-05-00-2025-205802.pdf,.pdf,123725,c8f26d2429d024747bcaab9b64578c3a68bfa263c5066d0273bf80d2a858e1ce,4-05-00-2025-205802,2025,,4-05-00-2025-205802,pdf
S04252,화성,HWASEONG,4-05-00-2025-205803.pdf,.pdf,125246,5ace467bd6d222118ae43356ff1b4455a5741def1f11bb7fd0d11e99d9ca2054,4-05-00-2025-205803,2025,,4-05-00-2025-205803,pdf
S04253,화성,HWASEONG,4-05-00-2025-205804.pdf,.pdf,126063,074d9c3442cc4a5c2a8b0b71c6db5f16769e289d172e422e2f047ee86cd70017,4-05-00-2025-205804,2025,,4-05-00-2025-205804,pdf
S04254,화성,HWASEONG,4-05-00-2025-205805.pdf,.pdf,128713,eb8a01dcd5497663e618cb55f0a90149db9eeeefffd969d05d3f0a2c01a5acd0,4-05-00-2025-205805,2025,,4-05-00-2025-205805,pdf
S04255,화성,HWASEONG,4-05-00-2025-205806.pdf,.pdf,133396,9c361d958525247d82dfd1e48ec7a82fc9f29841a37a84d685cdf2299db4483e,4-05-00-2025-205806,2025,,4-05-00-2025-205806,pdf
S04256,화성,HWASEONG,4-05-00-2025-205807.pdf,.pdf,126343,0e081923df0b42e08eda366df9bbbc618532532f8d17cbe64afaeb5daab22a59,4-05-00-2025-205807,2025,,4-05-00-2025-205807,pdf
S04257,화성,HWASEONG,4-05-00-2025-205808.pdf,.pdf,121287,c4771feb46e893351dafb926c81efa6908892fda64471fc91ae0239d00d4b538,4-05-00-2025-205808,2025,,4-05-00-2025-205808,pdf
S04258,화성,HWASEONG,4-05-00-2025-205809.pdf,.pdf,127235,eb60762cd9c91aa414e5acd21d4230ee9617d5b4dd416eb2148516cb3c63461c,4-05-00-2025-205809,2025,,4-05-00-2025-205809,pdf
S04259,화성,HWASEONG,4-05-00-2025-205974.pdf,.pdf,108843,ee229383e2c260bdf89139412d0c0a8f80b2d9f2e2885ad1eb51199d1a4314de,4-05-00-2025-205974,2025,,4-05-00-2025-205974,pdf
S04260,화성,HWASEONG,4-05-00-2025-205979.pdf,.pdf,107499,935c05bab89f84f37e9736764c9e2e75e313ea39acc51fcb718ff991becee46e,4-05-00-2025-205979,2025,,4-05-00-2025-205979,pdf
S04261,화성,HWASEONG,4-05-00-2025-205994.pdf,.pdf,107656,f02b5b295ce3a968b06eb2987c46d474580adb29116aeeaff468cd10947ce878,4-05-00-2025-205994,2025,,4-05-00-2025-205994,pdf
S04262,화성,HWASEONG,4-05-00-2025-206219.pdf,.pdf,92454,bbf8030776b878b4d9f5212d6b95e9ae00bde08b09379e0cae0eccc9ad97020d,4-05-00-2025-206219,2025,,4-05-00-2025-206219,pdf
S04263,화성,HWASEONG,4-05-00-2025-206239.pdf,.pdf,131622,222be2600d3e1935d668ac88b9233cb508e208066b0a906fcb4d702c7b638e21,4-05-00-2025-206239,2025,,4-05-00-2025-206239,pdf
S04264,화성,HWASEONG,4-05-00-2025-206240.pdf,.pdf,130978,178c4c3523081a300929ff8f220d75599a4cf35e7111db4d9944af18e62f3e48,4-05-00-2025-206240,2025,,4-05-00-2025-206240,pdf
S04265,화성,HWASEONG,4-05-00-2025-206243.pdf,.pdf,121413,14fa351189ba93d877dc499b9969f5bc7760484f0fbe9beb7405f05149603dae,4-05-00-2025-206243,2025,,4-05-00-2025-206243,pdf
S04266,화성,HWASEONG,4-05-00-2025-206244.pdf,.pdf,121385,ece34e783eb228f1498613e57cbb3c48341adb14f04f1f24001f0dd6b97f0721,4-05-00-2025-206244,2025,,4-05-00-2025-206244,pdf
S04267,화성,HWASEONG,4-05-00-2025-206245.pdf,.pdf,176069,178dc3b3885d72a5f6949b7361d7bf8be5926bd676440e10a316b47a0dd87598,4-05-00-2025-206245,2025,,4-05-00-2025-206245,pdf
S04268,화성,HWASEONG,4-05-00-2025-206246.pdf,.pdf,174378,45596cccb07316b829e6e2df13d8de452cfc4399ec1bf0003c60af53b6156deb,4-05-00-2025-206246,2025,,4-05-00-2025-206246,pdf
S04269,화성,HWASEONG,4-05-00-2025-206247.pdf,.pdf,129625,f34c0aa4f4b6dfdbc57a3f06885677140f7bc48d21f4e71912f761733fd54afa,4-05-00-2025-206247,2025,,4-05-00-2025-206247,pdf
S04270,화성,HWASEONG,4-05-00-2025-206248.pdf,.pdf,170442,de7e9b20a8b4cb25e770caf750bfabaea0bb2fb0777513842597035570a7eade,4-05-00-2025-206248,2025,,4-05-00-2025-206248,pdf
S04271,화성,HWASEONG,4-05-00-2025-206249.pdf,.pdf,177898,030ffe1a6886be9850b3597615e6e662898bb3427b6ebce4d1cf9b63bdbd8c95,4-05-00-2025-206249,2025,,4-05-00-2025-206249,pdf
S04272,화성,HWASEONG,4-05-00-2025-206568.pdf,.pdf,249025,b21b285e38d094402dc7e0dff0c738bd0a7f0ea3bacc94cbae6cb2fdab099882,4-05-00-2025-206568,2025,,4-05-00-2025-206568,pdf
S04273,화성,HWASEONG,4-05-00-2025-206569.pdf,.pdf,249851,2e319ad7e27f23cabf903a2ffea73de85e3852936d36e228ed19601c2d644839,4-05-00-2025-206569,2025,,4-05-00-2025-206569,pdf
S04274,화성,HWASEONG,4-05-00-2025-206570.pdf,.pdf,247578,ae6a216eb59eb2b249db02e0f97b0fa4cf91f517240c1535ad0f4b753a1fbb99,4-05-00-2025-206570,2025,,4-05-00-2025-206570,pdf
S04275,화성,HWASEONG,4-05-00-2025-206585.pdf,.pdf,196690,0668727d56af1a77b34b1de4d1e8954a55674092b81c8f5e03466b3469aecb5c,4-05-00-2025-206585,2025,,4-05-00-2025-206585,pdf
S04276,화성,HWASEONG,4-05-00-2025-206586.pdf,.pdf,132048,5934dfa4352c167ade3c69ed67a4cdc616186ff8f5353564a6bb3bc83cb34b07,4-05-00-2025-206586,2025,,4-05-00-2025-206586,pdf
S04277,화성,HWASEONG,4-05-00-2025-206587.pdf,.pdf,142671,ec9e5bab94a06cd359574d3ccedc3911bd02f3ba604724eeb2ed78abeb470d0c,4-05-00-2025-206587,2025,,4-05-00-2025-206587,pdf
S04278,화성,HWASEONG,4-05-00-2025-206590.pdf,.pdf,147693,7ca9f44dafd925a8ff45efa05313353d15d63ee47bcf78ea6d90002ac027a999,4-05-00-2025-206590,2025,,4-05-00-2025-206590,pdf
S04279,화성,HWASEONG,4-05-00-2025-206591.pdf,.pdf,145293,2d1237028571fb66df7faf84adbaf584f26080cc523d36d340ef2685e8bda5ed,4-05-00-2025-206591,2025,,4-05-00-2025-206591,pdf
S04280,화성,HWASEONG,4-05-00-2025-206592.pdf,.pdf,207853,5cfa8808ee6112874b5c3151f539c7c6078599e5a4d980222c6c963f5e1b42cb,4-05-00-2025-206592,2025,,4-05-00-2025-206592,pdf
S04281,화성,HWASEONG,4-05-00-2025-206593.pdf,.pdf,216120,3f9313a2004ee3d5383da0e7bcdbea95cc946c6e2451f5a9fd6c98bb58b5aa41,4-05-00-2025-206593,2025,,4-05-00-2025-206593,pdf
S04282,화성,HWASEONG,4-05-00-2025-206594.pdf,.pdf,279734,23efd50e763474656a1d86006d83972704b81f7e5092844031cdfb37de51f5d7,4-05-00-2025-206594,2025,,4-05-00-2025-206594,pdf
S04283,화성,HWASEONG,4-05-00-2025-206595.pdf,.pdf,140955,e5f7b0683abb691b238eef2b970fac2a90999b4a941d602d5c8735c64ee37fce,4-05-00-2025-206595,2025,,4-05-00-2025-206595,pdf
S04284,화성,HWASEONG,4-05-00-2025-206596.pdf,.pdf,174706,133fead7a2f5b84f304c0e46d8b4aaf595bc4452f2217f42f7fcceb8c2657191,4-05-00-2025-206596,2025,,4-05-00-2025-206596,pdf
S04285,화성,HWASEONG,4-05-00-2025-206608.pdf,.pdf,85458,4d090dbed21e9668527c754a81b4d4a38ff06c6ac8aa45ef4d6f66b2902e16f2,4-05-00-2025-206608,2025,,4-05-00-2025-206608,pdf
S04286,화성,HWASEONG,4-05-00-2025-206609.pdf,.pdf,86511,a076f88924a8929f670db9bf1de4801179dd49f36a49ae0b8ba296a804bb1f6b,4-05-00-2025-206609,2025,,4-05-00-2025-206609,pdf
S04287,화성,HWASEONG,4-05-00-2025-206622.pdf,.pdf,109650,ce882bd55af768936a3e1b943cf6c8c91711489d510957b269aeebabe1674e5d,4-05-00-2025-206622,2025,,4-05-00-2025-206622,pdf
S04288,화성,HWASEONG,4-05-00-2025-206623.pdf,.pdf,90546,cec4626899e5307b6104cbf466b4d2987d8ee47e7a63ec120a44a2c8e6a94389,4-05-00-2025-206623,2025,,4-05-00-2025-206623,pdf
S04289,화성,HWASEONG,4-05-00-2025-206641.pdf,.pdf,98573,94f3db89412a97385594b6a2fd7d4f27c47e576e04c7a9ba3951e06dac99e931,4-05-00-2025-206641,2025,,4-05-00-2025-206641,pdf
S04290,화성,HWASEONG,4-05-00-2025-206642.pdf,.pdf,162175,d9ef0e335b111f66a996005ca9d81125063fbbe3b0590a6320e1f66e0a36d7e2,4-05-00-2025-206642,2025,,4-05-00-2025-206642,pdf
S04291,화성,HWASEONG,4-05-00-2025-206643.pdf,.pdf,114382,663a8d6c5b90e6afbadb24612d995909ab03a95adaf98e5f3942bd2820a24f86,4-05-00-2025-206643,2025,,4-05-00-2025-206643,pdf
S04292,화성,HWASEONG,4-05-00-2025-206644.pdf,.pdf,116409,9a8008dfeec42989a74909a693beb780cde23b6079f28265312a6b40c0e2ce2d,4-05-00-2025-206644,2025,,4-05-00-2025-206644,pdf
S04293,화성,HWASEONG,4-05-00-2026-206980.pdf,.pdf,134618,92fc24b689370ded56f7e7ab1d0d081e0648b7b9e23f2cb03511c2e44237103c,4-05-00-2026-206980,2026,,4-05-00-2026-206980,pdf
S04294,화성,HWASEONG,4-06-00-2022-202665.pdf,.pdf,161326,fbebd60cca93efb4777ba5401617e30efae9636c4e1fe8501773d574a22b4fd8,4-06-00-2022-202665,2022,,4-06-00-2022-202665,pdf
S04295,화성,HWASEONG,4-06-00-2022-202666.pdf,.pdf,116091,d225c8917e774851f4205eff9af26b6dfe39881ad7adbcce493d246e0232a5ff,4-06-00-2022-202666,2022,,4-06-00-2022-202666,pdf
S04296,화성,HWASEONG,4-06-00-2022-202667.pdf,.pdf,116328,821c19f9f10fd28f5fc66414cfefbe8753fe9dc5fbb8a16df7aa8557d39b8444,4-06-00-2022-202667,2022,,4-06-00-2022-202667,pdf
S04297,화성,HWASEONG,4-06-00-2022-202668.pdf,.pdf,117535,8a009f56577788b91602bd5a14213cbcaff9603510997f0c72c02ae4dd2396b2,4-06-00-2022-202668,2022,,4-06-00-2022-202668,pdf
S04298,화성,HWASEONG,4-06-00-2023-203965.pdf,.pdf,119580,79cb936d80086095094dfa6b9d8c1eb4d56946fa60aa8eaa68b7be6181fe8e7c,4-06-00-2023-203965,2023,,4-06-00-2023-203965,pdf
S04299,화성,HWASEONG,4-06-00-2023-203966.pdf,.pdf,111127,76fd6b4e51aebbcd8025b0929de1d4c32563606b8944a04c8d1a44b26b53962b,4-06-00-2023-203966,2023,,4-06-00-2023-203966,pdf
S04300,화성,HWASEONG,4-06-00-2023-204299.pdf,.pdf,115236,ed7aea116b62e2d358bbd69bd8d53158d39c4169d7546415407cb7fcb37dd62e,4-06-00-2023-204299,2023,,4-06-00-2023-204299,pdf
S04301,화성,HWASEONG,4-06-00-2023-204300.pdf,.pdf,114574,147acf67a2ede061d4e90db31ad2a7e1d0dc6bd112c535853bc07d9e771303b5,4-06-00-2023-204300,2023,,4-06-00-2023-204300,pdf
S04302,화성,HWASEONG,4-06-00-2023-204301.pdf,.pdf,113442,efbd99db94262bdbd191a9be679731edecefc2bb5010e44fa4365d8f87e37f07,4-06-00-2023-204301,2023,,4-06-00-2023-204301,pdf
S04303,화성,HWASEONG,4-06-00-2023-204302.pdf,.pdf,112850,7ed8c93831231bd25eae12399ba9768d007304a4215bc96225044b4e7f16f21c,4-06-00-2023-204302,2023,,4-06-00-2023-204302,pdf
S04304,화성,HWASEONG,4-06-00-2023-204324.pdf,.pdf,116094,fececedf49673c5689a06a72121f7aaeb2e6034acd2d36fc85fcfcf1cd068372,4-06-00-2023-204324,2023,,4-06-00-2023-204324,pdf
S04305,화성,HWASEONG,4-06-00-2023-204325.pdf,.pdf,115007,bf8030039980058f35e3f604409012d825bd5e358ca8641bcb0a82e04e2b6400,4-06-00-2023-204325,2023,,4-06-00-2023-204325,pdf
S04306,화성,HWASEONG,4-06-00-2024-204839.pdf,.pdf,112586,a6bb45ed14694f9b5455dcfef81d5be3d192c5b51b260aa16b4cb464337fe918,4-06-00-2024-204839,2024,,4-06-00-2024-204839,pdf
S04307,화성,HWASEONG,4-06-00-2024-204840.pdf,.pdf,116180,25d6ebc2c9ed1ab05812581f8fd8f1d77d3643dc7c0dfb8fbe543bcebbe3f1fb,4-06-00-2024-204840,2024,,4-06-00-2024-204840,pdf
S04308,화성,HWASEONG,4-06-00-2024-204926.pdf,.pdf,245039,8e5549ecf8aa463a43704880ae952db450d886d1cfdd611504ef8074d5590d33,4-06-00-2024-204926,2024,,4-06-00-2024-204926,pdf
S04309,화성,HWASEONG,4-06-00-2024-204927.pdf,.pdf,130623,db15649cb1cf566e1f77c2ec9017237318a0b67810b3aed509f4991a5749e4d6,4-06-00-2024-204927,2024,,4-06-00-2024-204927,pdf
S04310,화성,HWASEONG,4-06-00-2024-204931.pdf,.pdf,128850,aa72b52d53c6de0baeacc32e7235e068061658ae49c72721afcdbaddaaba233a,4-06-00-2024-204931,2024,,4-06-00-2024-204931,pdf
S04311,화성,HWASEONG,4-06-00-2024-204932.pdf,.pdf,125167,e29f2b351474f3ff6d48b75da9f621493c16d561aead4ba746c3853850313804,4-06-00-2024-204932,2024,,4-06-00-2024-204932,pdf
S04312,화성,HWASEONG,4-06-00-2024-204967.pdf,.pdf,165254,6afb632c44537ff46baa0fb81775f28aa4be6ae7f25dcf4209bd43fe7bd54cff,4-06-00-2024-204967,2024,,4-06-00-2024-204967,pdf
S04313,화성,HWASEONG,4-06-00-2024-204968.pdf,.pdf,111494,41288180ac2a8b4528e594081f536ee97b9631d4b0af18b347863848c5c132f9,4-06-00-2024-204968,2024,,4-06-00-2024-204968,pdf
S04314,화성,HWASEONG,4-06-00-2024-205516.pdf,.pdf,130248,087005854e2aae15523b9ef2058480f231ac29bdb047dd46536da509d4c94829,4-06-00-2024-205516,2024,,4-06-00-2024-205516,pdf
S04315,화성,HWASEONG,4-06-00-2025-205691.pdf,.pdf,119819,a53d63e687827d61613fb4261c6b2d5bcbc575e771e174c1cb1db7bf95867137,4-06-00-2025-205691,2025,,4-06-00-2025-205691,pdf
S04316,화성,HWASEONG,4-06-00-2025-205693.pdf,.pdf,114969,d9dee58aaa20b64c2b0d4ffcd5e11eef912b0aacb58123f8f4d2ae6d20ab9b25,4-06-00-2025-205693,2025,,4-06-00-2025-205693,pdf
S04317,화성,HWASEONG,4-06-00-2025-205713.pdf,.pdf,116435,d9ba9e31d1a2f1841b67b8cd2537a7a0ba8360396f1749b6a3687522972b8993,4-06-00-2025-205713,2025,,4-06-00-2025-205713,pdf
S04318,화성,HWASEONG,4-06-00-2025-205714.pdf,.pdf,159623,8b42e7b6ea0daf3e4aae5461e4f6d9c741064bd0d3175932b5c0018a88fab610,4-06-00-2025-205714,2025,,4-06-00-2025-205714,pdf
S04319,화성,HWASEONG,4-06-00-2025-205715.pdf,.pdf,112738,177edd43bf344b1114a33cae93f7a7608b429917d418d999a40104b866588926,4-06-00-2025-205715,2025,,4-06-00-2025-205715,pdf
S04320,화성,HWASEONG,4-06-00-2025-205716.pdf,.pdf,116221,1938a3d570301af22d5516e6b0a644a7580459eda0dd57038058bca431d8047a,4-06-00-2025-205716,2025,,4-06-00-2025-205716,pdf
S04321,화성,HWASEONG,4-06-00-2025-205732.pdf,.pdf,119117,9f8ae28de57051bc98a451971833e0d030fa00b6fbe147402f373b5267e0c3fe,4-06-00-2025-205732,2025,,4-06-00-2025-205732,pdf
S04322,화성,HWASEONG,4-06-00-2025-205738.pdf,.pdf,114623,6249b747c5f2ac185f6a323acc1943a3b1f58ebb0b1defe02de528f82ac529da,4-06-00-2025-205738,2025,,4-06-00-2025-205738,pdf
S04323,화성,HWASEONG,4-06-00-2025-205739.pdf,.pdf,126524,92aa3b349542d37e5a163544c6a5dd711a75d472231c25d11610ae39507acd06,4-06-00-2025-205739,2025,,4-06-00-2025-205739,pdf
S04324,화성,HWASEONG,4-06-00-2025-205749.pdf,.pdf,138995,aea6d4291e9bd6afbfcbf5743ba607122a548407ffb4f99df97c360f3e804179,4-06-00-2025-205749,2025,,4-06-00-2025-205749,pdf
S04325,화성,HWASEONG,4-06-00-2025-205750.pdf,.pdf,95373,3b5f42706178d612c271fe0f529d95492989fe0aca1fd2ce071953e071938654,4-06-00-2025-205750,2025,,4-06-00-2025-205750,pdf
S04326,화성,HWASEONG,4-06-00-2025-205759.pdf,.pdf,101921,182df81f717f63dc33bb6f14a5de785489ca2db1eed11464bcdd09510d3593ab,4-06-00-2025-205759,2025,,4-06-00-2025-205759,pdf
S04327,화성,HWASEONG,4-06-00-2025-205767.pdf,.pdf,101769,8b400400e12acdc24bc5aec89495a8f4a96677c78de4254b9bda925f3b8b883c,4-06-00-2025-205767,2025,,4-06-00-2025-205767,pdf
S04328,화성,HWASEONG,4-06-00-2025-205768.pdf,.pdf,101493,978c97d14207ce9797c34c04d13728156aca52c4e23d3c9dce4d460c68bb1be6,4-06-00-2025-205768,2025,,4-06-00-2025-205768,pdf
S04329,화성,HWASEONG,4-06-00-2025-205777.pdf,.pdf,108976,4c1c952cb8c9217d37e00ba9766cf19c2cae442c0219315122006183df0ba7c3,4-06-00-2025-205777,2025,,4-06-00-2025-205777,pdf
S04330,화성,HWASEONG,4-06-00-2025-205778.pdf,.pdf,106400,3dd7bc27bd4010e555b706ce19b7de8f7dbe67fe68c8403add112f13e4963005,4-06-00-2025-205778,2025,,4-06-00-2025-205778,pdf
S04331,화성,HWASEONG,4-06-00-2025-205965.pdf,.pdf,107980,22ac9c53227c2a119e85f822819cfa62d77f7c9fa303ccaa8130ccd0b2fafad9,4-06-00-2025-205965,2025,,4-06-00-2025-205965,pdf
S04332,화성,HWASEONG,4-06-00-2025-205966.pdf,.pdf,116929,df190ff40e13a33e6a0fb4bd6f9118417c50666dccc8027a62f23fd81ec2aa60,4-06-00-2025-205966,2025,,4-06-00-2025-205966,pdf
S04333,화성,HWASEONG,4-06-00-2025-205967.pdf,.pdf,129118,901e177ba0f328c221bbbdb7fca202cad1a92b36e94048706d2efa93ab4229fc,4-06-00-2025-205967,2025,,4-06-00-2025-205967,pdf
S04334,화성,HWASEONG,4-06-00-2025-205968.pdf,.pdf,107323,93e6a0b6fa2ffeb261c4424c263bfd5960a4811e5cf84d81edb60b5f55aba2cf,4-06-00-2025-205968,2025,,4-06-00-2025-205968,pdf
S04335,화성,HWASEONG,4-06-00-2025-205983.pdf,.pdf,115437,1f55406bab631adc3e22ca0bbf88f6da1c8978513dccf55da8a28b81c6348714,4-06-00-2025-205983,2025,,4-06-00-2025-205983,pdf
S04336,화성,HWASEONG,4-06-00-2025-205984.pdf,.pdf,129369,89870ebd0d4c135b7f7ef4dee33a2384b6a745f317ba1303ee4d14e109c3213c,4-06-00-2025-205984,2025,,4-06-00-2025-205984,pdf
S04337,화성,HWASEONG,4-06-00-2025-205985.pdf,.pdf,106172,0b80b807ac46709b7853728d4dd43d80d806ab9b362b1dad6033803504809f0d,4-06-00-2025-205985,2025,,4-06-00-2025-205985,pdf
S04338,화성,HWASEONG,4-06-00-2025-205997.pdf,.pdf,101209,cde73b9a581fbbf76a7471c25bf2db412554ae6516ed54750615179b39ce590f,4-06-00-2025-205997,2025,,4-06-00-2025-205997,pdf
S04339,화성,HWASEONG,4-06-00-2025-205998.pdf,.pdf,112943,59de9af439e53135cdfdf11f9d9702cb5b891322ef88d1c1f5f45431d4031747,4-06-00-2025-205998,2025,,4-06-00-2025-205998,pdf
S04340,화성,HWASEONG,4-06-00-2025-206008.pdf,.pdf,119581,18452148be04a035dc16720fac0e3ec9f4cb23b19830ffc99c87d030b540053a,4-06-00-2025-206008,2025,,4-06-00-2025-206008,pdf
S04341,화성,HWASEONG,4-06-00-2025-206009.pdf,.pdf,108399,aa856f01b98472774fc134218dd5057c19aec2d5ec10a222b907e69073db0d94,4-06-00-2025-206009,2025,,4-06-00-2025-206009,pdf
S04342,화성,HWASEONG,4-06-00-2025-206190.pdf,.pdf,85391,917f896bea1e26183c7cacc014603165de55b9a5f9e7fd6091ec8160c92598b9,4-06-00-2025-206190,2025,,4-06-00-2025-206190,pdf
S04343,화성,HWASEONG,4-06-00-2025-206199.pdf,.pdf,115565,8cad1fcd44c345d9882f44e1e873d7ed27681373d6a3fb3301d1367fa8d2a469,4-06-00-2025-206199,2025,,4-06-00-2025-206199,pdf
S04344,화성,HWASEONG,4-06-00-2025-206210.pdf,.pdf,120745,50956cd177a6cff5e0fcf956a6a6b28f160b7063458b98edb54df12813751136,4-06-00-2025-206210,2025,,4-06-00-2025-206210,pdf
S04345,화성,HWASEONG,4-06-00-2025-206211.pdf,.pdf,92196,70f4ed7f3e467c376fbc36449e8aa2908e4c4ed017b9805cfcca4f9576ab9d56,4-06-00-2025-206211,2025,,4-06-00-2025-206211,pdf
S04346,화성,HWASEONG,4-06-00-2025-206212.pdf,.pdf,92318,c9a49fced057ebb8dc66296721c8581caeee6a8f0f18a9ad2b5751f4e9c712a9,4-06-00-2025-206212,2025,,4-06-00-2025-206212,pdf
S04347,화성,HWASEONG,4-06-00-2025-206229.pdf,.pdf,175709,0b1ec4bbd262360cbd85a1249fcfea25396e637418cefc6d41ea403dec7792f5,4-06-00-2025-206229,2025,,4-06-00-2025-206229,pdf
S04348,화성,HWASEONG,4-06-00-2025-206230.pdf,.pdf,129395,8079e301a1de3c8f22ed4e7ac686551646ff0095ee5f84ab891e9190245bbb38,4-06-00-2025-206230,2025,,4-06-00-2025-206230,pdf
S04349,화성,HWASEONG,4-06-00-2025-206231.pdf,.pdf,184778,52217940c513e62fb4684bebc24108227540dc5a1ad3d7f896a9e709f33ca2ae,4-06-00-2025-206231,2025,,4-06-00-2025-206231,pdf
S04350,화성,HWASEONG,4-06-00-2025-206602.pdf,.pdf,100595,48800f5c1bb1d54ba78e81946f6353d35151b360d576e5dde10af030a25f1100,4-06-00-2025-206602,2025,,4-06-00-2025-206602,pdf
S04351,화성,HWASEONG,4-06-00-2025-206603.pdf,.pdf,120355,a15fe82cd419689d51abf796fd75eaee0038e08f01b116cebf0d60d968325efa,4-06-00-2025-206603,2025,,4-06-00-2025-206603,pdf
S04352,화성,HWASEONG,4-06-00-2025-206613.pdf,.pdf,112860,7ea66e1a35feb703b1350889789a1fb5a249964cb73cb56ebf6581060848fa1d,4-06-00-2025-206613,2025,,4-06-00-2025-206613,pdf
S04353,화성,HWASEONG,4-06-00-2025-206614.pdf,.pdf,92297,72f3e276b4b80ce8a3e2029432e761fa7844646448fff81b9a544a43b6bac8a5,4-06-00-2025-206614,2025,,4-06-00-2025-206614,pdf
S04354,화성,HWASEONG,4-06-00-2025-206615.pdf,.pdf,112686,a267672e8dcd95e51d695e9ba9ebc8a156cf9112d21fd350e1d0fe985e56f242,4-06-00-2025-206615,2025,,4-06-00-2025-206615,pdf
S04355,화성,HWASEONG,4-06-00-2025-206628.pdf,.pdf,145830,b31bdb01657056a5f1bcee4f985df53356be631bad7f83afcca750f7901adb3c,4-06-00-2025-206628,2025,,4-06-00-2025-206628,pdf
S04356,화성,HWASEONG,4-06-00-2025-206629.pdf,.pdf,98205,725c5c073973b384e3cccd782006593d4ebc545e37f24801f6f5aa298238a47d,4-06-00-2025-206629,2025,,4-06-00-2025-206629,pdf
S04357,화성,HWASEONG,4-06-00-2025-206630.pdf,.pdf,143389,b8e1b766115cd958294182f5c710662e377bb23780c9ae57afa7422537c7f798,4-06-00-2025-206630,2025,,4-06-00-2025-206630,pdf
S04358,화성,HWASEONG,4-07-00-2022-204169.pdf,.pdf,135997,3825ba02e0798349d34ea2451b0599538bd188c3ab71d73fd4b658fcaabeb333,4-07-00-2022-204169,2022,,4-07-00-2022-204169,pdf
S04359,화성,HWASEONG,4-07-00-2023-203964.pdf,.pdf,120902,d37469190b0d53980a8f5becaf8db1d46d10a0c9fdee426b736450f171738659,4-07-00-2023-203964,2023,,4-07-00-2023-203964,pdf
S04360,화성,HWASEONG,4-07-00-2023-203970.pdf,.pdf,114713,e41624281afbdaac70f5927a3f96889dfaaaa035f038cf2866cd788d43366a49,4-07-00-2023-203970,2023,,4-07-00-2023-203970,pdf
S04361,화성,HWASEONG,4-07-00-2023-204285.pdf,.pdf,118494,0923b7a8c42fc4f3b760d2f11909afa0cf43e41c1e6e5544776cd5ad495691a3,4-07-00-2023-204285,2023,,4-07-00-2023-204285,pdf
S04362,화성,HWASEONG,4-07-00-2024-204826.pdf,.pdf,135816,4d1d4453731e721932b6bbebc70e18a75c32db9e88e092d01d63e2df89f2cfa9,4-07-00-2024-204826,2024,,4-07-00-2024-204826,pdf
S04363,화성,HWASEONG,4-07-00-2024-204853.pdf,.pdf,184320,145245c75c6682161324cfdfe46f8d316d0907b20ed033252dd6bcac44bfe4c5,4-07-00-2024-204853,2024,,4-07-00-2024-204853,pdf
S04364,화성,HWASEONG,4-07-00-2024-204947.pdf,.pdf,214731,a9b4fe25fb14dabe6adce2c15ef8b2bbd2011dca5b47ed204cda47a2762de966,4-07-00-2024-204947,2024,,4-07-00-2024-204947,pdf
S04365,화성,HWASEONG,4-07-00-2024-204948.pdf,.pdf,127792,1a8112ebba9a65bda7552274cb3110e19ac403995cd3adfd22c093649fca5011,4-07-00-2024-204948,2024,,4-07-00-2024-204948,pdf
S04366,화성,HWASEONG,4-07-00-2024-204949.pdf,.pdf,209944,81d016046006713455af83d91bdd034d937e194a08dcbc537efde81fb9ca6490,4-07-00-2024-204949,2024,,4-07-00-2024-204949,pdf
S04367,화성,HWASEONG,4-07-00-2024-204950.pdf,.pdf,211741,4fcec7dec32e3dac70f06f5bee9340f5dd03304d86cf9e8594af5d64d888c664,4-07-00-2024-204950,2024,,4-07-00-2024-204950,pdf
S04368,화성,HWASEONG,4-07-00-2024-204951.pdf,.pdf,210394,f09ccc412289c484e76088566d894921b9e5acb82b4f6687909b0d36c80452d8,4-07-00-2024-204951,2024,,4-07-00-2024-204951,pdf
S04369,화성,HWASEONG,4-07-00-2024-204952.pdf,.pdf,126622,519bc89befb40888642b043d06848d15f3274811586b3e282ac506498e20062c,4-07-00-2024-204952,2024,,4-07-00-2024-204952,pdf
S04370,화성,HWASEONG,4-07-00-2024-205183.pdf,.pdf,130387,ebb54134453442aca8d0e9914c0315220dc2e3ce9bf7fc5409a03b3647d6af8f,4-07-00-2024-205183,2024,,4-07-00-2024-205183,pdf
S04371,화성,HWASEONG,4-07-00-2024-205342.pdf,.pdf,105064,000f19e13ff16716874880444203a4c4364ae5d787fc08935034b285cdec93ee,4-07-00-2024-205342,2024,,4-07-00-2024-205342,pdf
S04372,화성,HWASEONG,4-07-00-2024-205343.pdf,.pdf,106747,770c080c40a5a10ad7ca0d18a509ba8a9239d8d95af775ffc5e31ed5aa12c1ae,4-07-00-2024-205343,2024,,4-07-00-2024-205343,pdf
S04373,화성,HWASEONG,4-07-00-2025-205694.pdf,.pdf,113562,78af240791f008930e6d28cf51814c37e0281b8b4c7b0b30ca00b7489fdfbe1d,4-07-00-2025-205694,2025,,4-07-00-2025-205694,pdf
S04374,화성,HWASEONG,4-07-00-2025-205980.pdf,.pdf,103443,1b71942b22cdd5c2fbc8bf81d85a7461bb622b5dcc97f2f93c2f21ac6b1d9702,4-07-00-2025-205980,2025,,4-07-00-2025-205980,pdf
S04375,화성,HWASEONG,4-07-00-2025-205993.pdf,.pdf,123107,ce6020746a790cad29c235142ce51a75c7850a81cb3f1ddd024264dd9bd80f11,4-07-00-2025-205993,2025,,4-07-00-2025-205993,pdf
S04376,화성,HWASEONG,4-07-00-2025-206227.pdf,.pdf,131201,27fb1307fcf5e4909a26c4e49e811de3f7134921319cb2216517eb19983eebca,4-07-00-2025-206227,2025,,4-07-00-2025-206227,pdf
S04377,화성,HWASEONG,4-07-00-2025-206235.pdf,.pdf,216384,efc12b9ac5e901877e0f479439d1b7f00abdffde49ae54bb5dc4786feee73cb3,4-07-00-2025-206235,2025,,4-07-00-2025-206235,pdf
S04378,화성,HWASEONG,4-07-00-2025-206250.pdf,.pdf,185823,2c52e7683da919f5354178926876418c0b9587cd3578b8da9907fd5d041b120f,4-07-00-2025-206250,2025,,4-07-00-2025-206250,pdf
S04379,화성,HWASEONG,4-07-00-2025-206251.pdf,.pdf,121301,93c657ae2a626ce5892d003e25bf1fa7cf71f1a9d8dab10c66871872e155217b,4-07-00-2025-206251,2025,,4-07-00-2025-206251,pdf
S04380,화성,HWASEONG,4-07-00-2025-206252.pdf,.pdf,174084,f12c14e8dc5422442a9496da58f27a694fc67df150279c7d0d32bd83cff39b96,4-07-00-2025-206252,2025,,4-07-00-2025-206252,pdf
S04381,화성,HWASEONG,4-07-00-2025-206253.pdf,.pdf,695169,dd3a13b5fc16b25e27e948da842f39014e7bed9ebdc1a21ce07da19de0c8db54,4-07-00-2025-206253,2025,,4-07-00-2025-206253,pdf
S04382,화성,HWASEONG,4-07-00-2025-206571.pdf,.pdf,178140,04012b9c3f9e0db76abab77dacc27a828b43aa94b5b372622ee5f6d151ab0a53,4-07-00-2025-206571,2025,,4-07-00-2025-206571,pdf
S04383,화성,HWASEONG,4-07-00-2025-206572.pdf,.pdf,216327,96e7e1c1de9eedb850508755f010e2068555b0c135cd5fcab74aac189a53a7a1,4-07-00-2025-206572,2025,,4-07-00-2025-206572,pdf
S04384,화성,HWASEONG,4-07-00-2025-206597.pdf,.pdf,267695,7ef02c25dd0f74736e4f3cb4c7f6c31f835b1735c2b1df316e2bde996ef497b9,4-07-00-2025-206597,2025,,4-07-00-2025-206597,pdf
S04385,화성,HWASEONG,4-07-00-2025-206598.pdf,.pdf,264758,b8d379c93409c66e8796ae46f2bb77a77cb142e8b7542fce62e4bb3997e0fdc3,4-07-00-2025-206598,2025,,4-07-00-2025-206598,pdf
S04386,화성,HWASEONG,4-07-00-2025-206599.pdf,.pdf,261376,48eb6e56d457ad293ea5bafb4394590adea16c1718e2d42ece347c9fbb0796ff,4-07-00-2025-206599,2025,,4-07-00-2025-206599,pdf
S04387,화성,HWASEONG,4-07-00-2025-206647.pdf,.pdf,119759,0eed75fddfd635393d5f81ad9527e87719f0bffce98714fa40a20e0de86b2fc0,4-07-00-2025-206647,2025,,4-07-00-2025-206647,pdf
S04388,화성,HWASEONG,4-07-00-2026-206992.pdf,.pdf,291836,927e007b1e9f6492fc8a2485e339f800ac8469936d06b45622647fa1e4411631,4-07-00-2026-206992,2026,,4-07-00-2026-206992,pdf
S04389,화성,HWASEONG,4-07-00-2026-206998.pdf,.pdf,315049,e4cca1b51c768b816ea55d1eb65e23530759466be45c60bd1acefa9ff7582862,4-07-00-2026-206998,2026,,4-07-00-2026-206998,pdf
S04390,화성,HWASEONG,4-07-00-2026-207000.pdf,.pdf,228888,08d2f9f984c4a3c5d62067ef3c2d41057fce6ee1937237c08a99b23196045187,4-07-00-2026-207000,2026,,4-07-00-2026-207000,pdf
S04391,화성,HWASEONG,4-07-00-2026-207009.pdf,.pdf,245768,cff6c68ef168e1945f9d60bd5a0e8b886015276f2754c243e51e2c872282653f,4-07-00-2026-207009,2026,,4-07-00-2026-207009,pdf
S04392,화성,HWASEONG,4-07-00-2026-207010.pdf,.pdf,224207,5ec6e25e96f0c136b4d308e2f07e378f1e25bb6e6b98e62564ae1e644a3d76fe,4-07-00-2026-207010,2026,,4-07-00-2026-207010,pdf
S04393,화성,HWASEONG,4-07-00-2026-207011.pdf,.pdf,304452,2b4768dc1c716d048f77aeb86baecf69deea0c1257934c3744da8698ab8da05d,4-07-00-2026-207011,2026,,4-07-00-2026-207011,pdf
S04394,화성,HWASEONG,4-08-00-2022-202652.pdf,.pdf,149667,17da4ecdc438253319c7a33bac3f459eb27b34c887ea784cd1e5f28c84e66e91,4-08-00-2022-202652,2022,,4-08-00-2022-202652,pdf
S04395,화성,HWASEONG,4-08-00-2022-202658.pdf,.pdf,119870,c70b5b1db094579c57103f30091809e0a0d5994671ac3b33e6272b613c9ad2e8,4-08-00-2022-202658,2022,,4-08-00-2022-202658,pdf
S04396,화성,HWASEONG,4-08-00-2022-204164.pdf,.pdf,133521,c814f8ec5e4fde22b5367c4215ab1db25eb1ba0b0ebf66a7c48d71bfc3102890,4-08-00-2022-204164,2022,,4-08-00-2022-204164,pdf
S04397,화성,HWASEONG,4-08-00-2022-204165.pdf,.pdf,136135,6cdd9d1a64846c391ea8a5f79a3b18af04d22fca8fb690c16c0ca078b6da2967,4-08-00-2022-204165,2022,,4-08-00-2022-204165,pdf
S04398,화성,HWASEONG,4-08-00-2022-204166.pdf,.pdf,124809,280cc4f93f55ca43faa88853662cb1ea6f0c981c13fab3dc9d7f00717f6dd572,4-08-00-2022-204166,2022,,4-08-00-2022-204166,pdf
S04399,화성,HWASEONG,4-08-00-2022-204167.pdf,.pdf,133584,6ab47f9a8e9ff73e3b1f8b1869b4bc0c3b1d36c0a6509b9bccc44a8ee50be35e,4-08-00-2022-204167,2022,,4-08-00-2022-204167,pdf
S04400,화성,HWASEONG,4-08-00-2022-204168.pdf,.pdf,133917,3b871b47014a658758358bb093bce7d629bf394f4c528c2be790fda606744999,4-08-00-2022-204168,2022,,4-08-00-2022-204168,pdf
S04401,화성,HWASEONG,4-08-00-2022-204179.pdf,.pdf,124683,7513cb2e2120cadf9535afba385091b7c81633fc083abedae1edb6f245ce36a7,4-08-00-2022-204179,2022,,4-08-00-2022-204179,pdf
S04402,화성,HWASEONG,4-08-00-2022-204182.pdf,.pdf,125769,c8fd3546e5b92cdee424e4eab9cfb21bf5677918545ec32d8686393504820083,4-08-00-2022-204182,2022,,4-08-00-2022-204182,pdf
S04403,화성,HWASEONG,4-08-00-2022-204240.pdf,.pdf,131563,2cbb122aea465180b0236276b81e90182dfd7532acc96213f293e9098a570e2a,4-08-00-2022-204240,2022,,4-08-00-2022-204240,pdf
S04404,화성,HWASEONG,4-08-00-2022-204241.pdf,.pdf,92957,6b7a9881029580b3444aa654735ff6cd34aa12a968a0528c13161356f3b82d35,4-08-00-2022-204241,2022,,4-08-00-2022-204241,pdf
S04405,화성,HWASEONG,4-08-00-2022-204245.pdf,.pdf,96221,317e9f01f26161545c6e859c059b500514b32b68703e881b608c7424f166187d,4-08-00-2022-204245,2022,,4-08-00-2022-204245,pdf
S04406,화성,HWASEONG,4-08-00-2022-204246.pdf,.pdf,92477,bfc6cbfda33ee794c53bb574cefdf1f5efcacbc42b83160eaf400b1c9876cc49,4-08-00-2022-204246,2022,,4-08-00-2022-204246,pdf
S04407,화성,HWASEONG,4-08-00-2023-203472.pdf,.pdf,122458,0d27b0bae4b69b5f492b869db4f0fbeb9e7f1a744e2e9ebada26226efdd50f6e,4-08-00-2023-203472,2023,,4-08-00-2023-203472,pdf
S04408,화성,HWASEONG,4-08-00-2023-203474.pdf,.pdf,107131,d948e17a14686151c019d150d0cd9cb0321a01d88f59546e1b4bc63831cacaf1,4-08-00-2023-203474,2023,,4-08-00-2023-203474,pdf
S04409,화성,HWASEONG,4-08-00-2023-203475.pdf,.pdf,105789,8dcba3698c506cbf63639c8f5ff183d8502088467c544d899ea636300bcff4c0,4-08-00-2023-203475,2023,,4-08-00-2023-203475,pdf
S04410,화성,HWASEONG,4-08-00-2023-203476.pdf,.pdf,100533,66a4c52562a166d6d2e51f1ad2d93a49b04342eb0d5fbb9b12a78536228a6338,4-08-00-2023-203476,2023,,4-08-00-2023-203476,pdf
S04411,화성,HWASEONG,4-08-00-2023-203477.pdf,.pdf,130650,0900889564e9908e4d43ac89162ceed12d961d07888ed6caff969c71cc088912,4-08-00-2023-203477,2023,,4-08-00-2023-203477,pdf
S04412,화성,HWASEONG,4-08-00-2023-203480.pdf,.pdf,91625,11620383ba61e91f738d1b919b92d80744aeecf12a94b15b58d37ed3cd7897e0,4-08-00-2023-203480,2023,,4-08-00-2023-203480,pdf
S04413,화성,HWASEONG,4-08-00-2023-203481.pdf,.pdf,263428,7982912d8681cb17fa6ddd2db9ef9819cfe3bf940927ea6b429e62cee1570c70,4-08-00-2023-203481,2023,,4-08-00-2023-203481,pdf
S04414,화성,HWASEONG,4-08-00-2023-203482.pdf,.pdf,151952,8655af5f9baf9592839b39967210b47d1622f2d93002939312a258e9cd6191a8,4-08-00-2023-203482,2023,,4-08-00-2023-203482,pdf
S04415,화성,HWASEONG,4-08-00-2023-203483.pdf,.pdf,124456,04cb70bddc7e5dc7578920eba245f4e8f314f95c4467f74cfda9c6955317e99a,4-08-00-2023-203483,2023,,4-08-00-2023-203483,pdf
S04416,화성,HWASEONG,4-08-00-2023-203484.pdf,.pdf,129571,83db4349476424996a80a4b555b68647cb0314e551a457d5245c20fe4e8a26e3,4-08-00-2023-203484,2023,,4-08-00-2023-203484,pdf
S04417,화성,HWASEONG,4-08-00-2023-203485.pdf,.pdf,164827,6a9e74e710a974e841e1502870d6736c496ebcf14ed6fc83427a65ac259c720b,4-08-00-2023-203485,2023,,4-08-00-2023-203485,pdf
S04418,화성,HWASEONG,4-08-00-2023-203488.pdf,.pdf,62833,7bce5c1b28195a086022feb7771a0e12d09cf7a7cef06f7a5c4a182533580af3,4-08-00-2023-203488,2023,,4-08-00-2023-203488,pdf
S04419,화성,HWASEONG,4-08-00-2023-203956.pdf,.pdf,123706,cf085481ebb8719ea8ec78ab8ee84a4a4323a7887af9049614220412c689f6f3,4-08-00-2023-203956,2023,,4-08-00-2023-203956,pdf
S04420,화성,HWASEONG,4-08-00-2023-203974.pdf,.pdf,111005,2816ba9adb63c45d56905e9952da65c37fcb297e1580800c8395089126825ca1,4-08-00-2023-203974,2023,,4-08-00-2023-203974,pdf
S04421,화성,HWASEONG,4-08-00-2023-204263.pdf,.pdf,129422,06d6f1bef8cdba86411924c94ccdb36c67f100fc7f55b66cf593e2cfc7e32241,4-08-00-2023-204263,2023,,4-08-00-2023-204263,pdf
S04422,화성,HWASEONG,4-08-00-2023-204264.pdf,.pdf,116591,c5a3fc65dae442ee9834abfe313a2ae2d154da17262cc4facc329b4df9a0e5ca,4-08-00-2023-204264,2023,,4-08-00-2023-204264,pdf
S04423,화성,HWASEONG,4-08-00-2023-204266.pdf,.pdf,233856,50823d6baad12972c1899546cdd1440ed99421d83086ccd28ba6a55cd005f934,4-08-00-2023-204266,2023,,4-08-00-2023-204266,pdf
S04424,화성,HWASEONG,4-08-00-2023-204269.pdf,.pdf,194930,e086ddc3ee1480415341dd368166934fd7019b6b17800805d2b2a7214cc5d561,4-08-00-2023-204269,2023,,4-08-00-2023-204269,pdf
S04425,화성,HWASEONG,4-08-00-2023-204288.pdf,.pdf,121937,d4c5c76912d86dda686378b5855e3ec80a246beb6b58a921b03e77c6a24cd0be,4-08-00-2023-204288,2023,,4-08-00-2023-204288,pdf
S04426,화성,HWASEONG,4-08-00-2023-204289.pdf,.pdf,116535,46b7b44ba4e7b4b6994e58a75c38bcbed68e98bf9a00c6f613c998f3680c65e2,4-08-00-2023-204289,2023,,4-08-00-2023-204289,pdf
S04427,화성,HWASEONG,4-08-00-2023-204297.pdf,.pdf,122508,4638f6e97b58b16682dd057ec9f5bdfa28b4ed917c1dd79bcdfdc2ee89c15d2a,4-08-00-2023-204297,2023,,4-08-00-2023-204297,pdf
S04428,화성,HWASEONG,4-08-00-2023-204313.pdf,.pdf,125192,017147a9dcaa126396f07a2a3b8888fcd1f2ae8551860e5f6e80913b7ad34927,4-08-00-2023-204313,2023,,4-08-00-2023-204313,pdf
S04429,화성,HWASEONG,4-08-00-2023-204314.pdf,.pdf,114034,e9ffe689eb471010f9bde60402b2e7330e69633b131eb7b3afa9bf0f1a94dce7,4-08-00-2023-204314,2023,,4-08-00-2023-204314,pdf
S04430,화성,HWASEONG,4-08-00-2023-204323.pdf,.pdf,117244,10802cc97b0b6306188d1b1e86aa3110de72a6cab57eefbae1014291c2d286ab,4-08-00-2023-204323,2023,,4-08-00-2023-204323,pdf
S04431,화성,HWASEONG,4-08-00-2023-204338.pdf,.pdf,155699,c718b28911b949b8849585b5c7ec3e9b98a90589be693e63e12e0da4d1bf748f,4-08-00-2023-204338,2023,,4-08-00-2023-204338,pdf
S04432,화성,HWASEONG,4-08-00-2023-204339.pdf,.pdf,142458,6e450d9dc7ea9cb1251d666b0a4179f5387f52271b8794cde30ce9b43d7280b0,4-08-00-2023-204339,2023,,4-08-00-2023-204339,pdf
S04433,화성,HWASEONG,4-08-00-2023-204347.pdf,.pdf,135099,ac9bd90d64fe13b37b4b29288df5fad8dca74aeefb1c56b33d52fb76598c7d26,4-08-00-2023-204347,2023,,4-08-00-2023-204347,pdf
S04434,화성,HWASEONG,4-08-00-2023-204349.pdf,.pdf,135464,26500c5b11151bb7b881dc219417ab50850faa5995378f40b707f8706b2bc3fc,4-08-00-2023-204349,2023,,4-08-00-2023-204349,pdf
S04435,화성,HWASEONG,4-08-00-2023-204350.pdf,.pdf,134317,c29809703ff66abdf3d4b7288a7606a5eea9119c582343819a73702a2e572a25,4-08-00-2023-204350,2023,,4-08-00-2023-204350,pdf
S04436,화성,HWASEONG,4-08-00-2023-204351.pdf,.pdf,137652,d391f5144097181bbf4f63c8ee8893413c57d4f3ba9bea6c173030152a836e75,4-08-00-2023-204351,2023,,4-08-00-2023-204351,pdf
S04437,화성,HWASEONG,4-08-00-2023-204369.pdf,.pdf,281328,f09b563429fad8196c4d0643751bb0df92eddfc5aa672c02ec169d15e1acdcfa,4-08-00-2023-204369,2023,,4-08-00-2023-204369,pdf
S04438,화성,HWASEONG,4-08-00-2023-204370.pdf,.pdf,207481,f54cd51960e8edd98c80f31dbb66260b97d7388406953458d41c09374aabc23d,4-08-00-2023-204370,2023,,4-08-00-2023-204370,pdf
S04439,화성,HWASEONG,4-08-00-2023-204371.pdf,.pdf,121402,50a71e1089e60b80ba8d32982d21aeb1a40a20ea96f9f20859e11a2b45b2d6f6,4-08-00-2023-204371,2023,,4-08-00-2023-204371,pdf
S04440,화성,HWASEONG,4-08-00-2023-204372.pdf,.pdf,231351,5d119df9fe3d48d443f1bac159030b7d0d61c10336fd2e6763ec67c8bebae92f,4-08-00-2023-204372,2023,,4-08-00-2023-204372,pdf
S04441,화성,HWASEONG,4-08-00-2023-204376.pdf,.pdf,123874,82b2e20cb135ac061e455a91838cbb67a5f68fc5c62261181570ac6db94c9a33,4-08-00-2023-204376,2023,,4-08-00-2023-204376,pdf
S04442,화성,HWASEONG,4-08-00-2024-204778.pdf,.pdf,122207,3d6aa98c8d7a3f24c1198ecb4a759f2f5bdc56da1562a9149ed5e578e7109c04,4-08-00-2024-204778,2024,,4-08-00-2024-204778,pdf
S04443,화성,HWASEONG,4-08-00-2024-204779.pdf,.pdf,141730,3e5658a1a0e9ffb1f4f66ec97b4cc01452971df7e48a688a6aedde8519cacf67,4-08-00-2024-204779,2024,,4-08-00-2024-204779,pdf
S04444,화성,HWASEONG,4-08-00-2024-204787.pdf,.pdf,238320,089b66fa7a21976b3e574d7cf858428906225936bb539cd224eb7bedf8d21573,4-08-00-2024-204787,2024,,4-08-00-2024-204787,pdf
S04445,화성,HWASEONG,4-08-00-2024-204788.pdf,.pdf,124067,2391cfedb98f9932ed9437a07eea3b18cbeb7fa2eb98a7c238fb0c116005013c,4-08-00-2024-204788,2024,,4-08-00-2024-204788,pdf
S04446,화성,HWASEONG,4-08-00-2024-204789.pdf,.pdf,124286,931521e7effb856e14de675632982041c10fa691914f67febee348f919b2a7f6,4-08-00-2024-204789,2024,,4-08-00-2024-204789,pdf
S04447,화성,HWASEONG,4-08-00-2024-204798.pdf,.pdf,124644,00d11d1bd0db955990a4183ab3ee57cf3e28619696cad16a423ac7bede7c7a6e,4-08-00-2024-204798,2024,,4-08-00-2024-204798,pdf
S04448,화성,HWASEONG,4-08-00-2024-204800.pdf,.pdf,143155,2a8e3a5b25a308e7fb83460265e98b5d3b6785c532b54a73c1dfb5f9f16563f5,4-08-00-2024-204800,2024,,4-08-00-2024-204800,pdf
S04449,화성,HWASEONG,4-08-00-2024-204808.pdf,.pdf,136806,e4672a1dfcc892ae319264a25c821daa1de202e6c3808d78824e96e7028bdcc9,4-08-00-2024-204808,2024,,4-08-00-2024-204808,pdf
S04450,화성,HWASEONG,4-08-00-2024-204811.pdf,.pdf,190421,527f560730ba35ee2a33faf483e9558c0111eb8bc060fec72483071bae12e0de,4-08-00-2024-204811,2024,,4-08-00-2024-204811,pdf
S04451,화성,HWASEONG,4-08-00-2024-204813.pdf,.pdf,129926,1ab7957bf3f84697558f4a647bf2289d1facb493cd69f20c3f9bd00c09013c05,4-08-00-2024-204813,2024,,4-08-00-2024-204813,pdf
S04452,화성,HWASEONG,4-08-00-2024-204815.pdf,.pdf,190622,a4bdf796bedc7ca06255454f7fd28e12491627407ac41ffdbb801b3a456dc461,4-08-00-2024-204815,2024,,4-08-00-2024-204815,pdf
S04453,화성,HWASEONG,4-08-00-2024-204816.pdf,.pdf,135968,b3844ab6dcd90c5719a762ffb90ceae6bc63e71533751fef7358ff34302ecb44,4-08-00-2024-204816,2024,,4-08-00-2024-204816,pdf
S04454,화성,HWASEONG,4-08-00-2024-204817.pdf,.pdf,133252,b66baf09a1015b933ca5e3b06f3c05f5a333432901e788462e7045a930a46b94,4-08-00-2024-204817,2024,,4-08-00-2024-204817,pdf
S04455,화성,HWASEONG,4-08-00-2024-204825.pdf,.pdf,213675,34186f56f1cf24337a6af495cd6eeb998abcd02c7ed8de74471ee71c0847c0b6,4-08-00-2024-204825,2024,,4-08-00-2024-204825,pdf
S04456,화성,HWASEONG,4-08-00-2024-204830.pdf,.pdf,189650,d5bf3fb6465ea5039519a883d9169bd8c492ad4e2560f4c2c58487ba566f769a,4-08-00-2024-204830,2024,,4-08-00-2024-204830,pdf
S04457,화성,HWASEONG,4-08-00-2024-204831.pdf,.pdf,113560,1d8a07f50e41c4d3fc417432c4973a07c84efe1109c2306ef4a83730de28760f,4-08-00-2024-204831,2024,,4-08-00-2024-204831,pdf
S04458,화성,HWASEONG,4-08-00-2024-204838.pdf,.pdf,115290,78975bd296b346f85f80c9c0f521121a32578068cb75719b52ac3024e045c52e,4-08-00-2024-204838,2024,,4-08-00-2024-204838,pdf
S04459,화성,HWASEONG,4-08-00-2024-204844.pdf,.pdf,185378,f4c89dfcb7c98847defb230f42d265c536c74eb7b34d22ba6f3936cd1be9b940,4-08-00-2024-204844,2024,,4-08-00-2024-204844,pdf
S04460,화성,HWASEONG,4-08-00-2024-204847.pdf,.pdf,118168,8b633dcad125216cdbe15969708373ea4f089400ffe0250f1a149aad8f8690a3,4-08-00-2024-204847,2024,,4-08-00-2024-204847,pdf
S04461,화성,HWASEONG,4-08-00-2024-204855.pdf,.pdf,129469,1888f6a3cdb228ad7089a5cbc21a2ca9b34edd9fde28140bc27df599a130449b,4-08-00-2024-204855,2024,,4-08-00-2024-204855,pdf
S04462,화성,HWASEONG,4-08-00-2024-204859.pdf,.pdf,104651,e54a0b6d6ba2d839cb555dc040f8ff75c574495e06f00312453e47f9e2925099,4-08-00-2024-204859,2024,,4-08-00-2024-204859,pdf
S04463,화성,HWASEONG,4-08-00-2024-204860.pdf,.pdf,149959,4ca137f08c95123ec44d1b4051ec35f3ef7e348a9e97abbdbdbea5d6a01525ae,4-08-00-2024-204860,2024,,4-08-00-2024-204860,pdf
S04464,화성,HWASEONG,4-08-00-2024-204861.pdf,.pdf,123216,32b526db7b0d09a7d558640bff101d7d5d2fe1760cf9984981748d9ce6c9bbc1,4-08-00-2024-204861,2024,,4-08-00-2024-204861,pdf
S04465,화성,HWASEONG,4-08-00-2024-204862.pdf,.pdf,156111,7ca082e54ed8500436570f5082fe14a5d7b7e67e22bfafd7deefa9483c2ef725,4-08-00-2024-204862,2024,,4-08-00-2024-204862,pdf
S04466,화성,HWASEONG,4-08-00-2024-204867.pdf,.pdf,128301,6ab6cd68266b128e1df49f868d91b4e581d8af2a5d253e0a42c7398a3f55e30b,4-08-00-2024-204867,2024,,4-08-00-2024-204867,pdf
S04467,화성,HWASEONG,4-08-00-2024-204913.pdf,.pdf,124521,cd8be3a296392defc2fcec4549f21f5a15aff9160a15be3899fb6693b6db38aa,4-08-00-2024-204913,2024,,4-08-00-2024-204913,pdf
S04468,화성,HWASEONG,4-08-00-2024-204917.pdf,.pdf,245433,2f7d4ad7ba7069543ab3cbd3d9330d8f3ea63a71b46bfcebcdb8c78953dcaa1f,4-08-00-2024-204917,2024,,4-08-00-2024-204917,pdf
S04469,화성,HWASEONG,4-08-00-2024-204924.pdf,.pdf,236561,d610835ea81a4494fd86576f8ec5d7401b379110c25eb975928ade27be691b20,4-08-00-2024-204924,2024,,4-08-00-2024-204924,pdf
S04470,화성,HWASEONG,4-08-00-2024-204925.pdf,.pdf,218151,4e0b95eedb363da795539c5257892f52a05afbf22b4d0e102940b7ef950a782f,4-08-00-2024-204925,2024,,4-08-00-2024-204925,pdf
S04471,화성,HWASEONG,4-08-00-2024-204928.pdf,.pdf,150688,c05e9c1902f88366e8057167324c9b688a68ddfb0d7710a0f6a08ea23625fef3,4-08-00-2024-204928,2024,,4-08-00-2024-204928,pdf
S04472,화성,HWASEONG,4-08-00-2024-204960.pdf,.pdf,110047,8949d900079ffb8749324775667479f83a898b76456031c80ebf6947fd294aea,4-08-00-2024-204960,2024,,4-08-00-2024-204960,pdf
S04473,화성,HWASEONG,4-08-00-2024-204961.pdf,.pdf,109049,dd23b89347c11e7909116783b827cd853f5ef6f39dbc03c0f90916282df7a306,4-08-00-2024-204961,2024,,4-08-00-2024-204961,pdf
S04474,화성,HWASEONG,4-08-00-2024-204976.pdf,.pdf,113934,df8ece7ae2583512fb209adf4dacd451ede574b2d1494541132e6c2e70625385,4-08-00-2024-204976,2024,,4-08-00-2024-204976,pdf
S04475,화성,HWASEONG,4-08-00-2024-205164.pdf,.pdf,128209,0fa0c17a542c64e4d8d59eb6d96e88292c9f0f25e701ae8c1608cc5fbff80aee,4-08-00-2024-205164,2024,,4-08-00-2024-205164,pdf
S04476,화성,HWASEONG,4-08-00-2024-205170.pdf,.pdf,127290,c0319eca24e82620764c66692888964286c8eed9ba842e10118cae16c570cef9,4-08-00-2024-205170,2024,,4-08-00-2024-205170,pdf
S04477,화성,HWASEONG,4-08-00-2024-205314.pdf,.pdf,136908,019977852ad1ef05230e871c6c3bb1762248355f6756fee64abc204a920edeab,4-08-00-2024-205314,2024,,4-08-00-2024-205314,pdf
S04478,화성,HWASEONG,4-08-00-2024-205319.pdf,.pdf,119005,15424f1e0069a1b451bd9355c5928f403cbbd24b1a8e5a0491f4ed49dce22320,4-08-00-2024-205319,2024,,4-08-00-2024-205319,pdf
S04479,화성,HWASEONG,4-08-00-2024-205320.pdf,.pdf,114640,957a80ad39ea9e808b162a8562f423fb82d48f384b2d428cd54efcfceb084255,4-08-00-2024-205320,2024,,4-08-00-2024-205320,pdf
S04480,화성,HWASEONG,4-08-00-2024-205321.pdf,.pdf,115505,c06ad63c32c7601312d34c4c50a0d59d581fc4ae5f25fbb2ba7dcecc529a07cc,4-08-00-2024-205321,2024,,4-08-00-2024-205321,pdf
S04481,화성,HWASEONG,4-08-00-2024-205322.pdf,.pdf,134529,bfb472ea220e4797dc62e95d908da5a91f71c797ef66fef8b2b84c096f6c8be2,4-08-00-2024-205322,2024,,4-08-00-2024-205322,pdf
S04482,화성,HWASEONG,4-08-00-2024-205332.pdf,.pdf,127843,c13ab2b3bc84a0e162b34bbdda58283400c4d87fb5081c0fdc75634b048df633,4-08-00-2024-205332,2024,,4-08-00-2024-205332,pdf
S04483,화성,HWASEONG,4-08-00-2024-205335.pdf,.pdf,140314,51888a8146c25583753a4ebc8a7c9bc386e20d2c87e006ca037b5a5bcaaaa765,4-08-00-2024-205335,2024,,4-08-00-2024-205335,pdf
S04484,화성,HWASEONG,4-08-00-2024-205336.pdf,.pdf,107783,547819503b3ba17664c361e036e1d380b328d06b5bb62701e71be8961af7126b,4-08-00-2024-205336,2024,,4-08-00-2024-205336,pdf
S04485,화성,HWASEONG,4-08-00-2024-205345.pdf,.pdf,139705,32709d4d1cba1b3983968d15fad7b1e8cc13eea1a4a85ccc02cbefc38092fb6b,4-08-00-2024-205345,2024,,4-08-00-2024-205345,pdf
S04486,화성,HWASEONG,4-08-00-2024-205513.pdf,.pdf,133429,606d273698043f08036a983d71674c0baf563198b6ce90fb11c166f88d793f6d,4-08-00-2024-205513,2024,,4-08-00-2024-205513,pdf
S04487,화성,HWASEONG,4-08-00-2024-205515.pdf,.pdf,120033,2030fec8409c22207e42368fcc7de250eb0ceee5920040dd579d4b69b590e16f,4-08-00-2024-205515,2024,,4-08-00-2024-205515,pdf
S04488,화성,HWASEONG,4-08-00-2024-205520.pdf,.pdf,99277,4d5d8ea758fee5c7d9dff82fec46221b87f7715bfa1966293511828e4101685d,4-08-00-2024-205520,2024,,4-08-00-2024-205520,pdf
S04489,화성,HWASEONG,4-08-00-2025-205690.pdf,.pdf,118340,88024ce5020da7ccc663ba8e83b44809caa20b32ab9f811b94bfad6012e9b214,4-08-00-2025-205690,2025,,4-08-00-2025-205690,pdf
S04490,화성,HWASEONG,4-08-00-2025-205692.pdf,.pdf,115788,0c3356fbef605eddf1693e9ce6d8edfdfd10b0a7950a74f0a0ff7b35d6d79d89,4-08-00-2025-205692,2025,,4-08-00-2025-205692,pdf
S04491,화성,HWASEONG,4-08-00-2025-205700.pdf,.pdf,165509,180b081b5e56a2b183540f37264b92ca9e00af6b44e8d5ab04f7330210eb9297,4-08-00-2025-205700,2025,,4-08-00-2025-205700,pdf
S04492,화성,HWASEONG,4-08-00-2025-205712.pdf,.pdf,145314,2919243273ceeb7f039a074a5c1a640e709a3cec4be389c10847da3c65bce148,4-08-00-2025-205712,2025,,4-08-00-2025-205712,pdf
S04493,화성,HWASEONG,4-08-00-2025-205721.pdf,.pdf,151323,41e418e9ea57ecbde06a858f4fd49b4eb033ebe678c992c141e97f5ca1f58648,4-08-00-2025-205721,2025,,4-08-00-2025-205721,pdf
S04494,화성,HWASEONG,4-08-00-2025-205730.pdf,.pdf,205973,be0994ec55c5ed4113ac31b9b45797db60baad34d77ca0308dcc4a8139f91e4e,4-08-00-2025-205730,2025,,4-08-00-2025-205730,pdf
S04495,화성,HWASEONG,4-08-00-2025-205731.pdf,.pdf,109818,74e1355ec5c758a1cdcb6ba0c544e832c451cbc8f939168daf6a32d588d1d2df,4-08-00-2025-205731,2025,,4-08-00-2025-205731,pdf
S04496,화성,HWASEONG,4-08-00-2025-205740.pdf,.pdf,142392,f6e87deb0547196cb142e954cbafdb2108bd6337e7d8adfd25184b91ec3acb1b,4-08-00-2025-205740,2025,,4-08-00-2025-205740,pdf
S04497,화성,HWASEONG,4-08-00-2025-205748.pdf,.pdf,111113,644feb320a5c53eaeae0d0c55f57fdce787ed39f7a291faccc82b68a8a96bff5,4-08-00-2025-205748,2025,,4-08-00-2025-205748,pdf
S04498,화성,HWASEONG,4-08-00-2025-205751.pdf,.pdf,135850,91ded0d4d5e13b5b681b210597703da98a24e5509520ffbb1ddc24fe985b4a2c,4-08-00-2025-205751,2025,,4-08-00-2025-205751,pdf
S04499,화성,HWASEONG,4-08-00-2025-205757.pdf,.pdf,119069,15733b71c7ddee2025d900f8eae770fbcdc872109718b91b0e2884653333345c,4-08-00-2025-205757,2025,,4-08-00-2025-205757,pdf
S04500,화성,HWASEONG,4-08-00-2025-205758.pdf,.pdf,99812,248f84356f8c0b4a3885cd9415cf49b5378ecaf8637e1cd63c90db02a39eeb9d,4-08-00-2025-205758,2025,,4-08-00-2025-205758,pdf
S04501,화성,HWASEONG,4-08-00-2025-205760.pdf,.pdf,125268,86047f44d41810f4c80a14af189d1428a9cabafc49a0ffde7b29bbbaec850430,4-08-00-2025-205760,2025,,4-08-00-2025-205760,pdf
S04502,화성,HWASEONG,4-08-00-2025-205765.pdf,.pdf,134601,0f1c178f511c7b0db3bf6dbbb0e82af313cc0a00d88922623908cd65ff118fad,4-08-00-2025-205765,2025,,4-08-00-2025-205765,pdf
S04503,화성,HWASEONG,4-08-00-2025-205766.pdf,.pdf,113486,f06f002ae5a14d2bda1ffc24078d9549a9cfe3ed83d2312715ae391db61b566b,4-08-00-2025-205766,2025,,4-08-00-2025-205766,pdf
S04504,화성,HWASEONG,4-08-00-2025-205769.pdf,.pdf,146094,42a30647828632338e075f89cb603e20bd891765f4a78ef4e1964019b55d129a,4-08-00-2025-205769,2025,,4-08-00-2025-205769,pdf
S04505,화성,HWASEONG,4-08-00-2025-205774.pdf,.pdf,101650,95e823a1348850a7022616f340858c5217df260a22520820f545ff6e2fd48204,4-08-00-2025-205774,2025,,4-08-00-2025-205774,pdf
S04506,화성,HWASEONG,4-08-00-2025-205775.pdf,.pdf,122610,b030ded0007be91cdcfe54139b5b4dcaebbee0e227a9b1c83e84c3e7f5ee02c4,4-08-00-2025-205775,2025,,4-08-00-2025-205775,pdf
S04507,화성,HWASEONG,4-08-00-2025-205776.pdf,.pdf,104143,6a27e0c225f067295c9f650f0ee1b4c9188e4a59d0a73b0de501409d4f6d782b,4-08-00-2025-205776,2025,,4-08-00-2025-205776,pdf
S04508,화성,HWASEONG,4-08-00-2025-205784.pdf,.pdf,134098,488eadae175852d81e34b65c0637efadb4186988851c93a55038f3efa02b11de,4-08-00-2025-205784,2025,,4-08-00-2025-205784,pdf
S04509,화성,HWASEONG,4-08-00-2025-205785.pdf,.pdf,143616,058d0f0ab9a9aeab0392b3e639741878ffc75a2ce0cdc64bdf741e13fdfea657,4-08-00-2025-205785,2025,,4-08-00-2025-205785,pdf
S04510,화성,HWASEONG,4-08-00-2025-205786.pdf,.pdf,120261,174c61054b9ca846f0fc8e25269c7bbf8dec9d7026000493778f149bd69743db,4-08-00-2025-205786,2025,,4-08-00-2025-205786,pdf
S04511,화성,HWASEONG,4-08-00-2025-205789.pdf,.pdf,152414,222c35a9806474e7b7f24215d67af0d1f1f035d2e743e08271088b4dbe0557a9,4-08-00-2025-205789,2025,,4-08-00-2025-205789,pdf
S04512,화성,HWASEONG,4-08-00-2025-205790.pdf,.pdf,126274,bbb6640005f1dd2f907b2a80b400fb34bb89cb2a12e10e4a35336a7ae2f8d731,4-08-00-2025-205790,2025,,4-08-00-2025-205790,pdf
S04513,화성,HWASEONG,4-08-00-2025-205791.pdf,.pdf,213461,85d705c339a17f0304db16baba6089041540ba9f7faca8246df3791dd813ce02,4-08-00-2025-205791,2025,,4-08-00-2025-205791,pdf
S04514,화성,HWASEONG,4-08-00-2025-205792.pdf,.pdf,217068,e8cb4f043a17ef750ac1c310803cedb639eaab5410af9c9df58c3ae4942a2774,4-08-00-2025-205792,2025,,4-08-00-2025-205792,pdf
S04515,화성,HWASEONG,4-08-00-2025-205964.pdf,.pdf,115099,cdeb924de9501cca8884f7baf178341e88e3d2e145bb5439f548b8a5679f2bda,4-08-00-2025-205964,2025,,4-08-00-2025-205964,pdf
S04516,화성,HWASEONG,4-08-00-2025-205981.pdf,.pdf,129028,5c36625653563e81d4bd169b168126cff9db57d2b1714cffaf80e5ba8c34749b,4-08-00-2025-205981,2025,,4-08-00-2025-205981,pdf
S04517,화성,HWASEONG,4-08-00-2025-205982.pdf,.pdf,101785,ead72cd415610dd5d2a15bd8f895c0386405910daaab62e0b487533ad19ad0c8,4-08-00-2025-205982,2025,,4-08-00-2025-205982,pdf
S04518,화성,HWASEONG,4-08-00-2025-205995.pdf,.pdf,108132,b4448a32c3828113c5eda979f042d201cd24a89d3a7444886c91f0630c04900e,4-08-00-2025-205995,2025,,4-08-00-2025-205995,pdf
S04519,화성,HWASEONG,4-08-00-2025-205996.pdf,.pdf,94556,8c3ecb09afc514886af3d5dae01f5c4ccf740480050fba9449af708983703d8f,4-08-00-2025-205996,2025,,4-08-00-2025-205996,pdf
S04520,화성,HWASEONG,4-08-00-2025-206002.pdf,.pdf,102125,ba4255e03ffddc7ff76cd761533d929557ddde440a7ca3ed2481b17b7fa481f5,4-08-00-2025-206002,2025,,4-08-00-2025-206002,pdf
S04521,화성,HWASEONG,4-08-00-2025-206006.pdf,.pdf,114620,0831455a2ef943b2c2f75d881b7f4aa1a353a808011e3f39ebd7bc156f996b6a,4-08-00-2025-206006,2025,,4-08-00-2025-206006,pdf
S04522,화성,HWASEONG,4-08-00-2025-206007.pdf,.pdf,117765,af3601f40eeca79e4e1d3e853c1f2945041fc7f371a329df67210663c3122913,4-08-00-2025-206007,2025,,4-08-00-2025-206007,pdf
S04523,화성,HWASEONG,4-08-00-2025-206013.pdf,.pdf,120094,cf257fdd8e1550d68da6e6519cd8e69e3a98e4ed9c10bf9e215f68514fcf6338,4-08-00-2025-206013,2025,,4-08-00-2025-206013,pdf
S04524,화성,HWASEONG,4-08-00-2025-206014.pdf,.pdf,118467,0dc4d5d1df9effa376531179fdc03f2563ecc880dc577e2fdf35f652d2cbec3f,4-08-00-2025-206014,2025,,4-08-00-2025-206014,pdf
S04525,화성,HWASEONG,4-08-00-2025-206015.pdf,.pdf,173947,6c318f9f93ae82cafc5e9dc99cd78549e879aba101a94254f31274fd12be1e47,4-08-00-2025-206015,2025,,4-08-00-2025-206015,pdf
S04526,화성,HWASEONG,4-08-00-2025-206181.pdf,.pdf,87166,a07b901b40c2469c06a07bf7efb592164a3e1fe9c43ac5d807e58a3550dab23c,4-08-00-2025-206181,2025,,4-08-00-2025-206181,pdf
S04527,화성,HWASEONG,4-08-00-2025-206182.pdf,.pdf,82936,b0d31eab76704ab6603179af48429ed30e19b131dd7ff3020f8d8ad28de36bbb,4-08-00-2025-206182,2025,,4-08-00-2025-206182,pdf
S04528,화성,HWASEONG,4-08-00-2025-206186.pdf,.pdf,85942,05ad4d5181c0a132f6385a56427d263614cfdede7c9dfa0ab964045f73b08e2f,4-08-00-2025-206186,2025,,4-08-00-2025-206186,pdf
S04529,화성,HWASEONG,4-08-00-2025-206187.pdf,.pdf,87728,3da1b8835c51ca2133a98b1d73ad0c35673076088afc77d9c92f6b95a6c4d130,4-08-00-2025-206187,2025,,4-08-00-2025-206187,pdf
S04530,화성,HWASEONG,4-08-00-2025-206193.pdf,.pdf,97110,c538df4c6b47621d9db6b591e4f81a1a7bbc0b9daf62c1f44059af2588db4b64,4-08-00-2025-206193,2025,,4-08-00-2025-206193,pdf
S04531,화성,HWASEONG,4-08-00-2025-206194.pdf,.pdf,94096,4298030e8beadee5661f085a104dbd1f3623dc961c16e3894601587f244cb7ec,4-08-00-2025-206194,2025,,4-08-00-2025-206194,pdf
S04532,화성,HWASEONG,4-08-00-2025-206198.pdf,.pdf,87501,9a3d416afa172d206e0164e9e3ffce3b8f9c45607b9d3452ba814fe37f337a4b,4-08-00-2025-206198,2025,,4-08-00-2025-206198,pdf
S04533,화성,HWASEONG,4-08-00-2025-206202.pdf,.pdf,90235,3c5b77b80e11a13b602b7e6ef4520a7b2be47b7ab943cb3a120a906bcb10cd5d,4-08-00-2025-206202,2025,,4-08-00-2025-206202,pdf
S04534,화성,HWASEONG,4-08-00-2025-206203.pdf,.pdf,105749,10a3967514a2eb5ae24465d23a6d7e369633a06d7c9d3f07f358d69f6f8c07b9,4-08-00-2025-206203,2025,,4-08-00-2025-206203,pdf
S04535,화성,HWASEONG,4-08-00-2025-206205.pdf,.pdf,130235,421ccc54763b650fab2c0913287b1b398183fbfd5315812a4cd8105422a4b2aa,4-08-00-2025-206205,2025,,4-08-00-2025-206205,pdf
S04536,화성,HWASEONG,4-08-00-2025-206208.pdf,.pdf,105466,478138e9d095f486f73425bfcb47da4d51b4559a78b5f1a4e8aaaf344b8fd63f,4-08-00-2025-206208,2025,,4-08-00-2025-206208,pdf
S04537,화성,HWASEONG,4-08-00-2025-206209.pdf,.pdf,90913,e2e0e21f59fc9d984a2c854dba4990d91676c2f1977bd357a589545f7e3e3641,4-08-00-2025-206209,2025,,4-08-00-2025-206209,pdf
S04538,화성,HWASEONG,4-08-00-2025-206213.pdf,.pdf,120350,8e98dd7a4e87589e95f91525f218ebbf6d79936769b6ce74483dfffcb2d6726b,4-08-00-2025-206213,2025,,4-08-00-2025-206213,pdf
S04539,화성,HWASEONG,4-08-00-2025-206215.pdf,.pdf,93663,4555ac660c7b817b7c04551f5055227d251f9fd71ebbfe8968ffee6be80d57c4,4-08-00-2025-206215,2025,,4-08-00-2025-206215,pdf
S04540,화성,HWASEONG,4-08-00-2025-206216.pdf,.pdf,95708,ed499ea54a68c272b70b31eeef994c97454669def2eab41780d7c6d6cc4d4cb2,4-08-00-2025-206216,2025,,4-08-00-2025-206216,pdf
S04541,화성,HWASEONG,4-08-00-2025-206221.pdf,.pdf,130465,3b40b3d1472943a9cd2dbb2cfa52a05abce542d2ab5e258303f95e0b210a43fa,4-08-00-2025-206221,2025,,4-08-00-2025-206221,pdf
S04542,화성,HWASEONG,4-08-00-2025-206222.pdf,.pdf,118691,af75a8d9cbdfaed4a21154f735d57c1fc65cee3d7584a23a8347c3a2c64d2bff,4-08-00-2025-206222,2025,,4-08-00-2025-206222,pdf
S04543,화성,HWASEONG,4-08-00-2025-206238.pdf,.pdf,222355,90106469265278b2c4148bc607f6cc1f9f00d61a3c27eab4e54d0a223fd7e744,4-08-00-2025-206238,2025,,4-08-00-2025-206238,pdf
S04544,화성,HWASEONG,4-08-00-2025-206553.pdf,.pdf,205226,0f6f82869c8c8ce89dfb8be66cffad1e02637bd43d8e12f72e226c4264be1c2f,4-08-00-2025-206553,2025,,4-08-00-2025-206553,pdf
S04545,화성,HWASEONG,4-08-00-2025-206554.pdf,.pdf,195797,474291d9565af46aa9bd7a19df31926385224232d5f00dadf30a39bc436e9654,4-08-00-2025-206554,2025,,4-08-00-2025-206554,pdf
S04546,화성,HWASEONG,4-08-00-2025-206556.pdf,.pdf,129888,4c7d7e466e7881b98ec7bb35691c9b6afff3fa90f882224a10ab1a3e4cbc3207,4-08-00-2025-206556,2025,,4-08-00-2025-206556,pdf
S04547,화성,HWASEONG,4-08-00-2025-206557.pdf,.pdf,178755,febbff3ca1ed659c75374e0e1bc3e01f7bbff2bce5c76a2785571a7be5c46041,4-08-00-2025-206557,2025,,4-08-00-2025-206557,pdf
S04548,화성,HWASEONG,4-08-00-2025-206561.pdf,.pdf,286581,eb0e6e4ee6f6b98ed39300c3ccc6a6ae1372a11a64e803d083e455c3207eef81,4-08-00-2025-206561,2025,,4-08-00-2025-206561,pdf
S04549,화성,HWASEONG,4-08-00-2025-206562.pdf,.pdf,202696,35524520f04bcdd84e55aa7f7c16894cf2651e3df542546e88d28530a0e165ba,4-08-00-2025-206562,2025,,4-08-00-2025-206562,pdf
S04550,화성,HWASEONG,4-08-00-2025-206563.pdf,.pdf,139040,10c39955a05cee6f537b12881301de84da28aa02292536e0685a9705dc89a5ee,4-08-00-2025-206563,2025,,4-08-00-2025-206563,pdf
S04551,화성,HWASEONG,4-08-00-2025-206564.pdf,.pdf,276110,bbcc1d39d0c4b583e67957a421e3f4386effbb2194e3322fc77a3ca7f5b9d12d,4-08-00-2025-206564,2025,,4-08-00-2025-206564,pdf
S04552,화성,HWASEONG,4-08-00-2025-206565.pdf,.pdf,261549,01672c15f0367e2310e2541d053be7c20c8fb505774b9bc158c052e1a21000d9,4-08-00-2025-206565,2025,,4-08-00-2025-206565,pdf
S04553,화성,HWASEONG,4-08-00-2025-206566.pdf,.pdf,257682,7e8222a4c41f466a245224a6f0177172e3e31d968e9e946065ad268bc5dd720f,4-08-00-2025-206566,2025,,4-08-00-2025-206566,pdf
S04554,화성,HWASEONG,4-08-00-2025-206567.pdf,.pdf,331886,4146eb8790859eedb3bff5b7f4e61086c0e3be717da8bc1bf5ce68c0a3d7790b,4-08-00-2025-206567,2025,,4-08-00-2025-206567,pdf
S04555,화성,HWASEONG,4-08-00-2025-206578.pdf,.pdf,227257,32c31b8b517ea7dd0d0a70f9f4f4f254fa9a534ef6e2296483367d7e0bfb89b3,4-08-00-2025-206578,2025,,4-08-00-2025-206578,pdf
S04556,화성,HWASEONG,4-08-00-2025-206579.pdf,.pdf,132394,4401fd8b925125f7ec974949568b712edf45959c7b2b6f2fa70ded467fa118cc,4-08-00-2025-206579,2025,,4-08-00-2025-206579,pdf
S04557,화성,HWASEONG,4-08-00-2025-206580.pdf,.pdf,212606,9de4348a87cc9fa2ab0bea87b325d95190edec38089ba6e311bd2434a9ca4b7a,4-08-00-2025-206580,2025,,4-08-00-2025-206580,pdf
S04558,화성,HWASEONG,4-08-00-2025-206581.pdf,.pdf,216394,7356492554e837b772e81328118db3b541e9cf52d41ed9dc633be1f80c72d342,4-08-00-2025-206581,2025,,4-08-00-2025-206581,pdf
S04559,화성,HWASEONG,4-08-00-2025-206582.pdf,.pdf,142742,a9ea3361f1a1066fd3f608f528bbfa041ef979fa41381d3f07869fa3f6427653,4-08-00-2025-206582,2025,,4-08-00-2025-206582,pdf
S04560,화성,HWASEONG,4-08-00-2025-206583.pdf,.pdf,134763,38b1ee1f901efe293ebfca6e5004e271ffcb084da73124bdc66583074e15d4f4,4-08-00-2025-206583,2025,,4-08-00-2025-206583,pdf
S04561,화성,HWASEONG,4-08-00-2025-206589.pdf,.pdf,134706,28ce4fe57dd99a0b4fdcc78957203851ad06b417fbc8a1835129b11d788bbbfb,4-08-00-2025-206589,2025,,4-08-00-2025-206589,pdf
S04562,화성,HWASEONG,4-08-00-2025-206601.pdf,.pdf,84119,3cf327ca0af5508d05b68c37fe4e68402fa9da88bc448ac830cd47397e67245d,4-08-00-2025-206601,2025,,4-08-00-2025-206601,pdf
S04563,화성,HWASEONG,4-08-00-2025-206605.pdf,.pdf,87191,db909c06fefa02d60a4ce59a36ac25cdf780112b9bfc1b6fcae73d6c69ef5bc2,4-08-00-2025-206605,2025,,4-08-00-2025-206605,pdf
S04564,화성,HWASEONG,4-08-00-2025-206606.pdf,.pdf,135988,468bab09d6c234b0805d02b05d25f6c4ac42f6006d72c6ca85a1ab42645cdac7,4-08-00-2025-206606,2025,,4-08-00-2025-206606,pdf
S04565,화성,HWASEONG,4-08-00-2025-206607.pdf,.pdf,110908,a75e2992cd5b68510b8c15197e0f22f9ea3200f94773623d8288d8b35bd45cf3,4-08-00-2025-206607,2025,,4-08-00-2025-206607,pdf
S04566,화성,HWASEONG,4-08-00-2025-206612.pdf,.pdf,89659,b94fb8f06fde3b192f176b52bd5052a0e2913553171f6f2460869dcf4bed6cfd,4-08-00-2025-206612,2025,,4-08-00-2025-206612,pdf
S04567,화성,HWASEONG,4-08-00-2025-206617.pdf,.pdf,92140,2e319fb831050358b01b55fcbca777c394ba9b4d857ff6cd3d32ac103432c629,4-08-00-2025-206617,2025,,4-08-00-2025-206617,pdf
S04568,화성,HWASEONG,4-08-00-2025-206619.pdf,.pdf,141249,0b2c5e7fdefa899402b91961544dc8e538f70051245cfcac3e2ad68ba6962265,4-08-00-2025-206619,2025,,4-08-00-2025-206619,pdf
S04569,화성,HWASEONG,4-08-00-2025-206620.pdf,.pdf,107713,30d15e843670211412c9a3053356618fc0057c6de5f85f9fb922f015cbb364df,4-08-00-2025-206620,2025,,4-08-00-2025-206620,pdf
S04570,화성,HWASEONG,4-08-00-2025-206625.pdf,.pdf,97724,f31d304e4c21ab6990378f2a6bde8f66d9aebca419a2a2f28499a2887825df3f,4-08-00-2025-206625,2025,,4-08-00-2025-206625,pdf
S04571,화성,HWASEONG,4-08-00-2025-206626.pdf,.pdf,98433,d2dd7edc0ab3eca2dc26843889d734965aede896a637d39e7db99f3f49c2c482,4-08-00-2025-206626,2025,,4-08-00-2025-206626,pdf
S04572,화성,HWASEONG,4-08-00-2025-206627.pdf,.pdf,99358,729e1eee382cfb63240ed6fe9ec0c8bc66f8fe942471e4107c5d89b19aa773b1,4-08-00-2025-206627,2025,,4-08-00-2025-206627,pdf
S04573,화성,HWASEONG,4-08-00-2025-206636.pdf,.pdf,100126,43afd377e1e29d2ad26b6b0571ea5b47dd28facca230b3199c44e8b168954db2,4-08-00-2025-206636,2025,,4-08-00-2025-206636,pdf
S04574,화성,HWASEONG,4-08-00-2025-206638.pdf,.pdf,187598,fbf1812b9e8a1f283f08842ac24f5091629295208079e7b3289a165be11a3801,4-08-00-2025-206638,2025,,4-08-00-2025-206638,pdf
S04575,화성,HWASEONG,4-08-00-2026-206938.pdf,.pdf,108376,d336fdc5b80975cd90eea2b333b4c24f52d412d9560c521bf46b81992cd5e68a,4-08-00-2026-206938,2026,,4-08-00-2026-206938,pdf
S04576,화성,HWASEONG,4-08-00-2026-206939.pdf,.pdf,125148,ab28813323f66791d954d06ea98946eb064d8e00331c947da1685d47028caa76,4-08-00-2026-206939,2026,,4-08-00-2026-206939,pdf
S04577,화성,HWASEONG,4-08-00-2026-206940.pdf,.pdf,136099,e02bd4766c639b1f8c01d70a25a0ea39504c2717fbdddb862041eff743d278e2,4-08-00-2026-206940,2026,,4-08-00-2026-206940,pdf
S04578,화성,HWASEONG,4-08-00-2026-206944.pdf,.pdf,118882,0ec6fde3021c472bef1e86cf2ba2ad44c3fbd4abc98d64e79e53bf1d9356900d,4-08-00-2026-206944,2026,,4-08-00-2026-206944,pdf
S04579,화성,HWASEONG,4-08-00-2026-206947.pdf,.pdf,192986,b5a3caf2d182fa971364595b8b67acce778af1ed33caf51f2492da663b0d0445,4-08-00-2026-206947,2026,,4-08-00-2026-206947,pdf
S04580,화성,HWASEONG,4-08-00-2026-206954.pdf,.pdf,157599,8e78dd51e7aa4e3777955db931003adc4d5d0209fb4f98ce6bb33bf82ef0a760,4-08-00-2026-206954,2026,,4-08-00-2026-206954,pdf
S04581,화성,HWASEONG,4-08-00-2026-206955.pdf,.pdf,156822,e1ab4c7f122d9796efc24719a322485096c40bdbc4c05edb4b8caa6ddfc35612,4-08-00-2026-206955,2026,,4-08-00-2026-206955,pdf
S04582,화성,HWASEONG,4-08-00-2026-206961.pdf,.pdf,147425,ebf8e67c1c2f99b400e06bf8ced86681779dc10447a6b85a3a9df6a4133293cf,4-08-00-2026-206961,2026,,4-08-00-2026-206961,pdf
S04583,화성,HWASEONG,4-08-00-2026-206962.pdf,.pdf,168190,3a8d7b046acde1ef9b2d2ebf05f26782a59fa16e3d8b5b0eae2f6e9c02cbadf7,4-08-00-2026-206962,2026,,4-08-00-2026-206962,pdf
S04584,화성,HWASEONG,4-08-00-2026-206966.pdf,.pdf,133114,2293b16a3cad076c63896138c4cffd19cb0080b567aeca2b7585ff9aef87ba84,4-08-00-2026-206966,2026,,4-08-00-2026-206966,pdf
S04585,화성,HWASEONG,4-08-00-2026-206967.pdf,.pdf,130751,a9bdcba8fe1e0d30b822640503ba40540fbd83e05aed3381078c92b4ee44f7ff,4-08-00-2026-206967,2026,,4-08-00-2026-206967,pdf
S04586,화성,HWASEONG,4-08-00-2026-206970.pdf,.pdf,115797,481e41b820c6ba4be99ae239ff28a4248e8edf686ca9a1f85001dc8f50503208,4-08-00-2026-206970,2026,,4-08-00-2026-206970,pdf
S04587,화성,HWASEONG,4-08-00-2026-206974.pdf,.pdf,140631,7fdd87b759ff8c15cb7d00a721e41769a70e6c231064ee484c2a16b35d37b77e,4-08-00-2026-206974,2026,,4-08-00-2026-206974,pdf
S04588,화성,HWASEONG,4-08-00-2026-206975.pdf,.pdf,164598,51845a462a76e1bf43cc438fc9a74baa86f7a053b5285a934074508f532d8333,4-08-00-2026-206975,2026,,4-08-00-2026-206975,pdf
S04589,화성,HWASEONG,4-08-00-2026-206981.pdf,.pdf,222890,c7517f6e3f5a221b36b00465680d2501d1e57bf7ef62314fbb6327d930c32a07,4-08-00-2026-206981,2026,,4-08-00-2026-206981,pdf
S04590,화성,HWASEONG,4-08-00-2026-206983.pdf,.pdf,295688,e196c17d3d195147b5f2e55c6170fd803d2a1a76fc5e8eb1644cb51e805a61b3,4-08-00-2026-206983,2026,,4-08-00-2026-206983,pdf
S04591,화성,HWASEONG,4-08-00-2026-206984.pdf,.pdf,243959,232b14b77b238d82995efd38ecd1400e828bf338f708b26d780b6ce145536571,4-08-00-2026-206984,2026,,4-08-00-2026-206984,pdf
S04592,화성,HWASEONG,4-08-00-2026-206986.pdf,.pdf,251334,2eea47a13df61ccc1bc40da70bfb01e18fdc6a17b5aeab7aad516518f35e94ab,4-08-00-2026-206986,2026,,4-08-00-2026-206986,pdf
S04593,화성,HWASEONG,4-08-00-2026-206987.pdf,.pdf,125993,a033c0b2cecc81fe553ed65d76564d2fa0baf07eec682f719c6659b81773b144,4-08-00-2026-206987,2026,,4-08-00-2026-206987,pdf
S04594,화성,HWASEONG,4-08-00-2026-206989.pdf,.pdf,113736,895e600d68bb561b3ed447a120462ef2811ef5953b10891b31c0d528708e796a,4-08-00-2026-206989,2026,,4-08-00-2026-206989,pdf
S04595,화성,HWASEONG,4-08-00-2026-206990.pdf,.pdf,127108,849691fb9b37c91a53d552cce2055af824a05939d9fa308e178bb40e16c82154,4-08-00-2026-206990,2026,,4-08-00-2026-206990,pdf
S04596,화성,HWASEONG,4-08-00-2026-206993.pdf,.pdf,255180,955bd4d6dfe962576dcc90798b9a77d4b8c3f377b760fe929b3752828da88f75,4-08-00-2026-206993,2026,,4-08-00-2026-206993,pdf
S04597,화성,HWASEONG,4-08-00-2026-206994.pdf,.pdf,231867,5ab3399c89964f71c44bc5791c4b6132c7ff07b5314aa10339bc93360d2f56d9,4-08-00-2026-206994,2026,,4-08-00-2026-206994,pdf
S04598,화성,HWASEONG,4-08-00-2026-206995.pdf,.pdf,224115,9a92a7ce5a8846df3872983340e1809400e391d859f8e09986e4ddd11e408b55,4-08-00-2026-206995,2026,,4-08-00-2026-206995,pdf
S04599,화성,HWASEONG,4-08-00-2026-206996.pdf,.pdf,128851,d55e952108b0dcf75c3c7c8063bdea62dea7313c4e193797838a1df93c666977,4-08-00-2026-206996,2026,,4-08-00-2026-206996,pdf
S04600,화성,HWASEONG,4-08-00-2026-206997.pdf,.pdf,202354,6730ce46e109d05777d8d2a42c59517ed9a3ecc68072b67789b13d9d3c79f246,4-08-00-2026-206997,2026,,4-08-00-2026-206997,pdf
S04601,화성,HWASEONG,4-08-00-2026-206999.pdf,.pdf,224289,d36ed148806b09cf7eed8af01696a13e9c9913f769139e617d6bb6801b458080,4-08-00-2026-206999,2026,,4-08-00-2026-206999,pdf
S04602,화성,HWASEONG,4-08-00-2026-207001.pdf,.pdf,223445,25e3ad61924a8068ac77cfb12948851f38ff155e2d0b9e3c4597eab128a332d7,4-08-00-2026-207001,2026,,4-08-00-2026-207001,pdf
S04603,화성,HWASEONG,4-08-00-2026-207002.pdf,.pdf,226809,9160d5395403e78ee974ea51325ba125850141d783de2a0fe4e99ca64eb33f11,4-08-00-2026-207002,2026,,4-08-00-2026-207002,pdf
S04604,화성,HWASEONG,4-09-00-2022-202660.pdf,.pdf,165333,ab4b29e9fdf199bde897286dcc224f70d6f154d7b37ca5c053e08061b6b6fdad,4-09-00-2022-202660,2022,,4-09-00-2022-202660,pdf
S04605,화성,HWASEONG,4-09-00-2023-203962.pdf,.pdf,159101,87fb8a658f3162d402dcf8fdb20e3f8f80ebdc7000d26ac931998e87397ee2b7,4-09-00-2023-203962,2023,,4-09-00-2023-203962,pdf
S04606,화성,HWASEONG,4-09-00-2023-204271.pdf,.pdf,118681,d7b768bc4e698ba6cc46d4d29994c9d9be61cf635b5db5edbe8efc970adfb186,4-09-00-2023-204271,2023,,4-09-00-2023-204271,pdf
S04607,화성,HWASEONG,4-09-00-2023-204272.pdf,.pdf,116026,b391a4e953d5a8f5c1aaa7313de3835956db436ac99059de3913086615e5fdc0,4-09-00-2023-204272,2023,,4-09-00-2023-204272,pdf
S04608,화성,HWASEONG,4-09-00-2023-204287.pdf,.pdf,115341,3f35fc825fa26b408be95cd7c68fe4a0bf507a35877066487c7ded1a6fcfca0c,4-09-00-2023-204287,2023,,4-09-00-2023-204287,pdf
S04609,화성,HWASEONG,4-09-00-2023-204293.pdf,.pdf,158211,c168c400782175eca479f5e2725add7d05a8c404da1d0089cb153e2720f4fe70,4-09-00-2023-204293,2023,,4-09-00-2023-204293,pdf
S04610,화성,HWASEONG,4-09-00-2023-204294.pdf,.pdf,113588,ed2dbe040d929b074cbb588b1fd30f231fe4bda3ab1a4b770bf0cb816f4fa3f7,4-09-00-2023-204294,2023,,4-09-00-2023-204294,pdf
S04611,화성,HWASEONG,4-09-00-2023-204295.pdf,.pdf,163706,cf227ab49f9163030785976bcd9057eac8d5e3bbde356bb7d1aa76aea6a1282b,4-09-00-2023-204295,2023,,4-09-00-2023-204295,pdf
S04612,화성,HWASEONG,4-09-00-2023-204296.pdf,.pdf,120946,fcb3279682871c263fad7826b1f6e6671efc1f1edb3b99cbf84e83133011c1c5,4-09-00-2023-204296,2023,,4-09-00-2023-204296,pdf
S04613,화성,HWASEONG,4-09-00-2023-204305.pdf,.pdf,113092,a2b878f44c84d15cde56bd6ce682116360d5cb43a908b8c5c1471935caa5ad65,4-09-00-2023-204305,2023,,4-09-00-2023-204305,pdf
S04614,화성,HWASEONG,4-09-00-2023-204315.pdf,.pdf,187473,c37f2c5b1189456637adb33669635d4c192542ac0024db8bcb97ad781e57663f,4-09-00-2023-204315,2023,,4-09-00-2023-204315,pdf
S04615,화성,HWASEONG,4-09-00-2023-204316.pdf,.pdf,206621,d392822d27a130f1b69e270b9f6e32bd7bf0051d27a29f63513cebe57810c96e,4-09-00-2023-204316,2023,,4-09-00-2023-204316,pdf
S04616,화성,HWASEONG,4-09-00-2023-204317.pdf,.pdf,125643,3e5e710f4868478ead01db2e853d75addd1686ab3f8f4dc113c5b113dd82ac15,4-09-00-2023-204317,2023,,4-09-00-2023-204317,pdf
S04617,화성,HWASEONG,4-09-00-2023-204318.pdf,.pdf,206368,d8de4892abc27a06067d63368bca584eb11e5b490e3ab3ccd4a910d14e4419fa,4-09-00-2023-204318,2023,,4-09-00-2023-204318,pdf
S04618,화성,HWASEONG,4-09-00-2023-204319.pdf,.pdf,144615,0ce9c4c3af1989081b3dbb5d35db8627b1cbfe73bf9005a3eb9eaba4b70b655d,4-09-00-2023-204319,2023,,4-09-00-2023-204319,pdf
S04619,화성,HWASEONG,4-09-00-2023-204320.pdf,.pdf,212335,d3179d2c9f3f298a0608100fac3f7d543e63676f07b268faf17d6d0a882707be,4-09-00-2023-204320,2023,,4-09-00-2023-204320,pdf
S04620,화성,HWASEONG,4-09-00-2023-204327.pdf,.pdf,116607,d89097db10cc09d5ec460319361f7551b3bf3270f4bd039a2c4ec73c9ff86b50,4-09-00-2023-204327,2023,,4-09-00-2023-204327,pdf
S04621,화성,HWASEONG,4-09-00-2023-204348.pdf,.pdf,133695,4ed1b695dcec4dfceea5c014ee8d0bd21d32222b8b8eca7c87f9a258b5b87e97,4-09-00-2023-204348,2023,,4-09-00-2023-204348,pdf
S04622,화성,HWASEONG,4-09-00-2023-204368.pdf,.pdf,222751,061a2111afa48333c8b9a1085d3d61b15b93ec728715779fdb262d383f3cf309,4-09-00-2023-204368,2023,,4-09-00-2023-204368,pdf
S04623,화성,HWASEONG,4-09-00-2023-204375.pdf,.pdf,122344,10f0afbafe8a6b8c3b7b56ff332a3b411bed505c467601fa1b628e7e7cdf924c,4-09-00-2023-204375,2023,,4-09-00-2023-204375,pdf
S04624,화성,HWASEONG,4-09-00-2023-204386.pdf,.pdf,210441,da6ad9e1c3d7daa462422ea53ac1d1f20d9003663e3b77ba87505a0e597a458c,4-09-00-2023-204386,2023,,4-09-00-2023-204386,pdf
S04625,화성,HWASEONG,4-09-00-2023-204392.pdf,.pdf,121898,0c5f9bd3698072dcd60625fa74a42c59870dbcda8c694913799d0d672078b7cc,4-09-00-2023-204392,2023,,4-09-00-2023-204392,pdf
S04626,화성,HWASEONG,4-09-00-2023-204395.pdf,.pdf,121721,53934665f461a45a22a183ad12f2dc00def36a19969871328b23675726c593d3,4-09-00-2023-204395,2023,,4-09-00-2023-204395,pdf
S04627,화성,HWASEONG,4-09-00-2024-204781.pdf,.pdf,228930,bfe57b677430aa3d553b5475b6d640098a51cf3646a2da89cd5979a6e6905d32,4-09-00-2024-204781,2024,,4-09-00-2024-204781,pdf
S04628,화성,HWASEONG,4-09-00-2024-204782.pdf,.pdf,128570,11620148370a76953d62fc76824a5776b66499a90895f082fe5de566a71f77c9,4-09-00-2024-204782,2024,,4-09-00-2024-204782,pdf
S04629,화성,HWASEONG,4-09-00-2024-204832.pdf,.pdf,114169,abbd78a8d4c8729a29cdca6352eafacd89b17665534b7355a6d5365b3db61b20,4-09-00-2024-204832,2024,,4-09-00-2024-204832,pdf
S04630,화성,HWASEONG,4-09-00-2024-204834.pdf,.pdf,209497,5453be8e95322f7cd1e91990d20820287d97f512a5cd468f97cf54642c5244cf,4-09-00-2024-204834,2024,,4-09-00-2024-204834,pdf
S04631,화성,HWASEONG,4-09-00-2024-204919.pdf,.pdf,130622,e2623b931e0fd65c14780d0066c5db6090cf54eef11a1e92e3ec13d7bd590ef5,4-09-00-2024-204919,2024,,4-09-00-2024-204919,pdf
S04632,화성,HWASEONG,4-09-00-2024-204920.pdf,.pdf,244380,8dbf38e7e676d1a5b3fcfbccd4d95a8bc1a0e22fcedd29446aa60978beb2345c,4-09-00-2024-204920,2024,,4-09-00-2024-204920,pdf
S04633,화성,HWASEONG,4-09-00-2024-204921.pdf,.pdf,240401,a03dd76f94a8b60a6166896cf828f1bd35a03bef256a9c043b37d8d5257f8a26,4-09-00-2024-204921,2024,,4-09-00-2024-204921,pdf
S04634,화성,HWASEONG,4-09-00-2024-204922.pdf,.pdf,242025,18da891f74bce15978cc491bdca0592ac1f2d41f9065b677278b4c7fe1b6fb89,4-09-00-2024-204922,2024,,4-09-00-2024-204922,pdf
S04635,화성,HWASEONG,4-09-00-2024-204943.pdf,.pdf,124070,18c9b1184181fb5adbf66e765aac463fe0272757b4325e02815d909ad3b654f2,4-09-00-2024-204943,2024,,4-09-00-2024-204943,pdf
S04636,화성,HWASEONG,4-09-00-2024-204944.pdf,.pdf,127256,0bd422a3c93aefe58242645668c9a47f76f0ea1947f67bb03fb6da1cce59c079,4-09-00-2024-204944,2024,,4-09-00-2024-204944,pdf
S04637,화성,HWASEONG,4-09-00-2024-204962.pdf,.pdf,116069,a0a164db704b4ee696f4a2716763241649c20cbb2377bfc1a552646ac93fb474,4-09-00-2024-204962,2024,,4-09-00-2024-204962,pdf
S04638,화성,HWASEONG,4-09-00-2024-204963.pdf,.pdf,111237,077a063bccf71fe8736bad2cc0a1fcdf138c8d8b21095d93387a8ac4d5174ce0,4-09-00-2024-204963,2024,,4-09-00-2024-204963,pdf
S04639,화성,HWASEONG,4-09-00-2024-204965.pdf,.pdf,194125,1da5b1bf91ad475e7ba2749b7a10cb66e0a1c38a5b541b2df873dbc063b2d459,4-09-00-2024-204965,2024,,4-09-00-2024-204965,pdf
S04640,화성,HWASEONG,4-09-00-2024-204966.pdf,.pdf,135778,3ca8dccdf09d20063516b3cec9df85ea7e6e3bdafc1c78ed69759adcd021b6f4,4-09-00-2024-204966,2024,,4-09-00-2024-204966,pdf
S04641,화성,HWASEONG,4-09-00-2024-205171.pdf,.pdf,129659,2d38a19399016df500dadb1035e02e02185c8be147196cc0e95fcdc3b0612ed4,4-09-00-2024-205171,2024,,4-09-00-2024-205171,pdf
S04642,화성,HWASEONG,4-09-00-2024-205182.pdf,.pdf,123396,9315b3eab9a9117ad708bbddf970dc9356f76af5b2fc06007d7a9e1fa211688c,4-09-00-2024-205182,2024,,4-09-00-2024-205182,pdf
S04643,화성,HWASEONG,4-09-00-2025-205695.pdf,.pdf,117571,906e3fb5dc586e6c5b2a0a611640659d2734eea77b97cdd81a8cb5244a3b69b4,4-09-00-2025-205695,2025,,4-09-00-2025-205695,pdf
S04644,화성,HWASEONG,4-09-00-2025-205697.pdf,.pdf,120936,ae125faeb006cd54649889b5d69352afd92523bf626f6402b7e1217018b491d5,4-09-00-2025-205697,2025,,4-09-00-2025-205697,pdf
S04645,화성,HWASEONG,4-09-00-2025-205699.pdf,.pdf,121036,4dfe6c2b6d49953d57e847c0625aaae4d76835c08e42f5812f85554d5db20aa9,4-09-00-2025-205699,2025,,4-09-00-2025-205699,pdf
S04646,화성,HWASEONG,4-09-00-2025-205708.pdf,.pdf,118792,d3689fd72f695f556532c6899355e5e594be9ad823869f1e8d6e5b576171df9a,4-09-00-2025-205708,2025,,4-09-00-2025-205708,pdf
S04647,화성,HWASEONG,4-09-00-2025-205718.pdf,.pdf,126256,045bcf22d57957ccb373ed96b7378c24283b7e2d4393941f3494009f7e49382c,4-09-00-2025-205718,2025,,4-09-00-2025-205718,pdf
S04648,화성,HWASEONG,4-09-00-2025-205719.pdf,.pdf,118486,9c4e12fc1741bf3773b37b69f4d6d13b0fe668ad2f825fb6dd5180dc9028e34e,4-09-00-2025-205719,2025,,4-09-00-2025-205719,pdf
S04649,화성,HWASEONG,4-09-00-2025-205788.pdf,.pdf,126000,817a7645c3ad0d04e40ea20562d1897ef4990ed61ee54311b0f25c5b265169cf,4-09-00-2025-205788,2025,,4-09-00-2025-205788,pdf
S04650,화성,HWASEONG,4-09-00-2025-205969.pdf,.pdf,154274,0143a26a4bedad3397f82c1b588ac69a5402d6310431f5ac2dc4c7604be1dc1c,4-09-00-2025-205969,2025,,4-09-00-2025-205969,pdf
S04651,화성,HWASEONG,4-09-00-2025-205970.pdf,.pdf,113870,2cef088ccbb79285ff19605467516af87a0d1266bd6c1a3deff251ab9cf4ebb5,4-09-00-2025-205970,2025,,4-09-00-2025-205970,pdf
S04652,화성,HWASEONG,4-09-00-2025-205971.pdf,.pdf,144815,0360be6f5d9a930d86bd660bcdc2b9531f0311c0ebd310c56cd623664003062a,4-09-00-2025-205971,2025,,4-09-00-2025-205971,pdf
S04653,화성,HWASEONG,4-09-00-2025-205989.pdf,.pdf,111589,ed08acadbf5e8ef6dd5154d8d3f8ecdd6d7e7f3bf80a993f4ca0197188724f57,4-09-00-2025-205989,2025,,4-09-00-2025-205989,pdf
S04654,화성,HWASEONG,4-09-00-2025-205990.pdf,.pdf,108803,40ebcf5c5d6b9c51545b75aec988ba8ea9d0bee3cfcc81ddcc03c5f59bbf49cd,4-09-00-2025-205990,2025,,4-09-00-2025-205990,pdf
S04655,화성,HWASEONG,4-09-00-2025-206242.pdf,.pdf,126219,c97e8ed5f2bf49a0c1d1589dd094bcf92b990f84d375382639697b64ae68e6b8,4-09-00-2025-206242,2025,,4-09-00-2025-206242,pdf
S04656,화성,HWASEONG,4-09-00-2025-206635.pdf,.pdf,110970,f3ecbee6a4de6a11781836cba00a71c25c25fb1226da3182e5abec20b680fc6d,4-09-00-2025-206635,2025,,4-09-00-2025-206635,pdf
S04657,화성,HWASEONG,4-09-00-2025-206637.pdf,.pdf,113670,fd0a87f188477b19ebc8f61fb11fe9b1cfc402fa314955ca34deced5642bf233,4-09-00-2025-206637,2025,,4-09-00-2025-206637,pdf
S04658,화성,HWASEONG,4-10-00-2022-202657.pdf,.pdf,116663,c0661b4317bc080cdd0b5fff511b98e51d8f8d43308a415f261043603d2aab57,4-10-00-2022-202657,2022,,4-10-00-2022-202657,pdf
S04659,화성,HWASEONG,4-10-00-2022-202659.pdf,.pdf,162105,fddc49ddff44755e8e4b3b4e8ab6c36c381f031e7847f8b4a7a735234920fa31,4-10-00-2022-202659,2022,,4-10-00-2022-202659,pdf
S04660,화성,HWASEONG,4-10-00-2022-204174.pdf,.pdf,136022,9ef2caf269ce5264a7028baa700b046f38358e6c4a62f0fd5856a56f42489a94,4-10-00-2022-204174,2022,,4-10-00-2022-204174,pdf
S04661,화성,HWASEONG,4-10-00-2022-204175.pdf,.pdf,137277,74496904709661ce5ddf2f465ff437e9dfc5c6354756a1703569ce5316cedbe9,4-10-00-2022-204175,2022,,4-10-00-2022-204175,pdf
S04662,화성,HWASEONG,4-10-00-2022-204178.pdf,.pdf,135782,75b1a553dfa882271576cc0f20f484084f8fd2d4bce6856f9aef89ff96294090,4-10-00-2022-204178,2022,,4-10-00-2022-204178,pdf
S04663,화성,HWASEONG,4-10-00-2023-203478.pdf,.pdf,69985,8cb29cb3cfa9aaf0edce15cc55dbb1857c34f4c36db32f0876dfc9f4351a75e9,4-10-00-2023-203478,2023,,4-10-00-2023-203478,pdf
S04664,화성,HWASEONG,4-10-00-2023-203493.pdf,.pdf,121232,4557bbcdc61172001c1837edeea28c3fdff426120b318946ad02fa513459ae76,4-10-00-2023-203493,2023,,4-10-00-2023-203493,pdf
S04665,화성,HWASEONG,4-10-00-2023-204267.pdf,.pdf,131916,e0baa35ddafc9c6ed9b12b26ee59810435fb253b234c224ca5f6d7fb57009a79,4-10-00-2023-204267,2023,,4-10-00-2023-204267,pdf
S04666,화성,HWASEONG,4-10-00-2023-204268.pdf,.pdf,244401,8130a0df59f9004776bbb31e214a6451bcfb2ad5a6921020372903a2259ba559,4-10-00-2023-204268,2023,,4-10-00-2023-204268,pdf
S04667,화성,HWASEONG,4-10-00-2023-204321.pdf,.pdf,124659,914b1bada31dcdf58a8741efbb815e936494c91cb10d39135c4ade63c7e3dfbb,4-10-00-2023-204321,2023,,4-10-00-2023-204321,pdf
S04668,화성,HWASEONG,4-10-00-2023-204322.pdf,.pdf,224808,8d006babd5193488b3a6ee0d0fc695950b149179dfe204886c97225572300161,4-10-00-2023-204322,2023,,4-10-00-2023-204322,pdf
S04669,화성,HWASEONG,4-10-00-2023-204340.pdf,.pdf,136149,a292f5ff37bc09e8bce53bec7a49330570100ce0490bd4af7c4281b384118acc,4-10-00-2023-204340,2023,,4-10-00-2023-204340,pdf
S04670,화성,HWASEONG,4-10-00-2023-204341.pdf,.pdf,145548,78f3d155f056e1c100b3b9e968def9281e9d014ebb07334d15fc3a4953dc6c22,4-10-00-2023-204341,2023,,4-10-00-2023-204341,pdf
S04671,화성,HWASEONG,4-10-00-2023-204343.pdf,.pdf,142778,2b411d2f6e213a353653ac3c3dff62fc5938a4fe59bc7c5b1698ed74fa14b0e1,4-10-00-2023-204343,2023,,4-10-00-2023-204343,pdf
S04672,화성,HWASEONG,4-10-00-2023-204344.pdf,.pdf,141024,00f2501fb1650d8b40a4ae5f81bd4320ecfd30806b184fdc0e32eab29bf5629e,4-10-00-2023-204344,2023,,4-10-00-2023-204344,pdf
S04673,화성,HWASEONG,4-10-00-2023-204345.pdf,.pdf,136510,b429cbbf169795baf4b7e31a1a6f5087d48736794014e6f1e65cd23d4a974706,4-10-00-2023-204345,2023,,4-10-00-2023-204345,pdf
S04674,화성,HWASEONG,4-10-00-2023-204346.pdf,.pdf,135186,24e9ba2034beb5c8a557c1871a24b20cee4c9bf5aa064d8262291349f9fbc3b0,4-10-00-2023-204346,2023,,4-10-00-2023-204346,pdf
S04675,화성,HWASEONG,4-10-00-2023-204354.pdf,.pdf,144797,e11a98b26407d04a932b48122988dd99509316385b16c99d6985f2907c8bec68,4-10-00-2023-204354,2023,,4-10-00-2023-204354,pdf
S04676,화성,HWASEONG,4-10-00-2023-204373.pdf,.pdf,133278,f0524bf0970bee6ae04e3d2005d3fe55b6194a3f138da2225cf4eb79440f492c,4-10-00-2023-204373,2023,,4-10-00-2023-204373,pdf
S04677,화성,HWASEONG,4-10-00-2024-204784.pdf,.pdf,204871,71164de19a837990e3376ae9c209ca88bfa1b574393ea06b42749e2fb43f8797,4-10-00-2024-204784,2024,,4-10-00-2024-204784,pdf
S04678,화성,HWASEONG,4-10-00-2024-204809.pdf,.pdf,191435,ac87739922b0bdf2a01174d09349814ee53aedbceea598b84c07c7582ab0b94b,4-10-00-2024-204809,2024,,4-10-00-2024-204809,pdf
S04679,화성,HWASEONG,4-10-00-2024-204810.pdf,.pdf,186233,1ef559423b9072fa6097a67b63a813445d9d15ba47c1b4ebd24dd0477233bd16,4-10-00-2024-204810,2024,,4-10-00-2024-204810,pdf
S04680,화성,HWASEONG,4-10-00-2024-204856.pdf,.pdf,106437,e00e90223dda1a2a7b3d97ed55bf216a6a78a0d3d569df99c8e690d5eaab1fb4,4-10-00-2024-204856,2024,,4-10-00-2024-204856,pdf
S04681,화성,HWASEONG,4-10-00-2024-204858.pdf,.pdf,123842,ab2b272ed049f9491c8354080ab449336f3be706a631861439b17db8a739577b,4-10-00-2024-204858,2024,,4-10-00-2024-204858,pdf
S04682,화성,HWASEONG,4-10-00-2024-205148.pdf,.pdf,141306,a4b0854ef5a0d7d323418b0d8e864644e695dca3d95e396b6f97f5ca4264a82f,4-10-00-2024-205148,2024,,4-10-00-2024-205148,pdf
S04683,화성,HWASEONG,4-10-00-2024-205149.pdf,.pdf,139952,fb1b887d02c29eae35728ce6a3c5b31cb3808453aafc4e80b18b4fe4bbe9e6a4,4-10-00-2024-205149,2024,,4-10-00-2024-205149,pdf
S04684,화성,HWASEONG,4-10-00-2024-205150.pdf,.pdf,105401,f4f228e201103e2b8409dca3e30ab8d016b5d4b8faccd1332feca157bb40ecac,4-10-00-2024-205150,2024,,4-10-00-2024-205150,pdf
S04685,화성,HWASEONG,4-10-00-2024-205165.pdf,.pdf,191529,fe32dfaf7d1d872f2cd8eb463df289a2d61111e3b7811c5b327201fdad81467b,4-10-00-2024-205165,2024,,4-10-00-2024-205165,pdf
S04686,화성,HWASEONG,4-10-00-2024-205168.pdf,.pdf,194670,6a54b59156718c092aedb2e3c36c09b3d03665d43595ee3b163da6f4ecad4fd7,4-10-00-2024-205168,2024,,4-10-00-2024-205168,pdf
S04687,화성,HWASEONG,4-10-00-2024-205315.pdf,.pdf,135824,206f5421ea2f2f80218c2eb099b8863ae064b80e9c4f0392308a6208952fb4f2,4-10-00-2024-205315,2024,,4-10-00-2024-205315,pdf
S04688,화성,HWASEONG,4-10-00-2024-205316.pdf,.pdf,115546,e01d3ad365f3b2e607e8ca1213ef24253c169c2eae02c7f39d86e517c933c0c1,4-10-00-2024-205316,2024,,4-10-00-2024-205316,pdf
S04689,화성,HWASEONG,4-10-00-2024-205318.pdf,.pdf,120876,a9dcbeb419ad968ed0d2470922778e1b6d871e889719d536ff522a53b4b540c6,4-10-00-2024-205318,2024,,4-10-00-2024-205318,pdf
S04690,화성,HWASEONG,4-10-00-2024-205333.pdf,.pdf,106870,44fb3498a38ca81ed1203513e3f8c89d20a38b2cbb9b30e6e4b7803474ff9c11,4-10-00-2024-205333,2024,,4-10-00-2024-205333,pdf
S04691,화성,HWASEONG,4-10-00-2024-205334.pdf,.pdf,105519,384ad1dc0b8ebebeea91d98fe2f4f1dab787690a50dcdc040e4db5320fd173e2,4-10-00-2024-205334,2024,,4-10-00-2024-205334,pdf
S04692,화성,HWASEONG,4-10-00-2025-206195.pdf,.pdf,121376,3a884db1177a59212cbdc430f40c5815edd20840e25d898458987dd1a3214ec6,4-10-00-2025-206195,2025,,4-10-00-2025-206195,pdf
S04693,화성,HWASEONG,4-10-00-2025-206204.pdf,.pdf,99312,73bbce97e6af90461d60ff7f2f6e96cfc94c8241cf050c246fd5798a56e585e8,4-10-00-2025-206204,2025,,4-10-00-2025-206204,pdf
S04694,화성,HWASEONG,4-10-00-2025-206217.pdf,.pdf,122914,42b583f22e8fdeebb4ddbfa11082ba22480565f54320cd765442ced118248612,4-10-00-2025-206217,2025,,4-10-00-2025-206217,pdf
S04695,화성,HWASEONG,4-10-00-2025-206555.pdf,.pdf,254439,49b16093702e1200e70b0c4a544c8d8991a4984122387766889f2d5dbbe9e4fb,4-10-00-2025-206555,2025,,4-10-00-2025-206555,pdf
S04696,화성,HWASEONG,4-10-00-2025-206558.pdf,.pdf,198566,5f6bf472bfd05bf23249352be5fbe76f18affac1aab77a30a8650a8f464a0d13,4-10-00-2025-206558,2025,,4-10-00-2025-206558,pdf
S04697,화성,HWASEONG,4-10-00-2025-206559.pdf,.pdf,193838,4f6e26b73f266e2a68e75dd91c95020d695c21c5dfa9848364673e430bfd201a,4-10-00-2025-206559,2025,,4-10-00-2025-206559,pdf
S04698,화성,HWASEONG,4-10-00-2025-206560.pdf,.pdf,190695,db77732d9c30c49331e5f1b3a5325e329b524952d563066513f389ce5347390b,4-10-00-2025-206560,2025,,4-10-00-2025-206560,pdf
S04699,화성,HWASEONG,4-10-00-2025-206600.pdf,.pdf,112950,ac03e3514aaf4d13314c0f2b7e38400b33518e094dc58c3d7015455ccd9df693,4-10-00-2025-206600,2025,,4-10-00-2025-206600,pdf
S04700,화성,HWASEONG,4-10-00-2025-206611.pdf,.pdf,117042,58c9b65eef71724e4344edd09f17585790544d248060e819f52322eea877fd08,4-10-00-2025-206611,2025,,4-10-00-2025-206611,pdf
S04701,화성,HWASEONG,4-10-00-2025-206624.pdf,.pdf,110707,565c1c89e0cad9394288c6cfee73c99982f69c8768b0ed761ea19d0c049357d0,4-10-00-2025-206624,2025,,4-10-00-2025-206624,pdf
S04702,화성,HWASEONG,4-10-00-2026-206949.pdf,.pdf,141711,9177aa940e8d0c1dc5292afd26ba94aced4d9fa2521934546e722eaecc0dbe67,4-10-00-2026-206949,2026,,4-10-00-2026-206949,pdf
S04703,화성,HWASEONG,4-10-00-2026-206957.pdf,.pdf,153064,8cda86893e8a4208463cb674a3141567401d6dd8c159c77483b67592dcf5d403,4-10-00-2026-206957,2026,,4-10-00-2026-206957,pdf
S04704,화성,HWASEONG,4-10-00-2026-206979.pdf,.pdf,155198,5273f721b598f2049f0006927d59e6c0797bd5ab0588d722cb33b55d50c960f1,4-10-00-2026-206979,2026,,4-10-00-2026-206979,pdf
S04705,화성,HWASEONG,4-10-00-2026-206982.pdf,.pdf,128025,f86a9ab9f716d15e74a200baf119f163ee3421c1e2ffb91dc2dbc663c0d0a580,4-10-00-2026-206982,2026,,4-10-00-2026-206982,pdf
S04706,화성,HWASEONG,4-10-00-2026-206991.pdf,.pdf,137203,98af1b011a81f88fca53502337b1407dac6dabf7dbee38cef61f0ba703173adf,4-10-00-2026-206991,2026,,4-10-00-2026-206991,pdf
S04707,화성,HWASEONG,4-11-00-2025-205707.pdf,.pdf,114896,2b904173e75b4b1b54b064a4503453bf9e2c6fa0fe2f035a69ba9e436d29de20,4-11-00-2025-205707,2025,,4-11-00-2025-205707,pdf
S04708,화성,HWASEONG,4-11-00-2025-206236.pdf,.pdf,120983,b31ead9b89c4813a2e71a819f9791b1a38e3beb3891c093fbe31f11e307258e7,4-11-00-2025-206236,2025,,4-11-00-2025-206236,pdf
S04709,화성,HWASEONG,4-11-00-2025-206237.pdf,.pdf,118719,306bb453cc4aaf7b9b8556f68cc541a1a06b111db74713e1f016a88c073fa7fc,4-11-00-2025-206237,2025,,4-11-00-2025-206237,pdf
S04710,화성,HWASEONG,4-12-00-2022-204170.pdf,.pdf,188560,3b2c604c77489acaf893a02dc6a9d2885be2e25a2f1aa2e36b97b1eae7a70e59,4-12-00-2022-204170,2022,,4-12-00-2022-204170,pdf
S04711,화성,HWASEONG,4-12-00-2022-204231.pdf,.pdf,127036,8d776ecc04f8a3c8ca2fff81b9d3a9b23c48492f4ae1f7386dd9a387b31acc2a,4-12-00-2022-204231,2022,,4-12-00-2022-204231,pdf
S04712,화성,HWASEONG,4-12-00-2023-203498.pdf,.pdf,199479,5b76c9442f2705efc8df550d1f5fa60b2db20c6eeb94e794a0e74f8f34557407,4-12-00-2023-203498,2023,,4-12-00-2023-203498,pdf
S04713,화성,HWASEONG,4-12-00-2023-204286.pdf,.pdf,115656,e128d2fb182a3248f432ecf90cae2f7437012ac6bee8a575af6ad10d730afcc2,4-12-00-2023-204286,2023,,4-12-00-2023-204286,pdf
S04714,화성,HWASEONG,4-12-00-2023-204394.pdf,.pdf,125379,520e82b0cab55a4817d73a63804f743657f043358e98bdf6f571351ff39e8385,4-12-00-2023-204394,2023,,4-12-00-2023-204394,pdf
S04715,기준·연구,STANDARDS,(2010)발생주의 회계제도 도입에 따른 재무제표 감사 수행방향.txt,.txt,79251,5a02d862948a3c965fc18572bd85d74cadc9fafc06cf6de408031cdd5ec6802b,,,기준·연구,(2010)발생주의 회계제도 도입에 따른 재무제표 감사 수행방향,txt
S04716,기준·연구,STANDARDS,2025사업연도 지방공기업 결산기준 (1).txt,.txt,391775,844452a7941a79179f2eaf8f6eec4e4df6c93855970499cd0e249faeb7dca97b,,,기준·연구,2025사업연도 지방공기업 결산기준 (1),txt
S04717,기준·연구,STANDARDS,2025사업연도 지방출자·출연기관 결산기준.txt,.txt,135194,e02cded2a610e1ac3c01405631f8313c848fe468fbd9a604d06b8f059e7fd8d5,,,기준·연구,2025사업연도 지방출자·출연기관 결산기준,txt
S04718,기준·연구,STANDARDS,감사원 자체감사 통합매뉴얼(2018).txt,.txt,589012,da0c11969d2357511d1d46c4b4f1a1480ac93b2e0459a4b4addc39e662830fd0,,,기준·연구,감사원 자체감사 통합매뉴얼(2018),txt
S04719,기준·연구,STANDARDS,감사원의 결산검사 개선방안.txt,.txt,259310,facfcc03248d39d1d499fa7319d94b0c584e744e7eb9e958d3854b7283ea5756,,,기준·연구,감사원의 결산검사 개선방안,txt
S04720,기준·연구,STANDARDS,공기업 재무건전성 관리의 주요이슈 및 감사시사점.txt,.txt,134336,7cb66faf330afaf3d28dbf8e33f795c150e32f5a50193768cbf84fa386c03b80,,,기준·연구,공기업 재무건전성 관리의 주요이슈 및 감사시사점,txt
S04721,기준·연구,STANDARDS,재무제표 결산검사 결과 점검 및 개선방안 도출(위험수준관리).txt,.txt,181428,81d44db2c6425148e603860064c7d77ffa5138e58e7381ecf63429f8c0a4e38f,,,기준·연구,재무제표 결산검사 결과 점검 및 개선방안 도출(위험수준관리),txt
S04722,기준·연구,STANDARDS,지방자치단체 결산 통합기준 (전문).txt,.txt,280604,31b9701242ac8d80648660bebb4bd2bdc439f2557105657e782a2e204f69f7be,,,기준·연구,지방자치단체 결산 통합기준 (전문),txt
